mtllib model_5.mtl
o model_5
v 0.1665809005498886 0.19860821962356567 -0.054044101387262344 
v 0.1665809005498886 0.1968626081943512 -0.054764796048402786 
v 0.1601269692182541 0.19860821962356567 -0.0546206571161747 
v 0.1601269692182541 0.1968626081943512 -0.0553894005715847 
v 0.15139517188072205 0.1968626081943512 -0.0553894005715847 
v 0.1601269692182541 0.18482238054275513 -0.0553894005715847 
v 0.15139517188072205 0.1854490041732788 -0.0553894005715847 
v 0.15215446054935455 0.15572890639305115 -0.0553894005715847 
v 0.14228375256061554 0.18750792741775513 -0.0553894005715847 
v 0.14532089233398438 0.16400934755802155 -0.0553894005715847 
v 0.13962624967098236 0.17233456671237946 -0.0553894005715847 
v 0.14456160366535187 0.15568414330482483 -0.0546206571161747 
v 0.1419041007757187 0.1605628877878189 -0.0546206571161747 
v 0.13658909499645233 0.17515438795089722 -0.0553894005715847 
v 0.13127410411834717 0.19028300046920776 -0.0553894005715847 
v 0.13469088077545166 0.18961161375045776 -0.0553894005715847 
v 0.13317231833934784 0.1968626081943512 -0.0553894005715847 
v 0.14152446389198303 0.1968626081943512 -0.0553894005715847 
v 0.14152446389198303 0.19860821962356567 -0.0546206571161747 
v 0.15139517188072205 0.19860821962356567 -0.0546206571161747 
v 0.13203339278697968 0.17515438795089722 -0.0553894005715847 
v 0.13658909499645233 0.16060765087604523 -0.0546206571161747 
v 0.12785731256008148 0.19028300046920776 -0.0553894005715847 
v 0.12633873522281647 0.1968626081943512 -0.0553894005715847 
v 0.12975552678108215 0.1968626081943512 -0.0553894005715847 
v 0.12975552678108215 0.19860821962356567 -0.0546206571161747 
v 0.13317231833934784 0.19860821962356567 -0.0546206571161747 
v 0.11988481134176254 0.19028300046920776 -0.0553894005715847 
v 0.12254231423139572 0.17519915103912354 -0.0553894005715847 
v 0.12482016533613205 0.16065241396427155 -0.0546206571161747 
v 0.10963445156812668 0.17519915103912354 -0.0553894005715847 
v 0.11039373278617859 0.16069717705249786 -0.0546206571161747 
v 0.09558765590190887 0.16069717705249786 -0.0546206571161747 
v 0.09558765590190887 0.17519915103912354 -0.0553894005715847 
v 0.09558765590190887 0.19028300046920776 -0.0553894005715847 
v 0.10887516289949417 0.19028300046920776 -0.0553894005715847 
v 0.10887516289949417 0.1968626081943512 -0.0553894005715847 
v 0.11912552267313004 0.1968626081943512 -0.0553894005715847 
v 0.11912552267313004 0.19860821962356567 -0.0546206571161747 
v 0.12633873522281647 0.19860821962356567 -0.0546206571161747 
v -0.4989332854747772 0.19722068309783936 -0.048614855855703354 
v -0.5023500919342041 0.19704164564609528 -0.04799025505781174 
v -0.4989332854747772 0.1977577805519104 -0.04659690707921982 
v -0.5023500919342041 0.1975339949131012 -0.046068400144577026 
v -0.5023500919342041 0.1975339949131012 -0.039774321019649506 
v -0.5065261125564575 0.1975339949131012 -0.04578011855483055 
v -0.5065261125564575 0.1975339949131012 -0.039582133293151855 
v -0.5095632672309875 0.1975339949131012 -0.03890948370099068 
v -0.5065261125564575 0.1975339949131012 -0.026033049449324608 
v -0.5095632672309875 0.1975339949131012 -0.025648677721619606 
v -0.5095632672309875 0.1975339949131012 -0.012628103606402874 
v -0.5114614963531494 0.1975339949131012 -0.024976028129458427 
v -0.5114614963531494 0.1975339949131012 -0.012435918673872948 
v -0.512980043888092 0.1975339949131012 -0.012051546946167946 
v -0.5114614963531494 0.1975339949131012 -0.007391046267002821 
v -0.512980043888092 0.1975339949131012 -0.007294953800737858 
v -0.512980043888092 0.1975339949131012 -0.005180912092328072 
v -0.5137393474578857 0.19704164564609528 -0.007246907334774733 
v -0.5137393474578857 0.19704164564609528 -0.005228958558291197 
v -0.5114614963531494 0.1975339949131012 -0.005132865626364946 
v -0.5095632672309875 0.1975339949131012 -0.005084819160401821 
v -0.5095632672309875 0.1975339949131012 -0.007439092732965946 
v -0.5065261125564575 0.1975339949131012 -0.007439092732965946 
v -0.5065261125564575 0.1975339949131012 -0.012772243469953537 
v -0.5023500919342041 0.1975339949131012 -0.012820289470255375 
v -0.5023500919342041 0.1975339949131012 -0.026129143312573433 
v -0.4989332854747772 0.1977577805519104 -0.02641742117702961 
v -0.4989332854747772 0.1977577805519104 -0.040254782885313034 
v -0.5137393474578857 0.13393117487430573 0.029604680836200714 
v -0.5137393474578857 0.1265011429786682 0.02816328965127468 
v -0.512980043888092 0.1265011429786682 0.031382396817207336 
v -0.512980043888092 0.11692266911268234 0.029989052563905716 
v -0.5114614963531494 0.11692266911268234 0.03210309520363808 
v -0.512980043888092 0.11692266911268234 0.027875011786818504 
v -0.5114614963531494 0.11692266911268234 0.029844913631677628 
v -0.5114614963531494 0.11692266911268234 0.027058223262429237 
v -0.5095632672309875 0.11692266911268234 0.031142165884375572 
v -0.5095632672309875 0.11692266911268234 0.028259381651878357 
v -0.5065261125564575 0.11692266911268234 0.028932031244039536 
v -0.5095632672309875 0.11692266911268234 0.024607855826616287 
v -0.5065261125564575 0.11692266911268234 0.02518441341817379 
v -0.5065261125564575 0.11692266911268234 0.020427819341421127 
v -0.5023500919342041 0.11692266911268234 0.02537659928202629 
v -0.5023500919342041 0.11692266911268234 0.020571958273649216 
v -0.4989332854747772 0.11575893312692642 0.020908283069729805 
v -0.5023500919342041 0.11692266911268234 0.015238807536661625 
v -0.4989332854747772 0.11575893312692642 0.015527086332440376 
v -0.4989332854747772 0.11575893312692642 0.010145889595150948 
v -0.512980043888092 0.11692266911268234 0.025232458487153053 
v -0.512980043888092 0.11692266911268234 0.021917257457971573 
v -0.5114614963531494 0.11692266911268234 0.023502789437770844 
v -0.5114614963531494 0.11692266911268234 0.018986426293849945 
v -0.5095632672309875 0.11692266911268234 0.019899308681488037 
v -0.5095632672309875 0.11692266911268234 0.01471029780805111 
v -0.5065261125564575 0.11692266911268234 0.015094668604433537 
v -0.5065261125564575 0.11692266911268234 0.009809564799070358 
v -0.5023500919342041 0.11692266911268234 0.009905657730996609 
v -0.5023500919342041 0.11692266911268234 0.004572506994009018 
v -0.4989332854747772 0.11575893312692642 0.004716646391898394 
v -0.4989332854747772 0.11575893312692642 -0.000664550403598696 
v -0.512980043888092 0.11692266911268234 0.017641127109527588 
v -0.512980043888092 0.11692266911268234 0.0128845339640975 
v -0.5114614963531494 0.11692266911268234 0.013989601284265518 
v -0.5114614963531494 0.11692266911268234 0.008992776274681091 
v -0.5095632672309875 0.11692266911268234 0.009521286003291607 
v -0.5095632672309875 0.11692266911268234 0.004332275129854679 
v -0.5065261125564575 0.11692266911268234 0.00452446099370718 
v -0.5065261125564575 0.11692266911268234 -0.0007606432191096246 
v -0.5023500919342041 0.11692266911268234 -0.0007125968113541603 
v -0.5023500919342041 0.11692266911268234 -0.005084819160401821 
v -0.4989332854747772 0.11575893312692642 -0.005084819160401821 
v -0.4989332854747772 0.11575893312692642 -0.007487139198929071 
v -0.512980043888092 0.11692266911268234 0.008127940818667412 
v -0.512980043888092 0.11692266911268234 0.0034193936735391617 
v -0.5114614963531494 0.11692266911268234 0.003947903867810965 
v -0.5114614963531494 0.11692266911268234 -0.0010489216074347496 
v -0.5095632672309875 0.11692266911268234 -0.0008567359764128923 
v -0.5095632672309875 0.11692266911268234 -0.005084819160401821 
v -0.5065261125564575 0.11692266911268234 -0.005084819160401821 
v -0.5065261125564575 0.11692266911268234 -0.007439092732965946 
v -0.5023500919342041 0.11692266911268234 -0.007439092732965946 
v -0.5023500919342041 0.11692266911268234 -0.012820289470255375 
v -0.4989332854747772 0.11575893312692642 -0.012916382402181625 
v -0.4989332854747772 0.11575893312692642 -0.02641742117702961 
v -0.512980043888092 0.11692266911268234 -0.0013372000539675355 
v -0.512980043888092 0.11692266911268234 -0.005180912092328072 
v -0.5114614963531494 0.11692266911268234 -0.005132865626364946 
v -0.5114614963531494 0.11692266911268234 -0.007391046267002821 
v -0.5095632672309875 0.11692266911268234 -0.007439092732965946 
v -0.5095632672309875 0.11692266911268234 -0.012628103606402874 
v -0.5065261125564575 0.11692266911268234 -0.012772243469953537 
v -0.5065261125564575 0.11692266911268234 -0.026033049449324608 
v -0.5023500919342041 0.11692266911268234 -0.026129143312573433 
v -0.5023500919342041 0.11692266911268234 -0.039774321019649506 
v -0.4989332854747772 0.11575893312692642 -0.040254782885313034 
v -0.4989332854747772 0.11575893312692642 -0.04659690707921982 
v -0.512980043888092 0.11692266911268234 -0.007294953800737858 
v -0.512980043888092 0.11692266911268234 -0.012051546946167946 
v -0.5114614963531494 0.11692266911268234 -0.012435918673872948 
v -0.5114614963531494 0.11692266911268234 -0.024976028129458427 
v -0.5095632672309875 0.11692266911268234 -0.025648677721619606 
v -0.5095632672309875 0.11692266911268234 -0.03890948370099068 
v -0.5065261125564575 0.11692266911268234 -0.039582133293151855 
v -0.5065261125564575 0.11692266911268234 -0.04578011855483055 
v -0.5023500919342041 0.11692266911268234 -0.046068400144577026 
v -0.5023500919342041 0.1265011429786682 -0.04799025505781174 
v -0.4989332854747772 0.12551644444465637 -0.048614855855703354 
v 0.17265518009662628 0.12278612703084946 -0.04957578703761101 
v 0.17037732899188995 0.12278612703084946 -0.05221833661198616 
v 0.17227554321289062 0.15353569388389587 -0.050200387835502625 
v 0.1699976921081543 0.15353569388389587 -0.0529390349984169 
v 0.16961804032325745 0.18486714363098145 -0.0529390349984169 
v 0.1665809005498886 0.15344618260860443 -0.054764796048402786 
v 0.1665809005498886 0.18486714363098145 -0.054764796048402786 
v 0.1665809005498886 0.1226518526673317 -0.054044101387262344 
v 0.17265518009662628 0.12278612703084946 -0.04957578703761101 
v 0.17227554321289062 0.15353569388389587 -0.050200387835502625 
v 0.17607197165489197 0.12278612703084946 -0.046404723078012466 
v 0.17531268298625946 0.15353569388389587 -0.04702932760119438 
v 0.17872947454452515 0.15353569388389587 -0.044482868164777756 
v 0.17455340921878815 0.18486714363098145 -0.04702932760119438 
v 0.17759054899215698 0.18486714363098145 -0.044482868164777756 
v 0.17189590632915497 0.18486714363098145 -0.050200387835502625 
v -0.5114614963531494 0.1265011429786682 0.03354448825120926 
v -0.5095632672309875 0.1265011429786682 0.03498587757349014 
v -0.5095632672309875 0.11692266911268234 0.033448394387960434 
v -0.5065261125564575 0.11692266911268234 0.03421713784337044 
v -0.5065261125564575 0.11692266911268234 0.03186286240816116 
v -0.5023500919342041 0.11692266911268234 0.03210309520363808 
v -0.5023500919342041 0.11692266911268234 0.02917226403951645 
v -0.4989332854747772 0.11575893312692642 0.029604680836200714 
v -0.4989332854747772 0.11575893312692642 0.025809016078710556 
v -0.4989332854747772 0.11575893312692642 0.03263160586357117 
v -0.4989332854747772 0.11575893312692642 0.035033926367759705 
v -0.5023500919342041 0.11692266911268234 0.03445736691355705 
v -0.5023500919342041 0.1265011429786682 0.03604289889335632 
v -0.5065261125564575 0.1265011429786682 0.035754621028900146 
v -0.5137393474578857 0.1265011429786682 0.026145340874791145 
v -0.5137393474578857 0.1265011429786682 0.023646928369998932 
v -0.5137393474578857 0.1265011429786682 0.02047586627304554 
v -0.5137393474578857 0.1265011429786682 0.016391921788454056 
v -0.5137393474578857 0.1265011429786682 0.011923606507480145 
v -0.5137393474578857 0.1265011429786682 0.007407244760543108 
v -0.5137393474578857 0.1265011429786682 0.0029389297123998404 
v -0.5137393474578857 0.1265011429786682 -0.0015774320345371962 
v -0.5137393474578857 0.1265011429786682 -0.005228958558291197 
v -0.5137393474578857 0.1265011429786682 -0.007246907334774733 
v -0.5137393474578857 0.1265011429786682 -0.011763269081711769 
v -0.5137393474578857 0.1265011429786682 -0.023006126284599304 
v -0.512980043888092 0.11692266911268234 -0.023919008672237396 
v -0.512980043888092 0.11692266911268234 -0.03602670133113861 
v -0.5114614963531494 0.11692266911268234 -0.03775637224316597 
v -0.5114614963531494 0.11692266911268234 -0.04371412470936775 
v -0.5095632672309875 0.11692266911268234 -0.04505942389369011 
v -0.5095632672309875 0.1265011429786682 -0.04698127880692482 
v -0.5065261125564575 0.1265011429786682 -0.047750022262334824 
v -0.5137393474578857 0.1265011429786682 -0.034489214420318604 
v -0.5137393474578857 0.1265011429786682 -0.03982236608862877 
v -0.512980043888092 0.11692266911268234 -0.04160008206963539 
v -0.512980043888092 0.1265011429786682 -0.04337780177593231 
v -0.5114614963531494 0.1265011429786682 -0.045539889484643936 
v 0.2626305818557739 0.19677308201789856 0.027346501126885414 
v 0.2611120045185089 0.19838441908359528 0.02869180031120777 
v 0.2626305818557739 0.19511699676513672 0.027826964855194092 
v 0.2611120045185089 0.1966388076543808 0.02917226403951645 
v 0.2611120045185089 0.1847776174545288 0.02917226403951645 
v 0.25086164474487305 0.19547507166862488 0.02917226403951645 
v 0.25086164474487305 0.18374815583229065 0.02917226403951645 
v 0.22504591941833496 0.18110737204551697 0.02917226403951645 
v 0.25086164474487305 0.1531328707933426 0.02917226403951645 
v 0.22504591941833496 0.1515662968158722 0.02917226403951645 
v 0.22504591941833496 0.12251757085323334 0.028739847242832184 
v 0.19923019409179688 0.14995495975017548 0.02917226403951645 
v 0.19923019409179688 0.12193570286035538 0.028739847242832184 
v 0.188979834318161 0.1217566654086113 0.028739847242832184 
v 0.22504591941833496 0.19243144989013672 0.02917226403951645 
v 0.19923019409179688 0.18943257629871368 0.02917226403951645 
v 0.19923019409179688 0.1785113364458084 0.02917226403951645 
v 0.18973912298679352 0.1775713860988617 0.02917226403951645 
v 0.18935948610305786 0.1493730992078781 0.02917226403951645 
v 0.18708162009716034 0.14861218631267548 0.02974882163107395 
v 0.18632233142852783 0.1215328723192215 0.02936444990336895 
v 0.183285191655159 0.12099575996398926 0.03133435174822807 
v 0.22504591941833496 0.19466941058635712 0.02869180031120777 
v 0.25086164474487305 0.19735495746135712 0.02869180031120777 
v 0.19960984587669373 0.19198384881019592 0.02869180031120777 
v 0.19011875987052917 0.19099915027618408 0.02869180031120777 
v 0.19011875987052917 0.1883583515882492 0.02917226403951645 
v 0.1882205456495285 0.18674702942371368 0.029604680836200714 
v 0.18784090876579285 0.17618384957313538 0.029652727767825127 
v 0.18442411720752716 0.17228980362415314 0.03109412081539631 
v 0.18366482853889465 0.14637422561645508 0.0314304456114769 
v 0.1798684000968933 0.14404675364494324 0.034313227981328964 
v 0.17948876321315765 0.1204138919711113 0.034313227981328964 
v 0.1882205456495285 0.18929830193519592 0.029124217107892036 
v 0.184803768992424 0.18437479436397552 0.030517563223838806 
v 0.18442411720752716 0.18218158185482025 0.03094998002052307 
v 0.1798684000968933 0.1773475855588913 0.03359253332018852 
v 0.1798684000968933 0.16812719404697418 0.033784717321395874 
v 0.17455340921878815 0.16606827080249786 0.038012802600860596 
v 0.1749330461025238 0.14288300275802612 0.038349125534296036 
v 0.1692384034395218 0.14234590530395508 0.041808467358350754 
v 0.17531268298625946 0.12010057270526886 0.03810889273881912 
v 0.16961804032325745 0.11983202397823334 0.04132800176739693 
v 0.1798684000968933 0.1791379600763321 0.03316011652350426 
v 0.1741737574338913 0.17640765011310577 0.03734015300869942 
v 0.1741737574338913 0.17497535049915314 0.03786866366863251 
v 0.16771982610225677 0.17403541505336761 0.041664328426122665 
v 0.16809947788715363 0.1652626097202301 0.04171237349510193 
v 0.16050660610198975 0.16485977172851562 0.04296158254146576 
v 0.1616455465555191 0.14189830422401428 0.04296158254146576 
v 0.15481196343898773 0.14297252893447876 0.04296158254146576 
v 0.16202518343925476 0.11933966726064682 0.04238502308726311 
v 0.15519161522388458 0.1235470324754715 0.04238502308726311 
v 0.15139517188072205 0.1374223828315735 0.04238502308726311 
v 0.1517748236656189 0.14691133797168732 0.04296158254146576 
v 0.14949695765972137 0.16092096269130707 0.04296158254146576 
v 0.1517748236656189 0.16678442060947418 0.04296158254146576 
v 0.15139517188072205 0.17358781397342682 0.04296158254146576 
v 0.1601269692182541 0.17367734014987946 0.04296158254146576 
v 0.1601269692182541 0.1748858392238617 0.04228893294930458 
v 0.16771982610225677 0.17528866231441498 0.04103972390294075 
v 0.051549069583415985 0.1861203908920288 0.04228893294930458 
v 0.05116942524909973 0.1861203908920288 0.040270984172821045 
v 0.046234067529439926 0.19158102571964264 0.042336978018283844 
v 0.04585442319512367 0.19184957444667816 0.04041512310504913 
v 0.040539421141147614 0.19735495746135712 0.04051121324300766 
v 0.04547478258609772 0.19140198826789856 0.037484291940927505 
v 0.039780136197805405 0.19726543128490448 0.03777256980538368 
v 0.039020851254463196 0.1970863938331604 0.0342651829123497 
v 0.05116942524909973 0.18535949289798737 0.03719601407647133 
v 0.05116942524909973 0.18437479436397552 0.03340034559369087 
v 0.045095138251781464 0.19086487591266632 0.033832766115665436 
v 0.044335853308439255 0.19032776355743408 0.02917226403951645 
v 0.03826156631112099 0.19695211946964264 0.029844913631677628 
v 0.050789784640073776 0.18347960710525513 0.02849961444735527 
v 0.050789784640073776 0.18280822038650513 0.022301629185676575 
v 0.043956208974123 0.1899249255657196 0.02326255664229393 
v 0.044335853308439255 0.19050680100917816 0.016536060720682144 
v 0.03750227764248848 0.1968626081943512 0.024223484098911285 
v 0.03750227764248848 0.19704164564609528 0.017641127109527588 
v -0.4989332854747772 0.12551644444465637 0.03657140955328941 
v -0.4989332854747772 0.154699444770813 0.037099920213222504 
v -0.5023500919342041 0.1265011429786682 0.03604289889335632 
v -0.5023500919342041 0.1551917940378189 0.03657140955328941 
v -0.5065261125564575 0.1551917940378189 0.03628313168883324 
v -0.5023500919342041 0.18441954255104065 0.03657140955328941 
v -0.5065261125564575 0.18441954255104065 0.03628313168883324 
v -0.5065261125564575 0.1955198347568512 0.03628313168883324 
v -0.5095632672309875 0.18441954255104065 0.03546634316444397 
v -0.5095632672309875 0.1955198347568512 0.03546634316444397 
v -0.5114614963531494 0.1955198347568512 0.03402495011687279 
v -0.5095632672309875 0.19704164564609528 0.03498587757349014 
v -0.5114614963531494 0.19704164564609528 0.03354448825120926 
v -0.5114614963531494 0.18441954255104065 0.03402495011687279 
v -0.5114614963531494 0.1551917940378189 0.03402495011687279 
v -0.5095632672309875 0.1551917940378189 0.03546634316444397 
v -0.5095632672309875 0.1265011429786682 0.03498587757349014 
v -0.5065261125564575 0.1265011429786682 0.035754621028900146 
v 0.05116942524909973 0.1838376820087433 0.015430993400514126 
v 0.05192871391773224 0.18795552849769592 0.008656451478600502 
v 0.04547478258609772 0.19292379915714264 0.009521286003291607 
v 0.04737299680709839 0.19578838348388672 0.002986975945532322 
v 0.03864120692014694 0.19762350618839264 0.010386121459305286 
v 0.04091906547546387 0.19833965599536896 0.0035154863726347685 
v 0.2622509300708771 0.1244422197341919 -0.04035087674856186 
v 0.26073235273361206 0.12336799502372742 -0.04208054766058922 
v 0.2622509300708771 0.1538042575120926 -0.04087938740849495 
v 0.26073235273361206 0.15389376878738403 -0.04265710338950157 
v 0.26073235273361206 0.1849566549062729 -0.04265710338950157 
v 0.24934306740760803 0.15384900569915771 -0.0427531972527504 
v 0.24934306740760803 0.1849566549062729 -0.0427531972527504 
v 0.2197309136390686 0.18491189181804657 -0.0431375689804554 
v 0.24896343052387238 0.1968626081943512 -0.0427531972527504 
v 0.21935127675533295 0.1968626081943512 -0.0431375689804554 
v 0.21935127675533295 0.19860821962356567 -0.04251296445727348 
v 0.18973912298679352 0.1968626081943512 -0.0435219407081604 
v 0.18973912298679352 0.19860821962356567 -0.04284929111599922 
v 0.1791091114282608 0.19860821962356567 -0.04294538125395775 
v 0.19049841165542603 0.18491189181804657 -0.0435219407081604 
v 0.17948876321315765 0.18486714363098145 -0.04361803084611893 
v 0.19201697409152985 0.1535804569721222 -0.0435219407081604 
v 0.18100732564926147 0.15353569388389587 -0.04361803084611893 
v 0.1825259029865265 0.12278612703084946 -0.04294538125395775 
v 0.17948876321315765 0.12278612703084946 -0.04381021857261658 
v 0.22086985409259796 0.15371473133563995 -0.0431375689804554 
v 0.22162912786006927 0.12305468320846558 -0.04251296445727348 
v 0.24972271919250488 0.12327847629785538 -0.042224686592817307 
v 0.19391518831253052 0.1228756457567215 -0.04284929111599922 
v -0.4958961308002472 0.11942918598651886 0.04017489030957222 
v -0.4958961308002472 0.10873173922300339 0.038493264466524124 
v -0.4939979314804077 0.11844448745250702 0.04142409563064575 
v -0.4939979314804077 0.10756800323724747 0.03969442471861839 
v -0.491720050573349 0.10756800323724747 0.04036707431077957 
v -0.4939979314804077 0.10756800323724747 0.03700382634997368 
v -0.491720050573349 0.10756800323724747 0.037628430873155594 
v -0.491720050573349 0.10756800323724747 0.03421713784337044 
v -0.4890625476837158 0.10756800323724747 0.037820614874362946 
v -0.4890625476837158 0.10756800323724747 0.03440932184457779 
v -0.4211064577102661 0.10756800323724747 0.03440932184457779 
v -0.4890625476837158 0.10756800323724747 0.03008514642715454 
v -0.4211064577102661 0.10756800323724747 0.03008514642715454 
v -0.4211064577102661 0.10756800323724747 0.02451176382601261 
v -0.2229328155517578 0.10756800323724747 0.03008514642715454 
v -0.2229328155517578 0.10756800323724747 0.02451176382601261 
v -0.02475917339324951 0.10756800323724747 0.02451176382601261 
v -0.2229328155517578 0.10756800323724747 0.01836182363331318 
v -0.02475917339324951 0.10756800323724747 0.01836182363331318 
v -0.02475917339324951 0.10756800323724747 0.012211884371936321 
v 0.04281727969646454 0.10756800323724747 0.01836182363331318 
v 0.04281727969646454 0.10756800323724747 0.012211884371936321 
v 0.04547478258609772 0.10756800323724747 0.012211884371936321 
v 0.04281727969646454 0.10756800323724747 0.006061945576220751 
v 0.04547478258609772 0.10756800323724747 0.006061945576220751 
v 0.04547478258609772 0.10756800323724747 -0.00008799359784461558 
v 0.04851192608475685 0.10756800323724747 0.006061945576220751 
v 0.04851192608475685 0.10756800323724747 -0.00008799359784461558 
v 0.052308354526758194 0.10756800323724747 -0.00008799359784461558 
v 0.04851192608475685 0.10756800323724747 -0.005084819160401821 
v 0.052308354526758194 0.10756800323724747 -0.005084819160401821 
v 0.052308354526758194 0.10756800323724747 -0.007823464460670948 
v 0.056104786694049835 0.10756800323724747 -0.005084819160401821 
v 0.056104786694049835 0.10756800323724747 -0.007823464460670948 
v 0.05914193019270897 0.1105668693780899 -0.007823464460670948 
v 0.056104786694049835 0.10756800323724747 -0.014021449722349644 
v 0.05914193019270897 0.1105668693780899 -0.014021449722349644 
v 0.05914193019270897 0.1105668693780899 -0.0293962974101305 
v -0.4939979314804077 0.10756800323724747 0.033640578389167786 
v -0.4939979314804077 0.10756800323724747 0.02936444990336895 
v -0.491720050573349 0.10756800323724747 0.02989296056330204 
v -0.491720050573349 0.10756800323724747 0.024367624893784523 
v -0.4890625476837158 0.10756800323724747 0.02451176382601261 
v -0.4890625476837158 0.10756800323724747 0.01836182363331318 
v -0.4211064577102661 0.10756800323724747 0.01836182363331318 
v -0.4211064577102661 0.10756800323724747 0.012211884371936321 
v -0.2229328155517578 0.10756800323724747 0.012211884371936321 
v -0.2229328155517578 0.10756800323724747 0.006061945576220751 
v -0.02475917339324951 0.10756800323724747 0.006061945576220751 
v -0.02475917339324951 0.10756800323724747 -0.00008799359784461558 
v 0.04281727969646454 0.10756800323724747 -0.00008799359784461558 
v 0.04281727969646454 0.10756800323724747 -0.005084819160401821 
v 0.04547478258609772 0.10756800323724747 -0.005084819160401821 
v 0.04547478258609772 0.10756800323724747 -0.007823464460670948 
v 0.04851192608475685 0.10756800323724747 -0.007823464460670948 
v 0.04851192608475685 0.10756800323724747 -0.014021449722349644 
v 0.052308354526758194 0.10756800323724747 -0.014021449722349644 
v 0.052308354526758194 0.10756800323724747 -0.0293962974101305 
v 0.056104786694049835 0.10756800323724747 -0.0293962974101305 
v 0.056104786694049835 0.10756800323724747 -0.04510746896266937 
v 0.05914193019270897 0.1105668693780899 -0.04510746896266937 
v 0.05914193019270897 0.1105668693780899 -0.05236247554421425 
v -0.4939979314804077 0.10756800323724747 0.02393520623445511 
v -0.4939979314804077 0.10756800323724747 0.017929406836628914 
v -0.491720050573349 0.10756800323724747 0.018265731632709503 
v -0.491720050573349 0.10756800323724747 0.012163838371634483 
v -0.4890625476837158 0.10756800323724747 0.012211884371936321 
v -0.4890625476837158 0.10756800323724747 0.006061945576220751 
v -0.4211064577102661 0.10756800323724747 0.006061945576220751 
v -0.4211064577102661 0.10756800323724747 -0.00008799359784461558 
v -0.2229328155517578 0.10756800323724747 -0.00008799359784461558 
v -0.2229328155517578 0.10756800323724747 -0.005084819160401821 
v -0.02475917339324951 0.10756800323724747 -0.005084819160401821 
v -0.02475917339324951 0.10756800323724747 -0.007823464460670948 
v 0.04281727969646454 0.10756800323724747 -0.007823464460670948 
v 0.04281727969646454 0.10756800323724747 -0.014021449722349644 
v 0.04547478258609772 0.10756800323724747 -0.014021449722349644 
v 0.04547478258609772 0.10756800323724747 -0.0293962974101305 
v 0.04851192608475685 0.10756800323724747 -0.0293962974101305 
v 0.04851192608475685 0.10756800323724747 -0.04510746896266937 
v 0.052308354526758194 0.10756800323724747 -0.04510746896266937 
v 0.052308354526758194 0.10756800323724747 -0.05236247554421425 
v 0.056104786694049835 0.10756800323724747 -0.05236247554421425 
v 0.05572514235973358 0.11844448745250702 -0.0546206571161747 
v 0.058762285858392715 0.1210852786898613 -0.0546206571161747 
v -0.4939979314804077 0.10756800323724747 0.011875559575855732 
v -0.4939979314804077 0.10756800323724747 0.005869760178029537 
v -0.491720050573349 0.10756800323724747 0.006013899110257626 
v -0.491720050573349 0.10756800323724747 -0.00008799359784461558 
v -0.4890625476837158 0.10756800323724747 -0.00008799359784461558 
v -0.4890625476837158 0.10756800323724747 -0.005084819160401821 
v -0.4211064577102661 0.10756800323724747 -0.005084819160401821 
v -0.4211064577102661 0.10756800323724747 -0.007823464460670948 
v -0.2229328155517578 0.10756800323724747 -0.007823464460670948 
v -0.2229328155517578 0.10756800323724747 -0.014021449722349644 
v -0.02475917339324951 0.10756800323724747 -0.014021449722349644 
v -0.02475917339324951 0.10756800323724747 -0.0293962974101305 
v 0.04281727969646454 0.10756800323724747 -0.0293962974101305 
v 0.04281727969646454 0.10756800323724747 -0.04510746896266937 
v 0.04547478258609772 0.10756800323724747 -0.04510746896266937 
v 0.04547478258609772 0.10756800323724747 -0.05236247554421425 
v 0.04851192608475685 0.10756800323724747 -0.05236247554421425 
v 0.04851192608475685 0.11844448745250702 -0.0546206571161747 
v 0.05192871391773224 0.11844448745250702 -0.0546206571161747 
v -0.4939979314804077 0.10756800323724747 -0.00018408639880362898 
v -0.4939979314804077 0.10756800323724747 -0.005084819160401821 
v -0.491720050573349 0.10756800323724747 -0.005084819160401821 
v -0.491720050573349 0.10756800323724747 -0.007823464460670948 
v -0.4890625476837158 0.10756800323724747 -0.007823464460670948 
v -0.4890625476837158 0.10756800323724747 -0.014021449722349644 
v -0.4211064577102661 0.10756800323724747 -0.014021449722349644 
v -0.4211064577102661 0.10756800323724747 -0.0293962974101305 
v -0.2229328155517578 0.10756800323724747 -0.0293962974101305 
v -0.2229328155517578 0.10756800323724747 -0.04510746896266937 
v -0.02475917339324951 0.10756800323724747 -0.04510746896266937 
v -0.02475917339324951 0.10756800323724747 -0.05236247554421425 
v 0.04281727969646454 0.10756800323724747 -0.05236247554421425 
v 0.04243763908743858 0.11844448745250702 -0.0546206571161747 
v 0.045095138251781464 0.11844448745250702 -0.0546206571161747 
v -0.4939979314804077 0.10756800323724747 -0.0077754175290465355 
v -0.4939979314804077 0.10756800323724747 -0.013829263858497143 
v -0.491720050573349 0.10756800323724747 -0.013973402790725231 
v -0.491720050573349 0.10756800323724747 -0.029252158477902412 
v -0.4890625476837158 0.10756800323724747 -0.0293962974101305 
v -0.4890625476837158 0.10756800323724747 -0.04510746896266937 
v -0.4211064577102661 0.10756800323724747 -0.04510746896266937 
v -0.4211064577102661 0.10756800323724747 -0.05236247554421425 
v -0.2229328155517578 0.10756800323724747 -0.05236247554421425 
v -0.2229328155517578 0.11844448745250702 -0.0546206571161747 
v -0.02475917339324951 0.11844448745250702 -0.0546206571161747 
v -0.5114614963531494 0.1265011429786682 -0.045539889484643936 
v -0.512980043888092 0.1265011429786682 -0.04337780177593231 
v -0.5114614963531494 0.1551917940378189 -0.04616449028253555 
v -0.512980043888092 0.1551917940378189 -0.043954357504844666 
v -0.512980043888092 0.18441954255104065 -0.043954357504844666 
v -0.5137393474578857 0.1551917940378189 -0.0414559431374073 
v -0.5137393474578857 0.18441954255104065 -0.0414559431374073 
v -0.514119029045105 0.18441954255104065 -0.039197761565446854 
v -0.5137393474578857 0.1955198347568512 -0.0414559431374073 
v -0.514119029045105 0.1955198347568512 -0.039197761565446854 
v -0.5137393474578857 0.19704164564609528 -0.03982236608862877 
v -0.514119029045105 0.1955198347568512 -0.034008752554655075 
v -0.5137393474578857 0.19704164564609528 -0.034489214420318604 
v -0.5137393474578857 0.19704164564609528 -0.023006126284599304 
v -0.514119029045105 0.1551917940378189 -0.039197761565446854 
v -0.514119029045105 0.1551917940378189 -0.034008752554655075 
v -0.514119029045105 0.18441954255104065 -0.034008752554655075 
v -0.514119029045105 0.18441954255104065 -0.022717848420143127 
v -0.514119029045105 0.1955198347568512 -0.022717848420143127 
v -0.514119029045105 0.1955198347568512 -0.011667176149785519 
v -0.5137393474578857 0.19704164564609528 -0.011763269081711769 
v -0.5137393474578857 0.19704164564609528 -0.007246907334774733 
v -0.5137393474578857 0.1265011429786682 -0.03982236608862877 
v -0.5137393474578857 0.13393117487430573 -0.04155203700065613 
v -0.5137393474578857 0.1265011429786682 -0.034489214420318604 
v -0.5137393474578857 0.1265011429786682 -0.023006126284599304 
v -0.514119029045105 0.1551917940378189 -0.022717848420143127 
v -0.514119029045105 0.1551917940378189 -0.011667176149785519 
v -0.514119029045105 0.18441954255104065 -0.011667176149785519 
v -0.514119029045105 0.18441954255104065 -0.007198860868811607 
v -0.514119029045105 0.1955198347568512 -0.007198860868811607 
v -0.514119029045105 0.1955198347568512 -0.005228958558291197 
v -0.5137393474578857 0.19704164564609528 -0.005228958558291197 
v -0.5137393474578857 0.1265011429786682 -0.011763269081711769 
v -0.5137393474578857 0.1265011429786682 -0.007246907334774733 
v -0.514119029045105 0.1551917940378189 -0.007198860868811607 
v -0.514119029045105 0.1551917940378189 -0.005228958558291197 
v -0.514119029045105 0.18441954255104065 -0.005228958558291197 
v -0.514119029045105 0.18441954255104065 -0.0016254783840849996 
v -0.514119029045105 0.1955198347568512 -0.0016254783840849996 
v -0.514119029045105 0.1955198347568512 0.002746744081377983 
v -0.5137393474578857 0.19704164564609528 -0.0015774320345371962 
v -0.5137393474578857 0.19704164564609528 0.0029389297123998404 
v -0.5137393474578857 0.1265011429786682 -0.005228958558291197 
v -0.5137393474578857 0.1265011429786682 -0.0015774320345371962 
v -0.514119029045105 0.1551917940378189 -0.0016254783840849996 
v -0.514119029045105 0.1551917940378189 0.002746744081377983 
v -0.514119029045105 0.18441954255104065 0.002746744081377983 
v -0.514119029045105 0.18441954255104065 0.007167012896388769 
v -0.514119029045105 0.1955198347568512 0.007167012896388769 
v -0.514119029045105 0.1955198347568512 0.011587281711399555 
v -0.5137393474578857 0.19704164564609528 0.007407244760543108 
v -0.5137393474578857 0.19704164564609528 0.011923606507480145 
v -0.5137393474578857 0.1265011429786682 0.0029389297123998404 
v -0.5137393474578857 0.1265011429786682 0.007407244760543108 
v -0.514119029045105 0.1551917940378189 0.007167012896388769 
v -0.514119029045105 0.1551917940378189 0.011587281711399555 
v -0.514119029045105 0.18441954255104065 0.011587281711399555 
v -0.514119029045105 0.18441954255104065 0.016007550060749054 
v -0.514119029045105 0.1955198347568512 0.016007550060749054 
v -0.514119029045105 0.1955198347568512 0.019995400682091713 
v -0.5137393474578857 0.19704164564609528 0.016391921788454056 
v -0.5137393474578857 0.19704164564609528 0.02047586627304554 
v -0.5137393474578857 0.1265011429786682 0.011923606507480145 
v -0.5137393474578857 0.1265011429786682 0.016391921788454056 
v -0.514119029045105 0.1551917940378189 0.016007550060749054 
v -0.514119029045105 0.1551917940378189 0.019995400682091713 
v -0.514119029045105 0.18441954255104065 0.019995400682091713 
v -0.514119029045105 0.18441954255104065 0.02311841771006584 
v -0.514119029045105 0.1955198347568512 0.02311841771006584 
v -0.514119029045105 0.1955198347568512 0.025568783283233643 
v -0.5137393474578857 0.19704164564609528 0.023646928369998932 
v -0.5137393474578857 0.19704164564609528 0.026145340874791145 
v -0.5137393474578857 0.1265011429786682 0.02047586627304554 
v -0.5137393474578857 0.1265011429786682 0.023646928369998932 
v -0.514119029045105 0.1551917940378189 0.02311841771006584 
v -0.514119029045105 0.1551917940378189 0.025568783283233643 
v -0.514119029045105 0.18441954255104065 0.025568783283233643 
v -0.514119029045105 0.18441954255104065 0.027538686990737915 
v -0.514119029045105 0.1955198347568512 0.027538686990737915 
v -0.5137393474578857 0.1955198347568512 0.029460541903972626 
v -0.5137393474578857 0.19704164564609528 0.02816328965127468 
v -0.5137393474578857 0.1966388076543808 0.029604680836200714 
v -0.5137393474578857 0.1265011429786682 0.026145340874791145 
v -0.5137393474578857 0.1265011429786682 0.02816328965127468 
v -0.514119029045105 0.1551917940378189 0.027538686990737915 
v -0.5137393474578857 0.1551917940378189 0.029460541903972626 
v -0.5137393474578857 0.18441954255104065 0.029460541903972626 
v -0.512980043888092 0.18441954255104065 0.0318148173391819 
v -0.512980043888092 0.1955198347568512 0.0318148173391819 
v -0.5114614963531494 0.1955198347568512 0.03402495011687279 
v -0.512980043888092 0.19704164564609528 0.031382396817207336 
v -0.5114614963531494 0.19704164564609528 0.03354448825120926 
v -0.5137393474578857 0.13393117487430573 0.029604680836200714 
v -0.512980043888092 0.1265011429786682 0.031382396817207336 
v -0.512980043888092 0.1551917940378189 0.0318148173391819 
v -0.5114614963531494 0.1551917940378189 0.03402495011687279 
v -0.5114614963531494 0.18441954255104065 0.03402495011687279 
v -0.5137393474578857 0.1966388076543808 -0.04155203700065613 
v -0.512980043888092 0.19704164564609528 -0.04337780177593231 
v -0.512980043888092 0.1955198347568512 -0.043954357504844666 
v -0.5114614963531494 0.1955198347568512 -0.04616449028253555 
v -0.5114614963531494 0.18441954255104065 -0.04616449028253555 
v -0.4958961308002472 0.1984291821718216 -0.05236247554421425 
v -0.4939979314804077 0.19860821962356567 -0.05365972965955734 
v -0.4958961308002472 0.19672833383083344 -0.05308317393064499 
v -0.4939979314804077 0.1968626081943512 -0.054428473114967346 
v -0.4939979314804077 0.1842852681875229 -0.054428473114967346 
v -0.49134042859077454 0.1968626081943512 -0.05514916777610779 
v -0.49134042859077454 0.1842852681875229 -0.05514916777610779 
v -0.4890625476837158 0.1842852681875229 -0.0553894005715847 
v -0.49134042859077454 0.15107394754886627 -0.05514916777610779 
v -0.4890625476837158 0.15107394754886627 -0.0553894005715847 
v -0.4890625476837158 0.11844448745250702 -0.0546206571161747 
v -0.42148610949516296 0.15107394754886627 -0.0553894005715847 
v -0.4211064577102661 0.11844448745250702 -0.0546206571161747 
v -0.2229328155517578 0.11844448745250702 -0.0546206571161747 
v -0.4890625476837158 0.1968626081943512 -0.0553894005715847 
v -0.42148610949516296 0.1968626081943512 -0.0553894005715847 
v -0.42148610949516296 0.1842852681875229 -0.0553894005715847 
v -0.22407174110412598 0.1842852681875229 -0.0553894005715847 
v -0.22369210422039032 0.15107394754886627 -0.0553894005715847 
v -0.025898102670907974 0.15107394754886627 -0.0553894005715847 
v -0.02475917339324951 0.11844448745250702 -0.0546206571161747 
v 0.04243763908743858 0.11844448745250702 -0.0546206571161747 
v -0.4890625476837158 0.19860821962356567 -0.0546206571161747 
v -0.49134042859077454 0.19860821962356567 -0.054380424320697784 
v -0.42148610949516296 0.19860821962356567 -0.0546206571161747 
v -0.22445139288902283 0.19860821962356567 -0.0546206571161747 
v -0.22445139288902283 0.1968626081943512 -0.0553894005715847 
v -0.027037030085921288 0.1968626081943512 -0.0553894005715847 
v -0.026657387614250183 0.1842852681875229 -0.0553894005715847 
v 0.040539421141147614 0.1842852681875229 -0.0553894005715847 
v 0.04129870980978012 0.15107394754886627 -0.0553894005715847 
v 0.043956208974123 0.15107394754886627 -0.0553894005715847 
v 0.045095138251781464 0.11844448745250702 -0.0546206571161747 
v -0.027037030085921288 0.19860821962356567 -0.054572612047195435 
v 0.04015978053212166 0.19860821962356567 -0.054572612047195435 
v 0.04015978053212166 0.1968626081943512 -0.0553894005715847 
v 0.04281727969646454 0.1968626081943512 -0.0553894005715847 
v 0.04319692403078079 0.1842852681875229 -0.0553894005715847 
v 0.04737299680709839 0.1842852681875229 -0.0553894005715847 
v 0.04775264114141464 0.15107394754886627 -0.0553894005715847 
v 0.05192871391773224 0.15107394754886627 -0.0553894005715847 
v 0.04851192608475685 0.11844448745250702 -0.0546206571161747 
v 0.05192871391773224 0.11844448745250702 -0.0546206571161747 
v 0.04281727969646454 0.19860821962356567 -0.054572612047195435 
v 0.046993352472782135 0.19860821962356567 -0.0546206571161747 
v 0.046993352472782135 0.1968626081943512 -0.0553894005715847 
v 0.051549069583415985 0.1968626081943512 -0.0553894005715847 
v 0.051549069583415985 0.1842852681875229 -0.0553894005715847 
v 0.05458621308207512 0.1842852681875229 -0.0553894005715847 
v 0.055345501750707626 0.15107394754886627 -0.0553894005715847 
v 0.05800300091505051 0.15259575843811035 -0.0553894005715847 
v 0.05572514235973358 0.11844448745250702 -0.0546206571161747 
v 0.058762285858392715 0.1210852786898613 -0.0546206571161747 
v 0.051549069583415985 0.19860821962356567 -0.0546206571161747 
v 0.05458621308207512 0.19860821962356567 -0.0546206571161747 
v 0.05458621308207512 0.1968626081943512 -0.0553894005715847 
v 0.056864071637392044 0.1968626081943512 -0.0553894005715847 
v 0.056864071637392044 0.18464334309101105 -0.0553894005715847 
v 0.05952157452702522 0.18576231598854065 -0.0553894005715847 
v 0.05990121513605118 0.15711642801761627 -0.0553894005715847 
v 0.06179942935705185 0.16315892338752747 -0.0553894005715847 
v 0.060660503804683685 0.12900765240192413 -0.0546206571161747 
v 0.0621790736913681 0.13957083225250244 -0.0546206571161747 
v 0.056864071637392044 0.19860821962356567 -0.0546206571161747 
v 0.05914193019270897 0.19860821962356567 -0.0546206571161747 
v 0.05914193019270897 0.1968626081943512 -0.0553894005715847 
v 0.06179942935705185 0.1968626081943512 -0.0553894005715847 
v 0.06179942935705185 0.18728414177894592 -0.0553894005715847 
v 0.06407728791236877 0.18880595266819 -0.0553894005715847 
v 0.06407728791236877 0.16915665566921234 -0.0553894005715847 
v 0.06787371635437012 0.17372210323810577 -0.0553894005715847 
v 0.06407728791236877 0.15013399720191956 -0.0546206571161747 
v 0.06787371635437012 0.158056378364563 -0.0546206571161747 
v 0.06179942935705185 0.19860821962356567 -0.0546206571161747 
v 0.06407728791236877 0.19860821962356567 -0.0546206571161747 
v 0.06407728791236877 0.1968626081943512 -0.0553894005715847 
v 0.06787371635437012 0.1968626081943512 -0.0553894005715847 
v 0.06787371635437012 0.1899249255657196 -0.0553894005715847 
v 0.07394800335168839 0.19028300046920776 -0.0553894005715847 
v 0.07394800335168839 0.17519915103912354 -0.0553894005715847 
v 0.08305943757295609 0.17519915103912354 -0.0553894005715847 
v 0.07394800335168839 0.16069717705249786 -0.0546206571161747 
v 0.08305943757295609 0.16069717705249786 -0.0546206571161747 
v 0.06787371635437012 0.19860821962356567 -0.0546206571161747 
v 0.07394800335168839 0.19860821962356567 -0.0546206571161747 
v 0.07394800335168839 0.1968626081943512 -0.0553894005715847 
v 0.08305943757295609 0.1968626081943512 -0.0553894005715847 
v 0.08305943757295609 0.19028300046920776 -0.0553894005715847 
v 0.09558765590190887 0.1968626081943512 -0.0553894005715847 
v 0.09558765590190887 0.19860821962356567 -0.0546206571161747 
v 0.10887516289949417 0.19860821962356567 -0.0546206571161747 
v -0.4958961308002472 0.1984291821718216 0.04017489030957222 
v -0.4958961308002472 0.19672833383083344 0.04075144603848457 
v -0.4939979314804077 0.19860821962356567 0.04142409563064575 
v -0.4939979314804077 0.1968626081943512 0.042000651359558105 
v -0.491720050573349 0.1968626081943512 0.042721349745988846 
v -0.4939979314804077 0.1842852681875229 0.042000651359558105 
v -0.491720050573349 0.1842852681875229 0.042721349745988846 
v -0.491720050573349 0.15107394754886627 0.042721349745988846 
v -0.4890625476837158 0.1842852681875229 0.04296158254146576 
v -0.4890625476837158 0.15107394754886627 0.04296158254146576 
v -0.42148610949516296 0.15107394754886627 0.04296158254146576 
v -0.4890625476837158 0.11844448745250702 0.04238502308726311 
v -0.42148610949516296 0.11844448745250702 0.04238502308726311 
v -0.4218657612800598 0.1842852681875229 0.04296158254146576 
v -0.4218657612800598 0.1968626081943512 0.04296158254146576 
v -0.4890625476837158 0.1968626081943512 0.04296158254146576 
v -0.4890625476837158 0.19860821962356567 0.04238502308726311 
v -0.491720050573349 0.19860821962356567 0.042144790291786194 
v -0.22331246733665466 0.11844448745250702 0.04238502308726311 
v -0.22407174110412598 0.15107394754886627 0.04296158254146576 
v -0.22483102977275848 0.1842852681875229 0.04296158254146576 
v -0.026657387614250183 0.15107394754886627 0.04296158254146576 
v -0.027796316891908646 0.1842852681875229 0.04296158254146576 
v 0.039020851254463196 0.1842852681875229 0.04296158254146576 
v -0.028555603697896004 0.1968626081943512 0.04296158254146576 
v 0.03826156631112099 0.1968626081943512 0.04296158254146576 
v 0.03826156631112099 0.19860821962356567 0.04238502308726311 
v 0.04129870980978012 0.19516175985336304 0.04296158254146576 
v 0.04129870980978012 0.1968626081943512 0.042336978018283844 
v 0.046234067529439926 0.19158102571964264 0.042336978018283844 
v -0.028555603697896004 0.19860821962356567 0.04238502308726311 
v -0.22521068155765533 0.19860821962356567 0.04238502308726311 
v -0.22521068155765533 0.1968626081943512 0.04296158254146576 
v -0.025138815864920616 0.11844448745250702 0.04238502308726311 
v 0.04243763908743858 0.11844448745250702 0.04238502308726311 
v 0.040539421141147614 0.15107394754886627 0.04296158254146576 
v 0.043576568365097046 0.1502235233783722 0.04296158254146576 
v 0.04205799475312233 0.18280822038650513 0.04296158254146576 
v 0.04661371186375618 0.17842181026935577 0.04296158254146576 
v 0.046234067529439926 0.19010396301746368 0.04296158254146576 
v 0.051549069583415985 0.1847776174545288 0.04296158254146576 
v 0.051549069583415985 0.1861203908920288 0.04228893294930458 
v 0.04471549764275551 0.11822068691253662 0.04238502308726311 
v 0.0481322817504406 0.11759406328201294 0.04238502308726311 
v 0.04737299680709839 0.1477617621421814 0.04296158254146576 
v 0.05192871391773224 0.14516572654247284 0.04296158254146576 
v 0.051549069583415985 0.17390114068984985 0.04296158254146576 
v 0.05458621308207512 0.17184221744537354 0.04296158254146576 
v 0.05458621308207512 0.18240538239479065 0.04296158254146576 
v 0.056864071637392044 0.18151019513607025 0.04296158254146576 
v 0.05458621308207512 0.18370339274406433 0.04228893294930458 
v 0.056864071637392044 0.1827634572982788 0.04228893294930458 
v 0.05192871391773224 0.11696743220090866 0.04238502308726311 
v 0.05572514235973358 0.11669887602329254 0.04238502308726311 
v 0.055345501750707626 0.14404675364494324 0.04296158254146576 
v 0.05800300091505051 0.1450762152671814 0.04296158254146576 
v 0.0572437159717083 0.17143937945365906 0.04296158254146576 
v 0.05952157452702522 0.1717526912689209 0.04296158254146576 
v 0.05914193019270897 0.1805254966020584 0.04296158254146576 
v 0.06179942935705185 0.17954079806804657 0.04296158254146576 
v 0.05914193019270897 0.18177875876426697 0.04228893294930458 
v 0.06179942935705185 0.1807492971420288 0.04228893294930458 
v 0.058762285858392715 0.11920539289712906 0.04238502308726311 
v 0.060660503804683685 0.12699349224567413 0.04238502308726311 
v 0.05990121513605118 0.14914929866790771 0.04296158254146576 
v 0.06179942935705185 0.154699444770813 0.04296158254146576 
v 0.06179942935705185 0.17237931489944458 0.04296158254146576 
v 0.06407728791236877 0.17305071651935577 0.04296158254146576 
v 0.06407728791236877 0.1785113364458084 0.04296158254146576 
v 0.06787371635437012 0.17743711173534393 0.04296158254146576 
v 0.06407728791236877 0.17976458370685577 0.04228893294930458 
v 0.06787371635437012 0.17864561080932617 0.04228893294930458 
v 0.0621790736913681 0.1374671459197998 0.04238502308726311 
v 0.06407728791236877 0.14789603650569916 0.04238502308726311 
v 0.06407728791236877 0.16024957597255707 0.04296158254146576 
v 0.06787371635437012 0.16423314809799194 0.04296158254146576 
v 0.06787371635437012 0.17322973906993866 0.04296158254146576 
v 0.07394800335168839 0.17251360416412354 0.04296158254146576 
v 0.07394800335168839 0.17618384957313538 0.04296158254146576 
v 0.08305943757295609 0.17497535049915314 0.04296158254146576 
v 0.07394800335168839 0.17739234864711761 0.04228893294930458 
v 0.08305943757295609 0.17618384957313538 0.04228893294930458 
v 0.06787371635437012 0.15568414330482483 0.04238502308726311 
v 0.07394800335168839 0.15819065272808075 0.04238502308726311 
v 0.07394800335168839 0.16512833535671234 0.04296158254146576 
v 0.08305943757295609 0.16454645991325378 0.04296158254146576 
v 0.08305943757295609 0.17148414254188538 0.04296158254146576 
v 0.09558765590190887 0.17067846655845642 0.04296158254146576 
v 0.09558765590190887 0.17403541505336761 0.04296158254146576 
v 0.10887516289949417 0.17345353960990906 0.04296158254146576 
v 0.09558765590190887 0.17524391412734985 0.04228893294930458 
v 0.10887516289949417 0.1746620386838913 0.04228893294930458 
v 0.08305943757295609 0.15801161527633667 0.04238502308726311 
v 0.09558765590190887 0.15792210400104523 0.04238502308726311 
v 0.09558765590190887 0.16409887373447418 0.04296158254146576 
v 0.10963445156812668 0.16378556191921234 0.04296158254146576 
v 0.10887516289949417 0.1701861172914505 0.04296158254146576 
v 0.1202644556760788 0.17009660601615906 0.04296158254146576 
v 0.11912552267313004 0.1733192652463913 0.04296158254146576 
v 0.12633873522281647 0.17340877652168274 0.04296158254146576 
v 0.11912552267313004 0.17452776432037354 0.04228893294930458 
v 0.12633873522281647 0.17457252740859985 0.04228893294930458 
v 0.12975552678108215 0.17461727559566498 0.04228893294930458 
v 0.12975552678108215 0.17340877652168274 0.04296158254146576 
v 0.13317231833934784 0.17345353960990906 0.04296158254146576 
v 0.13165374100208282 0.17027564346790314 0.04296158254146576 
v 0.1350705325603485 0.17054419219493866 0.04296158254146576 
v 0.14076517522335052 0.16517308354377747 0.04296158254146576 
v 0.14228375256061554 0.1710813045501709 0.04296158254146576 
v 0.1441819667816162 0.16709773242473602 0.04296158254146576 
v 0.14797839522361755 0.15599745512008667 0.04257721081376076 
v 0.1434226781129837 0.15845921635627747 0.04238502308726311 
v 0.14152446389198303 0.17349830269813538 0.04296158254146576 
v 0.14152446389198303 0.17470680177211761 0.04228893294930458 
v 0.13317231833934784 0.1746620386838913 0.04228893294930458 
v 0.12785731256008148 0.17014135420322418 0.04296158254146576 
v 0.132792666554451 0.16383031010627747 0.04296158254146576 
v 0.12292195111513138 0.1636960357427597 0.04296158254146576 
v 0.1251998096704483 0.15778782963752747 0.04238502308726311 
v 0.11039373278617859 0.1578325778245926 0.04238502308726311 
v 0.13734838366508484 0.15792210400104523 0.04238502308726311 
v 0.1377280354499817 0.16423314809799194 0.04296158254146576 
v -0.4958961308002472 0.1842852681875229 -0.05308317393064499 
v -0.4958961308002472 0.1515662968158722 -0.05308317393064499 
v -0.4939979314804077 0.15107394754886627 -0.054428473114967346 
v -0.4939979314804077 0.11844448745250702 -0.05365972965955734 
v -0.49134042859077454 0.11844448745250702 -0.054380424320697784 
v -0.4958961308002472 0.11942918598651886 -0.05236247554421425 
v -0.4958961308002472 0.1842852681875229 0.04075144603848457 
v -0.4958961308002472 0.1515662968158722 0.04075144603848457 
v -0.4939979314804077 0.15107394754886627 0.042000651359558105 
v -0.4939979314804077 0.11844448745250702 0.04142409563064575 
v -0.491720050573349 0.11844448745250702 0.042144790291786194 
v -0.5065261125564575 0.19704164564609528 -0.047750022262334824 
v -0.5095632672309875 0.19704164564609528 -0.04698127880692482 
v -0.5095632672309875 0.1975339949131012 -0.04505942389369011 
v -0.5114614963531494 0.1975339949131012 -0.04371412470936775 
v -0.5114614963531494 0.1975339949131012 -0.03775637224316597 
v -0.512980043888092 0.1975339949131012 -0.03602670133113861 
v -0.512980043888092 0.1975339949131012 -0.023919008672237396 
v -0.5137393474578857 0.19704164564609528 -0.023006126284599304 
v -0.5137393474578857 0.19704164564609528 -0.011763269081711769 
v -0.5114614963531494 0.19704164564609528 -0.045539889484643936 
v -0.512980043888092 0.19704164564609528 -0.04337780177593231 
v -0.512980043888092 0.1975339949131012 -0.04160008206963539 
v -0.5137393474578857 0.19704164564609528 -0.03982236608862877 
v -0.5137393474578857 0.19704164564609528 -0.034489214420318604 
v -0.2229328155517578 0.10756800323724747 0.03440932184457779 
v -0.2229328155517578 0.10756800323724747 0.037820614874362946 
v -0.02475917339324951 0.10756800323724747 0.03440932184457779 
v -0.02475917339324951 0.10756800323724747 0.037820614874362946 
v 0.04281727969646454 0.10756800323724747 0.037820614874362946 
v -0.02475917339324951 0.10756800323724747 0.04055926203727722 
v 0.04281727969646454 0.10756800323724747 0.04055926203727722 
v 0.04243763908743858 0.11844448745250702 0.04238502308726311 
v 0.04547478258609772 0.10756800323724747 0.04055926203727722 
v 0.04471549764275551 0.11822068691253662 0.04238502308726311 
v 0.0481322817504406 0.11759406328201294 0.04238502308726311 
v -0.02475917339324951 0.10756800323724747 0.03008514642715454 
v 0.04281727969646454 0.10756800323724747 0.03008514642715454 
v 0.04281727969646454 0.10756800323724747 0.02451176382601261 
v 0.04547478258609772 0.10756800323724747 0.02451176382601261 
v 0.04547478258609772 0.10756800323724747 0.01836182363331318 
v 0.04851192608475685 0.10756800323724747 0.01836182363331318 
v 0.04851192608475685 0.10756800323724747 0.012211884371936321 
v 0.052308354526758194 0.10756800323724747 0.012211884371936321 
v 0.052308354526758194 0.10756800323724747 0.006061945576220751 
v 0.056104786694049835 0.10756800323724747 0.006061945576220751 
v 0.056104786694049835 0.10756800323724747 -0.00008799359784461558 
v 0.05914193019270897 0.1105668693780899 -0.00008799359784461558 
v 0.05914193019270897 0.1105668693780899 -0.005084819160401821 
v 0.056104786694049835 0.10756800323724747 0.012211884371936321 
v 0.056104786694049835 0.10756800323724747 0.01836182363331318 
v 0.052308354526758194 0.10756800323724747 0.01836182363331318 
v 0.052308354526758194 0.10756800323724747 0.02451176382601261 
v 0.04851192608475685 0.10756800323724747 0.02451176382601261 
v 0.04851192608475685 0.10756800323724747 0.03008514642715454 
v 0.04547478258609772 0.10756800323724747 0.03008514642715454 
v 0.04547478258609772 0.10756800323724747 0.03440932184457779 
v 0.04281727969646454 0.10756800323724747 0.03440932184457779 
v 0.056104786694049835 0.10756800323724747 0.02451176382601261 
v 0.056104786694049835 0.10756800323724747 0.03008514642715454 
v 0.052308354526758194 0.10756800323724747 0.03008514642715454 
v 0.052308354526758194 0.10756800323724747 0.03440932184457779 
v 0.04851192608475685 0.10756800323724747 0.03440932184457779 
v 0.04851192608475685 0.10756800323724747 0.037820614874362946 
v 0.04547478258609772 0.10756800323724747 0.037820614874362946 
v 0.056104786694049835 0.10756800323724747 0.03440932184457779 
v 0.056104786694049835 0.10756800323724747 0.037820614874362946 
v 0.052308354526758194 0.10756800323724747 0.037820614874362946 
v 0.052308354526758194 0.10756800323724747 0.04055926203727722 
v 0.04851192608475685 0.10756800323724747 0.04055926203727722 
v 0.1665809005498886 0.1226518526673317 -0.054044101387262344 
v 0.1601269692182541 0.12215949594974518 -0.0546206571161747 
v 0.1665809005498886 0.15344618260860443 -0.054764796048402786 
v 0.1601269692182541 0.15317761898040771 -0.0553894005715847 
v 0.15291374921798706 0.12659065425395966 -0.0546206571161747 
v 0.14797839522361755 0.1410478800535202 -0.0546206571161747 
v 0.18024805188179016 0.1871946156024933 0.00020028480503242463 
v 0.1741737574338913 0.18459858000278473 0.00111316645052284 
v 0.18062768876552582 0.1841062307357788 0.005149064119905233 
v 0.17455340921878815 0.18043597042560577 0.006590455770492554 
v 0.17455340921878815 0.17819802463054657 0.012788441963493824 
v 0.16771982610225677 0.17882464826107025 0.007935754954814911 
v 0.16771982610225677 0.1760048121213913 0.014518111944198608 
v 0.1601269692182541 0.17528866231441498 0.015094668604433537 
v 0.16771982610225677 0.17479631304740906 0.021292654797434807 
v 0.1601269692182541 0.1739906519651413 0.021965304389595985 
v 0.1601269692182541 0.17381161451339722 0.02830742858350277 
v 0.15139517188072205 0.17394588887691498 0.021965304389595985 
v 0.15139517188072205 0.17372210323810577 0.02830742858350277 
v 0.14152446389198303 0.17367734014987946 0.02830742858350277 
v 0.15139517188072205 0.17403541505336761 0.033256206661462784 
v 0.14152446389198303 0.1739906519651413 0.033256206661462784 
v 0.14152446389198303 0.17448300123214722 0.03714796528220177 
v 0.13317231833934784 0.17390114068984985 0.033256206661462784 
v 0.13317231833934784 0.17439348995685577 0.03714796528220177 
v 0.12975552678108215 0.17439348995685577 0.03714796528220177 
v 0.13317231833934784 0.17479631304740906 0.04022293537855148 
v 0.12975552678108215 0.17479631304740906 0.04022293537855148 
v 0.12975552678108215 0.17461727559566498 0.04228893294930458 
v 0.12633873522281647 0.17475156486034393 0.04022293537855148 
v 0.12633873522281647 0.17457252740859985 0.04228893294930458 
v 0.11912552267313004 0.17452776432037354 0.04228893294930458 
v 0.1601269692182541 0.178287535905838 0.008416219614446163 
v 0.15139517188072205 0.1782427728176117 0.008416219614446163 
v 0.15139517188072205 0.17524391412734985 0.015094668604433537 
v 0.14152446389198303 0.17519915103912354 0.015094668604433537 
v 0.14152446389198303 0.17390114068984985 0.021965304389595985 
v 0.13317231833934784 0.17385637760162354 0.021965304389595985 
v 0.13317231833934784 0.17363257706165314 0.02830742858350277 
v 0.12975552678108215 0.17358781397342682 0.02830742858350277 
v 0.12975552678108215 0.17390114068984985 0.033256206661462784 
v 0.12633873522281647 0.17385637760162354 0.033256206661462784 
v 0.12633873522281647 0.17434872686862946 0.03714796528220177 
v 0.11912552267313004 0.17430396378040314 0.03714796528220177 
v 0.11912552267313004 0.17470680177211761 0.04022293537855148 
v 0.10887516289949417 0.17484107613563538 0.04022293537855148 
v 0.10887516289949417 0.1746620386838913 0.04228893294930458 
v 0.09558765590190887 0.17524391412734985 0.04228893294930458 
v 0.14152446389198303 0.17819802463054657 0.008416219614446163 
v 0.13317231833934784 0.17819802463054657 0.008416219614446163 
v 0.13317231833934784 0.17515438795089722 0.015094668604433537 
v 0.12975552678108215 0.17515438795089722 0.015094668604433537 
v 0.12975552678108215 0.17381161451339722 0.021965304389595985 
v 0.12633873522281647 0.17381161451339722 0.021965304389595985 
v 0.12633873522281647 0.17358781397342682 0.02830742858350277 
v 0.11912552267313004 0.1735430657863617 0.02830742858350277 
v 0.11912552267313004 0.17381161451339722 0.033256206661462784 
v 0.10887516289949417 0.17394588887691498 0.033256206661462784 
v 0.10887516289949417 0.1744382381439209 0.03714796528220177 
v 0.09558765590190887 0.17497535049915314 0.03714796528220177 
v 0.09558765590190887 0.17537818849086761 0.04022293537855148 
v 0.08305943757295609 0.176273375749588 0.04022293537855148 
v 0.08305943757295609 0.17618384957313538 0.04228893294930458 
v 0.07394800335168839 0.17739234864711761 0.04228893294930458 
v 0.12975552678108215 0.17819802463054657 0.008416219614446163 
v 0.12633873522281647 0.17815326154232025 0.008416219614446163 
v 0.12633873522281647 0.1751096397638321 0.015094668604433537 
v 0.11912552267313004 0.1751096397638321 0.015094668604433537 
v 0.11912552267313004 0.1737668514251709 0.021965304389595985 
v 0.10887516289949417 0.17385637760162354 0.021965304389595985 
v 0.10887516289949417 0.17363257706165314 0.02830742858350277 
v 0.09558765590190887 0.17408017814159393 0.02830742858350277 
v 0.09558765590190887 0.1744382381439209 0.033256206661462784 
v 0.08305943757295609 0.17519915103912354 0.033256206661462784 
v 0.08305943757295609 0.17582577466964722 0.03714796528220177 
v 0.07394800335168839 0.1768999993801117 0.03714796528220177 
v 0.07394800335168839 0.17748187482357025 0.04022293537855148 
v 0.06787371635437012 0.1786903738975525 0.04022293537855148 
v 0.06787371635437012 0.17864561080932617 0.04228893294930458 
v 0.06407728791236877 0.17976458370685577 0.04228893294930458 
v 0.11912552267313004 0.17815326154232025 0.008416219614446163 
v 0.10887516289949417 0.17819802463054657 0.008416219614446163 
v 0.10887516289949417 0.17515438795089722 0.015094668604433537 
v 0.09558765590190887 0.17546769976615906 0.015094668604433537 
v 0.09558765590190887 0.1742144525051117 0.021965304389595985 
v 0.08305943757295609 0.17479631304740906 0.021965304389595985 
v 0.08305943757295609 0.17475156486034393 0.02830742858350277 
v 0.07394800335168839 0.17569150030612946 0.02830742858350277 
v 0.07394800335168839 0.1762286126613617 0.033256206661462784 
v 0.06787371635437012 0.17730283737182617 0.033256206661462784 
v 0.06787371635437012 0.17806373536586761 0.03714796528220177 
v 0.06407728791236877 0.17909319698810577 0.03714796528220177 
v 0.06407728791236877 0.17976458370685577 0.04022293537855148 
v 0.06179942935705185 0.1807492971420288 0.04022293537855148 
v 0.06179942935705185 0.1807492971420288 0.04228893294930458 
v 0.05914193019270897 0.18177875876426697 0.04228893294930458 
v 0.09558765590190887 0.17842181026935577 0.008416219614446163 
v 0.08305943757295609 0.17877988517284393 0.008416219614446163 
v 0.08305943757295609 0.17591530084609985 0.015094668604433537 
v 0.07394800335168839 0.17654192447662354 0.015094668604433537 
v 0.07394800335168839 0.175601989030838 0.021965304389595985 
v 0.06787371635437012 0.17640765011310577 0.021965304389595985 
v 0.06787371635437012 0.1766761988401413 0.02830742858350277 
v 0.06407728791236877 0.17752662301063538 0.02830742858350277 
v 0.06407728791236877 0.1782427728176117 0.033256206661462784 
v 0.06179942935705185 0.1791379600763321 0.033256206661462784 
v 0.06179942935705185 0.1800331473350525 0.03714796528220177 
v 0.05914193019270897 0.180973082780838 0.03714796528220177 
v 0.05914193019270897 0.18173399567604065 0.04022293537855148 
v 0.056864071637392044 0.1827186942100525 0.04022293537855148 
v 0.056864071637392044 0.1827634572982788 0.04228893294930458 
v 0.05458621308207512 0.18370339274406433 0.04228893294930458 
v 0.07394800335168839 0.17922748625278473 0.008416219614446163 
v 0.06787371635437012 0.17994362115859985 0.008416219614446163 
v 0.06787371635437012 0.17725807428359985 0.015094668604433537 
v 0.06407728791236877 0.1780189871788025 0.015094668604433537 
v 0.06407728791236877 0.1771685630083084 0.021965304389595985 
v 0.06179942935705185 0.17788469791412354 0.021965304389595985 
v 0.06179942935705185 0.17833229899406433 0.02830742858350277 
v 0.05914193019270897 0.1791379600763321 0.02830742858350277 
v 0.05914193019270897 0.1800331473350525 0.033256206661462784 
v 0.056864071637392044 0.18088357150554657 0.033256206661462784 
v 0.056864071637392044 0.18191303312778473 0.03714796528220177 
v 0.05458621308207512 0.1827634572982788 0.03714796528220177 
v 0.05458621308207512 0.1836138814687729 0.04022293537855148 
v 0.05116942524909973 0.1861203908920288 0.040270984172821045 
v 0.051549069583415985 0.1861203908920288 0.04228893294930458 
v 0.16771982610225677 0.1836138814687729 0.002122140722349286 
v 0.1601269692182541 0.18330056965351105 0.0024584655184298754 
v 0.15139517188072205 0.18330056965351105 0.0024584655184298754 
v 0.14152446389198303 0.18325580656528473 0.0024584655184298754 
v 0.13317231833934784 0.18325580656528473 0.0024584655184298754 
v 0.12975552678108215 0.18325580656528473 0.0024584655184298754 
v 0.12633873522281647 0.1832110434770584 0.0024584655184298754 
v 0.11912552267313004 0.1832110434770584 0.0024584655184298754 
v 0.10887516289949417 0.18325580656528473 0.0024584655184298754 
v 0.09558765590190887 0.1833900809288025 0.0024584655184298754 
v 0.08305943757295609 0.1836138814687729 0.0024584655184298754 
v 0.07394800335168839 0.18392719328403473 0.0024584655184298754 
v 0.06787371635437012 0.1845538169145584 0.0024584655184298754 
v 0.06483657658100128 0.1856728047132492 0.0024584655184298754 
v 0.06445693224668503 0.180973082780838 0.008416219614446163 
v 0.0621790736913681 0.18213683366775513 0.00836817268282175 
v 0.06179942935705185 0.17882464826107025 0.015094668604433537 
v 0.05952157452702522 0.179630309343338 0.015094668604433537 
v 0.05914193019270897 0.17864561080932617 0.021965304389595985 
v 0.056864071637392044 0.17931699752807617 0.021965304389595985 
v 0.056864071637392044 0.17994362115859985 0.02830742858350277 
v 0.05458621308207512 0.1807045340538025 0.02830742858350277 
v 0.05458621308207512 0.18168923258781433 0.033256206661462784 
v 0.05116942524909973 0.18437479436397552 0.03340034559369087 
v 0.05116942524909973 0.18535949289798737 0.03719601407647133 
v 0.056864071637392044 0.18039122223854065 0.015046622604131699 
v 0.05458621308207512 0.18110737204551697 0.015046622604131699 
v 0.05458621308207512 0.17998838424682617 0.021965304389595985 
v 0.050789784640073776 0.18280822038650513 0.022301629185676575 
v 0.050789784640073776 0.18347960710525513 0.02849961444735527 
v -0.4958961308002472 0.10873173922300339 0.03585071489214897 
v -0.4958961308002472 0.10873173922300339 0.032583557069301605 
v -0.4958961308002472 0.10873173922300339 0.028451567515730858 
v -0.4958961308002472 0.10873173922300339 0.023166464641690254 
v -0.4958961308002472 0.10873173922300339 0.017304802313447 
v -0.4958961308002472 0.10873173922300339 0.011443142779171467 
v -0.4958961308002472 0.10873173922300339 0.005581481382250786 
v -0.4958961308002472 0.10873173922300339 -0.0002801791997626424 
v -0.4958961308002472 0.10873173922300339 -0.005084819160401821 
v -0.4958961308002472 0.10873173922300339 -0.007679324597120285 
v -0.4958961308002472 0.10873173922300339 -0.013589031994342804 
v -0.4958961308002472 0.10873173922300339 -0.028291231021285057 
v -0.4939979314804077 0.10756800323724747 -0.028915833681821823 
v -0.4939979314804077 0.10756800323724747 -0.04433872923254967 
v -0.49134042859077454 0.10756800323724747 -0.04491528496146202 
v -0.49134042859077454 0.10756800323724747 -0.052122246474027634 
v -0.4890625476837158 0.10756800323724747 -0.05236247554421425 
v -0.4890625476837158 0.11844448745250702 -0.0546206571161747 
v -0.4211064577102661 0.11844448745250702 -0.0546206571161747 
v -0.4958961308002472 0.10873173922300339 -0.04328170791268349 
v -0.4958961308002472 0.10873173922300339 -0.050200387835502625 
v -0.4939979314804077 0.10756800323724747 -0.051449596881866455 
v -0.4939979314804077 0.11844448745250702 -0.05365972965955734 
v -0.49134042859077454 0.11844448745250702 -0.054380424320697784 
v 0.14152446389198303 0.1748858392238617 0.04022293537855148 
v 0.15139517188072205 0.17497535049915314 0.04022293537855148 
v 0.14152446389198303 0.17470680177211761 0.04228893294930458 
v 0.15139517188072205 0.17479631304740906 0.04228893294930458 
v 0.15139517188072205 0.17452776432037354 0.03714796528220177 
v 0.1601269692182541 0.17461727559566498 0.03714796528220177 
v 0.1601269692182541 0.17412492632865906 0.033256206661462784 
v 0.16771982610225677 0.174930602312088 0.03234332799911499 
v 0.16771982610225677 0.1746620386838913 0.027490640059113503 
v 0.17455340921878815 0.17707903683185577 0.025088319554924965 
v 0.17455340921878815 0.17721331119537354 0.01922665908932686 
v 0.18062768876552582 0.18200254440307617 0.01682433858513832 
v 0.18062768876552582 0.18262918293476105 0.010866585187613964 
v 0.1601269692182541 0.17502011358737946 0.04022293537855148 
v 0.16771982610225677 0.175601989030838 0.03911786898970604 
v 0.16771982610225677 0.17537818849086761 0.03613899275660515 
v 0.17455340921878815 0.17752662301063538 0.033256206661462784 
v 0.17455340921878815 0.1773475855588913 0.02974882163107395 
v 0.18024805188179016 0.1820473074913025 0.02657775767147541 
v 0.18062768876552582 0.18191303312778473 0.022301629185676575 
v 0.1601269692182541 0.1748858392238617 0.04228893294930458 
v 0.16771982610225677 0.17528866231441498 0.04103972390294075 
v 0.1741737574338913 0.17640765011310577 0.03734015300869942 
v 0.1741737574338913 0.17721331119537354 0.03580266609787941 
v 0.18024805188179016 0.1807492971420288 0.03191090747714043 
v 0.18024805188179016 0.1818682700395584 0.02974882163107395 
v 0.13317231833934784 0.1746620386838913 0.04228893294930458 
v 0.08305943757295609 0.19860821962356567 -0.0546206571161747 
v -0.5023500919342041 0.1975339949131012 -0.007439092732965946 
v -0.4989332854747772 0.1977577805519104 -0.007487139198929071 
v -0.5023500919342041 0.1975339949131012 -0.005084819160401821 
v -0.4989332854747772 0.1977577805519104 -0.005084819160401821 
v -0.4989332854747772 0.1977577805519104 -0.000664550403598696 
v -0.5065261125564575 0.1975339949131012 -0.005084819160401821 
v -0.5065261125564575 0.1975339949131012 -0.0007606432191096246 
v -0.5095632672309875 0.1975339949131012 -0.0008567359764128923 
v -0.5114614963531494 0.1975339949131012 -0.0010489216074347496 
v -0.5095632672309875 0.1975339949131012 0.004332275129854679 
v -0.5114614963531494 0.1975339949131012 0.003947903867810965 
v -0.5114614963531494 0.1975339949131012 0.008992776274681091 
v -0.512980043888092 0.1975339949131012 0.0034193936735391617 
v -0.512980043888092 0.1975339949131012 0.008127940818667412 
v -0.5137393474578857 0.19704164564609528 0.007407244760543108 
v -0.512980043888092 0.1975339949131012 0.0128845339640975 
v -0.5137393474578857 0.19704164564609528 0.011923606507480145 
v -0.5137393474578857 0.19704164564609528 0.016391921788454056 
v -0.512980043888092 0.1975339949131012 0.017641127109527588 
v -0.5114614963531494 0.1975339949131012 0.018986426293849945 
v -0.5114614963531494 0.1975339949131012 0.013989601284265518 
v -0.5095632672309875 0.1975339949131012 0.01471029780805111 
v -0.5095632672309875 0.1975339949131012 0.009521286003291607 
v -0.5065261125564575 0.1975339949131012 0.009809564799070358 
v -0.5065261125564575 0.1975339949131012 0.00452446099370718 
v -0.5023500919342041 0.1975339949131012 0.004572506994009018 
v -0.5023500919342041 0.1975339949131012 -0.0007125968113541603 
v 0.1665809005498886 0.1968626081943512 -0.054764796048402786 
v 0.16961804032325745 0.1968626081943512 -0.0529390349984169 
v 0.17151625454425812 0.1968626081943512 -0.050200387835502625 
v 0.16961804032325745 0.19860821962356567 -0.05221833661198616 
v 0.17151625454425812 0.19860821962356567 -0.04957578703761101 
v 0.1665809005498886 0.19860821962356567 -0.054044101387262344 
v -0.4989332854747772 0.1977577805519104 -0.012916382402181625 
v 0.17721089720726013 0.19860821962356567 -0.04381021857261658 
v 0.17721089720726013 0.1968626081943512 -0.044482868164777756 
v 0.1791091114282608 0.1968626081943512 -0.04361803084611893 
v -0.4890625476837158 0.10756800323724747 0.04055926203727722 
v -0.4890625476837158 0.11844448745250702 0.04238502308726311 
v -0.4211064577102661 0.10756800323724747 0.04055926203727722 
v -0.42148610949516296 0.11844448745250702 0.04238502308726311 
v -0.22331246733665466 0.11844448745250702 0.04238502308726311 
v -0.4211064577102661 0.10756800323724747 0.037820614874362946 
v -0.2229328155517578 0.10756800323724747 0.04055926203727722 
v -0.025138815864920616 0.11844448745250702 0.04238502308726311 
v -0.491720050573349 0.11844448745250702 0.042144790291786194 
v 0.17189590632915497 0.18486714363098145 -0.050200387835502625 
v 0.17455340921878815 0.18486714363098145 -0.04702932760119438 
v 0.17455340921878815 0.1968626081943512 -0.04702932760119438 
v 0.17721089720726013 0.1968626081943512 -0.044482868164777756 
v 0.17455340921878815 0.19860821962356567 -0.046404723078012466 
v 0.17721089720726013 0.19860821962356567 -0.04381021857261658 
v 0.24896343052387238 0.19860821962356567 -0.042224686592817307 
v 0.26073235273361206 0.19860821962356567 -0.04208054766058922 
v 0.26073235273361206 0.1968626081943512 -0.04265710338950157 
v 0.2622509300708771 0.19516175985336304 -0.04087938740849495 
v 0.2622509300708771 0.18370339274406433 -0.04087938740849495 
v 0.06787371635437012 0.158056378364563 -0.0546206571161747 
v 0.06787371635437012 0.15281954407691956 -0.05236247554421425 
v 0.06407728791236877 0.15013399720191956 -0.0546206571161747 
v 0.06407728791236877 0.14377819001674652 -0.05236247554421425 
v 0.0621790736913681 0.13169321417808533 -0.05236247554421425 
v 0.06407728791236877 0.14377819001674652 -0.04510746896266937 
v 0.0621790736913681 0.13169321417808533 -0.04510746896266937 
v 0.0621790736913681 0.13169321417808533 -0.0293962974101305 
v 0.060660503804683685 0.11965298652648926 -0.04510746896266937 
v 0.060660503804683685 0.11965298652648926 -0.0293962974101305 
v 0.05914193019270897 0.1105668693780899 -0.0293962974101305 
v 0.060660503804683685 0.11965298652648926 -0.014021449722349644 
v 0.05914193019270897 0.1105668693780899 -0.014021449722349644 
v 0.05914193019270897 0.1105668693780899 -0.007823464460670948 
v 0.06407728791236877 0.14377819001674652 -0.0293962974101305 
v 0.06407728791236877 0.14377819001674652 -0.014021449722349644 
v 0.0621790736913681 0.13169321417808533 -0.014021449722349644 
v 0.0621790736913681 0.13169321417808533 -0.007823464460670948 
v 0.060660503804683685 0.11965298652648926 -0.007823464460670948 
v 0.060660503804683685 0.11965298652648926 -0.005084819160401821 
v 0.05914193019270897 0.1105668693780899 -0.005084819160401821 
v 0.05914193019270897 0.1105668693780899 -0.00008799359784461558 
v 0.06787371635437012 0.15281954407691956 -0.0293962974101305 
v 0.06787371635437012 0.15281954407691956 -0.04510746896266937 
v 0.06787371635437012 0.15281954407691956 -0.014021449722349644 
v 0.06787371635437012 0.15281954407691956 -0.007823464460670948 
v 0.06407728791236877 0.14377819001674652 -0.007823464460670948 
v 0.06407728791236877 0.14377819001674652 -0.005084819160401821 
v 0.0621790736913681 0.13169321417808533 -0.005084819160401821 
v 0.0621790736913681 0.13169321417808533 -0.00008799359784461558 
v 0.060660503804683685 0.11965298652648926 -0.00008799359784461558 
v 0.060660503804683685 0.11965298652648926 0.006061945576220751 
v 0.05914193019270897 0.1105668693780899 0.006061945576220751 
v 0.06787371635437012 0.15281954407691956 -0.005084819160401821 
v 0.06787371635437012 0.15281954407691956 -0.00008799359784461558 
v 0.06407728791236877 0.14377819001674652 -0.00008799359784461558 
v 0.06407728791236877 0.14377819001674652 0.006061945576220751 
v 0.0621790736913681 0.13169321417808533 0.006061945576220751 
v 0.0621790736913681 0.13169321417808533 0.012211884371936321 
v 0.060660503804683685 0.11965298652648926 0.012211884371936321 
v 0.060660503804683685 0.11965298652648926 0.01836182363331318 
v 0.05914193019270897 0.1105668693780899 0.012211884371936321 
v 0.05914193019270897 0.1105668693780899 0.01836182363331318 
v 0.06787371635437012 0.15281954407691956 0.006061945576220751 
v 0.06787371635437012 0.15281954407691956 0.012211884371936321 
v 0.06407728791236877 0.14377819001674652 0.012211884371936321 
v 0.06407728791236877 0.14377819001674652 0.01836182363331318 
v 0.0621790736913681 0.13169321417808533 0.01836182363331318 
v 0.0621790736913681 0.13169321417808533 0.02451176382601261 
v 0.060660503804683685 0.11965298652648926 0.02451176382601261 
v 0.060660503804683685 0.11965298652648926 0.03008514642715454 
v 0.05914193019270897 0.1105668693780899 0.02451176382601261 
v 0.05914193019270897 0.1105668693780899 0.03008514642715454 
v 0.06787371635437012 0.15281954407691956 0.01836182363331318 
v 0.06787371635437012 0.15281954407691956 0.02451176382601261 
v 0.06407728791236877 0.14377819001674652 0.02451176382601261 
v 0.06407728791236877 0.14377819001674652 0.03008514642715454 
v 0.0621790736913681 0.13169321417808533 0.03008514642715454 
v 0.0621790736913681 0.13169321417808533 0.03440932184457779 
v 0.060660503804683685 0.11965298652648926 0.03440932184457779 
v 0.060660503804683685 0.11965298652648926 0.037820614874362946 
v 0.05914193019270897 0.1105668693780899 0.03440932184457779 
v 0.05914193019270897 0.1105668693780899 0.037820614874362946 
v 0.06787371635437012 0.15281954407691956 0.03008514642715454 
v 0.06787371635437012 0.15281954407691956 0.03440932184457779 
v 0.06407728791236877 0.14377819001674652 0.03440932184457779 
v 0.06407728791236877 0.14377819001674652 0.037820614874362946 
v 0.0621790736913681 0.13169321417808533 0.037820614874362946 
v 0.0621790736913681 0.13169321417808533 0.04055926203727722 
v 0.060660503804683685 0.11965298652648926 0.04055926203727722 
v 0.060660503804683685 0.12699349224567413 0.04238502308726311 
v 0.05914193019270897 0.1105668693780899 0.04055926203727722 
v 0.058762285858392715 0.11920539289712906 0.04238502308726311 
v 0.06787371635437012 0.15281954407691956 0.037820614874362946 
v 0.06787371635437012 0.15281954407691956 0.04055926203727722 
v 0.06407728791236877 0.14377819001674652 0.04055926203727722 
v 0.06407728791236877 0.14789603650569916 0.04238502308726311 
v 0.0621790736913681 0.1374671459197998 0.04238502308726311 
v 0.060660503804683685 0.11965298652648926 -0.05236247554421425 
v 0.060660503804683685 0.12900765240192413 -0.0546206571161747 
v 0.05914193019270897 0.1105668693780899 -0.05236247554421425 
v 0.058762285858392715 0.1210852786898613 -0.0546206571161747 
v 0.05914193019270897 0.1105668693780899 -0.04510746896266937 
v -0.4218657612800598 0.19860821962356567 0.04238502308726311 
v 0.188979834318161 0.19587789475917816 0.025472691282629967 
v 0.19087804853916168 0.19811585545539856 0.024896133691072464 
v 0.18973912298679352 0.1968626081943512 0.02258990705013275 
v 0.1916373372077942 0.19919008016586304 0.02206139639019966 
v 0.19201697409152985 0.19919008016586304 0.018457917496562004 
v 0.2007487714290619 0.19919008016586304 0.02206139639019966 
v 0.20112840831279755 0.19919008016586304 0.018457917496562004 
v 0.22618484497070312 0.19919008016586304 0.018457917496562004 
v 0.2015080600976944 0.19919008016586304 0.01384546235203743 
v 0.22656449675559998 0.19919008016586304 0.01384546235203743 
v 0.22656449675559998 0.19919008016586304 0.00889668334275484 
v 0.2512412965297699 0.19919008016586304 0.01384546235203743 
v 0.25162091851234436 0.19919008016586304 0.008848636411130428 
v 0.2611120045185089 0.19919008016586304 0.00880059041082859 
v 0.2512412965297699 0.19919008016586304 0.004043996799737215 
v 0.2611120045185089 0.19919008016586304 0.003947903867810965 
v 0.2611120045185089 0.19919008016586304 -0.00037627198616974056 
v 0.2626305818557739 0.19739972054958344 0.0037076720036566257 
v 0.2626305818557739 0.19739972054958344 -0.0004243183939252049 
v 0.2512412965297699 0.19919008016586304 -0.0002321328065590933 
v 0.22618484497070312 0.19919008016586304 0.00010419199679745361 
v 0.22656449675559998 0.19919008016586304 0.004188136197626591 
v 0.2015080600976944 0.19919008016586304 0.004380321595817804 
v 0.20188769698143005 0.19919008016586304 0.008944729343056679 
v 0.19277626276016235 0.19919008016586304 0.008944729343056679 
v 0.19277626276016235 0.19919008016586304 0.01384546235203743 
v 0.19049841165542603 0.1968626081943512 0.014181787148118019 
v 0.19011875987052917 0.19681784510612488 0.01889033429324627 
v 0.2626305818557739 0.19739972054958344 0.00836817268282175 
v 0.2626305818557739 0.19739972054958344 0.013172812759876251 
v 0.2611120045185089 0.19919008016586304 0.01384546235203743 
v 0.2611120045185089 0.19919008016586304 0.018457917496562004 
v 0.2512412965297699 0.19919008016586304 0.018457917496562004 
v 0.2512412965297699 0.19919008016586304 0.02206139639019966 
v 0.22580520808696747 0.19919008016586304 0.02206139639019966 
v 0.2254255712032318 0.19860821962356567 0.024896133691072464 
v 0.20036911964416504 0.19825014472007751 0.024896133691072464 
v 0.2512412965297699 0.19901104271411896 0.024896133691072464 
v 0.2611120045185089 0.19914531707763672 0.024896133691072464 
v 0.2611120045185089 0.19919008016586304 0.02206139639019966 
v 0.2626305818557739 0.19739972054958344 0.021052422001957893 
v 0.2626305818557739 0.19739972054958344 0.017593082040548325 
v 0.2512412965297699 0.19901104271411896 0.024896133691072464 
v 0.2254255712032318 0.19860821962356567 0.024896133691072464 
v 0.2512412965297699 0.19847393035888672 0.027202362194657326 
v 0.2254255712032318 0.19690735638141632 0.027202362194657326 
v 0.19998948276042938 0.19538554549217224 0.027202362194657326 
v 0.20036911964416504 0.19825014472007751 0.024896133691072464 
v 0.19087804853916168 0.19811585545539856 0.024896133691072464 
v 0.19049841165542603 0.19480368494987488 0.027202362194657326 
v 0.18860019743442535 0.19283427298069 0.027682825922966003 
v 0.188979834318161 0.19587789475917816 0.025472691282629967 
v 0.18518340587615967 0.1892087757587433 0.027154315263032913 
v 0.18518340587615967 0.18706034123897552 0.029268356040120125 
v 0.18024805188179016 0.1807492971420288 0.03191090747714043 
v 0.04129870980978012 0.1968626081943512 0.042336978018283844 
v 0.040539421141147614 0.19735495746135712 0.04051121324300766 
v 0.03826156631112099 0.19860821962356567 0.04238502308726311 
v 0.03750227764248848 0.19919008016586304 0.04055926203727722 
v -0.029314888641238213 0.19919008016586304 0.04055926203727722 
v 0.03674299269914627 0.19919008016586304 0.037820614874362946 
v -0.03007417544722557 0.19919008016586304 0.037820614874362946 
v -0.03083346039056778 0.19919008016586304 0.03440932184457779 
v -0.22596997022628784 0.19919008016586304 0.037820614874362946 
v -0.2263496071100235 0.19919008016586304 0.03440932184457779 
v -0.4222453832626343 0.19919008016586304 0.03440932184457779 
v -0.227108895778656 0.19919008016586304 0.03008514642715454 
v -0.4222453832626343 0.19919008016586304 0.03008514642715454 
v -0.4222453832626343 0.19919008016586304 0.02451176382601261 
v -0.4890625476837158 0.19919008016586304 0.03008514642715454 
v -0.4890625476837158 0.19919008016586304 0.02451176382601261 
v -0.491720050573349 0.19919008016586304 0.024367624893784523 
v -0.4890625476837158 0.19919008016586304 0.01836182363331318 
v -0.491720050573349 0.19919008016586304 0.018265731632709503 
v -0.491720050573349 0.19919008016586304 0.012163838371634483 
v -0.4939979314804077 0.19919008016586304 0.017929406836628914 
v -0.4939979314804077 0.19919008016586304 0.011875559575855732 
v -0.4958961308002472 0.19896627962589264 0.011443142779171467 
v -0.4939979314804077 0.19919008016586304 0.005869760178029537 
v -0.4958961308002472 0.19896627962589264 0.005581481382250786 
v -0.4958961308002472 0.19896627962589264 -0.0002801791997626424 
v 0.03560406342148781 0.19919008016586304 0.03440932184457779 
v 0.0348447784781456 0.19919008016586304 0.03008514642715454 
v -0.03159274533390999 0.19919008016586304 0.03008514642715454 
v -0.032352034002542496 0.19919008016586304 0.02451176382601261 
v -0.22748853266239166 0.19919008016586304 0.02451176382601261 
v -0.22748853266239166 0.19919008016586304 0.018169637769460678 
v -0.4222453832626343 0.19919008016586304 0.018313776701688766 
v -0.4222453832626343 0.19919008016586304 0.012019699439406395 
v -0.4890625476837158 0.19919008016586304 0.012211884371936321 
v -0.4890625476837158 0.19919008016586304 0.006061945576220751 
v -0.491720050573349 0.19919008016586304 0.006013899110257626 
v -0.491720050573349 0.19919008016586304 -0.00008799359784461558 
v -0.4939979314804077 0.19919008016586304 -0.00018408639880362898 
v -0.4939979314804077 0.19919008016586304 -0.005084819160401821 
v -0.4958961308002472 0.19896627962589264 -0.005084819160401821 
v -0.4958961308002472 0.19896627962589264 -0.007679324597120285 
v 0.03408549353480339 0.19919008016586304 0.02451176382601261 
v 0.03408549353480339 0.19919008016586304 0.017977451905608177 
v -0.032352034002542496 0.19919008016586304 0.01802549883723259 
v -0.031213104724884033 0.19919008016586304 0.010866585187613964 
v -0.22672924399375916 0.19919008016586304 0.011443142779171467 
v -0.225590318441391 0.19919008016586304 0.004860785789787769 
v -0.4218657612800598 0.19919008016586304 0.005773667246103287 
v -0.42148610949516296 0.19919008016586304 -0.0002801791997626424 
v -0.4890625476837158 0.19919008016586304 -0.00008799359784461558 
v -0.4890625476837158 0.19919008016586304 -0.005084819160401821 
v -0.491720050573349 0.19919008016586304 -0.005084819160401821 
v -0.491720050573349 0.19919008016586304 -0.007823464460670948 
v -0.4939979314804077 0.19919008016586304 -0.0077754175290465355 
v -0.4939979314804077 0.19919008016586304 -0.013829263858497143 
v -0.4958961308002472 0.19896627962589264 -0.013589031994342804 
v -0.4958961308002472 0.19896627962589264 -0.028291231021285057 
v 0.03522442281246185 0.19919008016586304 0.010674400255084038 
v 0.03750227764248848 0.19919008016586304 0.0037076720036566257 
v -0.029314888641238213 0.19919008016586304 0.00399595033377409 
v -0.026657387614250183 0.19919008016586304 -0.0017215711995959282 
v -0.22407174110412598 0.19919008016586304 -0.0010008752578869462 
v -0.2229328155517578 0.19919008016586304 -0.005565283354371786 
v -0.4211064577102661 0.19919008016586304 -0.005180912092328072 
v -0.4211064577102661 0.19919008016586304 -0.007919556461274624 
v -0.4890625476837158 0.19919008016586304 -0.007823464460670948 
v -0.4890625476837158 0.19919008016586304 -0.014021449722349644 
v -0.491720050573349 0.19919008016586304 -0.013973402790725231 
v -0.491720050573349 0.19919008016586304 -0.029252158477902412 
v -0.4939979314804077 0.19919008016586304 -0.028915833681821823 
v -0.4939979314804077 0.19919008016586304 -0.04433872923254967 
v -0.4958961308002472 0.19896627962589264 -0.04328170791268349 
v -0.4958961308002472 0.19896627962589264 -0.050200387835502625 
v 0.04015978053212166 0.19919008016586304 -0.0019137568306177855 
v 0.04243763908743858 0.19919008016586304 -0.006045747082680464 
v -0.02475917339324951 0.19919008016586304 -0.005901608150452375 
v -0.024379530921578407 0.19919008016586304 -0.008351974189281464 
v -0.22255317866802216 0.19919008016586304 -0.008159789256751537 
v -0.2229328155517578 0.19919008016586304 -0.014261681586503983 
v -0.4211064577102661 0.19919008016586304 -0.014069495722651482 
v -0.42148610949516296 0.19919008016586304 -0.0293962974101305 
v -0.4890625476837158 0.19919008016586304 -0.0293962974101305 
v -0.4890625476837158 0.19919008016586304 -0.04510746896266937 
v -0.49134042859077454 0.19919008016586304 -0.04491528496146202 
v -0.49134042859077454 0.19919008016586304 -0.052122246474027634 
v -0.4939979314804077 0.19919008016586304 -0.051449596881866455 
v -0.4939979314804077 0.19860821962356567 -0.05365972965955734 
v -0.4958961308002472 0.1984291821718216 -0.05236247554421425 
v 0.04319692403078079 0.19919008016586304 -0.008448067121207714 
v 0.04281727969646454 0.19919008016586304 -0.014501913450658321 
v -0.02475917339324951 0.19919008016586304 -0.014453867450356483 
v -0.02551845833659172 0.19919008016586304 -0.029492391273379326 
v -0.22331246733665466 0.19919008016586304 -0.029444344341754913 
v -0.22407174110412598 0.19919008016586304 -0.045011378824710846 
v -0.42148610949516296 0.19919008016586304 -0.04510746896266937 
v -0.42148610949516296 0.19919008016586304 -0.05236247554421425 
v -0.4890625476837158 0.19919008016586304 -0.05236247554421425 
v -0.4890625476837158 0.19860821962356567 -0.0546206571161747 
v -0.49134042859077454 0.19860821962356567 -0.054380424320697784 
v -0.4890625476837158 0.19919008016586304 0.03440932184457779 
v -0.4890625476837158 0.19919008016586304 0.037820614874362946 
v -0.491720050573349 0.19919008016586304 0.03421713784337044 
v -0.491720050573349 0.19919008016586304 0.037628430873155594 
v -0.4939979314804077 0.19919008016586304 0.03700382634997368 
v -0.491720050573349 0.19919008016586304 0.04036707431077957 
v -0.4939979314804077 0.19919008016586304 0.03969442471861839 
v -0.4939979314804077 0.19860821962356567 0.04142409563064575 
v -0.4958961308002472 0.19896627962589264 0.038493264466524124 
v -0.4958961308002472 0.1984291821718216 0.04017489030957222 
v -0.491720050573349 0.19860821962356567 0.042144790291786194 
v -0.4890625476837158 0.19860821962356567 0.04238502308726311 
v -0.4890625476837158 0.19919008016586304 0.04055926203727722 
v -0.4218657612800598 0.19919008016586304 0.04055926203727722 
v -0.4218657612800598 0.19919008016586304 0.037820614874362946 
v -0.4218657612800598 0.19860821962356567 0.04238502308726311 
v -0.22521068155765533 0.19860821962356567 0.04238502308726311 
v -0.225590318441391 0.19919008016586304 0.04055926203727722 
v -0.491720050573349 0.19919008016586304 0.02989296056330204 
v -0.4939979314804077 0.19919008016586304 0.02936444990336895 
v -0.4939979314804077 0.19919008016586304 0.02393520623445511 
v -0.4958961308002472 0.19896627962589264 0.023166464641690254 
v -0.4958961308002472 0.19896627962589264 0.017304802313447 
v -0.4939979314804077 0.19919008016586304 0.033640578389167786 
v -0.4958961308002472 0.19896627962589264 0.032583557069301605 
v -0.4958961308002472 0.19896627962589264 0.03585071489214897 
v -0.4958961308002472 0.19896627962589264 0.028451567515730858 
v 0.039780136197805405 0.19726543128490448 0.03777256980538368 
v 0.039020851254463196 0.1970863938331604 0.0342651829123497 
v 0.03826156631112099 0.19695211946964264 0.029844913631677628 
v 0.03750227764248848 0.1968626081943512 0.024223484098911285 
v 0.03750227764248848 0.19704164564609528 0.017641127109527588 
v 0.03864120692014694 0.19762350618839264 0.010386121459305286 
v 0.04091906547546387 0.19833965599536896 0.0035154863726347685 
v 0.043576568365097046 0.19883200526237488 -0.0020098495297133923 
v 0.04585442319512367 0.1991005688905716 -0.006093793548643589 
v 0.04661371186375618 0.19919008016586304 -0.008496114052832127 
v 0.04585442319512367 0.19919008016586304 -0.014501913450658321 
v 0.04471549764275551 0.19919008016586304 -0.02954043634235859 
v 0.041678350418806076 0.19919008016586304 -0.029492391273379326 
v 0.040539421141147614 0.19919008016586304 -0.04491528496146202 
v -0.026657387614250183 0.19919008016586304 -0.04491528496146202 
v -0.027037030085921288 0.19919008016586304 -0.05221833661198616 
v -0.22407174110412598 0.19919008016586304 -0.05226638540625572 
v -0.22445139288902283 0.19860821962356567 -0.0546206571161747 
v -0.42148610949516296 0.19860821962356567 -0.0546206571161747 
v 0.043576568365097046 0.19919008016586304 -0.04491528496146202 
v 0.04281727969646454 0.19919008016586304 -0.0521702915430069 
v 0.04015978053212166 0.19919008016586304 -0.0521702915430069 
v 0.04015978053212166 0.19860821962356567 -0.054572612047195435 
v -0.027037030085921288 0.19860821962356567 -0.054572612047195435 
v 0.04281727969646454 0.19860821962356567 -0.054572612047195435 
v 0.046993352472782135 0.19860821962356567 -0.0546206571161747 
v 0.04737299680709839 0.19919008016586304 -0.05226638540625572 
v 0.0481322817504406 0.19919008016586304 -0.045011378824710846 
v 0.05192871391773224 0.19919008016586304 -0.052314430475234985 
v 0.05268799886107445 0.19919008016586304 -0.04510746896266937 
v 0.055345501750707626 0.19919008016586304 -0.045155517756938934 
v 0.05458621308207512 0.19919008016586304 -0.02973262220621109 
v 0.0572437159717083 0.19919008016586304 -0.02973262220621109 
v 0.058762285858392715 0.19919008016586304 -0.014694099314510822 
v 0.05914193019270897 0.19919008016586304 -0.029684575274586678 
v 0.06028085947036743 0.19919008016586304 -0.014549960382282734 
v 0.06179942935705185 0.19919008016586304 -0.014453867450356483 
v 0.060660503804683685 0.19919008016586304 -0.008496114052832127 
v 0.0621790736913681 0.19919008016586304 -0.008303928188979626 
v 0.0621790736913681 0.19784730672836304 -0.006045747082680464 
v 0.06369764357805252 0.19919008016586304 -0.008159789256751537 
v 0.06369764357805252 0.19762350618839264 -0.005901608150452375 
v 0.06521622091531754 0.19739972054958344 -0.005757468752563 
v 0.049650855362415314 0.19919008016586304 -0.029636530205607414 
v 0.05116942524909973 0.19919008016586304 -0.01464605238288641 
v 0.056104786694049835 0.19919008016586304 -0.01474214531481266 
v 0.056864071637392044 0.19919008016586304 -0.008688298985362053 
v 0.05952157452702522 0.19919008016586304 -0.008640252985060215 
v 0.05914193019270897 0.19825014472007751 -0.006334025412797928 
v 0.060660503804683685 0.19807110726833344 -0.0061898864805698395 
v 0.05192871391773224 0.19919008016586304 -0.008592206053435802 
v 0.05116942524909973 0.19883200526237488 -0.006237932946532965 
v 0.05648442730307579 0.19851869344711304 -0.006382071878761053 
v 0.049650855362415314 0.19771303236484528 -0.0023461743257939816 
v 0.04737299680709839 0.19578838348388672 0.002986975945532322 
v 0.055345501750707626 0.1964150071144104 -0.0026344528887420893 
v 0.05382692813873291 0.19292379915714264 0.0024584655184298754 
v 0.051549069583415985 0.19860821962356567 -0.0546206571161747 
v 0.05458621308207512 0.19860821962356567 -0.0546206571161747 
v 0.05458621308207512 0.19919008016586304 -0.052314430475234985 
v 0.056864071637392044 0.19919008016586304 -0.052314430475234985 
v 0.05762335658073425 0.19919008016586304 -0.045155517756938934 
v 0.05990121513605118 0.19919008016586304 -0.045155517756938934 
v 0.06104014441370964 0.19919008016586304 -0.029588483273983 
v 0.06293836236000061 0.19919008016586304 -0.02954043634235859 
v 0.06331800669431686 0.19919008016586304 -0.01430972758680582 
v 0.06521622091531754 0.19919008016586304 -0.014165588654577732 
v 0.06521622091531754 0.19919008016586304 -0.007967603392899036 
v 0.06825336068868637 0.19919008016586304 -0.007871510460972786 
v 0.06825336068868637 0.19722068309783936 -0.005661375820636749 
v 0.06825336068868637 0.19919008016586304 -0.014069495722651482 
v 0.06787371635437012 0.19919008016586304 -0.0293962974101305 
v 0.06483657658100128 0.19919008016586304 -0.029444344341754913 
v 0.06445693224668503 0.19919008016586304 -0.04510746896266937 
v 0.0621790736913681 0.19919008016586304 -0.045155517756938934 
v 0.06179942935705185 0.19919008016586304 -0.05236247554421425 
v 0.05952157452702522 0.19919008016586304 -0.05236247554421425 
v 0.05914193019270897 0.19860821962356567 -0.0546206571161747 
v 0.056864071637392044 0.19860821962356567 -0.0546206571161747 
v -0.028555603697896004 0.19860821962356567 0.04238502308726311 
v 0.06787371635437012 0.15568414330482483 0.04238502308726311 
v 0.06787371635437012 0.15281954407691956 0.04055926203727722 
v 0.07394800335168839 0.15819065272808075 0.04238502308726311 
v 0.07394800335168839 0.1558631807565689 0.04055926203727722 
v 0.08305943757295609 0.1558631807565689 0.04055926203727722 
v 0.07394800335168839 0.1558631807565689 0.037820614874362946 
v 0.08305943757295609 0.1558631807565689 0.037820614874362946 
v 0.08305943757295609 0.1558631807565689 0.03440932184457779 
v 0.09558765590190887 0.1558631807565689 0.037820614874362946 
v 0.09558765590190887 0.1558631807565689 0.03440932184457779 
v 0.11039373278617859 0.1558184176683426 0.03440932184457779 
v 0.09558765590190887 0.1558631807565689 0.03008514642715454 
v 0.11039373278617859 0.1558184176683426 0.03008514642715454 
v 0.11039373278617859 0.1558184176683426 0.02451176382601261 
v 0.12557946145534515 0.15577365458011627 0.03008514642715454 
v 0.1259590983390808 0.15577365458011627 0.02451176382601261 
v 0.13810767233371735 0.15572890639305115 0.02451176382601261 
v 0.1259590983390808 0.15577365458011627 0.01836182363331318 
v 0.13810767233371735 0.15572890639305115 0.01836182363331318 
v 0.13810767233371735 0.15572890639305115 0.012211884371936321 
v 0.14380231499671936 0.15572890639305115 0.01836182363331318 
v 0.14380231499671936 0.15572890639305115 0.012211884371936321 
v 0.14645981788635254 0.15013399720191956 0.012211884371936321 
v 0.14380231499671936 0.15572890639305115 0.006061945576220751 
v 0.14645981788635254 0.15013399720191956 0.006061945576220751 
v 0.14645981788635254 0.15013399720191956 -0.00008799359784461558 
v 0.07394800335168839 0.1558631807565689 0.03440932184457779 
v 0.07394800335168839 0.1558631807565689 0.03008514642715454 
v 0.08305943757295609 0.1558631807565689 0.03008514642715454 
v 0.08305943757295609 0.1558631807565689 0.02451176382601261 
v 0.09558765590190887 0.1558631807565689 0.02451176382601261 
v 0.09558765590190887 0.1558631807565689 0.01836182363331318 
v 0.11039373278617859 0.1558184176683426 0.01836182363331318 
v 0.11039373278617859 0.1558184176683426 0.012211884371936321 
v 0.1259590983390808 0.15577365458011627 0.012211884371936321 
v 0.1259590983390808 0.15577365458011627 0.006061945576220751 
v 0.13810767233371735 0.15572890639305115 0.006061945576220751 
v 0.13810767233371735 0.15572890639305115 -0.00008799359784461558 
v 0.14380231499671936 0.15572890639305115 -0.00008799359784461558 
v 0.14380231499671936 0.15572890639305115 -0.005084819160401821 
v 0.14645981788635254 0.15013399720191956 -0.005084819160401821 
v 0.14645981788635254 0.15013399720191956 -0.007823464460670948 
v 0.07394800335168839 0.1558631807565689 0.02451176382601261 
v 0.07394800335168839 0.1558631807565689 0.01836182363331318 
v 0.08305943757295609 0.1558631807565689 0.01836182363331318 
v 0.08305943757295609 0.1558631807565689 0.012211884371936321 
v 0.09558765590190887 0.1558631807565689 0.012211884371936321 
v 0.09558765590190887 0.1558631807565689 0.006061945576220751 
v 0.11039373278617859 0.1558184176683426 0.006061945576220751 
v 0.11039373278617859 0.1558184176683426 -0.00008799359784461558 
v 0.1259590983390808 0.15577365458011627 -0.00008799359784461558 
v 0.1259590983390808 0.15577365458011627 -0.005084819160401821 
v 0.13810767233371735 0.15572890639305115 -0.005084819160401821 
v 0.13810767233371735 0.15572890639305115 -0.007823464460670948 
v 0.14380231499671936 0.15572890639305115 -0.007823464460670948 
v 0.14380231499671936 0.15572890639305115 -0.014021449722349644 
v 0.14645981788635254 0.15013399720191956 -0.014021449722349644 
v 0.14608018100261688 0.15013399720191956 -0.0293962974101305 
v 0.07394800335168839 0.1558631807565689 0.012211884371936321 
v 0.07394800335168839 0.1558631807565689 0.006061945576220751 
v 0.08305943757295609 0.1558631807565689 0.006061945576220751 
v 0.08305943757295609 0.1558631807565689 -0.00008799359784461558 
v 0.09558765590190887 0.1558631807565689 -0.00008799359784461558 
v 0.09558765590190887 0.1558631807565689 -0.005084819160401821 
v 0.11039373278617859 0.1558184176683426 -0.005084819160401821 
v 0.11039373278617859 0.1558184176683426 -0.007823464460670948 
v 0.1259590983390808 0.15577365458011627 -0.007823464460670948 
v 0.1259590983390808 0.15577365458011627 -0.014021449722349644 
v 0.13810767233371735 0.15572890639305115 -0.014021449722349644 
v 0.13810767233371735 0.15572890639305115 -0.0293962974101305 
v 0.14380231499671936 0.15572890639305115 -0.0293962974101305 
v 0.1434226781129837 0.15572890639305115 -0.04510746896266937 
v 0.14608018100261688 0.15013399720191956 -0.04510746896266937 
v 0.14608018100261688 0.15013399720191956 -0.05236247554421425 
v 0.07394800335168839 0.1558631807565689 -0.00008799359784461558 
v 0.07394800335168839 0.1558631807565689 -0.005084819160401821 
v 0.08305943757295609 0.1558631807565689 -0.005084819160401821 
v 0.08305943757295609 0.1558631807565689 -0.007823464460670948 
v 0.09558765590190887 0.1558631807565689 -0.007823464460670948 
v 0.09558765590190887 0.1558631807565689 -0.014021449722349644 
v 0.11039373278617859 0.1558184176683426 -0.014021449722349644 
v 0.11039373278617859 0.1558184176683426 -0.0293962974101305 
v 0.12557946145534515 0.15577365458011627 -0.0293962974101305 
v 0.12557946145534515 0.15577365458011627 -0.04510746896266937 
v 0.1377280354499817 0.15572890639305115 -0.04510746896266937 
v 0.1377280354499817 0.15572890639305115 -0.05236247554421425 
v 0.1434226781129837 0.15572890639305115 -0.05236247554421425 
v 0.1419041007757187 0.1605628877878189 -0.0546206571161747 
v 0.14456160366535187 0.15568414330482483 -0.0546206571161747 
v 0.07394800335168839 0.1558631807565689 -0.007823464460670948 
v 0.07394800335168839 0.1558631807565689 -0.014021449722349644 
v 0.08305943757295609 0.1558631807565689 -0.014021449722349644 
v 0.08305943757295609 0.1558631807565689 -0.0293962974101305 
v 0.09558765590190887 0.1558631807565689 -0.0293962974101305 
v 0.09558765590190887 0.1558631807565689 -0.04510746896266937 
v 0.11039373278617859 0.1558184176683426 -0.04510746896266937 
v 0.11039373278617859 0.1558184176683426 -0.05236247554421425 
v 0.12557946145534515 0.15577365458011627 -0.05236247554421425 
v 0.12482016533613205 0.16065241396427155 -0.0546206571161747 
v 0.13658909499645233 0.16060765087604523 -0.0546206571161747 
v 0.15519161522388458 0.1235470324754715 0.04238502308726311 
v 0.15139517188072205 0.1374223828315735 0.04238502308726311 
v 0.15443232655525208 0.11701218783855438 0.04055926203727722 
v 0.15025624632835388 0.13393117487430573 0.04055926203727722 
v 0.14911732077598572 0.13352833688259125 0.037820614874362946 
v 0.1475987434387207 0.1508949100971222 0.04055926203727722 
v 0.14645981788635254 0.15031303465366364 0.037820614874362946 
v 0.14797839522361755 0.15599745512008667 0.04257721081376076 
v 0.11039373278617859 0.16069717705249786 -0.0546206571161747 
v 0.09558765590190887 0.16069717705249786 -0.0546206571161747 
v 0.09558765590190887 0.1558631807565689 -0.05236247554421425 
v 0.08305943757295609 0.1558631807565689 -0.05236247554421425 
v 0.08305943757295609 0.1558631807565689 -0.04510746896266937 
v 0.07394800335168839 0.1558631807565689 -0.04510746896266937 
v 0.07394800335168839 0.1558631807565689 -0.0293962974101305 
v 0.06787371635437012 0.15281954407691956 -0.0293962974101305 
v 0.06787371635437012 0.15281954407691956 -0.014021449722349644 
v 0.06787371635437012 0.15281954407691956 -0.007823464460670948 
v 0.06787371635437012 0.15281954407691956 -0.04510746896266937 
v 0.06787371635437012 0.15281954407691956 -0.05236247554421425 
v 0.07394800335168839 0.1558631807565689 -0.05236247554421425 
v 0.07394800335168839 0.16069717705249786 -0.0546206571161747 
v 0.08305943757295609 0.16069717705249786 -0.0546206571161747 
v 0.08305943757295609 0.15801161527633667 0.04238502308726311 
v 0.09558765590190887 0.15792210400104523 0.04238502308726311 
v 0.09558765590190887 0.1558631807565689 0.04055926203727722 
v 0.11039373278617859 0.1558184176683426 0.04055926203727722 
v 0.11039373278617859 0.1558184176683426 0.037820614874362946 
v 0.12557946145534515 0.15577365458011627 0.037820614874362946 
v 0.12557946145534515 0.15577365458011627 0.03440932184457779 
v 0.13810767233371735 0.15572890639305115 0.03440932184457779 
v 0.13810767233371735 0.15572890639305115 0.03008514642715454 
v 0.14380231499671936 0.15572890639305115 0.03008514642715454 
v 0.14380231499671936 0.15572890639305115 0.02451176382601261 
v 0.14608018100261688 0.15013399720191956 0.02451176382601261 
v 0.14645981788635254 0.15013399720191956 0.01836182363331318 
v 0.1434226781129837 0.15572890639305115 0.03440932184457779 
v 0.14380231499671936 0.1558631807565689 0.037820614874362946 
v 0.13810767233371735 0.15577365458011627 0.037820614874362946 
v 0.1384873241186142 0.1558631807565689 0.04055926203727722 
v 0.1259590983390808 0.15577365458011627 0.04055926203727722 
v 0.1251998096704483 0.15778782963752747 0.04238502308726311 
v 0.11039373278617859 0.1578325778245926 0.04238502308726311 
v 0.14608018100261688 0.15013399720191956 0.03440932184457779 
v 0.14608018100261688 0.15013399720191956 0.03008514642715454 
v 0.14645981788635254 0.15031303465366364 0.037820614874362946 
v 0.1475987434387207 0.1508949100971222 0.04055926203727722 
v 0.14456160366535187 0.15622125566005707 0.04055926203727722 
v 0.1434226781129837 0.15845921635627747 0.04238502308726311 
v 0.13734838366508484 0.15792210400104523 0.04238502308726311 
v -0.4989332854747772 0.12551644444465637 -0.048614855855703354 
v -0.5023500919342041 0.1265011429786682 -0.04799025505781174 
v -0.4989332854747772 0.154699444770813 -0.04923946037888527 
v -0.5023500919342041 0.1551917940378189 -0.048662904649972916 
v -0.5023500919342041 0.18441954255104065 -0.048662904649972916 
v -0.5065261125564575 0.1551917940378189 -0.048422671854496 
v -0.5065261125564575 0.18441954255104065 -0.048422671854496 
v -0.5095632672309875 0.18441954255104065 -0.047605883330106735 
v -0.5065261125564575 0.1955198347568512 -0.048422671854496 
v -0.5095632672309875 0.1955198347568512 -0.047605883330106735 
v -0.5095632672309875 0.19704164564609528 -0.04698127880692482 
v -0.5114614963531494 0.1955198347568512 -0.04616449028253555 
v -0.5114614963531494 0.19704164564609528 -0.045539889484643936 
v -0.5065261125564575 0.19704164564609528 -0.047750022262334824 
v -0.5023500919342041 0.19704164564609528 -0.04799025505781174 
v -0.5023500919342041 0.1955198347568512 -0.048662904649972916 
v -0.4989332854747772 0.19569887220859528 -0.04923946037888527 
v -0.4989332854747772 0.18441954255104065 -0.04923946037888527 
v -0.5114614963531494 0.18441954255104065 -0.04616449028253555 
v -0.5114614963531494 0.1551917940378189 -0.04616449028253555 
v -0.5095632672309875 0.1551917940378189 -0.047605883330106735 
v -0.5095632672309875 0.1265011429786682 -0.04698127880692482 
v -0.5065261125564575 0.1265011429786682 -0.047750022262334824 
v 0.15139517188072205 0.17479631304740906 0.04228893294930458 
v -0.5137393474578857 0.1966388076543808 0.029604680836200714 
v -0.512980043888092 0.19704164564609528 0.031382396817207336 
v -0.5137393474578857 0.19704164564609528 0.02816328965127468 
v -0.512980043888092 0.1975339949131012 0.029989052563905716 
v -0.512980043888092 0.1975339949131012 0.027875011786818504 
v -0.5114614963531494 0.1975339949131012 0.03210309520363808 
v -0.5114614963531494 0.1975339949131012 0.029844913631677628 
v -0.5095632672309875 0.1975339949131012 0.031142165884375572 
v -0.5114614963531494 0.1975339949131012 0.027058223262429237 
v -0.5095632672309875 0.1975339949131012 0.028259381651878357 
v -0.5095632672309875 0.1975339949131012 0.024607855826616287 
v -0.5065261125564575 0.1975339949131012 0.028932031244039536 
v -0.5065261125564575 0.1975339949131012 0.02518441341817379 
v -0.5023500919342041 0.1975339949131012 0.02537659928202629 
v -0.5065261125564575 0.1975339949131012 0.020427819341421127 
v -0.5023500919342041 0.1975339949131012 0.020571958273649216 
v -0.5023500919342041 0.1975339949131012 0.015238807536661625 
v -0.4989332854747772 0.1977577805519104 0.020908283069729805 
v -0.4989332854747772 0.1977577805519104 0.015527086332440376 
v -0.5065261125564575 0.1975339949131012 0.015094668604433537 
v -0.5095632672309875 0.1975339949131012 0.019899308681488037 
v -0.5114614963531494 0.1975339949131012 0.023502789437770844 
v -0.512980043888092 0.1975339949131012 0.021917257457971573 
v -0.512980043888092 0.1975339949131012 0.025232458487153053 
v -0.5137393474578857 0.19704164564609528 0.023646928369998932 
v -0.5137393474578857 0.19704164564609528 0.026145340874791145 
v -0.5114614963531494 0.19704164564609528 0.03354448825120926 
v -0.5095632672309875 0.19704164564609528 0.03498587757349014 
v -0.5095632672309875 0.1975339949131012 0.033448394387960434 
v -0.5065261125564575 0.1975339949131012 0.03421713784337044 
v -0.5065261125564575 0.1975339949131012 0.03186286240816116 
v -0.5023500919342041 0.1975339949131012 0.03210309520363808 
v -0.5023500919342041 0.1975339949131012 0.02917226403951645 
v -0.4989332854747772 0.1977577805519104 0.029604680836200714 
v -0.4989332854747772 0.1977577805519104 0.025809016078710556 
v -0.5065261125564575 0.19704164564609528 0.035754621028900146 
v -0.5023500919342041 0.19704164564609528 0.03604289889335632 
v -0.5023500919342041 0.1975339949131012 0.03445736691355705 
v -0.4989332854747772 0.1977577805519104 0.035033926367759705 
v -0.4989332854747772 0.1977577805519104 0.03263160586357117 
v -0.5137393474578857 0.19704164564609528 0.02047586627304554 
v 0.1532934010028839 0.11692266911268234 0.037820614874362946 
v 0.1532934010028839 0.11687791347503662 0.03440932184457779 
v 0.14873768389225006 0.1334388107061386 0.03440932184457779 
v 0.14608018100261688 0.15013399720191956 0.03440932184457779 
v 0.14911732077598572 0.1334388107061386 0.03008514642715454 
v 0.14608018100261688 0.15013399720191956 0.03008514642715454 
v 0.14608018100261688 0.15013399720191956 0.02451176382601261 
v 0.1532934010028839 0.11687791347503662 0.03008514642715454 
v 0.1532934010028839 0.11687791347503662 0.02451176382601261 
v 0.14911732077598572 0.1334388107061386 0.02451176382601261 
v 0.14911732077598572 0.1334388107061386 0.01836182363331318 
v 0.14645981788635254 0.15013399720191956 0.01836182363331318 
v 0.14645981788635254 0.15013399720191956 0.012211884371936321 
v 0.14949695765972137 0.1334388107061386 0.012211884371936321 
v 0.15367303788661957 0.11687791347503662 0.012211884371936321 
v 0.14949695765972137 0.1334388107061386 0.006061945576220751 
v 0.15367303788661957 0.11687791347503662 0.006061945576220751 
v 0.15367303788661957 0.11687791347503662 -0.00008799359784461558 
v 0.14645981788635254 0.15013399720191956 0.006061945576220751 
v 0.14645981788635254 0.15013399720191956 -0.00008799359784461558 
v 0.14949695765972137 0.1334388107061386 -0.00008799359784461558 
v 0.14949695765972137 0.1334388107061386 -0.005084819160401821 
v 0.15367303788661957 0.11687791347503662 -0.005084819160401821 
v 0.14645981788635254 0.15013399720191956 -0.005084819160401821 
v 0.14645981788635254 0.15013399720191956 -0.007823464460670948 
v 0.14911732077598572 0.1334388107061386 -0.007823464460670948 
v 0.14911732077598572 0.1334388107061386 -0.014021449722349644 
v 0.15367303788661957 0.11687791347503662 -0.007823464460670948 
v 0.15367303788661957 0.11687791347503662 -0.014021449722349644 
v 0.15367303788661957 0.11687791347503662 0.01836182363331318 
v 0.1532934010028839 0.11687791347503662 -0.0293962974101305 
v 0.14911732077598572 0.1334388107061386 -0.0293962974101305 
v 0.14873768389225006 0.1334388107061386 -0.04510746896266937 
v 0.14608018100261688 0.15013399720191956 -0.0293962974101305 
v 0.14608018100261688 0.15013399720191956 -0.04510746896266937 
v 0.14645981788635254 0.15013399720191956 -0.014021449722349644 
v 0.15291374921798706 0.11687791347503662 -0.04510746896266937 
v 0.15291374921798706 0.11687791347503662 -0.05236247554421425 
v 0.14873768389225006 0.1334388107061386 -0.05236247554421425 
v 0.14608018100261688 0.15013399720191956 -0.05236247554421425 
v 0.14797839522361755 0.1410478800535202 -0.0546206571161747 
v 0.14456160366535187 0.15568414330482483 -0.0546206571161747 
v 0.15291374921798706 0.12659065425395966 -0.0546206571161747 
v 0.26073235273361206 0.15375949442386627 0.02917226403951645 
v 0.2626305818557739 0.15375949442386627 0.027826964855194092 
v 0.26073235273361206 0.1233232393860817 0.028739847242832184 
v 0.2626305818557739 0.1244422197341919 0.027394548058509827 
v 0.25086164474487305 0.1230994388461113 0.028739847242832184 
v 0.2626305818557739 0.19739972054958344 0.023743020370602608 
v 0.2626305818557739 0.19735495746135712 0.025953155010938644 
v 0.2611120045185089 0.19905580580234528 0.027202362194657326 
v 0.2512412965297699 0.19847393035888672 0.027202362194657326 
v 0.2611120045185089 0.19838441908359528 0.02869180031120777 
v 0.25086164474487305 0.19735495746135712 0.02869180031120777 
v 0.2626305818557739 0.19677308201789856 0.027346501126885414 
v 0.2626305818557739 0.1836586445569992 0.027826964855194092 
v 0.15291374921798706 0.12659065425395966 -0.0546206571161747 
v 0.1601269692182541 0.12215949594974518 -0.0546206571161747 
v 0.15291374921798706 0.11687791347503662 -0.05236247554421425 
v 0.15974733233451843 0.11182012408971786 -0.05236247554421425 
v 0.15974733233451843 0.11182012408971786 -0.04510746896266937 
v 0.1665809005498886 0.1123572364449501 -0.051785919815301895 
v 0.1665809005498886 0.1123572364449501 -0.04467505216598511 
v 0.17037732899188995 0.11253627389669418 -0.04332975298166275 
v 0.16696053743362427 0.1123572364449501 -0.029204111546278 
v 0.17151625454425812 0.11253627389669418 -0.02867560088634491 
v 0.17265518009662628 0.11253627389669418 -0.014357774518430233 
v 0.1749330461025238 0.11253627389669418 -0.02761858142912388 
v 0.17683126032352448 0.11253627389669418 -0.01430972758680582 
v 0.18024805188179016 0.11253627389669418 -0.013540985994040966 
v 0.17759054899215698 0.11253627389669418 -0.008928530849516392 
v 0.18100732564926147 0.11253627389669418 -0.008592206053435802 
v 0.18138697743415833 0.11253627389669418 -0.006430118344724178 
v 0.18442411720752716 0.11253627389669418 -0.008063696324825287 
v 0.18442411720752716 0.11253627389669418 -0.006045747082680464 
v 0.187461256980896 0.11253627389669418 -0.005901608150452375 
v 0.18442411720752716 0.11253627389669418 -0.0022981280926615 
v 0.187461256980896 0.11253627389669418 -0.0022500816266983747 
v 0.187461256980896 0.11253627389669418 0.002266279887408018 
v 0.1980912685394287 0.11262579262256622 -0.0022500816266983747 
v 0.1980912685394287 0.11262579262256622 0.002266279887408018 
v 0.22428663074970245 0.11284958571195602 0.002266279887408018 
v 0.1980912685394287 0.11262579262256622 0.006734595168381929 
v 0.22428663074970245 0.11284958571195602 0.006734595168381929 
v 0.22428663074970245 0.11284958571195602 0.011202909983694553 
v 0.2504819929599762 0.11311814188957214 0.006734595168381929 
v 0.2504819929599762 0.11311814188957214 0.011202909983694553 
v 0.26073235273361206 0.11320766061544418 0.011202909983694553 
v 0.2504819929599762 0.11311814188957214 0.015719272196292877 
v 0.26073235273361206 0.11320766061544418 0.015719272196292877 
v 0.26073235273361206 0.11320766061544418 0.01975516974925995 
v 0.2622509300708771 0.11463995277881622 0.014950529672205448 
v 0.2622509300708771 0.11463995277881622 0.018842287361621857 
v 0.2504819929599762 0.11311814188957214 0.01975516974925995 
v 0.22428663074970245 0.11284958571195602 0.01975516974925995 
v 0.22428663074970245 0.11284958571195602 0.015719272196292877 
v 0.1980912685394287 0.11262579262256622 0.015719272196292877 
v 0.1980912685394287 0.11262579262256622 0.011202909983694553 
v 0.187461256980896 0.11253627389669418 0.011202909983694553 
v 0.187461256980896 0.11253627389669418 0.006734595168381929 
v 0.18442411720752716 0.11253627389669418 0.006878734566271305 
v 0.18442411720752716 0.11253627389669418 0.0023143263533711433 
v 0.18138697743415833 0.11253627389669418 0.0024584655184298754 
v 0.18138697743415833 0.11253627389669418 -0.002442267257720232 
v 0.17759054899215698 0.11253627389669418 -0.0022500816266983747 
v 0.17759054899215698 0.11253627389669418 -0.006574257742613554 
v 0.1734144687652588 0.11253627389669418 -0.0059977006167173386 
v 0.1734144687652588 0.11253627389669418 -0.008544160053133965 
v 0.16809947788715363 0.1123572364449501 -0.008015649393200874 
v 0.16771982610225677 0.1123572364449501 -0.014117542654275894 
v 0.16050660610198975 0.11182012408971786 -0.014021449722349644 
v 0.1601269692182541 0.11182012408971786 -0.0293962974101305 
v 0.1532934010028839 0.11687791347503662 -0.0293962974101305 
v 0.15291374921798706 0.11687791347503662 -0.04510746896266937 
v 0.1980912685394287 0.11262579262256622 0.01975516974925995 
v 0.187461256980896 0.11253627389669418 0.01975516974925995 
v 0.187461256980896 0.11253627389669418 0.015719272196292877 
v 0.18442411720752716 0.11253627389669418 0.01610364392399788 
v 0.18442411720752716 0.11253627389669418 0.011491188779473305 
v 0.18100732564926147 0.11253627389669418 0.012307977303862572 
v 0.18138697743415833 0.11253627389669418 0.007407244760543108 
v 0.17759054899215698 0.11253627389669418 0.008416219614446163 
v 0.17797018587589264 0.11253627389669418 0.0030830688774585724 
v 0.17379412055015564 0.11253627389669418 0.004380321595817804 
v 0.1734144687652588 0.11253627389669418 -0.0013372000539675355 
v 0.16809947788715363 0.1123572364449501 -0.00037627198616974056 
v 0.16809947788715363 0.1123572364449501 -0.00532505102455616 
v 0.1608862578868866 0.11182012408971786 -0.005084819160401821 
v 0.16050660610198975 0.11182012408971786 -0.007823464460670948 
v 0.15367303788661957 0.11687791347503662 -0.007823464460670948 
v 0.15367303788661957 0.11687791347503662 -0.014021449722349644 
v 0.18442411720752716 0.11253627389669418 0.020235633477568626 
v 0.18100732564926147 0.11253627389669418 0.021628979593515396 
v 0.18100732564926147 0.11253627389669418 0.017208710312843323 
v 0.17721089720726013 0.11253627389669418 0.019034473225474358 
v 0.17759054899215698 0.11253627389669418 0.013701323419809341 
v 0.1734144687652588 0.11253627389669418 0.015863411128520966 
v 0.1734144687652588 0.11253627389669418 0.010145889595150948 
v 0.16809947788715363 0.1123572364449501 0.011683374643325806 
v 0.16809947788715363 0.1123572364449501 0.005677574314177036 
v 0.1608862578868866 0.11182012408971786 0.006061945576220751 
v 0.1608862578868866 0.11182012408971786 -0.00008799359784461558 
v 0.15367303788661957 0.11687791347503662 -0.00008799359784461558 
v 0.15367303788661957 0.11687791347503662 -0.005084819160401821 
v 0.17721089720726013 0.11253627389669418 0.023839114233851433 
v 0.17303483188152313 0.11253627389669418 0.02676994353532791 
v 0.17303483188152313 0.11253627389669418 0.021580932661890984 
v 0.16771982610225677 0.1123572364449501 0.02379106730222702 
v 0.16771982610225677 0.1123572364449501 0.017737220972776413 
v 0.16050660610198975 0.11182012408971786 0.01836182363331318 
v 0.1608862578868866 0.11182012408971786 0.012211884371936321 
v 0.15367303788661957 0.11687791347503662 0.012211884371936321 
v 0.15367303788661957 0.11687791347503662 0.006061945576220751 
v 0.18366482853889465 0.11253627389669418 -0.012724196538329124 
v 0.18670198321342468 0.11253627389669418 -0.012435918673872948 
v 0.18176661431789398 0.11253627389669418 -0.024207286536693573 
v 0.184803768992424 0.11253627389669418 -0.023678775876760483 
v 0.183285191655159 0.11253627389669418 -0.03525795787572861 
v 0.19581341743469238 0.11262579262256622 -0.023678775876760483 
v 0.19429484009742737 0.11262579262256622 -0.03525795787572861 
v 0.22200877964496613 0.11284958571195602 -0.035209912806749344 
v 0.19429484009742737 0.11262579262256622 -0.04087938740849495 
v 0.22200877964496613 0.11284958571195602 -0.0406872034072876 
v 0.22162912786006927 0.12305468320846558 -0.04251296445727348 
v 0.24972271919250488 0.11311814188957214 -0.04049501568078995 
v 0.24972271919250488 0.12327847629785538 -0.042224686592817307 
v 0.26073235273361206 0.12336799502372742 -0.04208054766058922 
v 0.18708162009716034 0.11253627389669418 -0.007919556461274624 
v 0.1980912685394287 0.11262579262256622 -0.007919556461274624 
v 0.1980912685394287 0.11262579262256622 -0.005901608150452375 
v 0.22428663074970245 0.11284958571195602 -0.005901608150452375 
v 0.22428663074970245 0.11284958571195602 -0.0022500816266983747 
v 0.2504819929599762 0.11311814188957214 -0.0022500816266983747 
v 0.2504819929599762 0.11311814188957214 0.002266279887408018 
v 0.26073235273361206 0.11320766061544418 0.002266279887408018 
v 0.26073235273361206 0.11320766061544418 0.006734595168381929 
v 0.2622509300708771 0.11463995277881622 0.006350223906338215 
v 0.2622509300708771 0.11463995277881622 0.010674400255084038 
v 0.1973319798707962 0.11262579262256622 -0.012435918673872948 
v 0.2239069938659668 0.11284958571195602 -0.012435918673872948 
v 0.22428663074970245 0.11284958571195602 -0.007919556461274624 
v 0.2504819929599762 0.11311814188957214 -0.007919556461274624 
v 0.2504819929599762 0.11311814188957214 -0.005901608150452375 
v 0.26073235273361206 0.11320766061544418 -0.005901608150452375 
v 0.26073235273361206 0.11320766061544418 -0.0022500816266983747 
v 0.2622509300708771 0.11463995277881622 -0.0022500816266983747 
v 0.2622509300708771 0.11463995277881622 0.0020740944892168045 
v 0.2231477051973343 0.11284958571195602 -0.023678775876760483 
v 0.25010237097740173 0.11311814188957214 -0.023678775876760483 
v 0.24972271919250488 0.11311814188957214 -0.03516186401247978 
v 0.26073235273361206 0.11320766061544418 -0.03516186401247978 
v 0.26073235273361206 0.11320766061544418 -0.040446970611810684 
v 0.2622509300708771 0.11463995277881622 -0.03876534476876259 
v 0.2622509300708771 0.1244422197341919 -0.04035087674856186 
v 0.2622509300708771 0.11463995277881622 -0.0337204746901989 
v 0.2622509300708771 0.11463995277881622 -0.022717848420143127 
v 0.26073235273361206 0.11320766061544418 -0.023678775876760483 
v 0.26073235273361206 0.11320766061544418 -0.012435918673872948 
v 0.2504819929599762 0.11311814188957214 -0.012435918673872948 
v 0.2622509300708771 0.11463995277881622 -0.011955454014241695 
v 0.2622509300708771 0.11463995277881622 -0.007631278596818447 
v 0.26073235273361206 0.11320766061544418 -0.007919556461274624 
v 0.18290555477142334 0.11253627389669418 -0.04092743247747421 
v 0.1825259029865265 0.12278612703084946 -0.04294538125395775 
v 0.1798684000968933 0.11253627389669418 -0.04179226979613304 
v 0.17948876321315765 0.12278612703084946 -0.04381021857261658 
v 0.17607197165489197 0.12278612703084946 -0.046404723078012466 
v 0.18024805188179016 0.11253627389669418 -0.036074746400117874 
v 0.17645162343978882 0.11253627389669418 -0.03842902183532715 
v 0.1783498376607895 0.11253627389669418 -0.025840863585472107 
v 0.17303483188152313 0.11253627389669418 -0.04121571034193039 
v 0.17265518009662628 0.11253627389669418 -0.04755783826112747 
v 0.1699976921081543 0.11253627389669418 -0.0501042976975441 
v 0.17037732899188995 0.12278612703084946 -0.05221833661198616 
v 0.1665809005498886 0.1226518526673317 -0.054044101387262344 
v 0.17265518009662628 0.12278612703084946 -0.04957578703761101 
v 0.17607197165489197 0.11253627389669418 -0.04438677430152893 
v 0.2622509300708771 0.11463995277881622 -0.0057094222865998745 
v 0.19391518831253052 0.1228756457567215 -0.04284929111599922 
v 0.16050660610198975 0.11182012408971786 0.02451176382601261 
v 0.1532934010028839 0.11687791347503662 0.02451176382601261 
v 0.1601269692182541 0.11182012408971786 0.03008514642715454 
v 0.1532934010028839 0.11687791347503662 0.03008514642715454 
v 0.1532934010028839 0.11687791347503662 0.03440932184457779 
v 0.16734018921852112 0.1123572364449501 0.029268356040120125 
v 0.16734018921852112 0.1123572364449501 0.03354448825120926 
v 0.17303483188152313 0.11253627389669418 0.030853888019919395 
v 0.17759054899215698 0.11253627389669418 0.02758673205971718 
v 0.1734144687652588 0.11253627389669418 0.03402495011687279 
v 0.17797018587589264 0.11253627389669418 0.03056561015546322 
v 0.17872947454452515 0.11253627389669418 0.032919883728027344 
v 0.18176661431789398 0.11253627389669418 0.027826964855194092 
v 0.18214626610279083 0.11253627389669418 0.029989052563905716 
v 0.18556304275989532 0.11253627389669418 0.028067197650671005 
v 0.183285191655159 0.12099575996398926 0.03133435174822807 
v 0.18632233142852783 0.1215328723192215 0.02936444990336895 
v 0.18138697743415833 0.11253627389669418 0.025088319554924965 
v 0.18442411720752716 0.11253627389669418 0.023502789437770844 
v 0.184803768992424 0.11253627389669418 0.02604924887418747 
v 0.18784090876579285 0.11253627389669418 0.025424644351005554 
v 0.1882205456495285 0.11253627389669418 0.02744259312748909 
v 0.19885055720806122 0.11262579262256622 0.02744259312748909 
v 0.188979834318161 0.1217566654086113 0.028739847242832184 
v 0.19923019409179688 0.12193570286035538 0.028739847242832184 
v 0.187461256980896 0.11253627389669418 0.02292623184621334 
v 0.1980912685394287 0.11262579262256622 0.02292623184621334 
v 0.1980912685394287 0.11262579262256622 0.025424644351005554 
v 0.22428663074970245 0.11284958571195602 0.025424644351005554 
v 0.2246662825345993 0.11284958571195602 0.02744259312748909 
v 0.2504819929599762 0.11311814188957214 0.02744259312748909 
v 0.22504591941833496 0.12251757085323334 0.028739847242832184 
v 0.25086164474487305 0.1230994388461113 0.028739847242832184 
v 0.22428663074970245 0.11284958571195602 0.02292623184621334 
v 0.2504819929599762 0.11311814188957214 0.02292623184621334 
v 0.2504819929599762 0.11311814188957214 0.025424644351005554 
v 0.26073235273361206 0.11320766061544418 0.025424644351005554 
v 0.26073235273361206 0.11320766061544418 0.02744259312748909 
v 0.2622509300708771 0.11463995277881622 0.026145340874791145 
v 0.26073235273361206 0.1233232393860817 0.028739847242832184 
v 0.2626305818557739 0.1244422197341919 0.027394548058509827 
v 0.26073235273361206 0.11320766061544418 0.02292623184621334 
v 0.2622509300708771 0.11463995277881622 0.02186921052634716 
v 0.2622509300708771 0.11463995277881622 0.024271531030535698 
v 0.188979834318161 0.19587789475917816 0.025472691282629967 
v 0.18973912298679352 0.1968626081943512 0.02258990705013275 
v 0.18518340587615967 0.1892087757587433 0.027154315263032913 
v 0.18556304275989532 0.18983541429042816 0.02412739209830761 
v 0.18024805188179016 0.1820473074913025 0.02657775767147541 
v 0.18594269454479218 0.18979065120220184 0.020187586545944214 
v 0.18062768876552582 0.18191303312778473 0.022301629185676575 
v 0.18062768876552582 0.18200254440307617 0.01682433858513832 
v 0.19011875987052917 0.19681784510612488 0.01889033429324627 
v 0.19049841165542603 0.1968626081943512 0.014181787148118019 
v 0.18632233142852783 0.18983541429042816 0.015142715536057949 
v 0.18632233142852783 0.19014872610569 0.009713471867144108 
v 0.18062768876552582 0.18262918293476105 0.010866585187613964 
v 0.19049841165542603 0.19690735638141632 0.00913691520690918 
v 0.19049841165542603 0.19713115692138672 0.004476414527744055 
v 0.18632233142852783 0.19090962409973145 0.004572506994009018 
v 0.18556304275989532 0.19252096116542816 0.0001522383972769603 
v 0.18062768876552582 0.1841062307357788 0.005149064119905233 
v 0.18024805188179016 0.1871946156024933 0.00020028480503242463 
v -0.5023500919342041 0.1975339949131012 0.009905657730996609 
v -0.4989332854747772 0.1977577805519104 0.010145889595150948 
v -0.4989332854747772 0.1977577805519104 0.004716646391898394 
v 0.1798684000968933 0.1791379600763321 0.03316011652350426 
v 0.184803768992424 0.18437479436397552 0.030517563223838806 
v 0.18024805188179016 0.1807492971420288 0.03191090747714043 
v 0.2626305818557739 0.19739972054958344 -0.0036914735101163387 
v 0.2611120045185089 0.19919008016586304 -0.003739519976079464 
v 0.2512412965297699 0.19919008016586304 -0.003595380811020732 
v 0.2611120045185089 0.19919008016586304 -0.006237932946532965 
v 0.25086164474487305 0.19919008016586304 -0.006093793548643589 
v 0.2504819929599762 0.19919008016586304 -0.0077754175290465355 
v 0.2246662825345993 0.19919008016586304 -0.005661375820636749 
v 0.22428663074970245 0.19919008016586304 -0.007583232130855322 
v 0.19771163165569305 0.19919008016586304 -0.007487139198929071 
v 0.2231477051973343 0.19919008016586304 -0.012435918673872948 
v 0.1965726912021637 0.19919008016586304 -0.012532011605799198 
v 0.19353555142879486 0.19919008016586304 -0.02382291480898857 
v 0.18670198321342468 0.19919008016586304 -0.012724196538329124 
v 0.183285191655159 0.19919008016586304 -0.023919008672237396 
v 0.18138697743415833 0.19919008016586304 -0.024447517469525337 
v 0.18024805188179016 0.19919008016586304 -0.03535405173897743 
v 0.1783498376607895 0.19919008016586304 -0.036122795194387436 
v 0.17721089720726013 0.19919008016586304 -0.04179226979613304 
v 0.17531268298625946 0.19919008016586304 -0.03838097304105759 
v 0.17455340921878815 0.19919008016586304 -0.04438677430152893 
v 0.17151625454425812 0.19919008016586304 -0.04755783826112747 
v 0.17455340921878815 0.19860821962356567 -0.046404723078012466 
v 0.17151625454425812 0.19860821962356567 -0.04957578703761101 
v 0.17227554321289062 0.19919008016586304 -0.04111962020397186 
v 0.1749330461025238 0.19919008016586304 -0.027234209701418877 
v 0.1783498376607895 0.19919008016586304 -0.02574477158486843 
v 0.18138697743415833 0.19919008016586304 -0.013252707198262215 
v 0.184803768992424 0.19919008016586304 -0.012964428402483463 
v 0.18632233142852783 0.19919008016586304 -0.0077754175290465355 
v 0.1882205456495285 0.19919008016586304 -0.007583232130855322 
v 0.188979834318161 0.19919008016586304 -0.00532505102455616 
v 0.19847090542316437 0.19919008016586304 -0.00532505102455616 
v 0.19998948276042938 0.19919008016586304 -0.002730545587837696 
v 0.2254255712032318 0.19919008016586304 -0.003162963315844536 
v 0.17721089720726013 0.19919008016586304 -0.013589031994342804 
v 0.1783498376607895 0.19919008016586304 -0.008015649393200874 
v 0.1825259029865265 0.19919008016586304 -0.007967603392899036 
v 0.183285191655159 0.19829489290714264 -0.005901608150452375 
v 0.18708162009716034 0.19896627962589264 -0.005565283354371786 
v 0.18860019743442535 0.19829489290714264 -0.002874684752896428 
v 0.19049841165542603 0.19919008016586304 -0.002682499121874571 
v 0.19201697409152985 0.19919008016586304 0.0005366096156649292 
v 0.20112840831279755 0.19919008016586304 0.0004405168001540005 
v 0.2626305818557739 0.19739972054958344 -0.006093793548643589 
v 0.2626305818557739 0.19739972054958344 -0.007631278596818447 
v 0.26073235273361206 0.19919008016586304 -0.007871510460972786 
v 0.26073235273361206 0.19919008016586304 -0.012387871742248535 
v 0.2504819929599762 0.19919008016586304 -0.012387871742248535 
v 0.24972271919250488 0.19919008016586304 -0.023678775876760483 
v 0.22162912786006927 0.19919008016586304 -0.023726822808384895 
v 0.2197309136390686 0.19919008016586304 -0.035209912806749344 
v 0.19087804853916168 0.19919008016586304 -0.03530600294470787 
v 0.18973912298679352 0.19919008016586304 -0.04087938740849495 
v 0.1791091114282608 0.19919008016586304 -0.04092743247747421 
v 0.1791091114282608 0.19860821962356567 -0.04294538125395775 
v 0.17721089720726013 0.19860821962356567 -0.04381021857261658 
v 0.2626305818557739 0.19739972054958344 -0.011955454014241695 
v 0.2626305818557739 0.19739972054958344 -0.022717848420143127 
v 0.26073235273361206 0.19919008016586304 -0.02363072894513607 
v 0.26073235273361206 0.19919008016586304 -0.03516186401247978 
v 0.24934306740760803 0.19919008016586304 -0.03516186401247978 
v 0.24896343052387238 0.19919008016586304 -0.04049501568078995 
v 0.21935127675533295 0.19919008016586304 -0.0406872034072876 
v 0.21935127675533295 0.19860821962356567 -0.04251296445727348 
v 0.18973912298679352 0.19860821962356567 -0.04284929111599922 
v 0.2622509300708771 0.19739972054958344 -0.0337204746901989 
v 0.2622509300708771 0.19739972054958344 -0.03876534476876259 
v 0.26073235273361206 0.19919008016586304 -0.040446970611810684 
v 0.26073235273361206 0.19860821962356567 -0.04208054766058922 
v 0.24896343052387238 0.19860821962356567 -0.042224686592817307 
v 0.17872947454452515 0.1975339949131012 -0.006093793548643589 
v 0.1734144687652588 0.19722068309783936 -0.005949654616415501 
v 0.1734144687652588 0.19919008016586304 -0.007967603392899036 
v 0.17265518009662628 0.19919008016586304 -0.013829263858497143 
v 0.16734018921852112 0.19919008016586304 -0.007871510460972786 
v 0.16734018921852112 0.19919008016586304 -0.013973402790725231 
v 0.1601269692182541 0.19919008016586304 -0.014021449722349644 
v 0.16696053743362427 0.19919008016586304 -0.029156066477298737 
v 0.1601269692182541 0.19919008016586304 -0.0293962974101305 
v 0.1601269692182541 0.19919008016586304 -0.04510746896266937 
v 0.15139517188072205 0.19919008016586304 -0.0293962974101305 
v 0.15139517188072205 0.19919008016586304 -0.04510746896266937 
v 0.14152446389198303 0.19919008016586304 -0.04510746896266937 
v 0.15139517188072205 0.19919008016586304 -0.05236247554421425 
v 0.14152446389198303 0.19919008016586304 -0.05236247554421425 
v 0.14152446389198303 0.19860821962356567 -0.0546206571161747 
v 0.13317231833934784 0.19919008016586304 -0.05236247554421425 
v 0.13317231833934784 0.19860821962356567 -0.0546206571161747 
v 0.12975552678108215 0.19860821962356567 -0.0546206571161747 
v 0.17151625454425812 0.19919008016586304 -0.028387323021888733 
v 0.1699976921081543 0.19919008016586304 -0.04328170791268349 
v 0.1665809005498886 0.19919008016586304 -0.04467505216598511 
v 0.1665809005498886 0.19919008016586304 -0.051785919815301895 
v 0.1601269692182541 0.19919008016586304 -0.05236247554421425 
v 0.1601269692182541 0.19860821962356567 -0.0546206571161747 
v 0.15139517188072205 0.19860821962356567 -0.0546206571161747 
v 0.16961804032325745 0.19919008016586304 -0.0501042976975441 
v 0.16961804032325745 0.19860821962356567 -0.05221833661198616 
v 0.1665809005498886 0.19860821962356567 -0.054044101387262344 
v 0.15139517188072205 0.19919008016586304 -0.014021449722349644 
v 0.15139517188072205 0.19919008016586304 -0.007823464460670948 
v 0.14152446389198303 0.19919008016586304 -0.014021449722349644 
v 0.14152446389198303 0.19919008016586304 -0.007823464460670948 
v 0.13317231833934784 0.19919008016586304 -0.007823464460670948 
v 0.14152446389198303 0.19704164564609528 -0.005613329820334911 
v 0.13317231833934784 0.19704164564609528 -0.005613329820334911 
v 0.14152446389198303 0.19919008016586304 -0.0293962974101305 
v 0.13317231833934784 0.19919008016586304 -0.0293962974101305 
v 0.13317231833934784 0.19919008016586304 -0.04510746896266937 
v 0.12975552678108215 0.19919008016586304 -0.04510746896266937 
v 0.12975552678108215 0.19919008016586304 -0.05236247554421425 
v 0.12633873522281647 0.19919008016586304 -0.05236247554421425 
v 0.12633873522281647 0.19860821962356567 -0.0546206571161747 
v 0.12633873522281647 0.19919008016586304 -0.04510746896266937 
v 0.12633873522281647 0.19919008016586304 -0.0293962974101305 
v 0.12975552678108215 0.19919008016586304 -0.0293962974101305 
v 0.12975552678108215 0.19919008016586304 -0.014021449722349644 
v 0.13317231833934784 0.19919008016586304 -0.014021449722349644 
v 0.15139517188072205 0.19704164564609528 -0.005613329820334911 
v 0.1601269692182541 0.19704164564609528 -0.005613329820334911 
v 0.1601269692182541 0.19919008016586304 -0.007823464460670948 
v 0.16734018921852112 0.1970863938331604 -0.0057094222865998745 
v 0.12975552678108215 0.19919008016586304 -0.007823464460670948 
v 0.12975552678108215 0.19704164564609528 -0.005613329820334911 
v 0.12633873522281647 0.19919008016586304 -0.007823464460670948 
v 0.12633873522281647 0.19704164564609528 -0.005613329820334911 
v 0.11912552267313004 0.19704164564609528 -0.005613329820334911 
v 0.12633873522281647 0.19919008016586304 -0.014021449722349644 
v 0.11912552267313004 0.19919008016586304 -0.014021449722349644 
v 0.11912552267313004 0.19919008016586304 -0.0293962974101305 
v 0.11912552267313004 0.19919008016586304 -0.04510746896266937 
v 0.10887516289949417 0.19919008016586304 -0.0293962974101305 
v 0.10887516289949417 0.19919008016586304 -0.04510746896266937 
v 0.09558765590190887 0.19919008016586304 -0.04510746896266937 
v 0.10887516289949417 0.19919008016586304 -0.05236247554421425 
v 0.09558765590190887 0.19919008016586304 -0.05236247554421425 
v 0.09558765590190887 0.19860821962356567 -0.0546206571161747 
v 0.08305943757295609 0.19919008016586304 -0.05236247554421425 
v 0.08305943757295609 0.19860821962356567 -0.0546206571161747 
v 0.07394800335168839 0.19860821962356567 -0.0546206571161747 
v 0.07394800335168839 0.19919008016586304 -0.05236247554421425 
v 0.07394800335168839 0.19919008016586304 -0.04510746896266937 
v 0.08305943757295609 0.19919008016586304 -0.04510746896266937 
v 0.08305943757295609 0.19919008016586304 -0.0293962974101305 
v 0.09558765590190887 0.19919008016586304 -0.0293962974101305 
v 0.09558765590190887 0.19919008016586304 -0.014021449722349644 
v 0.10887516289949417 0.19919008016586304 -0.014021449722349644 
v 0.10887516289949417 0.19919008016586304 -0.007823464460670948 
v 0.11912552267313004 0.19919008016586304 -0.007823464460670948 
v 0.11912552267313004 0.19919008016586304 -0.05236247554421425 
v 0.11912552267313004 0.19860821962356567 -0.0546206571161747 
v 0.10887516289949417 0.19860821962356567 -0.0546206571161747 
v 0.19277626276016235 0.19919008016586304 0.0044283680617809296 
v 0.19049841165542603 0.19713115692138672 0.004476414527744055 
v 0.19049841165542603 0.19690735638141632 0.00913691520690918 
v 0.18973912298679352 0.1975339949131012 0.0003924703923985362 
v 0.10887516289949417 0.19704164564609528 -0.005613329820334911 
v 0.09558765590190887 0.1970863938331604 -0.005613329820334911 
v 0.09558765590190887 0.19919008016586304 -0.007823464460670948 
v 0.08305943757295609 0.19919008016586304 -0.007823464460670948 
v 0.08305943757295609 0.19919008016586304 -0.014021449722349644 
v 0.07394800335168839 0.19919008016586304 -0.014021449722349644 
v 0.07394800335168839 0.19919008016586304 -0.0293962974101305 
v 0.06787371635437012 0.19919008016586304 -0.04510746896266937 
v 0.06787371635437012 0.19919008016586304 -0.05236247554421425 
v 0.06407728791236877 0.19919008016586304 -0.05236247554421425 
v 0.06407728791236877 0.19860821962356567 -0.0546206571161747 
v 0.06179942935705185 0.19860821962356567 -0.0546206571161747 
v 0.07394800335168839 0.19919008016586304 -0.007823464460670948 
v 0.07394800335168839 0.19713115692138672 -0.005613329820334911 
v 0.08305943757295609 0.1970863938331604 -0.005613329820334911 
v 0.15367303788661957 0.11687791347503662 0.01836182363331318 
v 0.06787371635437012 0.19860821962356567 -0.0546206571161747 
v 0.05192871391773224 0.11696743220090866 0.04238502308726311 
v 0.05572514235973358 0.11669887602329254 0.04238502308726311 
v 0.056104786694049835 0.10756800323724747 0.04055926203727722 
v 0.05914193019270897 0.1105668693780899 0.04055926203727722 
v 0.05914193019270897 0.1105668693780899 0.037820614874362946 
v 0.05914193019270897 0.1105668693780899 0.03440932184457779 
v 0.05914193019270897 0.1105668693780899 0.03008514642715454 
v 0.05914193019270897 0.1105668693780899 0.02451176382601261 
v 0.05914193019270897 0.1105668693780899 0.01836182363331318 
v 0.05914193019270897 0.1105668693780899 0.012211884371936321 
v 0.05914193019270897 0.1105668693780899 0.006061945576220751 
v -0.4989332854747772 0.19722068309783936 0.03657140955328941 
v -0.5023500919342041 0.19704164564609528 0.03604289889335632 
v -0.4989332854747772 0.19569887220859528 0.037099920213222504 
v -0.5023500919342041 0.1955198347568512 0.03657140955328941 
v -0.5065261125564575 0.19704164564609528 0.035754621028900146 
v -0.4989332854747772 0.18441954255104065 0.037099920213222504 
v 0.18708162009716034 0.19896627962589264 -0.005565283354371786 
v 0.183285191655159 0.19829489290714264 -0.005901608150452375 
v 0.18860019743442535 0.19829489290714264 -0.002874684752896428 
v 0.18442411720752716 0.1955198347568512 -0.003307102480903268 
v 0.18556304275989532 0.19252096116542816 0.0001522383972769603 
v 0.17948876321315765 0.1926104873418808 -0.003451241645962 
v 0.18024805188179016 0.1871946156024933 0.00020028480503242463 
v 0.1741737574338913 0.18459858000278473 0.00111316645052284 
v 0.17872947454452515 0.1975339949131012 -0.006093793548643589 
v 0.1734144687652588 0.19722068309783936 -0.005949654616415501 
v 0.17379412055015564 0.1912676990032196 -0.0029707776848226786 
v 0.16771982610225677 0.19082011282444 -0.0023942207917571068 
v 0.16771982610225677 0.1836138814687729 0.002122140722349286 
v 0.16734018921852112 0.1970863938331604 -0.0057094222865998745 
v 0.1601269692182541 0.19704164564609528 -0.005613329820334911 
v 0.1601269692182541 0.19064107537269592 -0.0022020351607352495 
v 0.15139517188072205 0.19064107537269592 -0.0022020351607352495 
v 0.1601269692182541 0.18330056965351105 0.0024584655184298754 
v 0.15139517188072205 0.18330056965351105 0.0024584655184298754 
v 0.15139517188072205 0.19704164564609528 -0.005613329820334911 
v 0.14152446389198303 0.19704164564609528 -0.005613329820334911 
v 0.14152446389198303 0.19064107537269592 -0.0022020351607352495 
v 0.13317231833934784 0.19064107537269592 -0.0022020351607352495 
v 0.14152446389198303 0.18325580656528473 0.0024584655184298754 
v 0.13317231833934784 0.18325580656528473 0.0024584655184298754 
v 0.13317231833934784 0.19704164564609528 -0.005613329820334911 
v 0.12975552678108215 0.19704164564609528 -0.005613329820334911 
v 0.12975552678108215 0.19064107537269592 -0.0022020351607352495 
v 0.12633873522281647 0.19064107537269592 -0.0022020351607352495 
v 0.12975552678108215 0.18325580656528473 0.0024584655184298754 
v 0.12633873522281647 0.1832110434770584 0.0024584655184298754 
v -0.512980043888092 0.1975339949131012 -0.0013372000539675355 
v -0.5137393474578857 0.19704164564609528 -0.0015774320345371962 
v 0.17948876321315765 0.1204138919711113 0.034313227981328964 
v 0.17531268298625946 0.12010057270526886 0.03810889273881912 
v 0.17455340921878815 0.11253627389669418 0.03657140955328941 
v 0.16885875165462494 0.1123572364449501 0.039550285786390305 
v 0.16771982610225677 0.1123572364449501 0.03690773621201515 
v 0.1601269692182541 0.11182012408971786 0.037820614874362946 
v 0.1601269692182541 0.11182012408971786 0.03440932184457779 
v 0.16961804032325745 0.11983202397823334 0.04132800176739693 
v 0.16202518343925476 0.11933966726064682 0.04238502308726311 
v 0.16126589477062225 0.11182012408971786 0.04055926203727722 
v 0.15443232655525208 0.11701218783855438 0.04055926203727722 
v 0.1532934010028839 0.11692266911268234 0.037820614874362946 
v 0.0621790736913681 0.13957083225250244 -0.0546206571161747 
v 0.11912552267313004 0.1832110434770584 0.0024584655184298754 
v 0.11912552267313004 0.19064107537269592 -0.0022020351607352495 
v 0.10887516289949417 0.19064107537269592 -0.0022020351607352495 
v 0.11912552267313004 0.19704164564609528 -0.005613329820334911 
v 0.10887516289949417 0.19704164564609528 -0.005613329820334911 
v 0.12633873522281647 0.19704164564609528 -0.005613329820334911 
v 0.10887516289949417 0.18325580656528473 0.0024584655184298754 
v 0.09558765590190887 0.1833900809288025 0.0024584655184298754 
v 0.09558765590190887 0.19073058664798737 -0.0022020351607352495 
v 0.09558765590190887 0.1970863938331604 -0.005613329820334911 
v 0.08305943757295609 0.19082011282444 -0.0022020351607352495 
v 0.08305943757295609 0.1970863938331604 -0.005613329820334911 
v 0.07394800335168839 0.19713115692138672 -0.005613329820334911 
v 0.08305943757295609 0.1836138814687729 0.0024584655184298754 
v 0.07394800335168839 0.18392719328403473 0.0024584655184298754 
v 0.07394800335168839 0.19099915027618408 -0.0022020351607352495 
v 0.06787371635437012 0.19131246209144592 -0.0022020351607352495 
v 0.06825336068868637 0.19722068309783936 -0.005661375820636749 
v 0.06521622091531754 0.19739972054958344 -0.005757468752563 
v 0.06483657658100128 0.19202861189842224 -0.0022981280926615 
v 0.06483657658100128 0.1856728047132492 0.0024584655184298754 
v 0.06331800669431686 0.19292379915714264 -0.0023942207917571068 
v 0.06255871802568436 0.18710510432720184 0.002410419285297394 
v 0.060660503804683685 0.18849264085292816 0.0023623728193342686 
v 0.0621790736913681 0.18213683366775513 0.00836817268282175 
v 0.05990121513605118 0.18334533274173737 0.00836817268282175 
v 0.05952157452702522 0.179630309343338 0.015094668604433537 
v 0.05762335658073425 0.1845090687274933 0.00836817268282175 
v 0.056864071637392044 0.18039122223854065 0.015046622604131699 
v 0.05458621308207512 0.18110737204551697 0.015046622604131699 
v 0.061419788748025894 0.19381897151470184 -0.0024903134908527136 
v 0.05990121513605118 0.19466941058635712 -0.002538359956815839 
v 0.058762285858392715 0.18983541429042816 0.0023623728193342686 
v 0.056864071637392044 0.19113342463970184 0.0023143263533711433 
v 0.05572514235973358 0.18558327853679657 0.00836817268282175 
v 0.05192871391773224 0.18795552849769592 0.008656451478600502 
v 0.05116942524909973 0.1838376820087433 0.015430993400514126 
v 0.0621790736913681 0.19784730672836304 -0.006045747082680464 
v 0.06369764357805252 0.19762350618839264 -0.005901608150452375 
v 0.060660503804683685 0.19807110726833344 -0.0061898864805698395 
v 0.05914193019270897 0.19825014472007751 -0.006334025412797928 
v 0.05838264524936676 0.19547507166862488 -0.0026344528887420893 
v 0.055345501750707626 0.1964150071144104 -0.0026344528887420893 
v 0.05382692813873291 0.19292379915714264 0.0024584655184298754 
v 0.06787371635437012 0.1845538169145584 0.0024584655184298754 
v -0.5137393474578857 0.19704164564609528 0.0029389297123998404 
v 0.06787371635437012 0.15281954407691956 0.037820614874362946 
v 0.06787371635437012 0.15281954407691956 0.03440932184457779 
v 0.06787371635437012 0.15281954407691956 0.03008514642715454 
v 0.06787371635437012 0.15281954407691956 0.02451176382601261 
v 0.06787371635437012 0.15281954407691956 0.01836182363331318 
v 0.06787371635437012 0.15281954407691956 0.012211884371936321 
v 0.06787371635437012 0.15281954407691956 0.006061945576220751 
v 0.06787371635437012 0.15281954407691956 -0.00008799359784461558 
v 0.06787371635437012 0.15281954407691956 -0.005084819160401821 
v 0.1665809005498886 0.18486714363098145 -0.054764796048402786 
v 0.2626305818557739 0.19739972054958344 0.023743020370602608 
v 0.2626305818557739 0.19735495746135712 0.025953155010938644 
v 0.2630102336406708 0.19198384881019592 0.02028368040919304 
v 0.2630102336406708 0.19198384881019592 0.022157490253448486 
v 0.2630102336406708 0.17976458370685577 0.013653276488184929 
v 0.2630102336406708 0.19149149954319 0.02340669557452202 
v 0.2630102336406708 0.18437479436397552 0.018121592700481415 
v 0.2630102336406708 0.1785113364458084 0.01471029780805111 
v 0.2630102336406708 0.15751926600933075 -0.0018657103646546602 
v 0.2630102336406708 0.17976458370685577 0.010914632119238377 
v 0.2630102336406708 0.17976458370685577 0.006542409770190716 
v 0.2630102336406708 0.1849566549062729 0.011347049847245216 
v 0.2630102336406708 0.19198384881019592 0.014950529672205448 
v 0.2630102336406708 0.19198384881019592 0.017929406836628914 
v 0.2626305818557739 0.19739972054958344 0.021052422001957893 
v 0.2630102336406708 0.15443088114261627 0.01471029780805111 
v 0.2630102336406708 0.17228980362415314 0.01855400949716568 
v 0.2630102336406708 0.17998838424682617 0.02379106730222702 
v 0.2630102336406708 0.19005919992923737 0.02379106730222702 
v 0.2626305818557739 0.19511699676513672 0.027826964855194092 
v 0.2626305818557739 0.19677308201789856 0.027346501126885414 
v 0.2630102336406708 0.13155892491340637 0.013797416351735592 
v 0.2630102336406708 0.13603484630584717 0.018169637769460678 
v 0.2630102336406708 0.12766487896442413 0.02345474250614643 
v 0.2630102336406708 0.1535804569721222 0.02379106730222702 
v 0.2626305818557739 0.15375949442386627 0.027826964855194092 
v 0.2626305818557739 0.1836586445569992 0.027826964855194092 
v 0.2630102336406708 0.13155892491340637 0.011395095847547054 
v 0.2630102336406708 0.12587451934814453 0.016055596992373466 
v 0.2630102336406708 0.11902635544538498 0.020716097205877304 
v 0.2630102336406708 0.11902635544538498 0.022349676117300987 
v 0.2622509300708771 0.11463995277881622 0.026145340874791145 
v 0.2626305818557739 0.1244422197341919 0.027394548058509827 
v 0.2630102336406708 0.13155892491340637 0.0075033376924693584 
v 0.2630102336406708 0.12587451934814453 0.012259931303560734 
v 0.2630102336406708 0.11902635544538498 0.016007550060749054 
v 0.2630102336406708 0.11902635544538498 0.018650101497769356 
v 0.2622509300708771 0.11463995277881622 0.02186921052634716 
v 0.2622509300708771 0.11463995277881622 0.024271531030535698 
v 0.2630102336406708 0.13155892491340637 0.002746744081377983 
v 0.2630102336406708 0.12587451934814453 0.006734595168381929 
v 0.2630102336406708 0.11902635544538498 0.008944729343056679 
v 0.2630102336406708 0.11902635544538498 0.012692349031567574 
v 0.2622509300708771 0.11463995277881622 0.014950529672205448 
v 0.2622509300708771 0.11463995277881622 0.018842287361621857 
v 0.2630102336406708 0.13155892491340637 -0.0020578959956765175 
v 0.2630102336406708 0.12587451934814453 0.0008248880039900541 
v 0.2630102336406708 0.11902635544538498 0.0015455839456990361 
v 0.2630102336406708 0.11902635544538498 0.0052451565861701965 
v 0.2622509300708771 0.11463995277881622 0.006350223906338215 
v 0.2622509300708771 0.11463995277881622 0.010674400255084038 
v 0.2630102336406708 0.13155892491340637 -0.005084819160401821 
v 0.2630102336406708 0.12587451934814453 -0.004268030170351267 
v 0.2630102336406708 0.11902635544538498 -0.005228958558291197 
v 0.2630102336406708 0.11902635544538498 -0.0022020351607352495 
v 0.2622509300708771 0.11463995277881622 -0.0022500816266983747 
v 0.2622509300708771 0.11463995277881622 0.0020740944892168045 
v 0.2630102336406708 0.13155892491340637 -0.013492939062416553 
v 0.2630102336406708 0.12587451934814453 -0.009793366305530071 
v 0.2630102336406708 0.11902635544538498 -0.010610154829919338 
v 0.2630102336406708 0.11902635544538498 -0.006862536072731018 
v 0.2622509300708771 0.11463995277881622 -0.007631278596818447 
v 0.2622509300708771 0.11463995277881622 -0.0057094222865998745 
v 0.2630102336406708 0.13155892491340637 -0.0224295686930418 
v 0.2630102336406708 0.12587451934814453 -0.022861987352371216 
v 0.2630102336406708 0.11902635544538498 -0.0293962974101305 
v 0.2630102336406708 0.11902635544538498 -0.019883111119270325 
v 0.2622509300708771 0.11463995277881622 -0.022717848420143127 
v 0.2622509300708771 0.11463995277881622 -0.011955454014241695 
v 0.2630102336406708 0.15443088114261627 -0.02363072894513607 
v 0.2630102336406708 0.13603484630584717 -0.028195137158036232 
v 0.2630102336406708 0.12766487896442413 -0.03511381894350052 
v 0.2630102336406708 0.11902635544538498 -0.03376851975917816 
v 0.2622509300708771 0.11463995277881622 -0.03876534476876259 
v 0.2622509300708771 0.11463995277881622 -0.0337204746901989 
v 0.2630102336406708 0.1785113364458084 -0.02363072894513607 
v 0.2630102336406708 0.17228980362415314 -0.028723647817969322 
v 0.2630102336406708 0.17998838424682617 -0.035594284534454346 
v 0.2630102336406708 0.1535804569721222 -0.035594284534454346 
v 0.2622509300708771 0.1538042575120926 -0.04087938740849495 
v 0.2622509300708771 0.1244422197341919 -0.04035087674856186 
v 0.2630102336406708 0.17976458370685577 -0.0224295686930418 
v 0.2630102336406708 0.18437479436397552 -0.028195137158036232 
v 0.2630102336406708 0.19149149954319 -0.03511381894350052 
v 0.2630102336406708 0.19005919992923737 -0.035594284534454346 
v 0.2622509300708771 0.19516175985336304 -0.04087938740849495 
v 0.2622509300708771 0.18370339274406433 -0.04087938740849495 
v 0.2630102336406708 0.17976458370685577 -0.013492939062416553 
v 0.2630102336406708 0.1849566549062729 -0.022861987352371216 
v 0.2630102336406708 0.19198384881019592 -0.0293962974101305 
v 0.2630102336406708 0.19198384881019592 -0.03376851975917816 
v 0.2622509300708771 0.19739972054958344 -0.03876534476876259 
v 0.2622509300708771 0.19681784510612488 -0.04035087674856186 
v 0.2630102336406708 0.17976458370685577 -0.005084819160401821 
v 0.2630102336406708 0.1849566549062729 -0.009793366305530071 
v 0.2630102336406708 0.19198384881019592 -0.010610154829919338 
v 0.2630102336406708 0.19198384881019592 -0.019883111119270325 
v 0.2626305818557739 0.19739972054958344 -0.022717848420143127 
v 0.2622509300708771 0.19739972054958344 -0.0337204746901989 
v 0.2630102336406708 0.17976458370685577 -0.002874684752896428 
v 0.2630102336406708 0.17976458370685577 0.001257305615581572 
v 0.2630102336406708 0.1849566549062729 0.005197110585868359 
v 0.2630102336406708 0.19198384881019592 0.006974827032536268 
v 0.2630102336406708 0.19198384881019592 0.0029389297123998404 
v 0.2630102336406708 0.19198384881019592 -0.0006165039958432317 
v 0.2626305818557739 0.19739972054958344 0.0037076720036566257 
v 0.2626305818557739 0.19739972054958344 -0.0004243183939252049 
v 0.2626305818557739 0.19739972054958344 -0.0036914735101163387 
v 0.2630102336406708 0.19198384881019592 -0.003451241645962 
v 0.2630102336406708 0.19198384881019592 -0.005517236888408661 
v 0.2630102336406708 0.1849566549062729 -0.004652401432394981 
v 0.2630102336406708 0.19198384881019592 -0.006862536072731018 
v 0.2626305818557739 0.19739972054958344 -0.007631278596818447 
v 0.2626305818557739 0.19739972054958344 -0.011955454014241695 
v 0.2630102336406708 0.1849566549062729 -0.0007606432191096246 
v 0.2626305818557739 0.19739972054958344 0.017593082040548325 
v 0.2626305818557739 0.19739972054958344 0.013172812759876251 
v 0.2630102336406708 0.19198384881019592 0.011106817983090878 
v 0.2626305818557739 0.19739972054958344 0.00836817268282175 
v 0.2626305818557739 0.19739972054958344 -0.006093793548643589 
v -0.4989332854747772 0.154699444770813 -0.04923946037888527 
v -0.4989332854747772 0.18441954255104065 -0.04923946037888527 
v -0.4974147081375122 0.1843300312757492 -0.05106522515416145 
v -0.4989332854747772 0.19569887220859528 -0.04923946037888527 
v -0.4974147081375122 0.1961912214756012 -0.05106522515416145 
v -0.4974147081375122 0.19780254364013672 -0.05034452676773071 
v -0.4958961308002472 0.19672833383083344 -0.05308317393064499 
v -0.4958961308002472 0.1984291821718216 -0.05236247554421425 
v -0.4958961308002472 0.1842852681875229 -0.05308317393064499 
v -0.4958961308002472 0.1515662968158722 -0.05308317393064499 
v -0.4974147081375122 0.1531328707933426 -0.05106522515416145 
v -0.4974147081375122 0.12247281521558762 -0.05034452676773071 
v -0.4989332854747772 0.12551644444465637 -0.048614855855703354 
v -0.4958961308002472 0.11942918598651886 -0.05236247554421425 
v -0.4958961308002472 0.10873173922300339 -0.050200387835502625 
v -0.4974147081375122 0.11226771771907806 -0.048278532922267914 
v -0.4974147081375122 0.11226771771907806 -0.04164813086390495 
v -0.4989332854747772 0.11575893312692642 -0.04659690707921982 
v -0.4989332854747772 0.11575893312692642 -0.040254782885313034 
v -0.4989332854747772 0.19722068309783936 -0.048614855855703354 
v -0.4989332854747772 0.1977577805519104 -0.04659690707921982 
v -0.4974147081375122 0.19838441908359528 -0.048278532922267914 
v -0.4974147081375122 0.19838441908359528 -0.04164813086390495 
v -0.4958961308002472 0.19896627962589264 -0.050200387835502625 
v -0.4958961308002472 0.19896627962589264 -0.04328170791268349 
v -0.4989332854747772 0.11575893312692642 -0.02641742117702961 
v -0.4974147081375122 0.11226771771907806 -0.02728225663304329 
v -0.4974147081375122 0.11226771771907806 -0.013252707198262215 
v -0.4958961308002472 0.10873173922300339 -0.028291231021285057 
v -0.4958961308002472 0.10873173922300339 -0.013589031994342804 
v -0.4958961308002472 0.10873173922300339 -0.04328170791268349 
v -0.4989332854747772 0.1977577805519104 -0.040254782885313034 
v -0.4989332854747772 0.1977577805519104 -0.02641742117702961 
v -0.4974147081375122 0.19838441908359528 -0.02728225663304329 
v -0.4974147081375122 0.19838441908359528 -0.013252707198262215 
v -0.4958961308002472 0.19896627962589264 -0.028291231021285057 
v -0.4958961308002472 0.19896627962589264 -0.013589031994342804 
v -0.4989332854747772 0.11575893312692642 -0.012916382402181625 
v -0.4989332854747772 0.11575893312692642 -0.007487139198929071 
v -0.4974147081375122 0.11226771771907806 -0.007583232130855322 
v -0.4958961308002472 0.10873173922300339 -0.007679324597120285 
v -0.4974147081375122 0.11226771771907806 -0.005084819160401821 
v -0.4958961308002472 0.10873173922300339 -0.005084819160401821 
v -0.4958961308002472 0.10873173922300339 -0.0002801791997626424 
v -0.4989332854747772 0.11575893312692642 -0.005084819160401821 
v -0.4989332854747772 0.11575893312692642 -0.000664550403598696 
v -0.4974147081375122 0.11226771771907806 -0.000520411180332303 
v -0.4974147081375122 0.11226771771907806 0.005101017653942108 
v -0.4958961308002472 0.10873173922300339 0.005581481382250786 
v -0.4958961308002472 0.10873173922300339 0.011443142779171467 
v -0.4974147081375122 0.11226771771907806 0.010722446255385876 
v -0.4989332854747772 0.11575893312692642 0.010145889595150948 
v -0.4974147081375122 0.11226771771907806 0.016343874856829643 
v -0.4989332854747772 0.11575893312692642 0.015527086332440376 
v -0.4989332854747772 0.11575893312692642 0.020908283069729805 
v -0.4958961308002472 0.10873173922300339 0.017304802313447 
v -0.4958961308002472 0.10873173922300339 0.023166464641690254 
v -0.4974147081375122 0.11226771771907806 0.021965304389595985 
v -0.4974147081375122 0.11226771771907806 0.027058223262429237 
v -0.4989332854747772 0.11575893312692642 0.025809016078710556 
v -0.4958961308002472 0.10873173922300339 0.028451567515730858 
v -0.4958961308002472 0.10873173922300339 0.032583557069301605 
v -0.4974147081375122 0.11226771771907806 0.030998026952147484 
v -0.4974147081375122 0.11226771771907806 0.03412104398012161 
v -0.4989332854747772 0.11575893312692642 0.029604680836200714 
v -0.4989332854747772 0.11575893312692642 0.03263160586357117 
v -0.4989332854747772 0.11575893312692642 0.004716646391898394 
v -0.4958961308002472 0.10873173922300339 0.03585071489214897 
v -0.4958961308002472 0.10873173922300339 0.038493264466524124 
v -0.4974147081375122 0.11226771771907806 0.03661945462226868 
v -0.4974147081375122 0.12247281521558762 0.03825303539633751 
v -0.4989332854747772 0.11575893312692642 0.035033926367759705 
v -0.4989332854747772 0.12551644444465637 0.03657140955328941 
v -0.4958961308002472 0.11942918598651886 0.04017489030957222 
v -0.4958961308002472 0.1515662968158722 0.04075144603848457 
v -0.4974147081375122 0.1531328707933426 0.03882959112524986 
v -0.4974147081375122 0.1843300312757492 0.03882959112524986 
v -0.4989332854747772 0.154699444770813 0.037099920213222504 
v -0.4989332854747772 0.18441954255104065 0.037099920213222504 
v -0.4989332854747772 0.19569887220859528 0.037099920213222504 
v -0.4974147081375122 0.1961912214756012 0.03882959112524986 
v -0.4974147081375122 0.19780254364013672 0.03825303539633751 
v -0.4958961308002472 0.19672833383083344 0.04075144603848457 
v -0.4958961308002472 0.1984291821718216 0.04017489030957222 
v -0.4958961308002472 0.1842852681875229 0.04075144603848457 
v -0.4958961308002472 0.19896627962589264 0.038493264466524124 
v -0.4974147081375122 0.19838441908359528 0.03661945462226868 
v -0.4989332854747772 0.1977577805519104 0.035033926367759705 
v -0.4974147081375122 0.19838441908359528 0.03412104398012161 
v -0.4989332854747772 0.1977577805519104 0.03263160586357117 
v -0.4989332854747772 0.1977577805519104 0.029604680836200714 
v -0.4958961308002472 0.19896627962589264 0.03585071489214897 
v -0.4958961308002472 0.19896627962589264 0.032583557069301605 
v -0.4974147081375122 0.19838441908359528 0.030998026952147484 
v -0.4974147081375122 0.19838441908359528 0.027058223262429237 
v -0.4989332854747772 0.1977577805519104 0.025809016078710556 
v -0.4958961308002472 0.19896627962589264 0.028451567515730858 
v -0.4958961308002472 0.19896627962589264 0.023166464641690254 
v -0.4974147081375122 0.19838441908359528 0.021965304389595985 
v -0.4974147081375122 0.19838441908359528 0.016343874856829643 
v -0.4989332854747772 0.1977577805519104 0.020908283069729805 
v -0.4989332854747772 0.1977577805519104 0.015527086332440376 
v -0.4989332854747772 0.19722068309783936 0.03657140955328941 
v -0.4958961308002472 0.19896627962589264 0.017304802313447 
v -0.4958961308002472 0.19896627962589264 0.011443142779171467 
v -0.4974147081375122 0.19838441908359528 0.010722446255385876 
v -0.4974147081375122 0.19838441908359528 0.005101017653942108 
v -0.4989332854747772 0.1977577805519104 0.010145889595150948 
v -0.4989332854747772 0.1977577805519104 0.004716646391898394 
v -0.4958961308002472 0.19896627962589264 0.005581481382250786 
v -0.4958961308002472 0.19896627962589264 -0.0002801791997626424 
v -0.4974147081375122 0.19838441908359528 -0.000520411180332303 
v -0.4974147081375122 0.19838441908359528 -0.005084819160401821 
v -0.4989332854747772 0.1977577805519104 -0.000664550403598696 
v -0.4989332854747772 0.1977577805519104 -0.005084819160401821 
v -0.4989332854747772 0.1977577805519104 -0.007487139198929071 
v -0.4974147081375122 0.19838441908359528 -0.007583232130855322 
v -0.4958961308002472 0.19896627962589264 -0.007679324597120285 
v -0.4958961308002472 0.19896627962589264 -0.005084819160401821 
v -0.4989332854747772 0.1977577805519104 -0.012916382402181625 
v 0.2630102336406708 0.1849566549062729 0.015671225264668465 
v -0.4958961308002472 0.11942918598651886 0.04017489030957222 
v -0.4989332854747772 0.12551644444465637 0.03657140955328941 
v -0.5114614963531494 0.19704164564609528 -0.045539889484643936 
v -0.5114614963531494 0.1265011429786682 0.03354448825120926 
v -0.5114614963531494 0.1265011429786682 0.03354448825120926 
v -0.5137393474578857 0.1966388076543808 -0.04155203700065613 
v 0.04129870980978012 0.1968626081943512 0.042336978018283844 
v 0.06787371635437012 0.158056378364563 -0.0546206571161747 
v 0.06255871802568436 0.18710510432720184 0.002410419285297394 
v 0.05382692813873291 0.19292379915714264 0.0024584655184298754 
v -0.4958961308002472 0.11942918598651886 -0.05236247554421425 
v -0.5137393474578857 0.13393117487430573 -0.04155203700065613 
v 0.15519161522388458 0.1235470324754715 0.04238502308726311 
v -0.4989332854747772 0.19722068309783936 0.03657140955328941 
v 0.06787371635437012 0.15568414330482483 0.04238502308726311 
v 0.2622509300708771 0.19681784510612488 -0.04035087674856186 
v 0.2622509300708771 0.19681784510612488 -0.04035087674856186 
v 0.18973912298679352 0.1975339949131012 0.0003924703923985362 
v 0.18024805188179016 0.1818682700395584 0.02974882163107395 
v 0.18973912298679352 0.1975339949131012 0.0003924703923985362 
v 0.17759054899215698 0.18486714363098145 -0.044482868164777756 
v 0.18024805188179016 0.1818682700395584 0.02974882163107395 
v 0.1798684000968933 0.1791379600763321 0.03316011652350426 
v -0.4989332854747772 0.19722068309783936 -0.048614855855703354 
v -0.5114614963531494 0.1265011429786682 -0.045539889484643936 
v 0.058762285858392715 0.11920539289712906 0.04238502308726311 
v 0.05116942524909973 0.1838376820087433 0.015430993400514126 
v 0.05648442730307579 0.19851869344711304 -0.006382071878761053 
v 0.14797839522361755 0.15599745512008667 0.04257721081376076 
v 0.06179942935705185 0.17882464826107025 0.015094668604433537 
vn 0.21582993865013123 0.7179975509643555 -0.661737859249115 
vn 0.2968517243862152 0.1866839975118637 -0.9364978075027466 
vn 0.03022683411836624 0.7548844814300537 -0.6551609039306641 
vn 0.04685451090335846 0.20285581052303314 -0.9780870079994202 
vn 0.0018953474937006831 0.2039121836423874 -0.9789873361587524 
vn 0.048044804483652115 0 -0.9988451600074768 
vn -2.0682311115474694e-13 0 -1 
vn -0.02474052645266056 -0.01797504536807537 -0.9995322823524475 
vn -2.0682311115474694e-13 0 -1 
vn -0.08391095697879791 -0.03680675849318504 -0.9957932829856873 
vn -0.05560975521802902 -0.04227343574166298 -0.9975572824478149 
vn -0.5905341506004333 -0.26402536034584045 -0.762600839138031 
vn -0.11240527778863907 -0.2097947895526886 -0.9712626934051514 
vn -0.010922610759735107 -0.018918516114354134 -0.9997613430023193 
vn -2.0682311115474694e-13 0 -1 
vn -2.0682311115474694e-13 0 -1 
vn 0.0018953474937006831 0.2039121836423874 -0.9789873361587524 
vn 0.0018953474937006831 0.2039121836423874 -0.9789873361587524 
vn 0.0018888887716457248 0.7611834406852722 -0.6485338807106018 
vn 0.0018888887716457248 0.7611834406852722 -0.6485338807106018 
vn 0.001958925975486636 -0.02614004909992218 -0.9996563792228699 
vn 0.001893154694698751 -0.24224422872066498 -0.9702134728431702 
vn -2.0682311115474694e-13 0 -1 
vn 0.0018953474937006831 0.2039121836423874 -0.9789873361587524 
vn 0.0018953474937006831 0.2039121836423874 -0.9789873361587524 
vn 0.0018888887716457248 0.7611834406852722 -0.6485338807106018 
vn 0.0018888887716457248 0.7611834406852722 -0.6485338807106018 
vn -2.0682311115474694e-13 0 -1 
vn 0.001958925975486636 -0.02614004909992218 -0.9996563792228699 
vn 0.001893154694698751 -0.24224422872066498 -0.9702134728431702 
vn 0.001958925975486636 -0.02614004909992218 -0.9996563792228699 
vn 0.001893154694698751 -0.24224422872066498 -0.9702134728431702 
vn 0.001893154694698751 -0.24224422872066498 -0.9702134728431702 
vn 0.001958925975486636 -0.02614004909992218 -0.9996563792228699 
vn -2.0682311115474694e-13 0 -1 
vn -2.0682311115474694e-13 0 -1 
vn 0.0018953474937006831 0.2039121836423874 -0.9789873361587524 
vn 0.0018953474937006831 0.2039121836423874 -0.9789873361587524 
vn 0.0018888887716457248 0.7611834406852722 -0.6485338807106018 
vn 0.0018888887716457248 0.7611834406852722 -0.6485338807106018 
vn -0.43153953552246094 0.7172242999076843 -0.5471406579017639 
vn -0.09987974911928177 0.7574554085731506 -0.6452018022537231 
vn -0.2318487912416458 0.9673364758491516 -0.10250037163496017 
vn -0.041501112282276154 0.991388201713562 -0.1242060661315918 
vn -0.0302029550075531 0.9995414018630981 0.002184694167226553 
vn -0.02075672708451748 0.9909157752990723 -0.1328723281621933 
vn -1.0341130485562108e-13 0.999997615814209 0.002184694167226553 
vn -1.0341130485562108e-13 0.999997615814209 0.002184694167226553 
vn -1.0341130485562108e-13 0.999997615814209 0.002184694167226553 
vn -1.0341130485562108e-13 0.999997615814209 0.002184694167226553 
vn -1.0341130485562108e-13 0.999997615814209 0.002184694167226553 
vn -1.0341130485562108e-13 0.999997615814209 0.002184694167226553 
vn -1.0341130485562108e-13 0.999997615814209 0.002184694167226553 
vn -0.2757980227470398 0.9612131118774414 0.002184694167226553 
vn -1.0341130485562108e-13 0.999997615814209 0.002184694167226553 
vn -0.2757980227470398 0.9612131118774414 0.002184694167226553 
vn -0.2757980227470398 0.9612131118774414 0.002184694167226553 
vn -0.8314676284790039 0.5555689334869385 0.002184694167226553 
vn -0.8314676284790039 0.5555689334869385 0.002184694167226553 
vn -1.0341130485562108e-13 0.999997615814209 0.002184694167226553 
vn -1.0341130485562108e-13 0.999997615814209 0.002184694167226553 
vn -1.0341130485562108e-13 0.999997615814209 0.002184694167226553 
vn -1.0341130485562108e-13 0.999997615814209 0.002184694167226553 
vn -1.0341130485562108e-13 0.999997615814209 0.002184694167226553 
vn -0.0302029550075531 0.9995414018630981 0.002184694167226553 
vn -0.0302029550075531 0.9995414018630981 0.002184694167226553 
vn -0.19508986175060272 0.9807829260826111 0.002184694167226553 
vn -0.19508986175060272 0.9807829260826111 0.002184694167226553 
vn -0.972772479057312 -0.007545965723693371 0.23163928091526031 
vn -0.9929317235946655 -0.04151540994644165 0.1111890971660614 
vn -0.9098374843597412 -0.03773055970668793 0.41324591636657715 
vn -0.7031798362731934 -0.676487147808075 0.21886809170246124 
vn -0.5020555853843689 -0.7038559913635254 0.5025205612182617 
vn -0.6743503212928772 -0.7384083271026611 0.002184694167226553 
vn 3.097898456858039e-13 -0.999997615814209 0.002184694167226553 
vn 3.097898456858039e-13 -0.999997615814209 0.002184694167226553 
vn 3.097898456858039e-13 -0.999997615814209 0.002184694167226553 
vn 3.097898456858039e-13 -0.999997615814209 0.002184694167226553 
vn 3.097898456858039e-13 -0.999997615814209 0.002184694167226553 
vn 3.097898456858039e-13 -0.999997615814209 0.002184694167226553 
vn 3.097898456858039e-13 -0.999997615814209 0.002184694167226553 
vn 3.097898456858039e-13 -0.999997615814209 0.002184694167226553 
vn -0.16537824273109436 -0.986227810382843 0.002184694167226553 
vn -0.16537824273109436 -0.986227810382843 0.002184694167226553 
vn -0.6574495434761047 -0.7534953951835632 -0.002184694167226553 
vn -0.16537824273109436 -0.986227810382843 0.002184694167226553 
vn -0.6574495434761047 -0.7534953951835632 -0.002184694167226553 
vn -0.651740550994873 -0.7584388852119446 -0.002184694167226553 
vn -0.6743503212928772 -0.7384083271026611 0.002184694167226553 
vn -0.6743503212928772 -0.7384083271026611 0.002184694167226553 
vn 3.097898456858039e-13 -0.999997615814209 0.002184694167226553 
vn 3.097898456858039e-13 -0.999997615814209 0.002184694167226553 
vn 3.097898456858039e-13 -0.999997615814209 0.002184694167226553 
vn 3.097898456858039e-13 -0.999997615814209 0.002184694167226553 
vn 3.097898456858039e-13 -0.999997615814209 0.002184694167226553 
vn 3.097898456858039e-13 -0.999997615814209 0.002184694167226553 
vn -0.16537824273109436 -0.986227810382843 0.002184694167226553 
vn -0.16537824273109436 -0.986227810382843 0.002184694167226553 
vn -0.651740550994873 -0.7584388852119446 -0.002184694167226553 
vn -0.651740550994873 -0.7584388852119446 -0.002184694167226553 
vn -0.6743503212928772 -0.7384083271026611 0.002184694167226553 
vn -0.6743503212928772 -0.7384083271026611 0.002184694167226553 
vn 3.097898456858039e-13 -0.999997615814209 0.002184694167226553 
vn 3.097898456858039e-13 -0.999997615814209 0.002184694167226553 
vn 3.097898456858039e-13 -0.999997615814209 0.002184694167226553 
vn 3.097898456858039e-13 -0.999997615814209 0.002184694167226553 
vn 3.097898456858039e-13 -0.999997615814209 0.002184694167226553 
vn 3.097898456858039e-13 -0.999997615814209 0.002184694167226553 
vn -0.16537824273109436 -0.986227810382843 0.002184694167226553 
vn -0.16537824273109436 -0.986227810382843 0.002184694167226553 
vn -0.651740550994873 -0.7584388852119446 -0.002184694167226553 
vn -0.651740550994873 -0.7584388852119446 -0.002184694167226553 
vn -0.6743503212928772 -0.7384083271026611 0.002184694167226553 
vn -0.6743503212928772 -0.7384083271026611 0.002184694167226553 
vn 3.097898456858039e-13 -0.999997615814209 0.002184694167226553 
vn 3.097898456858039e-13 -0.999997615814209 0.002184694167226553 
vn 3.097898456858039e-13 -0.999997615814209 0.002184694167226553 
vn 3.097898456858039e-13 -0.999997615814209 0.002184694167226553 
vn 3.097898456858039e-13 -0.999997615814209 0.002184694167226553 
vn 3.097898456858039e-13 -0.999997615814209 0.002184694167226553 
vn -0.16537824273109436 -0.986227810382843 0.002184694167226553 
vn -0.16537824273109436 -0.986227810382843 0.002184694167226553 
vn -0.651740550994873 -0.7584388852119446 -0.002184694167226553 
vn -0.651740550994873 -0.7584388852119446 -0.002184694167226553 
vn -0.6743503212928772 -0.7384083271026611 0.002184694167226553 
vn -0.6743503212928772 -0.7384083271026611 0.002184694167226553 
vn 3.097898456858039e-13 -0.999997615814209 0.002184694167226553 
vn 3.097898456858039e-13 -0.999997615814209 0.002184694167226553 
vn 3.097898456858039e-13 -0.999997615814209 0.002184694167226553 
vn 3.097898456858039e-13 -0.999997615814209 0.002184694167226553 
vn 3.097898456858039e-13 -0.999997615814209 0.002184694167226553 
vn 3.097898456858039e-13 -0.999997615814209 0.002184694167226553 
vn -0.16537824273109436 -0.986227810382843 0.002184694167226553 
vn -0.16537824273109436 -0.986227810382843 0.002184694167226553 
vn -0.651740550994873 -0.7584388852119446 -0.002184694167226553 
vn -0.7495865225791931 -0.479280948638916 -0.456519216299057 
vn -0.6743503212928772 -0.7384083271026611 0.002184694167226553 
vn -0.6743503212928772 -0.7384083271026611 0.002184694167226553 
vn 3.097898456858039e-13 -0.999997615814209 0.002184694167226553 
vn 3.097898456858039e-13 -0.999997615814209 0.002184694167226553 
vn 3.097898456858039e-13 -0.999997615814209 0.002184694167226553 
vn 3.097898456858039e-13 -0.999997615814209 0.002184694167226553 
vn 3.097898456858039e-13 -0.999997615814209 0.002184694167226553 
vn -0.10736959427595139 -0.7564300298690796 -0.6452018022537231 
vn -0.2051471620798111 -0.738873302936554 -0.641857385635376 
vn -0.13005682826042175 -0.10198560357093811 -0.9862475395202637 
vn -0.4969263970851898 -0.08655478060245514 -0.8634653687477112 
vn 0.7130953669548035 -0.07545609027147293 -0.6969945430755615 
vn 0.6027560830116272 -0.09030525386333466 -0.7927988767623901 
vn 0.7409584522247314 0.007558020297437906 -0.6715083718299866 
vn 0.6368178129196167 0 -0.7710143327713013 
vn 0.6633312106132507 0.007550748065114021 -0.7482877969741821 
vn 0.2926684617996216 -0.007569136098027229 -0.9561840295791626 
vn 0.30527463555336 0 -0.9522643685340881 
vn 0.2799658477306366 -0.11084631830453873 -0.953589141368866 
vn 0.7130953669548035 -0.07545609027147293 -0.6969945430755615 
vn 0.7409584522247314 0.007558020297437906 -0.6715083718299866 
vn 0.642462968826294 -0.07537485659122467 -0.762600839138031 
vn 0.6665945649147034 0.007560499478131533 -0.7453821301460266 
vn 0.48154109716415405 0.007564652245491743 -0.8763908743858337 
vn 0.6889544129371643 0.015111771412193775 -0.7246471047401428 
vn 0.5229321122169495 0.015110774897038937 -0.8522403836250305 
vn 0.7667868733406067 0.007551754824817181 -0.641857385635376 
vn -0.695955753326416 -0.06025737524032593 0.715552031993866 
vn -0.39888304471969604 -0.0822204053401947 0.913308322429657 
vn -0.2801910638809204 -0.7257130742073059 0.6283578276634216 
vn -0.11076616495847702 -0.7415078282356262 0.661737859249115 
vn 3.097898456858039e-13 -0.999997615814209 0.002184694167226553 
vn -0.16537824273109436 -0.986227810382843 0.002184694167226553 
vn -0.16537824273109436 -0.986227810382843 0.002184694167226553 
vn -0.6574495434761047 -0.7534953951835632 -0.002184694167226553 
vn -0.6574495434761047 -0.7534953951835632 -0.002184694167226553 
vn -0.6574495434761047 -0.7534953951835632 -0.002184694167226553 
vn -0.7461490035057068 -0.4656521677970886 0.4758462607860565 
vn -0.20645380020141602 -0.7207494974136353 0.661737859249115 
vn -0.12396543473005295 -0.08087372779846191 0.9889853596687317 
vn -0.1589660346508026 -0.08961576968431473 0.983208417892456 
vn -0.9989712238311768 -0.04529581964015961 0.002184694167226553 
vn -0.9989712238311768 -0.04529581964015961 0.002184694167226553 
vn -0.9989712238311768 -0.04529581964015961 0.002184694167226553 
vn -0.9989712238311768 -0.04529581964015961 0.002184694167226553 
vn -0.9989712238311768 -0.04529581964015961 0.002184694167226553 
vn -0.9989712238311768 -0.04529581964015961 0.002184694167226553 
vn -0.9989712238311768 -0.04529581964015961 0.002184694167226553 
vn -0.9989712238311768 -0.04529581964015961 0.002184694167226553 
vn -0.9989712238311768 -0.04529581964015961 0.002184694167226553 
vn -0.9989712238311768 -0.04529581964015961 0.002184694167226553 
vn -0.9989712238311768 -0.04529581964015961 0.002184694167226553 
vn -0.9989712238311768 -0.04529581964015961 0.002184694167226553 
vn -0.6743503212928772 -0.7384083271026611 0.002184694167226553 
vn -0.6743503212928772 -0.7384083271026611 0.002184694167226553 
vn 3.097898456858039e-13 -0.999997615814209 0.002184694167226553 
vn -0.49813634157180786 -0.7119609713554382 -0.4949462115764618 
vn -0.27004244923591614 -0.7382553219795227 -0.6181069612503052 
vn -0.39543429017066956 -0.09746579825878143 -0.913308322429657 
vn -0.15633562207221985 -0.10985144227743149 -0.9815762042999268 
vn -0.9989712238311768 -0.04529581964015961 0.002184694167226553 
vn -0.9940170645713806 -0.037733044475317 -0.10250037163496017 
vn -0.7018807530403137 -0.6791974306106567 -0.21460255980491638 
vn -0.9128797054290771 -0.04903874546289444 -0.405272513628006 
vn -0.6913214325904846 -0.07544795423746109 -0.7185974717140198 
vn 0.9080133438110352 0.26054298877716064 0.3280687630176544 
vn 0.3797886371612549 0.59001225233078 0.7124928832054138 
vn 0.8865554928779602 0.04526573419570923 0.46040233969688416 
vn 0.37117835879325867 0.14712196588516235 0.916832447052002 
vn 0.3465781807899475 0 0.9380210638046265 
vn -0.016648324206471443 0.12527213990688324 0.9919826984405518 
vn 0 0 1 
vn 0 0 1 
vn 0.0015174545114859939 -0.008605912327766418 0.999961793422699 
vn 0.0015174545114859939 -0.008605912327766418 0.999961793422699 
vn -0.0018501408630982041 -0.07418830692768097 0.9972425103187561 
vn 0.0015174545114859939 -0.008605912327766418 0.999961793422699 
vn -0.0018418359104543924 -0.07854640483856201 0.9969087839126587 
vn 0.11141466349363327 -0.08372268825769424 0.9902410507202148 
vn -0.014844573102891445 0.10800229012966156 0.9940398335456848 
vn -0.012942096218466759 0.09948867559432983 0.994954526424408 
vn 0 0 1 
vn 0.11770011484622955 0 0.9930492043495178 
vn 0.1174631416797638 -0.007465002592653036 0.9930492043495178 
vn 0.3423936665058136 -0.007523318286985159 0.9395264387130737 
vn 0.3749046325683594 -0.09688129276037216 0.9219872951507568 
vn 0.5718677639961243 -0.10487229377031326 0.8136147856712341 
vn -0.03573688492178917 0.39766961336135864 0.916832447052002 
vn -0.04885592684149742 0.5320379734039307 0.8453097939491272 
vn -0.026290033012628555 0.31248050928115845 0.949560284614563 
vn -0.05414304509758949 0.3046588599681854 0.9509214162826538 
vn 0.0555698536336422 0.1086520329117775 0.9925254583358765 
vn 0.1904878318309784 0.09411241114139557 0.9771679639816284 
vn 0.3094325065612793 0 0.9509214162826538 
vn 0.4584618806838989 0 0.888714075088501 
vn 0.5193669199943542 -0.007536969613283873 0.8545181155204773 
vn 0.6163880825042725 0 0.7874425053596497 
vn 0.6416509747505188 -0.10506165027618408 0.7597671151161194 
vn -0.07615267485380173 0.2999154031276703 0.9509214162826538 
vn 0.011283842846751213 0.34229037165641785 0.9395264387130737 
vn 0.3475700616836548 0.08924082666635513 0.933397650718689 
vn 0.5033456683158875 0.11212503165006638 0.8567795157432556 
vn 0.5740745663642883 0.015064070001244545 0.8186644315719604 
vn 0.5666459798812866 0.022593408823013306 0.8236515522003174 
vn 0.5777946710586548 0.007532358169555664 0.8161473870277405 
vn 0.3342530131340027 0 0.9424833655357361 
vn 0.5776837468147278 -0.11226903647184372 0.8085030317306519 
vn 0.33191320300102234 -0.12525855004787445 0.9349566102027893 
vn 0.21854887902736664 0.45878031849861145 0.8612531423568726 
vn 0.284017950296402 0.6450246572494507 0.7094202041625977 
vn 0.5218664407730103 0.17035654187202454 0.8358433246612549 
vn 0.3100055754184723 0.22523224353790283 0.9236704111099243 
vn 0.33803436160087585 0.015019997023046017 0.9410139322280884 
vn 0.07822276651859283 0.007357223890721798 0.9969087839126587 
vn 0.07273994386196136 -0.014704696834087372 0.9972425103187561 
vn -0.04129785671830177 -0.024551793932914734 0.9988451600074768 
vn 0.029718754813075066 -0.14940626919269562 0.9883291721343994 
vn -0.31314751505851746 -0.12818530201911926 0.9410139322280884 
vn -0.46303829550743103 -0.10099082440137863 0.8805659413337708 
vn -0.09698789566755295 -0.02566792257130146 0.994954526424408 
vn -0.020333990454673767 -0.01654292829334736 0.9996563792228699 
vn 0 0 1 
vn -0.005639985669404268 0.25488579273223877 0.9669547080993652 
vn 0.06858720630407333 0.2499305158853531 0.9658315181732178 
vn 0.02074461057782173 0.8246276378631592 0.5652954578399658 
vn 0.15368719398975372 0.7653850317001343 0.6249527335166931 
vn 0.6053563952445984 0.6520228981971741 0.456519216299057 
vn 0.6702814698219299 0.73163902759552 -0.1242060661315918 
vn 0.6429686546325684 0.6149646639823914 0.456519216299057 
vn 0.7187607884407043 0.6840729117393494 -0.1242060661315918 
vn 0.6072320938110352 0.790843665599823 -0.0763898640871048 
vn 0.706462562084198 0.677089512348175 -0.2060592919588089 
vn 0.606001615524292 0.7737392783164978 -0.18463370203971863 
vn 0.6121999621391296 0.7745910882949829 -0.15880759060382843 
vn 0.6507861018180847 0.729546070098877 -0.2103329300880432 
vn 0.6523736119270325 0.7350640296936035 -0.18463370203971863 
vn 0.7086305022239685 0.6832666993141174 -0.1760382205247879 
vn 0.7135365009307861 0.689520537853241 -0.1242060661315918 
vn 0.6263467669487 0.7715741991996765 -0.1111890971660614 
vn 0.6590734720230103 0.7417513132095337 -0.1242060661315918 
vn 0.6629945039749146 0.7483660578727722 0.01966099627315998 
vn 0.7229284048080444 0.6908918619155884 -0.006554040592163801 
vn 0.6845865845680237 0.69792640209198 0.2103329300880432 
vn 0.6282840967178345 0.7774655818939209 -0.028397228568792343 
vn 0.5917209982872009 0.7990308403968811 0.10684575140476227 
vn -0.4801625609397888 -0.07128486782312393 0.87427818775177 
vn -0.450615257024765 -0.00753075210377574 0.8926864862442017 
vn -0.12396543473005295 -0.08087372779846191 0.9889853596687317 
vn -0.1171671599149704 -0.01118810661137104 0.9930492043495178 
vn -0.16489526629447937 -0.011197750456631184 0.9862475395202637 
vn -0.11764085292816162 0.003734381403774023 0.9930492043495178 
vn -0.1652328372001648 0.0037351271603256464 0.9862475395202637 
vn -0.1599423587322235 0.15861855447292328 0.9742990136146545 
vn -0.40726879239082336 -8.405173665361129e-14 0.913308322429657 
vn -0.3979334831237793 0.14394532144069672 0.9060511589050293 
vn -0.6919783353805542 0.11627502739429474 0.7124928832054138 
vn -0.30351459980010986 0.6662545800209045 0.681163489818573 
vn -0.5636292695999146 0.6022982001304626 0.5652954578399658 
vn -0.7078787684440613 -1.4640568759497624e-13 0.7063339352607727 
vn -0.7047756910324097 -0.0037719577085226774 0.7094202041625977 
vn -0.40719926357269287 -0.007525881286710501 0.913308322429657 
vn -0.39888304471969604 -0.0822204053401947 0.913308322429657 
vn -0.1589660346508026 -0.08961576968431473 0.983208417892456 
vn 0.6248135566711426 0.7195010185241699 0.30319350957870483 
vn 0.5201507210731506 0.6678047776222229 0.5324283838272095 
vn 0.5651739835739136 0.7208033204078674 0.401274174451828 
vn 0.3900511562824249 0.8062240481376648 0.44481781125068665 
vn 0.48303309082984924 0.8466949462890625 0.22312943637371063 
vn 0.3256995975971222 0.9144707322120667 0.2401314377784729 
vn 0.8948248624801636 -0.03775627911090851 -0.44481781125068665 
vn 0.380763441324234 -0.0899546891450882 -0.9202865362167358 
vn 0.8955892324447632 -0.007553404662758112 -0.44481781125068665 
vn 0.37907302379608154 -0.007562228478491306 -0.9253358840942383 
vn 0.3831879794597626 0 -0.9236704111099243 
vn 0.0106044327840209 -0.007704571355134249 -0.9999141097068787 
vn 0.013107799924910069 0 -0.9999141097068787 
vn 0.013107799924910069 0 -0.9999141097068787 
vn 0.009499812498688698 0.16068360209465027 -0.986960232257843 
vn 0.009441214613616467 0.1693197339773178 -0.9855159521102905 
vn 0.005665153730660677 0.7200927138328552 -0.6938546895980835 
vn 0.015111430548131466 0.1775464564561844 -0.9839963912963867 
vn 0.009441685862839222 0.7320704460144043 -0.681163489818573 
vn 0.14451083540916443 0.7615821957588196 -0.6317508816719055 
vn 0.013107799924910069 0 -0.9999141097068787 
vn 0.20378006994724274 0.0075797527097165585 -0.9789873361587524 
vn 0.010896530002355576 -0.013663816265761852 -0.9998472929000854 
vn 0.16958275437355042 0 -0.9855159521102905 
vn 0.14763079583644867 -0.09978099912405014 -0.9839963912963867 
vn 0.4455612897872925 -0.0900721624493599 -0.8907088041305542 
vn 0.015745941549539566 -0.007582846097648144 -0.9998472929000854 
vn 0.01325214933604002 -0.09944784641265869 -0.994954526424408 
vn 0.007566623389720917 -0.09131556749343872 -0.9957932829856873 
vn 0.013194040395319462 -0.10383842885494232 -0.9945066571235657 
vn -0.7323124408721924 -0.06396398693323135 0.677958071231842 
vn -0.7817959785461426 -0.49346238374710083 0.3811691105365753 
vn -0.4296572804450989 -0.08978573977947235 0.8985171914100647 
vn -0.38626813888549805 -0.7344112992286682 0.5580654144287109 
vn -0.12201692909002304 -0.742662787437439 0.6584556698799133 
vn -0.2685312330722809 -0.963268518447876 -0.002184694167226553 
vn 3.097898456858039e-13 -0.999997615814209 0.002184694167226553 
vn 3.097898456858039e-13 -0.999997615814209 0.002184694167226553 
vn 3.097898456858039e-13 -0.999997615814209 0.002184694167226553 
vn 3.097898456858039e-13 -0.999997615814209 0.002184694167226553 
vn 3.097898456858039e-13 -0.999997615814209 0.002184694167226553 
vn 3.097898456858039e-13 -0.999997615814209 0.002184694167226553 
vn 3.097898456858039e-13 -0.999997615814209 0.002184694167226553 
vn 3.097898456858039e-13 -0.999997615814209 0.002184694167226553 
vn 3.097898456858039e-13 -0.999997615814209 0.002184694167226553 
vn 3.097898456858039e-13 -0.999997615814209 0.002184694167226553 
vn 3.097898456858039e-13 -0.999997615814209 0.002184694167226553 
vn 3.097898456858039e-13 -0.999997615814209 0.002184694167226553 
vn 3.097898456858039e-13 -0.999997615814209 0.002184694167226553 
vn 3.097898456858039e-13 -0.999997615814209 0.002184694167226553 
vn 3.097898456858039e-13 -0.999997615814209 0.002184694167226553 
vn 3.097898456858039e-13 -0.999997615814209 0.002184694167226553 
vn 3.097898456858039e-13 -0.999997615814209 0.002184694167226553 
vn 3.097898456858039e-13 -0.999997615814209 0.002184694167226553 
vn 3.097898456858039e-13 -0.999997615814209 0.002184694167226553 
vn 3.097898456858039e-13 -0.999997615814209 0.002184694167226553 
vn 3.097898456858039e-13 -0.999997615814209 0.002184694167226553 
vn 3.097898456858039e-13 -0.999997615814209 0.002184694167226553 
vn 3.097898456858039e-13 -0.999997615814209 0.002184694167226553 
vn 3.097898456858039e-13 -0.999997615814209 0.002184694167226553 
vn 3.097898456858039e-13 -0.999997615814209 0.002184694167226553 
vn 3.097898456858039e-13 -0.999997615814209 0.002184694167226553 
vn 0.3756946325302124 -0.9267409443855286 0.002184694167226553 
vn 0.3756946325302124 -0.9267409443855286 0.002184694167226553 
vn 0.8819191455841064 -0.4713956117630005 0.002184694167226553 
vn 0.3756946325302124 -0.9267409443855286 0.002184694167226553 
vn 0.8819191455841064 -0.4713956117630005 0.002184694167226553 
vn 0.8819191455841064 -0.4713956117630005 0.002184694167226553 
vn -0.2685312330722809 -0.963268518447876 -0.002184694167226553 
vn -0.2685312330722809 -0.963268518447876 -0.002184694167226553 
vn 3.097898456858039e-13 -0.999997615814209 0.002184694167226553 
vn 3.097898456858039e-13 -0.999997615814209 0.002184694167226553 
vn 3.097898456858039e-13 -0.999997615814209 0.002184694167226553 
vn 3.097898456858039e-13 -0.999997615814209 0.002184694167226553 
vn 3.097898456858039e-13 -0.999997615814209 0.002184694167226553 
vn 3.097898456858039e-13 -0.999997615814209 0.002184694167226553 
vn 3.097898456858039e-13 -0.999997615814209 0.002184694167226553 
vn 3.097898456858039e-13 -0.999997615814209 0.002184694167226553 
vn 3.097898456858039e-13 -0.999997615814209 0.002184694167226553 
vn 3.097898456858039e-13 -0.999997615814209 0.002184694167226553 
vn 3.097898456858039e-13 -0.999997615814209 0.002184694167226553 
vn 3.097898456858039e-13 -0.999997615814209 0.002184694167226553 
vn 3.097898456858039e-13 -0.999997615814209 0.002184694167226553 
vn 3.097898456858039e-13 -0.999997615814209 0.002184694167226553 
vn 3.097898456858039e-13 -0.999997615814209 0.002184694167226553 
vn 3.097898456858039e-13 -0.999997615814209 0.002184694167226553 
vn 3.097898456858039e-13 -0.999997615814209 0.002184694167226553 
vn 3.097898456858039e-13 -0.999997615814209 0.002184694167226553 
vn 0.3756946325302124 -0.9267409443855286 0.002184694167226553 
vn 0.3756946325302124 -0.9267409443855286 0.002184694167226553 
vn 0.8819191455841064 -0.4713956117630005 0.002184694167226553 
vn 0.7291510105133057 -0.42533764243125916 -0.5361219048500061 
vn -0.2685312330722809 -0.963268518447876 -0.002184694167226553 
vn -0.2685312330722809 -0.963268518447876 -0.002184694167226553 
vn 3.097898456858039e-13 -0.999997615814209 0.002184694167226553 
vn 3.097898456858039e-13 -0.999997615814209 0.002184694167226553 
vn 3.097898456858039e-13 -0.999997615814209 0.002184694167226553 
vn 3.097898456858039e-13 -0.999997615814209 0.002184694167226553 
vn 3.097898456858039e-13 -0.999997615814209 0.002184694167226553 
vn 3.097898456858039e-13 -0.999997615814209 0.002184694167226553 
vn 3.097898456858039e-13 -0.999997615814209 0.002184694167226553 
vn 3.097898456858039e-13 -0.999997615814209 0.002184694167226553 
vn 3.097898456858039e-13 -0.999997615814209 0.002184694167226553 
vn 3.097898456858039e-13 -0.999997615814209 0.002184694167226553 
vn 3.097898456858039e-13 -0.999997615814209 0.002184694167226553 
vn 3.097898456858039e-13 -0.999997615814209 0.002184694167226553 
vn 3.097898456858039e-13 -0.999997615814209 0.002184694167226553 
vn 3.097898456858039e-13 -0.999997615814209 0.002184694167226553 
vn 3.097898456858039e-13 -0.999997615814209 0.002184694167226553 
vn 3.097898456858039e-13 -0.999997615814209 0.002184694167226553 
vn 3.097898456858039e-13 -0.999997615814209 0.002184694167226553 
vn 0.0018878066912293434 -0.7751691937446594 -0.6317508816719055 
vn 0.30260002613067627 -0.7700274586677551 -0.5616858005523682 
vn 0.06949608027935028 -0.1355571150779724 -0.9883291721343994 
vn 0.3790569305419922 -0.11201854795217514 -0.9185682535171509 
vn -0.2685312330722809 -0.963268518447876 -0.002184694167226553 
vn -0.2685312330722809 -0.963268518447876 -0.002184694167226553 
vn 3.097898456858039e-13 -0.999997615814209 0.002184694167226553 
vn 3.097898456858039e-13 -0.999997615814209 0.002184694167226553 
vn 3.097898456858039e-13 -0.999997615814209 0.002184694167226553 
vn 3.097898456858039e-13 -0.999997615814209 0.002184694167226553 
vn 3.097898456858039e-13 -0.999997615814209 0.002184694167226553 
vn 3.097898456858039e-13 -0.999997615814209 0.002184694167226553 
vn 3.097898456858039e-13 -0.999997615814209 0.002184694167226553 
vn 3.097898456858039e-13 -0.999997615814209 0.002184694167226553 
vn 3.097898456858039e-13 -0.999997615814209 0.002184694167226553 
vn 3.097898456858039e-13 -0.999997615814209 0.002184694167226553 
vn 3.097898456858039e-13 -0.999997615814209 0.002184694167226553 
vn 3.097898456858039e-13 -0.999997615814209 0.002184694167226553 
vn 3.097898456858039e-13 -0.999997615814209 0.002184694167226553 
vn 0.0018878066912293434 -0.7751691937446594 -0.6317508816719055 
vn 0.0018878066912293434 -0.7751691937446594 -0.6317508816719055 
vn 0.0037879212759435177 -0.11329668015241623 -0.9935539960861206 
vn 0.0037879212759435177 -0.11329668015241623 -0.9935539960861206 
vn -0.2612491250038147 -0.9652689099311829 -0.002184694167226553 
vn -0.2612491250038147 -0.9652689099311829 -0.002184694167226553 
vn 3.097898456858039e-13 -0.999997615814209 0.002184694167226553 
vn 3.097898456858039e-13 -0.999997615814209 0.002184694167226553 
vn 3.097898456858039e-13 -0.999997615814209 0.002184694167226553 
vn 3.097898456858039e-13 -0.999997615814209 0.002184694167226553 
vn 3.097898456858039e-13 -0.999997615814209 0.002184694167226553 
vn 3.097898456858039e-13 -0.999997615814209 0.002184694167226553 
vn 3.097898456858039e-13 -0.999997615814209 0.002184694167226553 
vn 3.097898456858039e-13 -0.999997615814209 0.002184694167226553 
vn 3.097898456858039e-13 -0.999997615814209 0.002184694167226553 
vn 0.0018878066912293434 -0.7751691937446594 -0.6317508816719055 
vn 0.0018878066912293434 -0.7751691937446594 -0.6317508816719055 
vn 0.0037879212759435177 -0.11329668015241623 -0.9935539960861206 
vn 0.0037879212759435177 -0.11329668015241623 -0.9935539960861206 
vn -0.2612491250038147 -0.9652689099311829 -0.002184694167226553 
vn -0.2612491250038147 -0.9652689099311829 -0.002184694167226553 
vn 3.097898456858039e-13 -0.999997615814209 0.002184694167226553 
vn 3.097898456858039e-13 -0.999997615814209 0.002184694167226553 
vn 3.097898456858039e-13 -0.999997615814209 0.002184694167226553 
vn 3.097898456858039e-13 -0.999997615814209 0.002184694167226553 
vn 3.097898456858039e-13 -0.999997615814209 0.002184694167226553 
vn 0.0018878066912293434 -0.7751691937446594 -0.6317508816719055 
vn 0.0018878066912293434 -0.7751691937446594 -0.6317508816719055 
vn 0.0037879212759435177 -0.11329668015241623 -0.9935539960861206 
vn 0.0037879212759435177 -0.11329668015241623 -0.9935539960861206 
vn -0.6913214325904846 -0.07544795423746109 -0.7185974717140198 
vn -0.9128797054290771 -0.04903874546289444 -0.405272513628006 
vn -0.7047452330589294 -0.007556680589914322 -0.7094202041625977 
vn -0.9013431072235107 -0.007551250979304314 -0.43303996324539185 
vn -0.9013746976852417 -1.860248337749032e-13 -0.43303996324539185 
vn -0.9766941666603088 -0.0037741579581052065 -0.21460255980491638 
vn -0.9766941666603088 0.0037741579581052065 -0.21460255980491638 
vn -0.9982536435127258 0.0037739125546067953 -0.058952588587999344 
vn -0.9749960899353027 0.07171287387609482 -0.2103329300880432 
vn -0.9953637719154358 0.07918879389762878 -0.05459024757146835 
vn -0.8440302610397339 0.5330454707145691 -0.058952588587999344 
vn -0.9965491890907288 0.08297525346279144 0.002184694167226553 
vn -0.8314676284790039 0.5555689334869385 0.002184694167226553 
vn -0.8314676284790039 0.5555689334869385 0.002184694167226553 
vn -0.9979865550994873 -0.0037729027681052685 -0.0633138045668602 
vn -0.9999691247940063 -0.007551815826445818 0.002184694167226553 
vn -0.999997615814209 -2.0682260971124217e-13 0.002184694167226553 
vn -0.999997615814209 -2.0682260971124217e-13 0.002184694167226553 
vn -0.9965491890907288 0.08297525346279144 0.002184694167226553 
vn -0.9965491890907288 0.08297525346279144 0.002184694167226553 
vn -0.8314676284790039 0.5555689334869385 0.002184694167226553 
vn -0.8314676284790039 0.5555689334869385 0.002184694167226553 
vn -0.9940170645713806 -0.037733044475317 -0.10250037163496017 
vn -0.9766358137130737 -0.011322248727083206 -0.21460255980491638 
vn -0.9989712238311768 -0.04529581964015961 0.002184694167226553 
vn -0.9989712238311768 -0.04529581964015961 0.002184694167226553 
vn -0.9999691247940063 -0.007551815826445818 0.002184694167226553 
vn -0.9999691247940063 -0.007551815826445818 0.002184694167226553 
vn -0.999997615814209 -2.0682260971124217e-13 0.002184694167226553 
vn -0.999997615814209 -2.0682260971124217e-13 0.002184694167226553 
vn -0.9965491890907288 0.08297525346279144 0.002184694167226553 
vn -0.9965491890907288 0.08297525346279144 0.002184694167226553 
vn -0.8314676284790039 0.5555689334869385 0.002184694167226553 
vn -0.9989712238311768 -0.04529581964015961 0.002184694167226553 
vn -0.9989712238311768 -0.04529581964015961 0.002184694167226553 
vn -0.9999691247940063 -0.007551815826445818 0.002184694167226553 
vn -0.9999691247940063 -0.007551815826445818 0.002184694167226553 
vn -0.999997615814209 -2.0682260971124217e-13 0.002184694167226553 
vn -0.999997615814209 -2.0682260971124217e-13 0.002184694167226553 
vn -0.9965491890907288 0.08297525346279144 0.002184694167226553 
vn -0.9965491890907288 0.08297525346279144 0.002184694167226553 
vn -0.8314676284790039 0.5555689334869385 0.002184694167226553 
vn -0.8314676284790039 0.5555689334869385 0.002184694167226553 
vn -0.9989712238311768 -0.04529581964015961 0.002184694167226553 
vn -0.9989712238311768 -0.04529581964015961 0.002184694167226553 
vn -0.9999691247940063 -0.007551815826445818 0.002184694167226553 
vn -0.9999691247940063 -0.007551815826445818 0.002184694167226553 
vn -0.999997615814209 -2.0682260971124217e-13 0.002184694167226553 
vn -0.999997615814209 -2.0682260971124217e-13 0.002184694167226553 
vn -0.9965491890907288 0.08297525346279144 0.002184694167226553 
vn -0.9965491890907288 0.08297525346279144 0.002184694167226553 
vn -0.8314676284790039 0.5555689334869385 0.002184694167226553 
vn -0.8314676284790039 0.5555689334869385 0.002184694167226553 
vn -0.9989712238311768 -0.04529581964015961 0.002184694167226553 
vn -0.9989712238311768 -0.04529581964015961 0.002184694167226553 
vn -0.9999691247940063 -0.007551815826445818 0.002184694167226553 
vn -0.9999691247940063 -0.007551815826445818 0.002184694167226553 
vn -0.999997615814209 -2.0682260971124217e-13 0.002184694167226553 
vn -0.999997615814209 -2.0682260971124217e-13 0.002184694167226553 
vn -0.9965491890907288 0.08297525346279144 0.002184694167226553 
vn -0.9965491890907288 0.08297525346279144 0.002184694167226553 
vn -0.8314676284790039 0.5555689334869385 0.002184694167226553 
vn -0.8314676284790039 0.5555689334869385 0.002184694167226553 
vn -0.9989712238311768 -0.04529581964015961 0.002184694167226553 
vn -0.9989712238311768 -0.04529581964015961 0.002184694167226553 
vn -0.9999691247940063 -0.007551815826445818 0.002184694167226553 
vn -0.9999691247940063 -0.007551815826445818 0.002184694167226553 
vn -0.999997615814209 -2.0682260971124217e-13 0.002184694167226553 
vn -0.999997615814209 -2.0682260971124217e-13 0.002184694167226553 
vn -0.9965491890907288 0.08297525346279144 0.002184694167226553 
vn -0.9965491890907288 0.08297525346279144 0.002184694167226553 
vn -0.8314676284790039 0.5555689334869385 0.002184694167226553 
vn -0.8314676284790039 0.5555689334869385 0.002184694167226553 
vn -0.9989712238311768 -0.04529581964015961 0.002184694167226553 
vn -0.9989712238311768 -0.04529581964015961 0.002184694167226553 
vn -0.9999691247940063 -0.007551815826445818 0.002184694167226553 
vn -0.9999691247940063 -0.007551815826445818 0.002184694167226553 
vn -0.999997615814209 -2.0682260971124217e-13 0.002184694167226553 
vn -0.9977074861526489 -2.0634896243966472e-13 0.06767380982637405 
vn -0.994850218296051 0.07914794236421585 0.0633138045668602 
vn -0.9716938138008118 0.06408196687698364 0.22738653421401978 
vn -0.8492022156715393 0.5237135291099548 0.06767380982637405 
vn -0.9330089688301086 0.27538609504699707 0.23163928091526031 
vn -0.9989712238311768 -0.04529581964015961 0.002184694167226553 
vn -0.9929317235946655 -0.04151540994644165 0.1111890971660614 
vn -0.9973737001419067 -0.007550365757197142 0.07203252613544464 
vn -0.9728017449378967 -2.0119787726060462e-13 0.23163928091526031 
vn -0.9728017449378967 -2.0119787726060462e-13 0.23163928091526031 
vn -0.8994660973548889 0.0037727272137999535 0.43697428703308105 
vn -0.8924462795257568 0.07534453272819519 0.44481781125068665 
vn -0.6919783353805542 0.11627502739429474 0.7124928832054138 
vn -0.7736389636993408 0.5061549544334412 0.3811691105365753 
vn -0.5636292695999146 0.6022982001304626 0.5652954578399658 
vn -0.972772479057312 -0.007545965723693371 0.23163928091526031 
vn -0.9098374843597412 -0.03773055970668793 0.41324591636657715 
vn -0.8994660973548889 -0.0037727272137999535 0.43697428703308105 
vn -0.7047756910324097 -0.0037719577085226774 0.7094202041625977 
vn -0.7078787684440613 -1.4640568759497624e-13 0.7063339352607727 
vn -0.927776575088501 0.3082055151462555 -0.2103329300880432 
vn -0.747694730758667 0.5600389838218689 -0.3568037748336792 
vn -0.8925996422767639 0.09419555962085724 -0.4409002661705017 
vn -0.687778651714325 0.13897621631622314 -0.7124928832054138 
vn -0.7078686952590942 0.0037756471429020166 -0.7063339352607727 
vn -0.6004085540771484 0.631099283695221 -0.4911448359489441 
vn -0.3190431594848633 0.7184394598007202 -0.6181069612503052 
vn -0.6996522545814514 0.14253854751586914 -0.7001210451126099 
vn -0.4158867299556732 0.18351048231124878 -0.8907088041305542 
vn -0.4231681823730469 -8.752095998886683e-14 -0.9060511589050293 
vn -0.18814851343631744 0.19616305828094482 -0.962351381778717 
vn -0.19535815715789795 -4.0404579503125135e-14 -0.9807319641113281 
vn -0.048044804483652115 -9.936776438300692e-15 -0.9988451600074768 
vn -0.1952112317085266 -0.007575084920972586 -0.9807319641113281 
vn -0.05115484818816185 -0.01139522809535265 -0.9986256957054138 
vn -0.049752891063690186 -0.11143573373556137 -0.9925254583358765 
vn 0.0040505328215658665 -0.012466258369386196 -0.9999141097068787 
vn 0.0037879212759435177 -0.11329668015241623 -0.9935539960861206 
vn 0.0037879212759435177 -0.11329668015241623 -0.9935539960861206 
vn -0.05053034424781799 0.20197156071662903 -0.9780870079994202 
vn 0.0018953474937006831 0.2039121836423874 -0.9789873361587524 
vn -2.0682311115474694e-13 0 -1 
vn -2.0682311115474694e-13 0 -1 
vn 0.0040505328215658665 -0.012466258369386196 -0.9999141097068787 
vn 0.0040505328215658665 -0.012466258369386196 -0.9999141097068787 
vn 0.0037879212759435177 -0.11329668015241623 -0.9935539960861206 
vn 0.0037879212759435177 -0.11329668015241623 -0.9935539960861206 
vn -0.03022683411836624 0.7548844814300537 -0.6551609039306641 
vn -0.12787967920303345 0.7445878386497498 -0.6551609039306641 
vn -0.001889931270852685 0.7640098929405212 -0.6452018022537231 
vn 0.00377592328004539 0.7668147683143616 -0.641857385635376 
vn 0.0018903466407209635 0.2081880271434784 -0.9780870079994202 
vn -2.1971672121675126e-14 0.2124682515859604 -0.9771679639816284 
vn -2.0682311115474694e-13 0 -1 
vn -2.0682311115474694e-13 0 -1 
vn 0.0040505328215658665 -0.012466258369386196 -0.9999141097068787 
vn 0.0040505328215658665 -0.012466258369386196 -0.9999141097068787 
vn 0.0037879212759435177 -0.11329668015241623 -0.9935539960861206 
vn 0.0037797014228999615 0.7723944783210754 -0.6351318359375 
vn -0.0037797014228999615 0.7723944783210754 -0.6351318359375 
vn -2.1971672121675126e-14 0.2124682515859604 -0.9771679639816284 
vn -2.1971672121675126e-14 0.2124682515859604 -0.9771679639816284 
vn -2.0682311115474694e-13 0 -1 
vn -2.0682311115474694e-13 0 -1 
vn 0.0040505328215658665 -0.012466258369386196 -0.9999141097068787 
vn 0.0040505328215658665 -0.012466258369386196 -0.9999141097068787 
vn 0.0037879212759435177 -0.11329668015241623 -0.9935539960861206 
vn 0.0037879212759435177 -0.11329668015241623 -0.9935539960861206 
vn -0.0037797014228999615 0.7723944783210754 -0.6351318359375 
vn -7.958773072004599e-14 0.7696212530136108 -0.6385006904602051 
vn -2.1971672121675126e-14 0.2124682515859604 -0.9771679639816284 
vn 0.0018903466407209635 0.2081880271434784 -0.9780870079994202 
vn -2.0682311115474694e-13 0 -1 
vn -2.0682311115474694e-13 0 -1 
vn 0.0040505328215658665 -0.012466258369386196 -0.9999141097068787 
vn 0.03632176294922829 -0.015044965781271458 -0.9992268681526184 
vn 0.06949608027935028 -0.1355571150779724 -0.9883291721343994 
vn 0.3790569305419922 -0.11201854795217514 -0.9185682535171509 
vn -0.00377592328004539 0.7668147683143616 -0.641857385635376 
vn -0.001889931270852685 0.7640098929405212 -0.6452018022537231 
vn 0.0018903466407209635 0.2081880271434784 -0.9780870079994202 
vn 0.0018953474937006831 0.2039121836423874 -0.9789873361587524 
vn -2.0682311115474694e-13 0 -1 
vn -2.0682311115474694e-13 0 -1 
vn 0.06372856348752975 -0.01510394737124443 -0.9978529810905457 
vn 0.06372856348752975 -0.01510394737124443 -0.9978529810905457 
vn 0.5400736927986145 -0.07539321482181549 -0.838234007358551 
vn 0.5364699959754944 -0.09779420495033264 -0.838234007358551 
vn -0.001889931270852685 0.7640098929405212 -0.6452018022537231 
vn -0.001889931270852685 0.7640098929405212 -0.6452018022537231 
vn 0.0018953474937006831 0.2039121836423874 -0.9789873361587524 
vn 0.0018953474937006831 0.2039121836423874 -0.9789873361587524 
vn -2.0682311115474694e-13 0 -1 
vn -2.0682311115474694e-13 0 -1 
vn 0.03632176294922829 -0.015044965781271458 -0.9992268681526184 
vn 0.010922610759735107 -0.018918516114354134 -0.9997613430023193 
vn 0.40212109684944153 -0.15530528128147125 -0.9023185968399048 
vn 0.1558634638786316 -0.17987601459026337 -0.9712626934051514 
vn 0.0018888887716457248 0.7611834406852722 -0.6485338807106018 
vn 0.0018888887716457248 0.7611834406852722 -0.6485338807106018 
vn 0.0018953474937006831 0.2039121836423874 -0.9789873361587524 
vn 0.0018953474937006831 0.2039121836423874 -0.9789873361587524 
vn -2.0682311115474694e-13 0 -1 
vn -2.0682311115474694e-13 0 -1 
vn 0.0037933827843517065 -0.02151334285736084 -0.9997613430023193 
vn 0.001958925975486636 -0.02614004909992218 -0.9996563792228699 
vn 0.04506191611289978 -0.21199963986873627 -0.976230263710022 
vn 0.001893154694698751 -0.24224422872066498 -0.9702134728431702 
vn 0.0018888887716457248 0.7611834406852722 -0.6485338807106018 
vn 0.0018888887716457248 0.7611834406852722 -0.6485338807106018 
vn 0.0018953474937006831 0.2039121836423874 -0.9789873361587524 
vn 0.0018953474937006831 0.2039121836423874 -0.9789873361587524 
vn -2.0682311115474694e-13 0 -1 
vn 0.0018953474937006831 0.2039121836423874 -0.9789873361587524 
vn 0.0018888887716457248 0.7611834406852722 -0.6485338807106018 
vn 0.0018888887716457248 0.7611834406852722 -0.6485338807106018 
vn -0.6182490587234497 0.5849201083183289 0.5250110030174255 
vn -0.7007317543029785 0.12015252560377121 0.7032341957092285 
vn -0.33279597759246826 0.6718257665634155 0.661737859249115 
vn -0.4175627827644348 0.1475343257188797 0.8965907096862793 
vn -0.18094496428966522 0.16107380390167236 0.9702134728431702 
vn -0.423151433467865 0.003766018431633711 0.9060511589050293 
vn -0.18674300611019135 0.0037372533697634935 0.9824016690254211 
vn -0.18644395470619202 -0.01120577473193407 0.9824016690254211 
vn -0.043680015951395035 -9.034036675204318e-15 0.9990455508232117 
vn -0.04678100720047951 -0.010947178117930889 0.9988451600074768 
vn 0.0015174545114859939 -0.008605912327766418 0.999961793422699 
vn -0.0413704477250576 -0.09140010923147202 0.994954526424408 
vn 0.0036895086523145437 -0.09155420958995819 0.9957932829856873 
vn 0 0 1 
vn -0.001867682789452374 0.16526448726654053 0.9862475395202637 
vn -0.040863968431949615 0.164585679769516 0.9855159521102905 
vn -0.03391040861606598 0.7070660591125488 0.7063339352607727 
vn -0.13116195797920227 0.6956212520599365 0.7063339352607727 
vn 0.0036895086523145437 -0.09155420958995819 0.9957932829856873 
vn 0.0015174545114859939 -0.008605912327766418 0.999961793422699 
vn 0 0 1 
vn 0.0015174545114859939 -0.008605912327766418 0.999961793422699 
vn 0 0 1 
vn 0 0 1 
vn -0.001867682789452374 0.16526448726654053 0.9862475395202637 
vn 0.06981504708528519 0.20518353581428528 0.976230263710022 
vn 0.2339019924402237 0.7589004635810852 0.607749879360199 
vn 0.18880771100521088 0.21268437802791595 0.9587059020996094 
vn 0.5326469540596008 0.6696458458900452 0.5175535082817078 
vn 0.6429686546325684 0.6149646639823914 0.456519216299057 
vn -0.0018850171472877264 0.7140216827392578 0.7001210451126099 
vn -0.0018850171472877264 0.7140216827392578 0.7001210451126099 
vn -0.001867682789452374 0.16526448726654053 0.9862475395202637 
vn 0.0036895086523145437 -0.09155420958995819 0.9957932829856873 
vn -0.003704126225784421 -0.08719801157712936 0.9961841106414795 
vn 0.0015174545114859939 -0.008605912327766418 0.999961793422699 
vn -0.0043693361803889275 -0.007567912340164185 0.999961793422699 
vn 0 0 1 
vn 0 0 1 
vn 0.22046519815921783 0.21115799248218536 0.9522643685340881 
vn 0.1829795390367508 0.2122141271829605 0.9599394202232361 
vn 0.6053563952445984 0.6520228981971741 0.456519216299057 
vn -0.011044598184525967 -0.09096045047044754 0.9957932829856873 
vn -0.012942096218466759 -0.09948867559432983 0.994954526424408 
vn -0.0043693361803889275 -0.007567912340164185 0.999961793422699 
vn -0.006553899962455034 -0.011351687833666801 0.9999141097068787 
vn 0 0 1 
vn 0 0 1 
vn 0.11223826557397842 0.21945199370384216 0.9691457152366638 
vn 0.09700975567102432 0.24033014476299286 0.9658315181732178 
vn 0.44097569584846497 0.7512105107307434 0.4911448359489441 
vn 0.3293657600879669 0.8087173104286194 0.48733407258987427 
vn -0.007467308547347784 -0.10440661758184433 0.9945066571235657 
vn 0.05969132110476494 -0.13070575892925262 0.9896226525306702 
vn 4.0606729845218004e-15 -0.013107799924910069 0.9999141097068787 
vn 0.03192660212516785 -0.014214638620615005 0.999389111995697 
vn 0 0 1 
vn 0 0 1 
vn 0.10252921283245087 0.24261324107646942 0.9646899104118347 
vn 0.10252921283245087 0.24261324107646942 0.9646899104118347 
vn 0.3259226381778717 0.8078064322471619 0.4911448359489441 
vn 0.3237946927547455 0.8063406348228455 0.4949462115764618 
vn 0.3688012659549713 -0.10401271283626556 0.9236704111099243 
vn 0.5390315055847168 -0.0825151577591896 0.838234007358551 
vn 0.06385189294815063 -0.01457377802580595 0.9978529810905457 
vn 0.0663185864686966 -0.02193930558860302 0.9975572824478149 
vn 0 0 1 
vn 0 0 1 
vn 0.08306226134300232 0.24103783071041107 0.9669547080993652 
vn 0.06307802349328995 0.24265626072883606 0.9680594801902771 
vn 0.28507426381111145 0.8138794302940369 0.5062933564186096 
vn 0.21081919968128204 0.8292729258537292 0.5175535082817078 
vn 0.5573177933692932 -0.1048569530248642 0.8236515522003174 
vn 0.45620328187942505 -0.1767340898513794 0.872148871421814 
vn 0.043056100606918335 -0.021318433806300163 0.9988451600074768 
vn 0.01826169155538082 -0.024529708549380302 0.9995322823524475 
vn 0 0 1 
vn 0 0 1 
vn 0.041072551161050797 0.24733366072177887 0.9680594801902771 
vn 0.02620745450258255 0.2493472844362259 0.9680594801902771 
vn 0.14448876678943634 0.8387410044670105 0.5250110030174255 
vn 0.08472850173711777 0.8422238826751709 0.5324283838272095 
vn 0.20319192111492157 -0.24962693452835083 0.946783721446991 
vn 0.05414535850286484 -0.3214763104915619 0.9453682899475098 
vn 0.003627474419772625 -0.03914668411016464 0.9992268681526184 
vn 0.001840247423388064 -0.04800954833626747 0.9988451600074768 
vn 0 0 1 
vn 0 0 1 
vn 0.0169089175760746 0.254386842250824 0.9669547080993652 
vn 0.00939861312508583 0.25477486848831177 0.9669547080993652 
vn 0.05089552700519562 0.8426048755645752 0.5361219048500061 
vn 0.024518141523003578 0.8414328694343567 0.5398051738739014 
vn -0.005636054091155529 -0.3791065514087677 0.9253358840942383 
vn -0.003762831911444664 -0.39524441957473755 0.9185682535171509 
vn 0.001840247423388064 -0.04800954833626747 0.9988451600074768 
vn 0.001840247423388064 -0.04800954833626747 0.9988451600074768 
vn 0 0 1 
vn 0 0 1 
vn 0.0018801316618919373 0.25494125485420227 0.9669547080993652 
vn -0.005639985669404268 0.25488579273223877 0.9669547080993652 
vn 0.0018862760625779629 0.8417878746986389 0.5398051738739014 
vn -0.009430620819330215 0.8440878987312317 0.5361219048500061 
vn -0.009430620819330215 0.8440878987312317 0.5361219048500061 
vn -0.005639985669404268 0.25488579273223877 0.9669547080993652 
vn -0.005639985669404268 0.25488579273223877 0.9669547080993652 
vn 0 0 1 
vn 0 0 1 
vn -0.019653623923659325 -0.04384106025099754 0.9988451600074768 
vn 0 0 1 
vn -0.006553899962455034 -0.011351687833666801 0.9999141097068787 
vn -0.3069421648979187 -0.1858907788991928 0.933397650718689 
vn -0.07983788102865219 -0.31607696413993835 0.9453682899475098 
vn -0.005639985669404268 0.25488579273223877 0.9669547080993652 
vn -0.009430620819330215 0.8440878987312317 0.5361219048500061 
vn -0.009430620819330215 0.8440878987312317 0.5361219048500061 
vn 0 0 1 
vn 0.001840247423388064 -0.04800954833626747 0.9988451600074768 
vn 0.0018290365114808083 -0.05237675458192825 0.9986256957054138 
vn 0.0018797018565237522 -0.4032699465751648 0.9150791168212891 
vn 0.0018797018565237522 -0.4032699465751648 0.9150791168212891 
vn 0.01128713134676218 -0.3951011598110199 0.9185682535171509 
vn -0.005451376084238291 -0.056509219110012054 0.9983872175216675 
vn -0.7078686952590942 0.0037756471429020166 -0.7063339352607727 
vn -0.7077881693840027 -0.011326512321829796 -0.7063339352607727 
vn -0.4231007695198059 -0.0075531331822276115 -0.9060511589050293 
vn -0.43336978554725647 -0.10861442238092422 -0.8946471214294434 
vn -0.1904354840517044 -0.11213837563991547 -0.9752739667892456 
vn -0.7371456623077393 -0.07545052468776703 -0.6715083718299866 
vn -0.7078787684440613 -1.4640568759497624e-13 0.7063339352607727 
vn -0.7078386545181274 -0.007538388948887587 0.7063339352607727 
vn -0.42301738262176514 -0.011296861805021763 0.9060511589050293 
vn -0.4296572804450989 -0.08978573977947235 0.8985171914100647 
vn -0.18278749287128448 -0.09040189534425735 0.9789873361587524 
vn -0.11280854791402817 0.7411999106407166 -0.661737859249115 
vn -0.2875266373157501 0.7138944268226624 -0.6385006904602051 
vn -0.06788292527198792 0.9876039624214172 -0.1415284425020218 
vn -0.18211209774017334 0.9724002480506897 -0.1458524912595749 
vn -1.0341130485562108e-13 0.999997615814209 0.002184694167226553 
vn -0.2757980227470398 0.9612131118774414 0.002184694167226553 
vn -0.2757980227470398 0.9612131118774414 0.002184694167226553 
vn -0.8314676284790039 0.5555689334869385 0.002184694167226553 
vn -0.8314676284790039 0.5555689334869385 0.002184694167226553 
vn -0.5369980931282043 0.6543340682983398 -0.5324283838272095 
vn -0.747694730758667 0.5600389838218689 -0.3568037748336792 
vn -0.4658466577529907 0.8772910833358765 -0.11553031951189041 
vn -0.8440302610397339 0.5330454707145691 -0.058952588587999344 
vn -0.8314676284790039 0.5555689334869385 0.002184694167226553 
vn 3.097898456858039e-13 -0.999997615814209 0.002184694167226553 
vn 3.097898456858039e-13 -0.999997615814209 0.002184694167226553 
vn 3.097898456858039e-13 -0.999997615814209 0.002184694167226553 
vn 3.097898456858039e-13 -0.999997615814209 0.002184694167226553 
vn 3.097898456858039e-13 -0.999997615814209 0.002184694167226553 
vn 0.003771807299926877 -0.7611764073371887 0.6485338807106018 
vn -0.0056519461795687675 -0.7639912962913513 0.6452018022537231 
vn -0.003704126225784421 -0.08719801157712936 0.9961841106414795 
vn -0.0056519461795687675 -0.7639912962913513 0.6452018022537231 
vn -0.011044598184525967 -0.09096045047044754 0.9957932829856873 
vn -0.012942096218466759 -0.09948867559432983 0.994954526424408 
vn 3.097898456858039e-13 -0.999997615814209 0.002184694167226553 
vn 3.097898456858039e-13 -0.999997615814209 0.002184694167226553 
vn 3.097898456858039e-13 -0.999997615814209 0.002184694167226553 
vn 3.097898456858039e-13 -0.999997615814209 0.002184694167226553 
vn 3.097898456858039e-13 -0.999997615814209 0.002184694167226553 
vn 3.097898456858039e-13 -0.999997615814209 0.002184694167226553 
vn 3.097898456858039e-13 -0.999997615814209 0.002184694167226553 
vn 3.097898456858039e-13 -0.999997615814209 0.002184694167226553 
vn 3.097898456858039e-13 -0.999997615814209 0.002184694167226553 
vn 0.3756946325302124 -0.9267409443855286 0.002184694167226553 
vn 0.3756946325302124 -0.9267409443855286 0.002184694167226553 
vn 0.8819191455841064 -0.4713956117630005 0.002184694167226553 
vn 0.8819191455841064 -0.4713956117630005 0.002184694167226553 
vn 0.3756946325302124 -0.9267409443855286 0.002184694167226553 
vn 0.3756946325302124 -0.9267409443855286 0.002184694167226553 
vn 3.097898456858039e-13 -0.999997615814209 0.002184694167226553 
vn 3.097898456858039e-13 -0.999997615814209 0.002184694167226553 
vn 3.097898456858039e-13 -0.999997615814209 0.002184694167226553 
vn 3.097898456858039e-13 -0.999997615814209 0.002184694167226553 
vn 3.097898456858039e-13 -0.999997615814209 0.002184694167226553 
vn 3.097898456858039e-13 -0.999997615814209 0.002184694167226553 
vn 3.097898456858039e-13 -0.999997615814209 0.002184694167226553 
vn 0.3756946325302124 -0.9267409443855286 0.002184694167226553 
vn 0.3756946325302124 -0.9267409443855286 0.002184694167226553 
vn 3.097898456858039e-13 -0.999997615814209 0.002184694167226553 
vn 3.097898456858039e-13 -0.999997615814209 0.002184694167226553 
vn 3.097898456858039e-13 -0.999997615814209 0.002184694167226553 
vn 3.097898456858039e-13 -0.999997615814209 0.002184694167226553 
vn 3.097898456858039e-13 -0.999997615814209 0.002184694167226553 
vn 0.3756946325302124 -0.9267409443855286 0.002184694167226553 
vn 0.3756946325302124 -0.9267409443855286 0.002184694167226553 
vn 3.097898456858039e-13 -0.999997615814209 0.002184694167226553 
vn -0.005657912697643042 -0.7696004509925842 0.6385006904602051 
vn -0.009424836374819279 -0.7667661309242249 0.641857385635376 
vn 0.2799658477306366 -0.11084631830453873 -0.953589141368866 
vn 4.317408924944463e-14 -0.13936540484428406 -0.9902410507202148 
vn 0.2926684617996216 -0.007569136098027229 -0.9561840295791626 
vn 0.041045788675546646 -0.014939445070922375 -0.9990455508232117 
vn -0.37662842869758606 -0.15498028695583344 -0.913308322429657 
vn -0.677384614944458 -0.1573779284954071 -0.7185974717140198 
vn -0.387844443321228 0.6516621708869934 0.651853621006012 
vn -0.10891956090927124 0.6804580092430115 0.7246471047401428 
vn -0.5642572045326233 0.7464606165885925 0.3527185618877411 
vn -0.25838300585746765 0.8513685464859009 0.456519216299057 
vn -0.38352227210998535 0.8951011300086975 0.22738653421401978 
vn -0.07160905003547668 0.8593830466270447 0.5062933564186096 
vn -0.15398955345153809 0.9505504965782166 0.26970529556274414 
vn -0.03770282492041588 0.9547980427742004 0.2948545813560486 
vn -0.20047053694725037 0.9751986265182495 0.09380380809307098 
vn -0.052814092487096786 0.9933299422264099 0.10250037163496017 
vn -0.06036682799458504 0.9979826211929321 -0.01966099627315998 
vn -0.007544876541942358 0.9942469596862793 0.10684575140476227 
vn -0.007550950627774 0.999854564666748 -0.0152922747656703 
vn -0.007550950627774 0.999854564666748 -0.0152922747656703 
vn -0.005659331101924181 0.9955745935440063 -0.09380380809307098 
vn -0.005659331101924181 0.9955745935440063 -0.09380380809307098 
vn -0.005664570722728968 0.991688072681427 -0.12854042649269104 
vn -0.005659331101924181 0.9955745935440063 -0.09380380809307098 
vn -0.005664570722728968 0.991688072681427 -0.12854042649269104 
vn -0.011321541853249073 0.9921918511390686 -0.1242060661315918 
vn -0.007549653295427561 0.9996827244758606 -0.024029340595006943 
vn -0.007549653295427561 0.9996827244758606 -0.024029340595006943 
vn -0.009430620819330215 0.8440878987312317 0.5361219048500061 
vn -0.007549653295427561 0.9996827244758606 -0.024029340595006943 
vn -0.009430620819330215 0.8440878987312317 0.5361219048500061 
vn 0.0018862760625779629 0.8417878746986389 0.5398051738739014 
vn -0.01697133481502533 0.8486236333847046 0.528724730014801 
vn -0.0018861618591472507 0.8441384434700012 0.5361219048500061 
vn -0.0037756175734102726 0.9542372226715088 0.2990269064903259 
vn -0.005662730894982815 0.9529122114181519 0.30319350957870483 
vn -0.0018876121612265706 0.9937974810600281 0.1111890971660614 
vn -0.0018876121612265706 0.9937974810600281 0.1111890971660614 
vn -0.007551383227109909 0.9999118447303772 -0.010923261754214764 
vn -0.007551383227109909 0.9999118447303772 -0.010923261754214764 
vn -0.005659331101924181 0.9955745935440063 -0.09380380809307098 
vn -0.005659331101924181 0.9955745935440063 -0.09380380809307098 
vn -0.011321541853249073 0.9921918511390686 -0.1242060661315918 
vn 0.003773920238018036 0.9922492504119873 -0.1242060661315918 
vn -1.0338169258378507e-13 0.999711275100708 -0.024029340595006943 
vn 0.03019430674612522 0.9992551803588867 -0.024029340595006943 
vn 0.024518141523003578 0.8414328694343567 0.5398051738739014 
vn 0.05089552700519562 0.8426048755645752 0.5361219048500061 
vn -0.0018861618591472507 0.8441384434700012 0.5361219048500061 
vn -0.0018861618591472507 0.8441384434700012 0.5361219048500061 
vn -0.005662730894982815 0.9529122114181519 0.30319350957870483 
vn -0.005662730894982815 0.9529122114181519 0.30319350957870483 
vn -0.0018876121612265706 0.9937974810600281 0.1111890971660614 
vn -0.0018876121612265706 0.9937974810600281 0.1111890971660614 
vn -0.007551383227109909 0.9999118447303772 -0.010923261754214764 
vn -1.0340538240125388e-13 0.9999403357505798 -0.010923261754214764 
vn 0.0018864526646211743 0.9955888986587524 -0.09380380809307098 
vn 0.024521419778466225 0.9952886700630188 -0.09380380809307098 
vn 0.02454410120844841 0.9914004802703857 -0.12854042649269104 
vn 0.052846696227788925 0.9891324043273926 -0.1372016966342926 
vn 0.05281035229563713 0.9980669021606445 -0.03276457265019417 
vn 0.09613192826509476 0.9941005706787109 -0.05022686347365379 
vn 0.08472850173711777 0.8422238826751709 0.5324283838272095 
vn 0.14448876678943634 0.8387410044670105 0.5250110030174255 
vn -0.0018861618591472507 0.8441384434700012 0.5361219048500061 
vn -0.0018861618591472507 0.8441384434700012 0.5361219048500061 
vn -0.005662730894982815 0.9529122114181519 0.30319350957870483 
vn 0.0018875868991017342 0.9529271721839905 0.30319350957870483 
vn -0.0018876121612265706 0.9937974810600281 0.1111890971660614 
vn 0.020762236788868904 0.9935823678970337 0.1111890971660614 
vn 0.022651128470897675 0.9996264576911926 -0.0152922747656703 
vn 0.04528285190463066 0.9986851811408997 -0.024029340595006943 
vn 0.05096764117479324 0.9929684400558472 -0.10684575140476227 
vn 0.086736299097538 0.9889935255050659 -0.11986933648586273 
vn 0.09425651282072067 0.983487606048584 -0.15449213981628418 
vn 0.15038138628005981 0.9735976457595825 -0.17173540592193604 
vn 0.16166812181472778 0.9845220446586609 -0.06767380982637405 
vn 0.24112571775913239 0.9667555689811707 -0.08510008454322815 
vn 0.21081919968128204 0.8292729258537292 0.5175535082817078 
vn 0.28507426381111145 0.8138794302940369 0.5062933564186096 
vn -0.0018861618591472507 0.8441384434700012 0.5361219048500061 
vn 0.0056584482081234455 0.8441216349601746 0.5361219048500061 
vn 0.011326615698635578 0.9541774392127991 0.2990269064903259 
vn 0.03205236420035362 0.9562843441963196 0.29067665338516235 
vn 0.037749674171209335 0.994455099105835 0.0981530249118805 
vn 0.0640915185213089 0.9946720004081726 0.08074574917554855 
vn 0.075382299721241 0.9962908625602722 -0.04149730131030083 
vn 0.12605492770671844 0.9900007843971252 -0.0633138045668602 
vn 0.14291973412036896 0.9795629978179932 -0.1415284425020218 
vn 0.2060113251209259 0.9655773043632507 -0.15880759060382843 
vn 0.22639472782611847 0.955537736415863 -0.18892620503902435 
vn 0.30266067385673523 0.9314937591552734 -0.2017817199230194 
vn 0.32613733410835266 0.9402129650115967 -0.0981530249118805 
vn 0.36693015694618225 0.9240921139717102 -0.10684575140476227 
vn 0.3237946927547455 0.8063406348228455 0.4949462115764618 
vn 0.3259226381778717 0.8078064322471619 0.4911448359489441 
vn 0.020742058753967285 0.8485398888587952 0.528724730014801 
vn 0.03203865885734558 0.855050802230835 0.5175535082817078 
vn 0.05278235673904419 0.9590979814529419 0.2781098484992981 
vn 0.09038866311311722 0.9610216021537781 0.2612801790237427 
vn 0.11107031255960464 0.991793692111969 0.0633138045668602 
vn 0.17098547518253326 0.9842055439949036 0.04586252197623253 
vn 0.1895885467529297 0.9785378575325012 -0.08074574917554855 
vn 0.26849400997161865 0.9582676887512207 -0.0981530249118805 
vn 0.2900325357913971 0.9414818286895752 -0.17173540592193604 
vn 0.329431414604187 0.9259510636329651 -0.18463370203971863 
vn 0.3491164743900299 0.9131690859794617 -0.2103329300880432 
vn 0.34539327025413513 0.9115463495254517 -0.22312943637371063 
vn 0.36504891514778137 0.9232392311096191 -0.11986933648586273 
vn 0.3631052076816559 0.9222253561019897 -0.1328723281621933 
vn 0.3293657600879669 0.8087173104286194 0.48733407258987427 
vn 0.44097569584846497 0.7512105107307434 0.4911448359489441 
vn 0.06783300638198853 0.8619000911712646 0.5025205612182617 
vn 0.16489361226558685 0.8531344532966614 0.4949462115764618 
vn 0.1671798676252365 0.9529560804367065 0.25283506512641907 
vn 0.2679956257343292 0.9273138642311096 0.2612801790237427 
vn 0.2537775933742523 0.9665496349334717 0.03713129088282585 
vn 0.29734331369400024 0.954208254814148 0.03276457265019417 
vn 0.30997180938720703 0.9442216157913208 -0.1111890971660614 
vn 0.308059424161911 0.9432243704795837 -0.1242060661315918 
vn 0.3258083462715149 0.9245769381523132 -0.1975002884864807 
vn 0.3278525471687317 0.9210172295570374 -0.2103329300880432 
vn 0.34161055088043213 0.9097577929496765 -0.23588760197162628 
vn 0.4721558690071106 0.8505363464355469 -0.23163928091526031 
vn 0.49229443073272705 0.8602274060249329 -0.1328723281621933 
vn 0.6702814698219299 0.73163902759552 -0.1242060661315918 
vn 0.6053563952445984 0.6520228981971741 0.456519216299057 
vn -6.893801257927198e-14 0.6666374206542969 0.7453821301460266 
vn -0.0037704522255808115 0.660087525844574 0.7511792182922363 
vn -0.0018861298449337482 0.6568071246147156 0.7540562748908997 
vn -0.0018861298449337482 0.6568071246147156 0.7540562748908997 
vn 0.0018835372757166624 0.6535061001777649 0.7569189071655273 
vn 0.0018835372757166624 0.6535061001777649 0.7569189071655273 
vn 0.0018835372757166624 0.6535061001777649 0.7569189071655273 
vn 0.0018835372757166624 0.6535061001777649 0.7569189071655273 
vn 0.005658327601850033 0.6567854285240173 0.7540562748908997 
vn 0.011310865171253681 0.6600013971328735 0.7511792182922363 
vn 0.015065646730363369 0.6664671897888184 0.7453821301460266 
vn 0.04146537557244301 0.6782961487770081 0.7336177229881287 
vn 0.1347472071647644 0.6822469234466553 0.7185974717140198 
vn 0.28599217534065247 0.6608889102935791 0.6938546895980835 
vn 0.30626943707466125 0.8108386397361755 0.4987381398677826 
vn 0.38355833292007446 0.7623271346092224 0.5212872624397278 
vn 0.32886460423469543 0.8998720645904541 0.2864931523799896 
vn 0.3217742443084717 0.8926483988761902 0.31565824151039124 
vn 0.29734331369400024 0.954208254814148 0.03276457265019417 
vn 0.29734331369400024 0.954208254814148 0.03276457265019417 
vn 0.30465760827064514 0.9425281882286072 -0.1372016966342926 
vn 0.45775407552719116 0.8784286379814148 -0.1372016966342926 
vn 0.46730586886405945 0.8597469329833984 -0.2060592919588089 
vn 0.6523736119270325 0.7350640296936035 -0.18463370203971863 
vn 0.6507861018180847 0.729546070098877 -0.2103329300880432 
vn 0.31437695026397705 0.8845719695091248 0.34452807903289795 
vn 0.4422382116317749 0.8263684511184692 0.34862664341926575 
vn 0.4510546028614044 0.8918947577476501 0.03276457265019417 
vn 0.6629945039749146 0.7483660578727722 0.01966099627315998 
vn 0.6590734720230103 0.7417513132095337 -0.1242060661315918 
vn -0.7730085849761963 -0.6343917846679688 -0.002184694167226553 
vn -0.7730085849761963 -0.6343917846679688 -0.002184694167226553 
vn -0.7730085849761963 -0.6343917846679688 -0.002184694167226553 
vn -0.7730085849761963 -0.6343917846679688 -0.002184694167226553 
vn -0.7681957483291626 -0.640211284160614 -0.002184694167226553 
vn -0.7681957483291626 -0.640211284160614 -0.002184694167226553 
vn -0.7681957483291626 -0.640211284160614 -0.002184694167226553 
vn -0.7681957483291626 -0.640211284160614 -0.002184694167226553 
vn -0.7681957483291626 -0.640211284160614 -0.002184694167226553 
vn -0.7681957483291626 -0.640211284160614 -0.002184694167226553 
vn -0.7681957483291626 -0.640211284160614 -0.002184694167226553 
vn -0.7633390426635742 -0.6459943652153015 -0.002184694167226553 
vn -0.2612491250038147 -0.9652689099311829 -0.002184694167226553 
vn -0.2612491250038147 -0.9652689099311829 -0.002184694167226553 
vn 3.097898456858039e-13 -0.999997615814209 0.002184694167226553 
vn -0.1240583211183548 -0.7567223310470581 -0.641857385635376 
vn -0.033972322940826416 -0.7660711407661438 -0.641857385635376 
vn -0.049752891063690186 -0.11143573373556137 -0.9925254583358765 
vn 0.0037879212759435177 -0.11329668015241623 -0.9935539960861206 
vn -0.7633390426635742 -0.6459943652153015 -0.002184694167226553 
vn -0.7730079293251038 -0.5131016969680786 -0.37307560443878174 
vn -0.38538482785224915 -0.7430448532104492 -0.5471406579017639 
vn -0.43336978554725647 -0.10861442238092422 -0.8946471214294434 
vn -0.1904354840517044 -0.11213837563991547 -0.9752739667892456 
vn -0.007549653295427561 0.9996827244758606 -0.024029340595006943 
vn -0.007549653295427561 0.9996827244758606 -0.024029340595006943 
vn -0.009430620819330215 0.8440878987312317 0.5361219048500061 
vn -0.009430620819330215 0.8440878987312317 0.5361219048500061 
vn -0.005664570722728968 0.991688072681427 -0.12854042649269104 
vn -0.056608639657497406 0.9911744594573975 -0.11986933648586273 
vn -0.05844644457101822 0.993873655796051 -0.09380380809307098 
vn -0.23754671216011047 0.9680142998695374 -0.08074574917554855 
vn -0.23193161189556122 0.9725334048271179 -0.01966099627315998 
vn -0.4911971688270569 0.8709141612052917 -0.0152922747656703 
vn -0.4543444514274597 0.8875447511672974 0.0763898640871048 
vn -0.7064976692199707 0.7064976692199707 0.04149730131030083 
vn -0.6612273454666138 0.7358705401420593 0.1458524912595749 
vn -0.03775046393275261 0.9992848038673401 -0.002184694167226553 
vn -0.0979703739285469 0.9898967146873474 0.10250037163496017 
vn -0.20614051818847656 0.975867509841919 -0.07203252613544464 
vn -0.4189455211162567 0.9066211581230164 0.05022686347365379 
vn -0.49291855096817017 0.8688659071922302 -0.04586252197623253 
vn -0.7382673621177673 0.6742216348648071 -0.01966099627315998 
vn -0.7331546545028687 0.6797776818275452 -0.01966099627315998 
vn 0.02074461057782173 0.8246276378631592 0.5652954578399658 
vn 0.15368719398975372 0.7653850317001343 0.6249527335166931 
vn 0.284017950296402 0.6450246572494507 0.7094202041625977 
vn -0.14470285177230835 0.924473226070404 0.3527185618877411 
vn -0.3192102909088135 0.7386014461517334 0.5937783122062683 
vn -0.6676369905471802 0.7223151326179504 0.18033768236637115 
vn -0.009430620819330215 0.8440878987312317 0.5361219048500061 
vn 0.0018888887716457248 0.7611834406852722 -0.6485338807106018 
vn -0.0302029550075531 0.9995414018630981 0.002184694167226553 
vn -0.19508986175060272 0.9807829260826111 0.002184694167226553 
vn -0.0302029550075531 0.9995414018630981 0.002184694167226553 
vn -0.19508986175060272 0.9807829260826111 0.002184694167226553 
vn -0.19508986175060272 0.9807829260826111 0.002184694167226553 
vn -1.0341130485562108e-13 0.999997615814209 0.002184694167226553 
vn -1.0341130485562108e-13 0.999997615814209 0.002184694167226553 
vn -1.0341130485562108e-13 0.999997615814209 0.002184694167226553 
vn -1.0341130485562108e-13 0.999997615814209 0.002184694167226553 
vn -1.0341130485562108e-13 0.999997615814209 0.002184694167226553 
vn -1.0341130485562108e-13 0.999997615814209 0.002184694167226553 
vn -1.0341130485562108e-13 0.999997615814209 0.002184694167226553 
vn -0.2757980227470398 0.9612131118774414 0.002184694167226553 
vn -0.2757980227470398 0.9612131118774414 0.002184694167226553 
vn -0.8314676284790039 0.5555689334869385 0.002184694167226553 
vn -0.2757980227470398 0.9612131118774414 0.002184694167226553 
vn -0.8314676284790039 0.5555689334869385 0.002184694167226553 
vn -0.8314676284790039 0.5555689334869385 0.002184694167226553 
vn -0.2757980227470398 0.9612131118774414 0.002184694167226553 
vn -1.0341130485562108e-13 0.999997615814209 0.002184694167226553 
vn -1.0341130485562108e-13 0.999997615814209 0.002184694167226553 
vn -1.0341130485562108e-13 0.999997615814209 0.002184694167226553 
vn -1.0341130485562108e-13 0.999997615814209 0.002184694167226553 
vn -1.0341130485562108e-13 0.999997615814209 0.002184694167226553 
vn -1.0341130485562108e-13 0.999997615814209 0.002184694167226553 
vn -0.0302029550075531 0.9995414018630981 0.002184694167226553 
vn -0.0302029550075531 0.9995414018630981 0.002184694167226553 
vn 0.2968517243862152 0.1866839975118637 -0.9364978075027466 
vn 0.6529117822647095 0.14985331892967224 -0.7424622178077698 
vn 0.7740920782089233 0.12031111121177673 -0.6215357780456543 
vn 0.5093458890914917 0.6612064838409424 -0.5507928133010864 
vn 0.5972236394882202 0.6399516463279724 -0.4835140109062195 
vn 0.21582993865013123 0.7179975509643555 -0.661737859249115 
vn -0.19508986175060272 0.9807829260826111 0.002184694167226553 
vn 0.39081963896751404 0.7121521234512329 -0.5831804275512695 
vn 0.5487208962440491 0.15681853890419006 -0.8211658596992493 
vn 0.22906239330768585 0.1823253631591797 -0.9561840295791626 
vn -0.028293540701270103 -0.7549594044685364 0.6551609039306641 
vn -0.0413704477250576 -0.09140010923147202 0.994954526424408 
vn 0.003771807299926877 -0.7611764073371887 0.6485338807106018 
vn 0.0036895086523145437 -0.09155420958995819 0.9957932829856873 
vn 0.0036895086523145437 -0.09155420958995819 0.9957932829856873 
vn 3.097898456858039e-13 -0.999997615814209 0.002184694167226553 
vn 0.003771807299926877 -0.7611764073371887 0.6485338807106018 
vn 0.0036895086523145437 -0.09155420958995819 0.9957932829856873 
vn -0.18278749287128448 -0.09040189534425735 0.9789873361587524 
vn 0.7667868733406067 0.007551754824817181 -0.641857385635376 
vn 0.6889544129371643 0.015111771412193775 -0.7246471047401428 
vn 0.6979799270629883 0.135224387049675 -0.7032341957092285 
vn 0.5487208962440491 0.15681853890419006 -0.8211658596992493 
vn 0.5252333283424377 0.6638147234916687 -0.5324283838272095 
vn 0.39081963896751404 0.7121521234512329 -0.5831804275512695 
vn 0.0037783945444971323 0.7047756314277649 -0.7094202041625977 
vn 0.4159961938858032 0.6374566555023193 -0.6485338807106018 
vn 0.4064299464225769 0.15507028996944427 -0.9004265069961548 
vn 0.9002362489700317 0.04528895765542984 -0.43303996324539185 
vn 0.899474024772644 0 -0.43697428703308105 
vn 0.1558634638786316 -0.17987601459026337 -0.9712626934051514 
vn 0.6863938570022583 -0.5397861003875732 -0.48733407258987427 
vn 0.40212109684944153 -0.15530528128147125 -0.9023185968399048 
vn 0.926459789276123 -0.23912206292152405 -0.29067665338516235 
vn 0.9601748585700989 -0.1354520469903946 -0.24437066912651062 
vn 0.9612131118774414 -0.2757980227470398 0.002184694167226553 
vn 0.9897211194038391 -0.1429940164089203 0.002184694167226553 
vn 0.9897211194038391 -0.1429940164089203 0.002184694167226553 
vn 0.9886130690574646 -0.15046414732933044 0.002184694167226553 
vn 0.9886130690574646 -0.15046414732933044 0.002184694167226553 
vn 0.8819191455841064 -0.4713956117630005 0.002184694167226553 
vn 0.9886130690574646 -0.15046414732933044 0.002184694167226553 
vn 0.8819191455841064 -0.4713956117630005 0.002184694167226553 
vn 0.8819191455841064 -0.4713956117630005 0.002184694167226553 
vn 0.9612131118774414 -0.2757980227470398 0.002184694167226553 
vn 0.9612131118774414 -0.2757980227470398 0.002184694167226553 
vn 0.9897211194038391 -0.1429940164089203 0.002184694167226553 
vn 0.9897211194038391 -0.1429940164089203 0.002184694167226553 
vn 0.9886130690574646 -0.15046414732933044 0.002184694167226553 
vn 0.9886130690574646 -0.15046414732933044 0.002184694167226553 
vn 0.8819191455841064 -0.4713956117630005 0.002184694167226553 
vn 0.8819191455841064 -0.4713956117630005 0.002184694167226553 
vn 0.733294665813446 -0.6799074411392212 0.002184694167226553 
vn 0.733294665813446 -0.6799074411392212 0.002184694167226553 
vn 0.733294665813446 -0.6799074411392212 0.002184694167226553 
vn 0.733294665813446 -0.6799074411392212 0.002184694167226553 
vn 0.9612131118774414 -0.2757980227470398 0.002184694167226553 
vn 0.9612131118774414 -0.2757980227470398 0.002184694167226553 
vn 0.9897211194038391 -0.1429940164089203 0.002184694167226553 
vn 0.9897211194038391 -0.1429940164089203 0.002184694167226553 
vn 0.9886130690574646 -0.15046414732933044 0.002184694167226553 
vn 0.9886130690574646 -0.15046414732933044 0.002184694167226553 
vn 0.8819191455841064 -0.4713956117630005 0.002184694167226553 
vn 0.733294665813446 -0.6799074411392212 0.002184694167226553 
vn 0.733294665813446 -0.6799074411392212 0.002184694167226553 
vn 0.9612131118774414 -0.2757980227470398 0.002184694167226553 
vn 0.9612131118774414 -0.2757980227470398 0.002184694167226553 
vn 0.9897211194038391 -0.1429940164089203 0.002184694167226553 
vn 0.9897211194038391 -0.1429940164089203 0.002184694167226553 
vn 0.9886130690574646 -0.15046414732933044 0.002184694167226553 
vn 0.9886130690574646 -0.15046414732933044 0.002184694167226553 
vn 0.8819191455841064 -0.4713956117630005 0.002184694167226553 
vn 0.8819191455841064 -0.4713956117630005 0.002184694167226553 
vn 0.733294665813446 -0.6799074411392212 0.002184694167226553 
vn 0.733294665813446 -0.6799074411392212 0.002184694167226553 
vn 0.9612131118774414 -0.2757980227470398 0.002184694167226553 
vn 0.9612131118774414 -0.2757980227470398 0.002184694167226553 
vn 0.9897211194038391 -0.1429940164089203 0.002184694167226553 
vn 0.9897211194038391 -0.1429940164089203 0.002184694167226553 
vn 0.9886130690574646 -0.15046414732933044 0.002184694167226553 
vn 0.9886130690574646 -0.15046414732933044 0.002184694167226553 
vn 0.8819191455841064 -0.4713956117630005 0.002184694167226553 
vn 0.8819191455841064 -0.4713956117630005 0.002184694167226553 
vn 0.733294665813446 -0.6799074411392212 0.002184694167226553 
vn 0.733294665813446 -0.6799074411392212 0.002184694167226553 
vn 0.9612131118774414 -0.2757980227470398 0.002184694167226553 
vn 0.9612131118774414 -0.2757980227470398 0.002184694167226553 
vn 0.9897211194038391 -0.1429940164089203 0.002184694167226553 
vn 0.9897211194038391 -0.1429940164089203 0.002184694167226553 
vn 0.9886130690574646 -0.15046414732933044 0.002184694167226553 
vn 0.9886130690574646 -0.15046414732933044 0.002184694167226553 
vn 0.8819191455841064 -0.4713956117630005 0.002184694167226553 
vn 0.8819191455841064 -0.4713956117630005 0.002184694167226553 
vn 0.733294665813446 -0.6799074411392212 0.002184694167226553 
vn 0.733294665813446 -0.6799074411392212 0.002184694167226553 
vn 0.9612131118774414 -0.2757980227470398 0.002184694167226553 
vn 0.9612131118774414 -0.2757980227470398 0.002184694167226553 
vn 0.9897211194038391 -0.1429940164089203 0.002184694167226553 
vn 0.9612464308738708 -0.135433167219162 0.2401314377784729 
vn 0.9171994924545288 -0.1502353996038437 0.3690181374549866 
vn 0.5390315055847168 -0.0825151577591896 0.838234007358551 
vn 0.7279033064842224 -0.4180769920349121 0.5434780716896057 
vn 0.3688012659549713 -0.10401271283626556 0.9236704111099243 
vn 0.733294665813446 -0.6799074411392212 0.002184694167226553 
vn 0.7106603980064392 -0.5722460150718689 0.40926313400268555 
vn 0.935236930847168 -0.2388819307088852 0.2612801790237427 
vn 0.45620328187942505 -0.1767340898513794 0.872148871421814 
vn 0.5573177933692932 -0.1048569530248642 0.8236515522003174 
vn 0.9188134074211121 -0.15030212700366974 -0.3649536371231079 
vn 0.5400736927986145 -0.07539321482181549 -0.838234007358551 
vn 0.7291510105133057 -0.42533764243125916 -0.5361219048500061 
vn 0.3790569305419922 -0.11201854795217514 -0.9185682535171509 
vn 0.8819191455841064 -0.4713956117630005 0.002184694167226553 
vn -0.0018850171472877264 0.7140216827392578 0.7001210451126099 
vn -0.7011588215827942 0.6025665402412415 0.3811691105365753 
vn -0.36742115020751953 0.792153537273407 0.48733407258987427 
vn -0.8098555207252502 0.5865276455879211 -0.010923261754214764 
vn -0.39446163177490234 0.9141120910644531 0.09380380809307098 
vn -0.4052733778953552 0.9130443930625916 -0.04586252197623253 
vn -0.001886976882815361 0.9886578321456909 0.15017375349998474 
vn -1.0341130485562108e-13 0.999997615814209 0.002184694167226553 
vn -1.0341130485562108e-13 0.999997615814209 0.002184694167226553 
vn -1.0341130485562108e-13 0.999997615814209 0.002184694167226553 
vn -1.0341130485562108e-13 0.999997615814209 0.002184694167226553 
vn -1.0341130485562108e-13 0.999997615814209 0.002184694167226553 
vn -1.0341130485562108e-13 0.999997615814209 0.002184694167226553 
vn -1.0341130485562108e-13 0.999997615814209 0.002184694167226553 
vn 0.4309644401073456 0.9023662805557251 0.002184694167226553 
vn -1.0341130485562108e-13 0.999997615814209 0.002184694167226553 
vn 0.4309644401073456 0.9023662805557251 -0.002184694167226553 
vn 0.4241376221179962 0.9055951237678528 -0.002184694167226553 
vn 0.9267409443855286 0.3756946325302124 -0.002184694167226553 
vn 0.9238772988319397 0.38268253207206726 -0.002184694167226553 
vn -1.0341130485562108e-13 0.999997615814209 0.002184694167226553 
vn -1.0341130485562108e-13 0.999997615814209 0.002184694167226553 
vn -1.0341130485562108e-13 0.999997615814209 0.002184694167226553 
vn -1.0341130485562108e-13 0.999997615814209 0.002184694167226553 
vn -1.0341130485562108e-13 0.999997615814209 0.002184694167226553 
vn -0.38268253207206726 0.9238772988319397 0.002184694167226553 
vn -0.3964788317680359 0.9177293181419373 -0.024029340595006943 
vn -0.7958589196205139 0.6043424606323242 -0.03713129088282585 
vn -0.81254643201828 0.5772767663002014 -0.08074574917554855 
vn 0.9267409443855286 0.3756946325302124 0.002184694167226553 
vn 0.9267409443855286 0.3756946325302124 0.002184694167226553 
vn 0.4309644401073456 0.9023662805557251 0.002184694167226553 
vn 0.4241376221179962 0.9055951237678528 0.002184694167226553 
vn -1.0341130485562108e-13 0.999997615814209 0.002184694167226553 
vn -0.007545328699052334 0.9991101026535034 0.04149730131030083 
vn -0.005659331101924181 0.9955745935440063 0.09380380809307098 
vn -0.018852943554520607 0.9192363023757935 0.3932546079158783 
vn -0.013204248622059822 0.8369365334510803 0.5471406579017639 
vn -0.020766617730259895 0.98177170753479 0.18892620503902435 
vn 0.408542662858963 0.9111052751541138 0.05459024757146835 
vn 0.4240890443325043 0.9054913520812988 0.0152922747656703 
vn 0.9238772988319397 0.38268253207206726 0.002184694167226553 
vn 0.9238772988319397 0.38268253207206726 0.002184694167226553 
vn -0.020766617730259895 0.98177170753479 0.18892620503902435 
vn -0.018852943554520607 0.9192363023757935 0.3932546079158783 
vn -0.04902800917625427 0.8802348971366882 0.4719987213611603 
vn -0.043306633830070496 0.7003416419029236 0.7124928832054138 
vn -0.03198542073369026 0.5443718433380127 0.838234007358551 
vn -0.013204248622059822 0.8369365334510803 0.5471406579017639 
vn -0.36742115020751953 0.792153537273407 0.48733407258987427 
vn -0.18815124034881592 0.5157179832458496 0.8358433246612549 
vn -0.4124610424041748 0.4895988404750824 0.7682244777679443 
vn -0.7011588215827942 0.6025665402412415 0.3811691105365753 
vn -0.7826839089393616 0.5649234652519226 0.2612801790237427 
vn -0.4648037850856781 0.5500209927558899 0.6938546895980835 
vn -0.3192102909088135 0.7386014461517334 0.5937783122062683 
vn 0.5326469540596008 0.6696458458900452 0.5175535082817078 
vn 0.6072320938110352 0.790843665599823 -0.0763898640871048 
vn 0.2339019924402237 0.7589004635810852 0.607749879360199 
vn 0.257617712020874 0.9638741612434387 0.06767380982637405 
vn 0.003775994060561061 0.9879868030548096 0.15449213981628418 
vn 0.26313894987106323 0.961372971534729 -0.08074574917554855 
vn -1.0341130485562108e-13 0.999997615814209 0.002184694167226553 
vn -1.0341130485562108e-13 0.999997615814209 0.002184694167226553 
vn -1.0341130485562108e-13 0.999997615814209 0.002184694167226553 
vn -1.0341130485562108e-13 0.999997615814209 0.002184694167226553 
vn -1.0341130485562108e-13 0.999997615814209 0.002184694167226553 
vn -1.0341130485562108e-13 0.999997615814209 0.002184694167226553 
vn -1.0341130485562108e-13 0.999997615814209 0.002184694167226553 
vn -1.0341130485562108e-13 0.999997615814209 0.002184694167226553 
vn -1.0341130485562108e-13 0.999997615814209 0.002184694167226553 
vn -1.0341130485562108e-13 0.999997615814209 0.002184694167226553 
vn -1.0341130485562108e-13 0.999997615814209 0.002184694167226553 
vn -1.0341130485562108e-13 0.999997615814209 0.002184694167226553 
vn -1.0341130485562108e-13 0.999997615814209 0.002184694167226553 
vn -1.0341130485562108e-13 0.999997615814209 0.002184694167226553 
vn -0.05283859372138977 0.9986006617546082 -0.002184694167226553 
vn -0.05283859372138977 0.9986006617546082 -0.002184694167226553 
vn -0.2685312330722809 0.963268518447876 -0.002184694167226553 
vn -0.05283859372138977 0.9986006617546082 -0.002184694167226553 
vn -0.2685312330722809 0.963268518447876 -0.002184694167226553 
vn -0.2685312330722809 0.963268518447876 -0.002184694167226553 
vn 0.2649068832397461 0.9618963599205017 -0.06767380982637405 
vn 0.26668882369995117 0.9624730348587036 -0.05022686347365379 
vn -1.0341130485562108e-13 0.999997615814209 0.002184694167226553 
vn -1.0341130485562108e-13 0.999997615814209 0.002184694167226553 
vn -1.0341130485562108e-13 0.999997615814209 0.002184694167226553 
vn -1.0341130485562108e-13 0.999997615814209 0.002184694167226553 
vn -1.0341130485562108e-13 0.999997615814209 0.002184694167226553 
vn -1.0341130485562108e-13 0.999997615814209 0.002184694167226553 
vn -1.0341130485562108e-13 0.999997615814209 0.002184694167226553 
vn -1.0341130485562108e-13 0.999997615814209 0.002184694167226553 
vn -1.0341130485562108e-13 0.999997615814209 0.002184694167226553 
vn -1.0341130485562108e-13 0.999997615814209 0.002184694167226553 
vn -0.05283859372138977 0.9986006617546082 -0.002184694167226553 
vn -0.05283859372138977 0.9986006617546082 -0.002184694167226553 
vn -0.2685312330722809 0.963268518447876 -0.002184694167226553 
vn -0.2685312330722809 0.963268518447876 -0.002184694167226553 
vn 0.2685004770755768 0.9631581902503967 -0.0152922747656703 
vn 0.24654176831245422 0.968716025352478 0.028397228568792343 
vn -1.0341130485562108e-13 0.999997615814209 0.002184694167226553 
vn -1.0341130485562108e-13 0.999997615814209 0.002184694167226553 
vn -1.0341130485562108e-13 0.999997615814209 0.002184694167226553 
vn -1.0341130485562108e-13 0.999997615814209 0.002184694167226553 
vn -1.0341130485562108e-13 0.999997615814209 0.002184694167226553 
vn -1.0341130485562108e-13 0.999997615814209 0.002184694167226553 
vn -1.0341130485562108e-13 0.999997615814209 0.002184694167226553 
vn -1.0341130485562108e-13 0.999997615814209 0.002184694167226553 
vn -1.0341130485562108e-13 0.999997615814209 0.002184694167226553 
vn -1.0341130485562108e-13 0.999997615814209 0.002184694167226553 
vn -0.05283859372138977 0.9986006617546082 -0.002184694167226553 
vn -0.05283859372138977 0.9986006617546082 -0.002184694167226553 
vn -0.2685312330722809 0.963268518447876 -0.002184694167226553 
vn -0.2685312330722809 0.963268518447876 -0.002184694167226553 
vn 0.20047737658023834 0.9776503443717957 0.0633138045668602 
vn 0.13178682327270508 0.9889653921127319 0.06767380982637405 
vn -1.0341130485562108e-13 0.999997615814209 0.002184694167226553 
vn -1.0341130485562108e-13 0.999997615814209 0.002184694167226553 
vn -1.0341130485562108e-13 0.999997615814209 0.002184694167226553 
vn -1.0341130485562108e-13 0.999997615814209 0.002184694167226553 
vn -1.0341130485562108e-13 0.999997615814209 0.002184694167226553 
vn -1.0341130485562108e-13 0.999997615814209 0.002184694167226553 
vn -1.0341130485562108e-13 0.999997615814209 0.002184694167226553 
vn -1.0341130485562108e-13 0.999997615814209 0.002184694167226553 
vn -1.0341130485562108e-13 0.999997615814209 0.002184694167226553 
vn -1.0341130485562108e-13 0.999997615814209 0.002184694167226553 
vn -0.05283859372138977 0.9986006617546082 -0.002184694167226553 
vn -0.05283859372138977 0.9986006617546082 -0.002184694167226553 
vn -0.2685312330722809 0.963268518447876 -0.002184694167226553 
vn -0.37884825468063354 0.9170860648155212 -0.1242060661315918 
vn 0.07354310154914856 0.995796799659729 0.05459024757146835 
vn 0.0301908478140831 0.9991406798362732 0.028397228568792343 
vn -1.0341130485562108e-13 0.999997615814209 0.002184694167226553 
vn -1.0341130485562108e-13 0.999997615814209 0.002184694167226553 
vn -1.0341130485562108e-13 0.999997615814209 0.002184694167226553 
vn -1.0341130485562108e-13 0.999997615814209 0.002184694167226553 
vn -1.0341130485562108e-13 0.999997615814209 0.002184694167226553 
vn -1.0341130485562108e-13 0.999997615814209 0.002184694167226553 
vn -1.0341130485562108e-13 0.999997615814209 0.002184694167226553 
vn -1.0341130485562108e-13 0.999997615814209 0.002184694167226553 
vn -1.0341130485562108e-13 0.999997615814209 0.002184694167226553 
vn -0.02830284833908081 0.9907289743423462 -0.1328723281621933 
vn -0.11304984241724014 0.9840708374977112 -0.1372016966342926 
vn -0.3190431594848633 0.7184394598007202 -0.6181069612503052 
vn -0.6004085540771484 0.631099283695221 -0.4911448359489441 
vn 0.0075516714714467525 0.9999499917030334 0.006554040592163801 
vn -1.0341130485562108e-13 0.999997615814209 0.002184694167226553 
vn -1.0341130485562108e-13 0.999997615814209 0.002184694167226553 
vn -1.0341130485562108e-13 0.999997615814209 0.002184694167226553 
vn -1.0341130485562108e-13 0.999997615814209 0.002184694167226553 
vn -1.0341130485562108e-13 0.999997615814209 0.002184694167226553 
vn -1.0341130485562108e-13 0.999997615814209 0.002184694167226553 
vn 0.003773920238018036 0.9922492504119873 -0.1242060661315918 
vn -0.005664570722728968 0.991688072681427 -0.12854042649269104 
vn -0.03022683411836624 0.7548844814300537 -0.6551609039306641 
vn -0.12787967920303345 0.7445878386497498 -0.6551609039306641 
vn -1.0341130485562108e-13 0.999997615814209 0.002184694167226553 
vn -1.0341130485562108e-13 0.999997615814209 0.002184694167226553 
vn -1.0341130485562108e-13 0.999997615814209 0.002184694167226553 
vn -1.0341130485562108e-13 0.999997615814209 0.002184694167226553 
vn -0.05283859372138977 0.9986006617546082 -0.002184694167226553 
vn -0.03583113104104996 0.9852327704429626 0.16742929816246033 
vn -0.13351327180862427 0.9768017530441284 0.16742929816246033 
vn -0.33279597759246826 0.6718257665634155 0.661737859249115 
vn -0.4028465151786804 0.9035716652870178 0.1458524912595749 
vn -0.6182490587234497 0.5849201083183289 0.5250110030174255 
vn -0.13116195797920227 0.6956212520599365 0.7063339352607727 
vn -0.03391040861606598 0.7070660591125488 0.7063339352607727 
vn -0.0037733782082796097 0.9873023629188538 0.15880759060382843 
vn 0.003775994060561061 0.9879868030548096 0.15449213981628418 
vn -1.0341130485562108e-13 0.999997615814209 0.002184694167226553 
vn -0.0018850171472877264 0.7140216827392578 0.7001210451126099 
vn -0.0018850171472877264 0.7140216827392578 0.7001210451126099 
vn 0.003775994060561061 0.9879868030548096 0.15449213981628418 
vn -1.0341130485562108e-13 0.999997615814209 0.002184694167226553 
vn -0.05283859372138977 0.9986006617546082 -0.002184694167226553 
vn -0.05283859372138977 0.9986006617546082 -0.002184694167226553 
vn -0.2757980227470398 0.9612131118774414 -0.002184694167226553 
vn -0.2757980227470398 0.9612131118774414 -0.002184694167226553 
vn -0.05283859372138977 0.9986006617546082 -0.002184694167226553 
vn -0.2757980227470398 0.9612131118774414 -0.002184694167226553 
vn -0.2757980227470398 0.9612131118774414 -0.002184694167226553 
vn -0.2757980227470398 0.9612131118774414 -0.002184694167226553 
vn 0.606001615524292 0.7737392783164978 -0.18463370203971863 
vn 0.6121999621391296 0.7745910882949829 -0.15880759060382843 
vn 0.6263467669487 0.7715741991996765 -0.1111890971660614 
vn 0.6282840967178345 0.7774655818939209 -0.028397228568792343 
vn 0.5917209982872009 0.7990308403968811 0.10684575140476227 
vn 0.48303309082984924 0.8466949462890625 0.22312943637371063 
vn 0.3256995975971222 0.9144707322120667 0.2401314377784729 
vn 0.17450278997421265 0.9655137062072754 0.19321508705615997 
vn 0.06598491221666336 0.9911098480224609 0.11553031951189041 
vn 0.0150928208604455 0.9991964101791382 0.03713129088282585 
vn -1.0341130485562108e-13 0.999997615814209 0.002184694167226553 
vn -1.0341130485562108e-13 0.999997615814209 0.002184694167226553 
vn -1.0341130485562108e-13 0.999997615814209 0.002184694167226553 
vn -1.0341130485562108e-13 0.999997615814209 0.002184694167226553 
vn -1.0341130485562108e-13 0.999997615814209 0.002184694167226553 
vn 0.003775948192924261 0.992782473564148 -0.11986933648586273 
vn 0.003775948192924261 0.992782473564148 -0.11986933648586273 
vn 0.00377592328004539 0.7668147683143616 -0.641857385635376 
vn -0.001889931270852685 0.7640098929405212 -0.6452018022537231 
vn -1.0341130485562108e-13 0.999997615814209 0.002184694167226553 
vn -0.003775948192924261 0.992782473564148 -0.11986933648586273 
vn -0.0018866714090108871 0.9933021664619446 -0.11553031951189041 
vn -0.0037797014228999615 0.7723944783210754 -0.6351318359375 
vn 0.0037797014228999615 0.7723944783210754 -0.6351318359375 
vn -0.0037797014228999615 0.7723944783210754 -0.6351318359375 
vn -7.958773072004599e-14 0.7696212530136108 -0.6385006904602051 
vn -0.003775948192924261 0.992782473564148 -0.11986933648586273 
vn -1.0341130485562108e-13 0.999997615814209 0.002184694167226553 
vn -0.003775948192924261 0.992782473564148 -0.11986933648586273 
vn -1.0341130485562108e-13 0.999997615814209 0.002184694167226553 
vn -1.0341130485562108e-13 0.999997615814209 0.002184694167226553 
vn -1.0341130485562108e-13 0.999997615814209 0.002184694167226553 
vn -1.0341130485562108e-13 0.999997615814209 0.002184694167226553 
vn -1.0341130485562108e-13 0.999997615814209 0.002184694167226553 
vn -1.0341130485562108e-13 0.999997615814209 0.002184694167226553 
vn -1.0341130485562108e-13 0.999997615814209 0.002184694167226553 
vn -1.0341130485562108e-13 0.999997615814209 0.002184694167226553 
vn 0.011318806558847427 0.9727358818054199 0.23163928091526031 
vn 0.005657840054482222 0.9640955328941345 0.26549527049064636 
vn 0.08839871734380722 0.7617117166519165 0.641857385635376 
vn -0.0037756175734102726 0.9542372226715088 0.2990269064903259 
vn 0.07145725190639496 0.7135071754455566 0.6969945430755615 
vn 0.04898615553975105 0.6680944561958313 0.7424622178077698 
vn -1.0341130485562108e-13 0.999997615814209 0.002184694167226553 
vn -1.0341130485562108e-13 0.999997615814209 0.002184694167226553 
vn -1.0341130485562108e-13 0.999997615814209 0.002184694167226553 
vn 0.01509635616093874 0.9898190498352051 0.1415284425020218 
vn 0.01699128746986389 0.9818443059921265 0.18892620503902435 
vn 0.10536400228738785 0.8581209182739258 0.5025205612182617 
vn 0.10340359061956406 0.8082957863807678 0.5796254277229309 
vn 0.016984088346362114 0.9958462119102478 0.08945280313491821 
vn 0.08474871516227722 0.962672233581543 0.25706008076667786 
vn 0.09792737662792206 0.9124627113342285 0.3972681760787964 
vn 0.22040334343910217 0.8978487849235535 0.3811691105365753 
vn 0.3900511562824249 0.8062240481376648 0.44481781125068665 
vn 0.2363283485174179 0.8054690957069397 0.5434780716896057 
vn 0.3869714140892029 0.7054646611213684 0.5937783122062683 
vn -0.00377592328004539 0.7668147683143616 -0.641857385635376 
vn -0.001889931270852685 0.7640098929405212 -0.6452018022537231 
vn -0.003773920238018036 0.9922492504119873 -0.1242060661315918 
vn -0.003773920238018036 0.9922492504119873 -0.1242060661315918 
vn -1.0341130485562108e-13 0.999997615814209 0.002184694167226553 
vn -1.0341130485562108e-13 0.999997615814209 0.002184694167226553 
vn -1.0341130485562108e-13 0.999997615814209 0.002184694167226553 
vn -1.0341130485562108e-13 0.999997615814209 0.002184694167226553 
vn -1.0341130485562108e-13 0.999997615814209 0.002184694167226553 
vn -1.0341130485562108e-13 0.999997615814209 0.002184694167226553 
vn -9.738792481868777e-14 0.9417508840560913 0.3363112509250641 
vn -0.0037722403649240732 0.934171736240387 0.3568037748336792 
vn 0.013185832649469376 0.6366812586784363 0.7710143327713013 
vn -1.0341130485562108e-13 0.999997615814209 0.002184694167226553 
vn -1.0341130485562108e-13 0.999997615814209 0.002184694167226553 
vn -1.0341130485562108e-13 0.999997615814209 0.002184694167226553 
vn -1.0341130485562108e-13 0.999997615814209 0.002184694167226553 
vn -1.0341130485562108e-13 0.999997615814209 0.002184694167226553 
vn -0.003773920238018036 0.9922492504119873 -0.1242060661315918 
vn -0.003773920238018036 0.9922492504119873 -0.1242060661315918 
vn -0.001889931270852685 0.7640098929405212 -0.6452018022537231 
vn -0.001889931270852685 0.7640098929405212 -0.6452018022537231 
vn -0.0018850171472877264 0.7140216827392578 0.7001210451126099 
vn 0.20319192111492157 -0.24962693452835083 0.946783721446991 
vn 0.7106603980064392 -0.5722460150718689 0.40926313400268555 
vn 0.05414535850286484 -0.3214763104915619 0.9453682899475098 
vn 0.19827581942081451 -0.8590133190155029 0.4719987213611603 
vn -0.003771252231672406 -0.905116617679596 0.42514660954475403 
vn 0.23197589814662933 -0.9727190732955933 0.002184694167226553 
vn 3.097898456858039e-13 -0.999997615814209 0.002184694167226553 
vn 3.097898456858039e-13 -0.999997615814209 0.002184694167226553 
vn 3.097898456858039e-13 -0.999997615814209 0.002184694167226553 
vn 3.097898456858039e-13 -0.999997615814209 0.002184694167226553 
vn 3.097898456858039e-13 -0.999997615814209 0.002184694167226553 
vn 3.097898456858039e-13 -0.999997615814209 0.002184694167226553 
vn 3.097898456858039e-13 -0.999997615814209 0.002184694167226553 
vn 3.097898456858039e-13 -0.999997615814209 0.002184694167226553 
vn 3.097898456858039e-13 -0.999997615814209 0.002184694167226553 
vn 3.097898456858039e-13 -0.999997615814209 0.002184694167226553 
vn -0.007551815826445818 -0.9999691247940063 0.002184694167226553 
vn 3.097898456858039e-13 -0.999997615814209 0.002184694167226553 
vn -0.007551815826445818 -0.9999691247940063 0.002184694167226553 
vn -0.007551815826445818 -0.9999691247940063 0.002184694167226553 
vn -0.5429373383522034 -0.8397476673126221 -0.006554040592163801 
vn -0.5429373383522034 -0.8397476673126221 -0.006554040592163801 
vn -0.9546639323234558 -0.2974852919578552 -0.010923261754214764 
vn -0.5429477095603943 -0.8397637009620667 -0.002184694167226553 
vn -0.9547185897827148 -0.297502338886261 -0.002184694167226553 
vn -0.9547185897827148 -0.297502338886261 0.002184694167226553 
vn 0.23197589814662933 -0.9727190732955933 0.002184694167226553 
vn 0.23197589814662933 -0.9727190732955933 0.002184694167226553 
vn 3.097898456858039e-13 -0.999997615814209 0.002184694167226553 
vn 3.097898456858039e-13 -0.999997615814209 0.002184694167226553 
vn 3.097898456858039e-13 -0.999997615814209 0.002184694167226553 
vn 3.097898456858039e-13 -0.999997615814209 0.002184694167226553 
vn 3.097898456858039e-13 -0.999997615814209 0.002184694167226553 
vn 3.097898456858039e-13 -0.999997615814209 0.002184694167226553 
vn 3.097898456858039e-13 -0.999997615814209 0.002184694167226553 
vn 3.097898456858039e-13 -0.999997615814209 0.002184694167226553 
vn 3.097898456858039e-13 -0.999997615814209 0.002184694167226553 
vn 3.097898456858039e-13 -0.999997615814209 0.002184694167226553 
vn -0.5429477095603943 -0.8397637009620667 0.002184694167226553 
vn -0.5429373383522034 -0.8397476673126221 0.006554040592163801 
vn -0.9546639323234558 -0.2974852919578552 0.010923261754214764 
vn -0.954609215259552 -0.29746827483177185 0.0152922747656703 
vn 0.23197589814662933 -0.9727190732955933 0.002184694167226553 
vn 0.23197589814662933 -0.9727190732955933 0.002184694167226553 
vn 3.097898456858039e-13 -0.999997615814209 0.002184694167226553 
vn 3.097898456858039e-13 -0.999997615814209 0.002184694167226553 
vn 3.097898456858039e-13 -0.999997615814209 0.002184694167226553 
vn 3.097898456858039e-13 -0.999997615814209 0.002184694167226553 
vn 3.097898456858039e-13 -0.999997615814209 0.002184694167226553 
vn 3.097898456858039e-13 -0.999997615814209 0.002184694167226553 
vn 3.097898456858039e-13 -0.999997615814209 0.002184694167226553 
vn 3.097898456858039e-13 -0.999997615814209 0.002184694167226553 
vn 3.097898456858039e-13 -0.999997615814209 0.002184694167226553 
vn -0.007551815826445818 -0.9999691247940063 0.002184694167226553 
vn -0.5429373383522034 -0.8397476673126221 0.006554040592163801 
vn -0.5429373383522034 -0.8397476673126221 0.006554040592163801 
vn -0.9568832516670227 -0.29026734828948975 0.010923261754214764 
vn -0.95691978931427 -0.29027843475341797 0.006554040592163801 
vn 0.23197589814662933 -0.9727190732955933 0.002184694167226553 
vn 0.23197589814662933 -0.9727190732955933 0.002184694167226553 
vn 3.097898456858039e-13 -0.999997615814209 0.002184694167226553 
vn 3.097898456858039e-13 -0.999997615814209 0.002184694167226553 
vn 3.097898456858039e-13 -0.999997615814209 0.002184694167226553 
vn 3.097898456858039e-13 -0.999997615814209 0.002184694167226553 
vn 3.097898456858039e-13 -0.999997615814209 0.002184694167226553 
vn 3.097898456858039e-13 -0.999997615814209 0.002184694167226553 
vn 3.097898456858039e-13 -0.999997615814209 0.002184694167226553 
vn 3.097898456858039e-13 -0.999997615814209 0.002184694167226553 
vn -0.007551815826445818 -0.9999691247940063 0.002184694167226553 
vn -0.007551815826445818 -0.9999691247940063 0.002184694167226553 
vn -0.5429477095603943 -0.8397637009620667 0.002184694167226553 
vn -0.5429477095603943 -0.8397637009620667 0.002184694167226553 
vn -0.9569380283355713 -0.2902839779853821 0.002184694167226553 
vn -0.9651533961296082 -0.25763463973999023 -0.04586252197623253 
vn 0.23197589814662933 -0.9727190732955933 0.002184694167226553 
vn 0.23197589814662933 -0.9727190732955933 0.002184694167226553 
vn 3.097898456858039e-13 -0.999997615814209 0.002184694167226553 
vn 3.097898456858039e-13 -0.999997615814209 0.002184694167226553 
vn 3.097898456858039e-13 -0.999997615814209 0.002184694167226553 
vn 3.097898456858039e-13 -0.999997615814209 0.002184694167226553 
vn 3.097898456858039e-13 -0.999997615814209 0.002184694167226553 
vn 3.097898456858039e-13 -0.999997615814209 0.002184694167226553 
vn 3.097898456858039e-13 -0.999997615814209 0.002184694167226553 
vn 3.097898456858039e-13 -0.999997615814209 0.002184694167226553 
vn -0.007551815826445818 -0.9999691247940063 0.002184694167226553 
vn -0.003777687903493643 -0.844132125377655 -0.5361219048500061 
vn -0.6486907601356506 -0.6700479984283447 -0.36088213324546814 
vn -0.11240527778863907 -0.2097947895526886 -0.9712626934051514 
vn -0.5905341506004333 -0.26402536034584045 -0.762600839138031 
vn 0.23197589814662933 -0.9727190732955933 0.002184694167226553 
vn 0.23197589814662933 -0.9727190732955933 0.002184694167226553 
vn 3.097898456858039e-13 -0.999997615814209 0.002184694167226553 
vn 3.097898456858039e-13 -0.999997615814209 0.002184694167226553 
vn 3.097898456858039e-13 -0.999997615814209 0.002184694167226553 
vn 3.097898456858039e-13 -0.999997615814209 0.002184694167226553 
vn 3.097898456858039e-13 -0.999997615814209 0.002184694167226553 
vn -0.003777687903493643 -0.844132125377655 -0.5361219048500061 
vn -0.003777687903493643 -0.844132125377655 -0.5361219048500061 
vn 0.001893154694698751 -0.24224422872066498 -0.9702134728431702 
vn 0.001893154694698751 -0.24224422872066498 -0.9702134728431702 
vn -0.31314751505851746 -0.12818530201911926 0.9410139322280884 
vn -0.46303829550743103 -0.10099082440137863 0.8805659413337708 
vn -0.5962312817573547 -0.4592868387699127 0.6584556698799133 
vn -0.7982693910598755 -0.17584551870822906 0.5760593414306641 
vn -0.9512706398963928 -0.1985980123281479 0.23588760197162628 
vn -0.8090271949768066 -0.24898792803287506 0.5324283838272095 
vn -0.9241839647293091 -0.28996458649635315 0.24860523641109467 
vn -0.3069421648979187 -0.1858907788991928 0.933397650718689 
vn 0.001893154694698751 -0.24224422872066498 -0.9702134728431702 
vn 0.001893154694698751 -0.24224422872066498 -0.9702134728431702 
vn -0.003777687903493643 -0.844132125377655 -0.5361219048500061 
vn 0.003777687903493643 -0.844132125377655 -0.5361219048500061 
vn 3.097898456858039e-13 -0.999997615814209 0.002184694167226553 
vn 0.23197589814662933 -0.9727190732955933 0.002184694167226553 
vn 0.23197589814662933 -0.9727190732955933 0.002184694167226553 
vn 0.733294665813446 -0.6799074411392212 0.002184694167226553 
vn 0.733294665813446 -0.6799074411392212 0.002184694167226553 
vn 0.733294665813446 -0.6799074411392212 0.002184694167226553 
vn 0.733294665813446 -0.6799074411392212 0.002184694167226553 
vn 0.6863938570022583 -0.5397861003875732 -0.48733407258987427 
vn 0.19085492193698883 -0.7973947525024414 -0.5724822878837585 
vn 0.04506191611289978 -0.21199963986873627 -0.976230263710022 
vn 0.001893154694698751 -0.24224422872066498 -0.9702134728431702 
vn -0.005636054091155529 -0.3791065514087677 0.9253358840942383 
vn -0.003762831911444664 -0.39524441957473755 0.9185682535171509 
vn 0.0018857949180528522 -0.9088032245635986 0.417220801115036 
vn 2.834683984938302e-13 -0.912416398525238 0.40926313400268555 
vn 3.097898456858039e-13 -0.999997615814209 0.002184694167226553 
vn 3.0978390967890956e-13 -0.9999785423278809 0.006554040592163801 
vn 3.097898456858039e-13 -0.999997615814209 0.002184694167226553 
vn 3.0978390967890956e-13 -0.9999785423278809 0.006554040592163801 
vn -0.007551815826445818 -0.9999691247940063 0.002184694167226553 
vn -0.5429165959358215 -0.8397156000137329 -0.010923261754214764 
vn -0.5429373383522034 -0.8397476673126221 -0.006554040592163801 
vn -0.9568284153938293 -0.2902507185935974 -0.0152922747656703 
vn -0.9546639323234558 -0.2974852919578552 -0.010923261754214764 
vn -0.5363753437995911 -0.8435016870498657 0.028397228568792343 
vn -0.48857951164245605 -0.8563045859336853 0.16742929816246033 
vn 0.007548788096755743 -0.9995682239532471 0.028397228568792343 
vn 0.02639796771109104 -0.8952319622039795 0.44481781125068665 
vn 0.0037741255946457386 -0.910611629486084 0.41324591636657715 
vn 0.0018797018565237522 -0.4032699465751648 0.9150791168212891 
vn 0.0018797018565237522 -0.4032699465751648 0.9150791168212891 
vn -0.9562804102897644 -0.29008448123931885 0.03713129088282585 
vn -0.9567553400993347 -0.29022857546806335 -0.01966099627315998 
vn -0.9241839647293091 -0.28996458649635315 0.24860523641109467 
vn -0.8090271949768066 -0.24898792803287506 0.5324283838272095 
vn -0.43006041646003723 -0.6644287705421448 0.6112139225006104 
vn -0.07983788102865219 -0.31607696413993835 0.9453682899475098 
vn 0.01128713134676218 -0.3951011598110199 0.9185682535171509 
vn -0.4969263970851898 -0.08655478060245514 -0.8634653687477112 
vn -0.13005682826042175 -0.10198560357093811 -0.9862475395202637 
vn -0.45832163095474243 -0.011339792050421238 -0.888714075088501 
vn -0.12150704860687256 -0.011371411383152008 -0.9925254583358765 
vn -0.11763838678598404 0.003811352187767625 -0.9930492043495178 
vn -0.16488410532474518 -0.01136096566915512 -0.9862475395202637 
vn -0.1652315855026245 0.0037896449211984873 -0.9862475395202637 
vn -0.40726879239082336 -8.405173665361129e-14 -0.913308322429657 
vn -0.16051465272903442 0.19260308146476746 -0.9680594801902771 
vn -0.393390417098999 0.17625290155410767 -0.9023185968399048 
vn -0.2875266373157501 0.7138944268226624 -0.6385006904602051 
vn -0.687778651714325 0.13897621631622314 -0.7124928832054138 
vn -0.5369980931282043 0.6543340682983398 -0.5324283838272095 
vn -0.11280854791402817 0.7411999106407166 -0.661737859249115 
vn -0.09987974911928177 0.7574554085731506 -0.6452018022537231 
vn -0.12551261484622955 0.19721104204654694 -0.9722933769226074 
vn -0.48275938630104065 0.17035330832004547 -0.8590245246887207 
vn -0.4545743763446808 -9.401648296686327e-14 -0.8907088041305542 
vn -0.7078686952590942 0.0037756471429020166 -0.7063339352607727 
vn -0.7047452330589294 -0.007556680589914322 -0.7094202041625977 
vn -0.407198429107666 -0.007570407819002867 -0.913308322429657 
vn -0.39543429017066956 -0.09746579825878143 -0.913308322429657 
vn -0.15633562207221985 -0.10985144227743149 -0.9815762042999268 
vn -0.009430620819330215 0.8440878987312317 0.5361219048500061 
vn -0.9330089688301086 0.27538609504699707 0.23163928091526031 
vn -0.7736389636993408 0.5061549544334412 0.3811691105365753 
vn -0.8492022156715393 0.5237135291099548 0.06767380982637405 
vn -0.489015132188797 0.8620957732200623 0.1328723281621933 
vn -0.2757980227470398 0.9612131118774414 0.002184694167226553 
vn -0.21887265145778656 0.9589437246322632 0.18033768236637115 
vn -1.0341130485562108e-13 0.999997615814209 0.002184694167226553 
vn -1.0341130485562108e-13 0.999997615814209 0.002184694167226553 
vn -1.0341130485562108e-13 0.999997615814209 0.002184694167226553 
vn -1.0341130485562108e-13 0.999997615814209 0.002184694167226553 
vn -1.0341130485562108e-13 0.999997615814209 0.002184694167226553 
vn -1.0341130485562108e-13 0.999997615814209 0.002184694167226553 
vn -1.0341130485562108e-13 0.999997615814209 0.002184694167226553 
vn -0.0302029550075531 0.9995414018630981 0.002184694167226553 
vn -1.0341130485562108e-13 0.999997615814209 0.002184694167226553 
vn -0.0302029550075531 0.9995414018630981 0.002184694167226553 
vn -0.0302029550075531 0.9995414018630981 0.002184694167226553 
vn -0.19508986175060272 0.9807829260826111 0.002184694167226553 
vn -0.19508986175060272 0.9807829260826111 0.002184694167226553 
vn -1.0341130485562108e-13 0.999997615814209 0.002184694167226553 
vn -1.0341130485562108e-13 0.999997615814209 0.002184694167226553 
vn -1.0341130485562108e-13 0.999997615814209 0.002184694167226553 
vn -0.2757980227470398 0.9612131118774414 0.002184694167226553 
vn -0.2757980227470398 0.9612131118774414 0.002184694167226553 
vn -0.8314676284790039 0.5555689334869385 0.002184694167226553 
vn -0.8314676284790039 0.5555689334869385 0.002184694167226553 
vn -0.5636292695999146 0.6022982001304626 0.5652954578399658 
vn -0.30351459980010986 0.6662545800209045 0.681163489818573 
vn -0.08485421538352966 0.980719268321991 0.1760382205247879 
vn -0.02829008176922798 0.9854781031608582 0.16742929816246033 
vn -1.0341130485562108e-13 0.999997615814209 0.002184694167226553 
vn -0.0302029550075531 0.9995414018630981 0.002184694167226553 
vn -0.0302029550075531 0.9995414018630981 0.002184694167226553 
vn -0.19508986175060272 0.9807829260826111 0.002184694167226553 
vn -0.19508986175060272 0.9807829260826111 0.002184694167226553 
vn -0.11813265085220337 0.6916636228561401 0.7124928832054138 
vn -0.1013726070523262 0.7098748087882996 0.6969945430755615 
vn -0.04906785115599632 0.9867748022079468 0.15449213981628418 
vn -0.2447974979877472 0.9610158801078796 0.12854042649269104 
vn -0.19508986175060272 0.9807829260826111 0.002184694167226553 
vn -0.8314676284790039 0.5555689334869385 0.002184694167226553 
vn -0.8210560083389282 -0.5386779308319092 0.18892620503902435 
vn -0.8313723802566528 -0.5555052757263184 0.0152922747656703 
vn -0.977332592010498 -0.2097964584827423 0.028397228568792343 
vn -0.9562804102897644 -0.29008448123931885 0.03713129088282585 
vn -0.977444589138031 -0.20982049405574799 -0.024029340595006943 
vn -0.9567553400993347 -0.29022857546806335 -0.01966099627315998 
vn -0.9568284153938293 -0.2902507185935974 -0.0152922747656703 
vn -0.8270114660263062 -0.561671257019043 -0.024029340595006943 
vn -0.8270904421806335 -0.5617249011993408 -0.01966099627315998 
vn -0.9775379300117493 -0.2098405361175537 -0.01966099627315998 
vn -0.9776126146316528 -0.2098565548658371 -0.0152922747656703 
vn -0.9546639323234558 -0.2974852919578552 -0.010923261754214764 
vn -0.9546639323234558 -0.2974852919578552 -0.010923261754214764 
vn -0.9760558009147644 -0.21724578738212585 -0.010923261754214764 
vn -0.822887659072876 -0.5679983496665955 -0.0152922747656703 
vn -0.9761117100715637 -0.21725822985172272 -0.002184694167226553 
vn -0.8229818940162659 -0.5680633783340454 -0.002184694167226553 
vn -0.8229662179946899 -0.5680525302886963 0.006554040592163801 
vn -0.9547185897827148 -0.297502338886261 -0.002184694167226553 
vn -0.9547185897827148 -0.297502338886261 0.002184694167226553 
vn -0.9760931134223938 -0.21725408732891083 0.006554040592163801 
vn -0.9759998917579651 -0.217233344912529 0.0152922747656703 
vn -0.822887659072876 -0.5679983496665955 0.0152922747656703 
vn -0.9546639323234558 -0.2974852919578552 0.010923261754214764 
vn -0.954609215259552 -0.29746827483177185 0.0152922747656703 
vn -0.9775379300117493 -0.2098405361175537 0.01966099627315998 
vn -0.9776126146316528 -0.2098565548658371 0.0152922747656703 
vn -0.8228247761726379 -0.567954957485199 0.01966099627315998 
vn -0.8271536231040955 -0.5617678165435791 0.0152922747656703 
vn -0.822887659072876 -0.5679983496665955 -0.0152922747656703 
vn -0.8272009491920471 -0.5618000030517578 0.010923261754214764 
vn -0.9776685833930969 -0.20986858010292053 0.010923261754214764 
vn -0.9777246117591858 -0.20988060534000397 0.002184694167226553 
vn -0.95691978931427 -0.29027843475341797 0.006554040592163801 
vn -0.9569380283355713 -0.2902839779853821 0.002184694167226553 
vn -0.9568832516670227 -0.29026734828948975 0.010923261754214764 
vn -0.8272483348846436 -0.5618321895599365 0.002184694167226553 
vn -0.6821385622024536 -0.501205563545227 -0.5324283838272095 
vn -0.919960081577301 -0.22076578438282013 -0.3239381015300751 
vn -0.9651533961296082 -0.25763463973999023 -0.04586252197623253 
vn -0.677384614944458 -0.1573779284954071 -0.7185974717140198 
vn -0.5905341506004333 -0.26402536034584045 -0.762600839138031 
vn -0.37662842869758606 -0.15498028695583344 -0.913308322429657 
vn 0.3382844924926758 -0.007511849980801344 0.9410139322280884 
vn 0.873183012008667 -0.007546777371317148 0.48733407258987427 
vn 0.33847537636756897 -0.0745040625333786 0.9380210638046265 
vn 0.8705545663833618 -0.030190609395503998 0.4911448359489441 
vn -0.0018501408630982041 -0.07418830692768097 0.9972425103187561 
vn 0.923859715461731 0.3826752007007599 0.006554040592163801 
vn 0.9181955456733704 0.38952305912971497 0.07203252613544464 
vn 0.39527982473373413 0.8754477500915527 0.2781098484992981 
vn -0.04902800917625427 0.8802348971366882 0.4719987213611603 
vn 0.3797886371612549 0.59001225233078 0.7124928832054138 
vn -0.04885592684149742 0.5320379734039307 0.8453097939491272 
vn 0.9080133438110352 0.26054298877716064 0.3280687630176544 
vn 0.8795284628868103 0 0.4758462607860565 
vn -0.37662842869758606 -0.15498028695583344 -0.913308322429657 
vn 4.317408924944463e-14 -0.13936540484428406 -0.9902410507202148 
vn -0.6821385622024536 -0.501205563545227 -0.5324283838272095 
vn -0.1907813549041748 -0.7922353744506836 -0.5796254277229309 
vn -0.2757980227470398 -0.9612131118774414 0.002184694167226553 
vn 0.22688429057598114 -0.7324907183647156 -0.641857385635376 
vn 0.06037835404276848 -0.998173177242279 -0.002184694167226553 
vn 0.022653724998235703 -0.9997409582138062 -0.002184694167226553 
vn 0.06037835404276848 -0.998173177242279 -0.002184694167226553 
vn 0.022653724998235703 -0.9997409582138062 -0.002184694167226553 
vn 0.015103200450539589 -0.9998835325241089 -0.002184694167226553 
vn 3.097898456858039e-13 -0.999997615814209 0.002184694167226553 
vn 3.097898456858039e-13 -0.999997615814209 0.002184694167226553 
vn 3.097898456858039e-13 -0.999997615814209 0.002184694167226553 
vn 3.097898456858039e-13 -0.999997615814209 0.002184694167226553 
vn 3.097898456858039e-13 -0.999997615814209 0.002184694167226553 
vn 3.097898456858039e-13 -0.999997615814209 0.002184694167226553 
vn 3.097898456858039e-13 -0.999997615814209 0.002184694167226553 
vn 3.097898456858039e-13 -0.999997615814209 0.002184694167226553 
vn 0.007551815826445818 -0.9999691247940063 -0.002184694167226553 
vn 3.097898456858039e-13 -0.999997615814209 0.002184694167226553 
vn 0.007551815826445818 -0.9999691247940063 0.002184694167226553 
vn 0.007551815826445818 -0.9999691247940063 0.002184694167226553 
vn 0.007551815826445818 -0.9999691247940063 0.002184694167226553 
vn 0.007551815826445818 -0.9999691247940063 0.002184694167226553 
vn 0.007551815826445818 -0.9999691247940063 0.002184694167226553 
vn 0.007551815826445818 -0.9999691247940063 0.002184694167226553 
vn 0.007551815826445818 -0.9999691247940063 0.002184694167226553 
vn 0.007551815826445818 -0.9999691247940063 0.002184694167226553 
vn 0.007551815826445818 -0.9999691247940063 0.002184694167226553 
vn 0.007551815826445818 -0.9999691247940063 0.002184694167226553 
vn 0.34753286838531494 -0.9376652836799622 0.002184694167226553 
vn 0.007551815826445818 -0.9999691247940063 0.002184694167226553 
vn 0.34753286838531494 -0.9376652836799622 0.002184694167226553 
vn 0.34753286838531494 -0.9376652836799622 0.002184694167226553 
vn 0.878334105014801 -0.47804227471351624 0.002184694167226553 
vn 0.878334105014801 -0.47804227471351624 0.002184694167226553 
vn 0.007551815826445818 -0.9999691247940063 0.002184694167226553 
vn 0.007551815826445818 -0.9999691247940063 0.002184694167226553 
vn 0.007551815826445818 -0.9999691247940063 0.002184694167226553 
vn 0.007551815826445818 -0.9999691247940063 0.002184694167226553 
vn 0.007551815826445818 -0.9999691247940063 0.002184694167226553 
vn 0.007551815826445818 -0.9999691247940063 0.002184694167226553 
vn 0.007551815826445818 -0.9999691247940063 0.002184694167226553 
vn 3.097898456858039e-13 -0.999997615814209 0.002184694167226553 
vn 3.097898456858039e-13 -0.999997615814209 0.002184694167226553 
vn 3.097898456858039e-13 -0.999997615814209 0.002184694167226553 
vn 3.097898456858039e-13 -0.999997615814209 0.002184694167226553 
vn 3.097898456858039e-13 -0.999997615814209 0.002184694167226553 
vn 3.097898456858039e-13 -0.999997615814209 0.002184694167226553 
vn 0.015103200450539589 -0.9998835325241089 -0.002184694167226553 
vn 0.015103200450539589 -0.9998835325241089 -0.002184694167226553 
vn 0.05283859372138977 -0.9986006617546082 -0.002184694167226553 
vn 0.05283859372138977 -0.9986006617546082 -0.002184694167226553 
vn -0.2757927477359772 -0.9611947536468506 0.006554040592163801 
vn -0.2757980227470398 -0.9612131118774414 0.002184694167226553 
vn -0.8272009491920471 -0.5618000030517578 0.010923261754214764 
vn -0.8272483348846436 -0.5618321895599365 0.002184694167226553 
vn 0.007551815826445818 -0.9999691247940063 0.002184694167226553 
vn 0.007551815826445818 -0.9999691247940063 0.002184694167226553 
vn 0.007551815826445818 -0.9999691247940063 0.002184694167226553 
vn 3.097898456858039e-13 -0.999997615814209 0.002184694167226553 
vn 3.097898456858039e-13 -0.999997615814209 0.002184694167226553 
vn 3.097898456858039e-13 -0.999997615814209 0.002184694167226553 
vn 3.097898456858039e-13 -0.999997615814209 0.002184694167226553 
vn 3.097898456858039e-13 -0.999997615814209 0.002184694167226553 
vn 3.097898456858039e-13 -0.999997615814209 0.002184694167226553 
vn 0.015103200450539589 -0.9998835325241089 0.002184694167226553 
vn 0.015103200450539589 -0.9998835325241089 -0.002184694167226553 
vn 0.05283859372138977 -0.9986006617546082 -0.002184694167226553 
vn 0.05283859372138977 -0.9986006617546082 -0.002184694167226553 
vn -0.2685261070728302 -0.9632501006126404 0.006554040592163801 
vn -0.2757927477359772 -0.9611947536468506 0.006554040592163801 
vn -0.8228247761726379 -0.567954957485199 0.01966099627315998 
vn -0.8271536231040955 -0.5617678165435791 0.0152922747656703 
vn 3.097898456858039e-13 -0.999997615814209 0.002184694167226553 
vn 3.097898456858039e-13 -0.999997615814209 0.002184694167226553 
vn 3.097898456858039e-13 -0.999997615814209 0.002184694167226553 
vn 3.097898456858039e-13 -0.999997615814209 0.002184694167226553 
vn 3.097898456858039e-13 -0.999997615814209 0.002184694167226553 
vn 0.015103200450539589 -0.9998835325241089 0.002184694167226553 
vn 0.015103200450539589 -0.9998835325241089 0.002184694167226553 
vn 0.05283859372138977 -0.9986006617546082 0.002184694167226553 
vn 0.05283859372138977 -0.9986006617546082 0.002184694167226553 
vn -0.2685312330722809 -0.963268518447876 -0.002184694167226553 
vn -0.2685312330722809 -0.963268518447876 0.002184694167226553 
vn -0.8229662179946899 -0.5680525302886963 0.006554040592163801 
vn -0.822887659072876 -0.5679983496665955 0.0152922747656703 
vn 3.097898456858039e-13 -0.999997615814209 0.002184694167226553 
vn 0.015103200450539589 -0.9998835325241089 0.002184694167226553 
vn 0.015103200450539589 -0.9998835325241089 0.002184694167226553 
vn 0.05283859372138977 -0.9986006617546082 0.002184694167226553 
vn 0.05283859372138977 -0.9986006617546082 0.002184694167226553 
vn -0.2757927477359772 -0.9611947536468506 -0.006554040592163801 
vn -0.2685261070728302 -0.9632501006126404 -0.006554040592163801 
vn -0.822887659072876 -0.5679983496665955 -0.0152922747656703 
vn -0.8229818940162659 -0.5680633783340454 -0.002184694167226553 
vn 3.097898456858039e-13 -0.999997615814209 0.002184694167226553 
vn 0.007551815826445818 -0.9999691247940063 -0.002184694167226553 
vn 3.097898456858039e-13 -0.999997615814209 0.002184694167226553 
vn 3.097898456858039e-13 -0.999997615814209 -0.002184694167226553 
vn 3.097898456858039e-13 -0.999997615814209 -0.002184694167226553 
vn 0.007551815826445818 -0.9999691247940063 -0.002184694167226553 
vn 0.007551815826445818 -0.9999691247940063 -0.002184694167226553 
vn 0.007551815826445818 -0.9999691247940063 -0.002184694167226553 
vn 0.015110506676137447 -0.7694728970527649 -0.6385006904602051 
vn 0.011327403597533703 -0.7667403817176819 -0.641857385635376 
vn 0.01325214933604002 -0.09944784641265869 -0.994954526424408 
vn 0.013228870928287506 -0.7638976573944092 -0.6452018022537231 
vn 0.007566623389720917 -0.09131556749343872 -0.9957932829856873 
vn 0.380763441324234 -0.0899546891450882 -0.9202865362167358 
vn 0.007551815826445818 -0.9999691247940063 -0.002184694167226553 
vn 0.007551815826445818 -0.9999691247940063 -0.002184694167226553 
vn 0.007551815826445818 -0.9999691247940063 -0.002184694167226553 
vn 0.007551815826445818 -0.9999691247940063 -0.002184694167226553 
vn 0.007551815826445818 -0.9999691247940063 0.002184694167226553 
vn 0.007551815826445818 -0.9999691247940063 0.002184694167226553 
vn 0.007551815826445818 -0.9999691247940063 0.002184694167226553 
vn 0.34753286838531494 -0.9376652836799622 0.002184694167226553 
vn 0.34753286838531494 -0.9376652836799622 0.002184694167226553 
vn 0.878334105014801 -0.47804227471351624 0.002184694167226553 
vn 0.878334105014801 -0.47804227471351624 0.002184694167226553 
vn 0.007551815826445818 -0.9999691247940063 -0.002184694167226553 
vn 0.007551815826445818 -0.9999691247940063 -0.002184694167226553 
vn 0.007551815826445818 -0.9999691247940063 -0.002184694167226553 
vn 0.007551815826445818 -0.9999691247940063 -0.002184694167226553 
vn 0.007551815826445818 -0.9999691247940063 -0.002184694167226553 
vn 0.34753286838531494 -0.9376652836799622 -0.002184694167226553 
vn 0.34753286838531494 -0.9376652836799622 0.002184694167226553 
vn 0.878334105014801 -0.47804227471351624 0.002184694167226553 
vn 0.878334105014801 -0.47804227471351624 0.002184694167226553 
vn 0.007551815826445818 -0.9999691247940063 -0.002184694167226553 
vn 0.007551815826445818 -0.9999691247940063 -0.002184694167226553 
vn 0.007551815826445818 -0.9999691247940063 -0.002184694167226553 
vn 0.333331435918808 -0.9428071975708008 -0.002184694167226553 
vn 0.3705938160419464 -0.7023534178733826 -0.607749879360199 
vn 0.8725687861442566 -0.39565810561180115 -0.2864931523799896 
vn 0.8948248624801636 -0.03775627911090851 -0.44481781125068665 
vn 0.8710139393806458 -0.49125343561172485 -0.002184694167226553 
vn 0.8710139393806458 -0.49125343561172485 -0.002184694167226553 
vn 0.34044185280799866 -0.940263032913208 -0.002184694167226553 
vn 0.34044185280799866 -0.940263032913208 -0.002184694167226553 
vn 0.007551815826445818 -0.9999691247940063 -0.002184694167226553 
vn 0.8746989965438843 -0.48466166853904724 -0.002184694167226553 
vn 0.8746989965438843 -0.48466166853904724 -0.002184694167226553 
vn 0.34753286838531494 -0.9376652836799622 -0.002184694167226553 
vn 0.08107906579971313 -0.7979177832603455 -0.5972883701324463 
vn 0.14763079583644867 -0.09978099912405014 -0.9839963912963867 
vn 0.2565198540687561 -0.7992678880691528 -0.5434780716896057 
vn 0.4455612897872925 -0.0900721624493599 -0.8907088041305542 
vn 0.642462968826294 -0.07537485659122467 -0.762600839138031 
vn 3.097898456858039e-13 -0.999997615814209 0.002184694167226553 
vn 3.097898456858039e-13 -0.999997615814209 0.002184694167226553 
vn 3.097898456858039e-13 -0.999997615814209 0.002184694167226553 
vn 3.097898456858039e-13 -0.999997615814209 0.002184694167226553 
vn 0.4547790586948395 -0.7600152492523193 -0.4642767012119293 
vn 0.4348870515823364 -0.7179866433143616 -0.5434780716896057 
vn 0.6027560830116272 -0.09030525386333466 -0.7927988767623901 
vn 0.2799658477306366 -0.11084631830453873 -0.953589141368866 
vn 0.7130953669548035 -0.07545609027147293 -0.6969945430755615 
vn 0.40470874309539795 -0.7689207196235657 -0.4949462115764618 
vn 0.8746989965438843 -0.48466166853904724 -0.002184694167226553 
vn 0.013194040395319462 -0.10383842885494232 -0.9945066571235657 
vn -0.2757927477359772 -0.9611947536468506 -0.006554040592163801 
vn -0.8270904421806335 -0.5617249011993408 -0.01966099627315998 
vn -0.2757822275161743 -0.9611580967903137 -0.010923261754214764 
vn -0.8270114660263062 -0.561671257019043 -0.024029340595006943 
vn -0.8313723802566528 -0.5555052757263184 0.0152922747656703 
vn 0.05283859372138977 -0.9986006617546082 0.002184694167226553 
vn 0.05283859372138977 -0.9986006617546082 -0.002184694167226553 
vn 0.015103200450539589 -0.9998835325241089 -0.002184694167226553 
vn 3.097898456858039e-13 -0.999997615814209 0.002184694167226553 
vn 0.015103200450539589 -0.9998835325241089 -0.002184694167226553 
vn 3.097898456858039e-13 -0.999997615814209 0.002184694167226553 
vn 0.4112304747104645 -0.7751078009605408 0.4796847105026245 
vn 3.097898456858039e-13 -0.999997615814209 0.002184694167226553 
vn 0.36538106203079224 -0.7835622429847717 0.5025205612182617 
vn 0.23265498876571655 -0.7990458011627197 0.5544344186782837 
vn 0.5718677639961243 -0.10487229377031326 0.8136147856712341 
vn 0.3749046325683594 -0.09688129276037216 0.9219872951507568 
vn 3.097898456858039e-13 -0.999997615814209 0.002184694167226553 
vn 3.097898456858039e-13 -0.999997615814209 0.002184694167226553 
vn 3.097898456858039e-13 -0.999997615814209 0.002184694167226553 
vn 3.097898456858039e-13 -0.999997615814209 -0.002184694167226553 
vn 0.07341492176055908 -0.7826583385467529 0.6181069612503052 
vn 0.009433140978217125 -0.7554305195808411 0.6551609039306641 
vn 0.11141466349363327 -0.08372268825769424 0.9902410507202148 
vn -0.0018418359104543924 -0.07854640483856201 0.9969087839126587 
vn 0.007551815826445818 -0.9999691247940063 -0.002184694167226553 
vn 0.007551815826445818 -0.9999691247940063 -0.002184694167226553 
vn 0.007551815826445818 -0.9999691247940063 -0.002184694167226553 
vn 0.007551815826445818 -0.9999691247940063 -0.002184694167226553 
vn 0.00565646355971694 -0.7525982856750488 0.6584556698799133 
vn 0.00565646355971694 -0.7525982856750488 0.6584556698799133 
vn -0.0018501408630982041 -0.07418830692768097 0.9972425103187561 
vn -0.0018501408630982041 -0.07418830692768097 0.9972425103187561 
vn 0.007551815826445818 -0.9999691247940063 -0.002184694167226553 
vn 0.007551815826445818 -0.9999691247940063 -0.002184694167226553 
vn 0.007551815826445818 -0.9999691247940063 -0.002184694167226553 
vn 0.34753286838531494 -0.9376652836799622 -0.002184694167226553 
vn 0.3579338788986206 -0.7029001712799072 0.6146662831306458 
vn 0.8626869320869446 -0.38133832812309265 0.33219319581985474 
vn 0.33847537636756897 -0.0745040625333786 0.9380210638046265 
vn 0.8705545663833618 -0.030190609395503998 0.4911448359489441 
vn 0.34753286838531494 -0.9376652836799622 -0.002184694167226553 
vn 0.878334105014801 -0.47804227471351624 -0.002184694167226553 
vn 0.878334105014801 -0.47804227471351624 -0.002184694167226553 
vn -0.7011588215827942 0.6025665402412415 0.3811691105365753 
vn -0.8098555207252502 0.5865276455879211 -0.010923261754214764 
vn -0.7826839089393616 0.5649234652519226 0.2612801790237427 
vn -0.8515064716339111 0.5235745310783386 -0.028397228568792343 
vn -0.7382673621177673 0.6742216348648071 -0.01966099627315998 
vn -0.8442400097846985 0.53317791223526 -0.05459024757146835 
vn -0.7331546545028687 0.6797776818275452 -0.01966099627315998 
vn -0.7064976692199707 0.7064976692199707 0.04149730131030083 
vn -0.81254643201828 0.5772767663002014 -0.08074574917554855 
vn -0.7958589196205139 0.6043424606323242 -0.03713129088282585 
vn -0.8314517736434937 0.5555583238601685 -0.006554040592163801 
vn -0.8100467324256897 0.5829371213912964 0.0633138045668602 
vn -0.6612273454666138 0.7358705401420593 0.1458524912595749 
vn -0.7776288986206055 0.6284160614013672 0.01966099627315998 
vn -0.7407582402229309 0.6593592762947083 0.12854042649269104 
vn -0.7664649486541748 0.6053736209869385 0.21460255980491638 
vn -0.6299735903739929 0.5953096151351929 0.4987381398677826 
vn -0.5642572045326233 0.7464606165885925 0.3527185618877411 
vn -0.387844443321228 0.6516621708869934 0.651853621006012 
vn -0.0302029550075531 0.9995414018630981 0.002184694167226553 
vn -0.19508986175060272 0.9807829260826111 0.002184694167226553 
vn -0.19508986175060272 0.9807829260826111 0.002184694167226553 
vn 0.21854887902736664 0.45878031849861145 0.8612531423568726 
vn 0.011283842846751213 0.34229037165641785 0.9395264387130737 
vn -0.3192102909088135 0.7386014461517334 0.5937783122062683 
vn 0.9209434390068054 0.389641135931015 -0.006554040592163801 
vn 0.42412951588630676 0.9055778384208679 -0.006554040592163801 
vn -1.0341130485562108e-13 0.999997615814209 0.002184694167226553 
vn 0.41728663444519043 0.9087722897529602 -0.002184694167226553 
vn -1.0341130485562108e-13 0.999997615814209 0.002184694167226553 
vn -1.0341130485562108e-13 0.999997615814209 0.002184694167226553 
vn -1.0341130485562108e-13 0.999997615814209 0.002184694167226553 
vn -1.0341130485562108e-13 0.999997615814209 0.002184694167226553 
vn -1.0341130485562108e-13 0.999997615814209 0.002184694167226553 
vn -1.0341130485562108e-13 0.999997615814209 0.002184694167226553 
vn -1.0341130485562108e-13 0.999997615814209 0.002184694167226553 
vn -1.0341130485562108e-13 0.999997615814209 0.002184694167226553 
vn -1.0341130485562108e-13 0.999997615814209 0.002184694167226553 
vn -1.0341130485562108e-13 0.999997615814209 0.002184694167226553 
vn -1.0341130485562108e-13 0.999997615814209 0.002184694167226553 
vn -1.0341130485562108e-13 0.999997615814209 0.002184694167226553 
vn -1.0341130485562108e-13 0.999997615814209 0.002184694167226553 
vn 0.07916827499866486 0.9890931248664856 -0.1242060661315918 
vn -1.0341130485562108e-13 0.999997615814209 0.002184694167226553 
vn 0.1298365592956543 0.9825921654701233 -0.1328723281621933 
vn 0.15225093066692352 0.9793694615364075 -0.1328723281621933 
vn 0.5252333283424377 0.6638147234916687 -0.5324283838272095 
vn 0.5972236394882202 0.6399516463279724 -0.4835140109062195 
vn -1.0341130485562108e-13 0.999997615814209 0.002184694167226553 
vn -1.0341130485562108e-13 0.999997615814209 0.002184694167226553 
vn -1.0341130485562108e-13 0.999997615814209 0.002184694167226553 
vn -1.0341130485562108e-13 0.999997615814209 0.002184694167226553 
vn -1.0341130485562108e-13 0.999997615814209 0.002184694167226553 
vn -0.04525405541062355 0.9932451844215393 0.10684575140476227 
vn -0.02264723740518093 0.99945467710495 0.024029340595006943 
vn -0.10738389194011688 0.9879806041717529 0.1111890971660614 
vn -1.0341130485562108e-13 0.999997615814209 0.002184694167226553 
vn -1.0341130485562108e-13 0.999997615814209 0.002184694167226553 
vn -1.0341130485562108e-13 0.999997615814209 0.002184694167226553 
vn -1.0341130485562108e-13 0.999997615814209 0.002184694167226553 
vn -0.02450825832784176 0.9443358778953552 0.3280687630176544 
vn -0.049028489738702774 0.9715654850006104 0.23163928091526031 
vn -0.19419044256210327 0.7781623601913452 0.5972883701324463 
vn -0.2204362154006958 0.9125285148620605 0.34452807903289795 
vn -0.44998636841773987 0.7743703126907349 0.44481781125068665 
vn -0.21894609928131104 0.9641112089157104 0.15017375349998474 
vn -0.2971849739551544 0.9488229751586914 0.10684575140476227 
vn -1.0341130485562108e-13 0.999997615814209 0.002184694167226553 
vn 0.9209434390068054 0.389641135931015 -0.006554040592163801 
vn 0.9179922342300415 0.3965924084186554 -0.002184694167226553 
vn 0.4104118347167969 0.9118976593017578 -0.002184694167226553 
vn 0.4104118347167969 0.9118976593017578 -0.002184694167226553 
vn -1.0341130485562108e-13 0.999997615814209 0.002184694167226553 
vn -1.0341130485562108e-13 0.999997615814209 0.002184694167226553 
vn -1.0341130485562108e-13 0.999997615814209 0.002184694167226553 
vn -1.0341130485562108e-13 0.999997615814209 0.002184694167226553 
vn -1.0341130485562108e-13 0.999997615814209 0.002184694167226553 
vn -1.0237063340036087e-13 0.9899342060089111 -0.1415284425020218 
vn 0.026428578421473503 0.9924378395080566 -0.11986933648586273 
vn 0.14451083540916443 0.7615821957588196 -0.6317508816719055 
vn 0.39081963896751404 0.7121521234512329 -0.5831804275512695 
vn 0.9149710536003113 0.4035136103630066 -0.002184694167226553 
vn 0.9118976593017578 0.4104118347167969 -0.002184694167226553 
vn 0.3965924084186554 0.9179922342300415 -0.002184694167226553 
vn 0.38964858651161194 0.9209610223770142 -0.002184694167226553 
vn -1.0341130485562108e-13 0.999997615814209 0.002184694167226553 
vn 0.0018876449903473258 0.9866044521331787 -0.16312000155448914 
vn -0.001886976882815361 0.9886578321456909 -0.15017375349998474 
vn 0.005665153730660677 0.7200927138328552 -0.6938546895980835 
vn 0.009441685862839222 0.7320704460144043 -0.681163489818573 
vn 0.9087722897529602 0.41728663444519043 -0.002184694167226553 
vn 0.9040235280990601 0.42398273944854736 -0.05459024757146835 
vn 0.4101756513118744 0.8965061902999878 -0.16742929816246033 
vn 0.4159961938858032 0.6374566555023193 -0.6485338807106018 
vn 0.0037783945444971323 0.7047756314277649 -0.7094202041625977 
vn -0.08078503608703613 0.6484963893890381 0.7569189071655273 
vn 0.0056570409797132015 0.5990124344825745 0.8007197380065918 
vn 0.003772426163777709 0.9294145107269287 0.3690181374549866 
vn -1.0341130485562108e-13 0.999997615814209 0.002184694167226553 
vn 0.005660711321979761 0.9261446595191956 0.37712597846984863 
vn -1.0341130485562108e-13 0.999997615814209 0.002184694167226553 
vn -1.0341130485562108e-13 0.999997615814209 0.002184694167226553 
vn -1.0341130485562108e-13 0.999997615814209 0.002184694167226553 
vn -1.0341130485562108e-13 0.999997615814209 0.002184694167226553 
vn -1.0341130485562108e-13 0.999997615814209 0.002184694167226553 
vn -1.0341130485562108e-13 0.999997615814209 0.002184694167226553 
vn -1.0341130485562108e-13 0.999997615814209 0.002184694167226553 
vn -1.0341130485562108e-13 0.999997615814209 0.002184694167226553 
vn 0.003773920238018036 0.9922492504119873 -0.1242060661315918 
vn 0.003773920238018036 0.9922492504119873 -0.1242060661315918 
vn 0.0018888887716457248 0.7611834406852722 -0.6485338807106018 
vn 0.003773920238018036 0.9922492504119873 -0.1242060661315918 
vn 0.0018888887716457248 0.7611834406852722 -0.6485338807106018 
vn 0.0018888887716457248 0.7611834406852722 -0.6485338807106018 
vn -1.0341130485562108e-13 0.999997615814209 0.002184694167226553 
vn -1.0341130485562108e-13 0.999997615814209 0.002184694167226553 
vn -1.0341130485562108e-13 0.999997615814209 0.002184694167226553 
vn 0.05095917358994484 0.9879930019378662 -0.1458524912595749 
vn 0.009440859779715538 0.9916593432426453 -0.12854042649269104 
vn 0.03022683411836624 0.7548844814300537 -0.6551609039306641 
vn 0.0018888887716457248 0.7611834406852722 -0.6485338807106018 
vn 0.16341370344161987 0.9750609397888184 -0.15017375349998474 
vn 0.5093458890914917 0.6612064838409424 -0.5507928133010864 
vn 0.21582993865013123 0.7179975509643555 -0.661737859249115 
vn -1.0341130485562108e-13 0.999997615814209 0.002184694167226553 
vn 0.0018853626679629087 0.9277990460395813 0.37307560443878174 
vn -1.0341130485562108e-13 0.999997615814209 0.002184694167226553 
vn 0.0018853626679629087 0.9277990460395813 0.37307560443878174 
vn 0.0018853626679629087 0.9277990460395813 0.37307560443878174 
vn -0.0037707132287323475 0.6025202870368958 0.7980946898460388 
vn -0.0037707132287323475 0.6025202870368958 0.7980946898460388 
vn -1.0341130485562108e-13 0.999997615814209 0.002184694167226553 
vn -1.0341130485562108e-13 0.999997615814209 0.002184694167226553 
vn -1.0341130485562108e-13 0.999997615814209 0.002184694167226553 
vn -1.0341130485562108e-13 0.999997615814209 0.002184694167226553 
vn 0.003773920238018036 0.9922492504119873 -0.1242060661315918 
vn 0.003773920238018036 0.9922492504119873 -0.1242060661315918 
vn 0.0018888887716457248 0.7611834406852722 -0.6485338807106018 
vn -1.0341130485562108e-13 0.999997615814209 0.002184694167226553 
vn -1.0341130485562108e-13 0.999997615814209 0.002184694167226553 
vn -1.0341130485562108e-13 0.999997615814209 0.002184694167226553 
vn -1.0341130485562108e-13 0.999997615814209 0.002184694167226553 
vn -1.0341130485562108e-13 0.999997615814209 0.002184694167226553 
vn -0.0037707132287323475 0.6025202870368958 0.7980946898460388 
vn 0.0037707132287323475 0.6025202870368958 0.7980946898460388 
vn 0.0018853626679629087 0.9277990460395813 0.37307560443878174 
vn 0.016937704756855965 0.5952938795089722 0.8033295273780823 
vn 0.0018853626679629087 0.9277990460395813 0.37307560443878174 
vn -0.0037707132287323475 0.6025202870368958 0.7980946898460388 
vn 0.0018853626679629087 0.9277990460395813 0.37307560443878174 
vn -0.0037707132287323475 0.6025202870368958 0.7980946898460388 
vn 0.0037707132287323475 0.6025202870368958 0.7980946898460388 
vn -1.0341130485562108e-13 0.999997615814209 0.002184694167226553 
vn -1.0341130485562108e-13 0.999997615814209 0.002184694167226553 
vn -1.0341130485562108e-13 0.999997615814209 0.002184694167226553 
vn -1.0341130485562108e-13 0.999997615814209 0.002184694167226553 
vn -1.0341130485562108e-13 0.999997615814209 0.002184694167226553 
vn -1.0341130485562108e-13 0.999997615814209 0.002184694167226553 
vn -1.0341130485562108e-13 0.999997615814209 0.002184694167226553 
vn 0.003773920238018036 0.9922492504119873 -0.1242060661315918 
vn 0.003773920238018036 0.9922492504119873 -0.1242060661315918 
vn 0.0018888887716457248 0.7611834406852722 -0.6485338807106018 
vn 0.003773920238018036 0.9922492504119873 -0.1242060661315918 
vn 0.0018888887716457248 0.7611834406852722 -0.6485338807106018 
vn 0.0018888887716457248 0.7611834406852722 -0.6485338807106018 
vn 0.003773920238018036 0.9922492504119873 -0.1242060661315918 
vn -1.0341130485562108e-13 0.999997615814209 0.002184694167226553 
vn -1.0341130485562108e-13 0.999997615814209 0.002184694167226553 
vn -1.0341130485562108e-13 0.999997615814209 0.002184694167226553 
vn -1.0341130485562108e-13 0.999997615814209 0.002184694167226553 
vn -1.0341130485562108e-13 0.999997615814209 0.002184694167226553 
vn -1.0341130485562108e-13 0.999997615814209 0.002184694167226553 
vn 0.0018853626679629087 0.9277990460395813 0.37307560443878174 
vn 0.0018853626679629087 0.9277990460395813 0.37307560443878174 
vn 0.003773920238018036 0.9922492504119873 -0.1242060661315918 
vn 0.0018888887716457248 0.7611834406852722 -0.6485338807106018 
vn 0.0018888887716457248 0.7611834406852722 -0.6485338807106018 
vn -0.34933769702911377 0.935873806476593 0.04586252197623253 
vn -0.7407582402229309 0.6593592762947083 0.12854042649269104 
vn -0.7776288986206055 0.6284160614013672 0.01966099627315998 
vn -0.6423618793487549 0.6983774900436401 0.31565824151039124 
vn 0.0037707132287323475 0.6025202870368958 0.7980946898460388 
vn 0.001884994562715292 0.6060105562210083 0.7954543828964233 
vn 0.0018853626679629087 0.9277990460395813 0.37307560443878174 
vn 0.003772426163777709 0.9294145107269287 0.3690181374549866 
vn -1.0341130485562108e-13 0.999997615814209 0.002184694167226553 
vn -1.0341130485562108e-13 0.999997615814209 0.002184694167226553 
vn -1.0341130485562108e-13 0.999997615814209 0.002184694167226553 
vn -1.0341130485562108e-13 0.999997615814209 0.002184694167226553 
vn -0.003773920238018036 0.9922492504119873 -0.1242060661315918 
vn -0.003773920238018036 0.9922492504119873 -0.1242060661315918 
vn 0.0018888887716457248 0.7611834406852722 -0.6485338807106018 
vn 0.0018888887716457248 0.7611834406852722 -0.6485338807106018 
vn -0.0018870332278311253 0.9310237765312195 0.3649536371231079 
vn 0.0018831990892067552 0.6198199987411499 0.7847417593002319 
vn -6.302761996123882e-14 0.6094833612442017 0.7927988767623901 
vn -0.822887659072876 -0.5679983496665955 -0.0152922747656703 
vn 0.0018888887716457248 0.7611834406852722 -0.6485338807106018 
vn -0.007467308547347784 -0.10440661758184433 0.9945066571235657 
vn 0.05969132110476494 -0.13070575892925262 0.9896226525306702 
vn 0.30036211013793945 -0.7682601809501648 0.5652954578399658 
vn 0.7279033064842224 -0.4180769920349121 0.5434780716896057 
vn 0.8819191455841064 -0.4713956117630005 0.002184694167226553 
vn 0.8819191455841064 -0.4713956117630005 0.002184694167226553 
vn 0.8819191455841064 -0.4713956117630005 0.002184694167226553 
vn 0.8819191455841064 -0.4713956117630005 0.002184694167226553 
vn 0.8819191455841064 -0.4713956117630005 0.002184694167226553 
vn 0.8819191455841064 -0.4713956117630005 0.002184694167226553 
vn 0.8819191455841064 -0.4713956117630005 0.002184694167226553 
vn -0.4479314684867859 0.6652848720550537 0.5972883701324463 
vn -0.1013726070523262 0.7098748087882996 0.6969945430755615 
vn -0.4684465825557709 0.14111755788326263 0.872148871421814 
vn -0.12066317349672318 0.15905067324638367 0.97986900806427 
vn -0.11813265085220337 0.6916636228561401 0.7124928832054138 
vn -0.44675755500793457 0.0037629047874361277 0.8946471214294434 
vn -0.2204362154006958 0.9125285148620605 0.34452807903289795 
vn -0.19419044256210327 0.7781623601913452 0.5972883701324463 
vn -0.44998636841773987 0.7743703126907349 0.44481781125068665 
vn -0.41203147172927856 0.5831471085548401 0.7001210451126099 
vn -0.6299735903739929 0.5953096151351929 0.4987381398677826 
vn -0.19520831108093262 0.5130883455276489 0.8358433246612549 
vn -0.387844443321228 0.6516621708869934 0.651853621006012 
vn -0.10891956090927124 0.6804580092430115 0.7246471047401428 
vn -0.08078503608703613 0.6484963893890381 0.7569189071655273 
vn 0.0056570409797132015 0.5990124344825745 0.8007197380065918 
vn -0.009402327239513397 0.49675437808036804 0.8678402304649353 
vn 0.026326226070523262 0.49993786215782166 0.865661084651947 
vn -6.893801257927198e-14 0.6666374206542969 0.7453821301460266 
vn 0.016937704756855965 0.5952938795089722 0.8033295273780823 
vn 0.0037707132287323475 0.6025202870368958 0.7980946898460388 
vn 0.0018819967517629266 0.5044046640396118 0.8634653687477112 
vn 0.0018819967517629266 0.5044046640396118 0.8634653687477112 
vn -0.0037704522255808115 0.660087525844574 0.7511792182922363 
vn -0.0018861298449337482 0.6568071246147156 0.7540562748908997 
vn -0.0037707132287323475 0.6025202870368958 0.7980946898460388 
vn -0.0037707132287323475 0.6025202870368958 0.7980946898460388 
vn 0.0018819967517629266 0.5044046640396118 0.8634653687477112 
vn 0.0018819967517629266 0.5044046640396118 0.8634653687477112 
vn -0.0018861298449337482 0.6568071246147156 0.7540562748908997 
vn 0.0018835372757166624 0.6535061001777649 0.7569189071655273 
vn -0.0037707132287323475 0.6025202870368958 0.7980946898460388 
vn -0.0037707132287323475 0.6025202870368958 0.7980946898460388 
vn -0.0037625895347446203 0.5006163716316223 0.865661084651947 
vn -0.0037625895347446203 0.5006163716316223 0.865661084651947 
vn 0.0018835372757166624 0.6535061001777649 0.7569189071655273 
vn 0.0018835372757166624 0.6535061001777649 0.7569189071655273 
vn -0.2757980227470398 0.9612131118774414 0.002184694167226553 
vn -0.8314676284790039 0.5555689334869385 0.002184694167226553 
vn 0.6416509747505188 -0.10506165027618408 0.7597671151161194 
vn 0.5776837468147278 -0.11226903647184372 0.8085030317306519 
vn 0.3868931829929352 -0.7580745816230774 0.5250110030174255 
vn 0.2322416752576828 -0.7538230419158936 0.6146662831306458 
vn 0.05283556878566742 -0.9985435009002686 -0.010923261754214764 
vn -0.30800798535346985 -0.947951078414917 0.08074574917554855 
vn -0.2902839779853821 -0.9569380283355713 0.002184694167226553 
vn 0.33191320300102234 -0.12525855004787445 0.9349566102027893 
vn 0.029718754813075066 -0.14940626919269562 0.9883291721343994 
vn -0.13129614293575287 -0.7831994891166687 0.607749879360199 
vn -0.5962312817573547 -0.4592868387699127 0.6584556698799133 
vn -0.8210560083389282 -0.5386779308319092 0.18892620503902435 
vn 0.5364699959754944 -0.09779420495033264 -0.838234007358551 
vn 0.0018835372757166624 0.6535061001777649 0.7569189071655273 
vn 0.0037625895347446203 0.5006163716316223 0.865661084651947 
vn 0.0018819967517629266 0.5044046640396118 0.8634653687477112 
vn 0.0037707132287323475 0.6025202870368958 0.7980946898460388 
vn 0.0037707132287323475 0.6025202870368958 0.7980946898460388 
vn -0.0037707132287323475 0.6025202870368958 0.7980946898460388 
vn 0.005658327601850033 0.6567854285240173 0.7540562748908997 
vn 0.011310865171253681 0.6600013971328735 0.7511792182922363 
vn 0.007530301809310913 0.5081203579902649 0.8612531423568726 
vn 0.001884994562715292 0.6060105562210083 0.7954543828964233 
vn 0.00564961414784193 0.5119032859802246 0.8590245246887207 
vn -6.302761996123882e-14 0.6094833612442017 0.7927988767623901 
vn 0.0018831990892067552 0.6198199987411499 0.7847417593002319 
vn 0.015065646730363369 0.6664671897888184 0.7453821301460266 
vn 0.04146537557244301 0.6782961487770081 0.7336177229881287 
vn 0.02261027693748474 0.522661566734314 0.8522403836250305 
vn 0.06572993844747543 0.5413347482681274 0.838234007358551 
vn 0.013185832649469376 0.6366812586784363 0.7710143327713013 
vn 0.04898615553975105 0.6680944561958313 0.7424622178077698 
vn 0.17070378363132477 0.5594918131828308 0.8110666871070862 
vn 0.28599217534065247 0.6608889102935791 0.6938546895980835 
vn 0.23718783259391785 0.5837056636810303 0.7765498161315918 
vn 0.3751366138458252 0.6321751475334167 0.677958071231842 
vn 0.37228816747665405 0.6372816562652588 0.67473965883255 
vn 0.38355833292007446 0.7623271346092224 0.5212872624397278 
vn 0.3729409873485565 0.7439875602722168 0.5544344186782837 
vn 0.3217742443084717 0.8926483988761902 0.31565824151039124 
vn 0.3617466390132904 0.7244957089424133 0.5867242813110352 
vn 0.31437695026397705 0.8845719695091248 0.34452807903289795 
vn 0.4422382116317749 0.8263684511184692 0.34862664341926575 
vn 0.2519242763519287 0.6242052912712097 0.7395281791687012 
vn 0.2752831280231476 0.6621312499046326 0.6969945430755615 
vn 0.37593087553977966 0.6385549902915955 0.6715083718299866 
vn 0.37665489315986633 0.6549009680747986 0.6551609039306641 
vn 0.4230552017688751 0.6874743700027466 0.590256929397583 
vn 0.5201507210731506 0.6678047776222229 0.5324283838272095 
vn 0.6248135566711426 0.7195010185241699 0.30319350957870483 
vn 0.08839871734380722 0.7617117166519165 0.641857385635376 
vn 0.07145725190639496 0.7135071754455566 0.6969945430755615 
vn 0.10340359061956406 0.8082957863807678 0.5796254277229309 
vn 0.10536400228738785 0.8581209182739258 0.5025205612182617 
vn 0.2640398144721985 0.7199320197105408 0.641857385635376 
vn 0.2363283485174179 0.8054690957069397 0.5434780716896057 
vn 0.3869714140892029 0.7054646611213684 0.5937783122062683 
vn 0.1347472071647644 0.6822469234466553 0.7185974717140198 
vn -0.8314676284790039 0.5555689334869385 0.002184694167226553 
vn 0.733294665813446 -0.6799074411392212 0.002184694167226553 
vn 0.733294665813446 -0.6799074411392212 0.002184694167226553 
vn 0.733294665813446 -0.6799074411392212 0.002184694167226553 
vn 0.733294665813446 -0.6799074411392212 0.002184694167226553 
vn 0.733294665813446 -0.6799074411392212 0.002184694167226553 
vn 0.733294665813446 -0.6799074411392212 0.002184694167226553 
vn 0.733294665813446 -0.6799074411392212 0.002184694167226553 
vn 0.733294665813446 -0.6799074411392212 0.002184694167226553 
vn 0.733294665813446 -0.6799074411392212 0.002184694167226553 
vn 0.30527463555336 0 -0.9522643685340881 
vn 0.923859715461731 0.3826752007007599 0.006554040592163801 
vn 0.9181955456733704 0.38952305912971497 0.07203252613544464 
vn 0.9989712238311768 0.04529581964015961 0.002184694167226553 
vn 0.9989521503448486 0.045294955372810364 0.006554040592163801 
vn 0.999997615814209 0 0.002184694167226553 
vn 0.9986827969551086 0.030177012085914612 0.04149730131030083 
vn 0.999997615814209 0 0.002184694167226553 
vn 0.999997615814209 0 0.002184694167226553 
vn 0.999997615814209 0 0.002184694167226553 
vn 0.999997615814209 0 0.002184694167226553 
vn 0.999997615814209 0 0.002184694167226553 
vn 0.999997615814209 0 0.002184694167226553 
vn 0.9989712238311768 0.04529581964015961 0.002184694167226553 
vn 0.9989712238311768 0.04529581964015961 0.002184694167226553 
vn 0.9238772988319397 0.38268253207206726 0.002184694167226553 
vn 0.999997615814209 0 0.002184694167226553 
vn 0.999997615814209 0 0.002184694167226553 
vn 0.9979936480522156 0 0.0633138045668602 
vn 0.9979651570320129 0.007545751519501209 0.0633138045668602 
vn 0.8865554928779602 0.04526573419570923 0.46040233969688416 
vn 0.9080133438110352 0.26054298877716064 0.3280687630176544 
vn 0.999997615814209 0 0.002184694167226553 
vn 0.999997615814209 0 0.002184694167226553 
vn 0.9977074861526489 0 0.06767380982637405 
vn 0.9977074861526489 0 0.06767380982637405 
vn 0.873183012008667 -0.007546777371317148 0.48733407258987427 
vn 0.8795284628868103 0 0.4758462607860565 
vn 0.999997615814209 0 0.002184694167226553 
vn 0.999997615814209 0 0.002184694167226553 
vn 0.9976887702941895 -0.06791467219591141 -0.002184694167226553 
vn 0.9975489377975464 -0.05284658074378967 0.04586252197623253 
vn 0.8626869320869446 -0.38133832812309265 0.33219319581985474 
vn 0.8705545663833618 -0.030190609395503998 0.4911448359489441 
vn 0.999997615814209 0 0.002184694167226553 
vn 0.999997615814209 0 0.002184694167226553 
vn 0.9976887702941895 -0.06791467219591141 0.002184694167226553 
vn 0.9976887702941895 -0.06791467219591141 0.002184694167226553 
vn 0.878334105014801 -0.47804227471351624 -0.002184694167226553 
vn 0.878334105014801 -0.47804227471351624 -0.002184694167226553 
vn 0.999997615814209 0 0.002184694167226553 
vn 0.999997615814209 0 0.002184694167226553 
vn 0.9976887702941895 -0.06791467219591141 0.002184694167226553 
vn 0.9976887702941895 -0.06791467219591141 0.002184694167226553 
vn 0.878334105014801 -0.47804227471351624 0.002184694167226553 
vn 0.878334105014801 -0.47804227471351624 0.002184694167226553 
vn 0.999997615814209 0 0.002184694167226553 
vn 0.999997615814209 0 0.002184694167226553 
vn 0.9976887702941895 -0.06791467219591141 0.002184694167226553 
vn 0.9976887702941895 -0.06791467219591141 0.002184694167226553 
vn 0.878334105014801 -0.47804227471351624 0.002184694167226553 
vn 0.878334105014801 -0.47804227471351624 0.002184694167226553 
vn 0.999997615814209 0 0.002184694167226553 
vn 0.999997615814209 0 0.002184694167226553 
vn 0.9976887702941895 -0.06791467219591141 -0.002184694167226553 
vn 0.9976887702941895 -0.06791467219591141 0.002184694167226553 
vn 0.878334105014801 -0.47804227471351624 0.002184694167226553 
vn 0.878334105014801 -0.47804227471351624 0.002184694167226553 
vn 0.999997615814209 0 0.002184694167226553 
vn 0.999997615814209 0 0.002184694167226553 
vn 0.9976887702941895 -0.06791467219591141 -0.002184694167226553 
vn 0.9976887702941895 -0.06791467219591141 -0.002184694167226553 
vn 0.8746989965438843 -0.48466166853904724 -0.002184694167226553 
vn 0.8746989965438843 -0.48466166853904724 -0.002184694167226553 
vn 0.999997615814209 0 0.002184694167226553 
vn 0.999997615814209 0 0.002184694167226553 
vn 0.9976887702941895 -0.06791467219591141 -0.002184694167226553 
vn 0.9976887702941895 -0.06791467219591141 -0.002184694167226553 
vn 0.8710139393806458 -0.49125343561172485 -0.002184694167226553 
vn 0.8746989965438843 -0.48466166853904724 -0.002184694167226553 
vn 0.999997615814209 0 0.002184694167226553 
vn 0.999997615814209 0 0.002184694167226553 
vn 0.9982322454452515 -0.007547771092504263 -0.058952588587999344 
vn 0.9974871873855591 -0.06033686175942421 -0.03713129088282585 
vn 0.8725687861442566 -0.39565810561180115 -0.2864931523799896 
vn 0.8710139393806458 -0.49125343561172485 -0.002184694167226553 
vn 0.999997615814209 0 0.002184694167226553 
vn 0.999997615814209 0 0.002184694167226553 
vn 0.9985088109970093 0 -0.05459024757146835 
vn 0.9982607960700989 0 -0.058952588587999344 
vn 0.8955892324447632 -0.007553404662758112 -0.44481781125068665 
vn 0.8948248624801636 -0.03775627911090851 -0.44481781125068665 
vn 0.999997615814209 0 0.002184694167226553 
vn 0.999997615814209 0 0.002184694167226553 
vn 0.9985980987548828 0.03772452101111412 -0.03713129088282585 
vn 0.9982322454452515 0.007547771092504263 -0.058952588587999344 
vn 0.9002362489700317 0.04528895765542984 -0.43303996324539185 
vn 0.899474024772644 0 -0.43697428703308105 
vn 0.999997615814209 0 0.002184694167226553 
vn 0.999997615814209 0 0.002184694167226553 
vn 0.9986006617546082 0.05283859372138977 -0.002184694167226553 
vn 0.99858158826828 0.05283758416771889 -0.006554040592163801 
vn 0.9040235280990601 0.42398273944854736 -0.05459024757146835 
vn 0.9127715229988098 0.28268173336982727 -0.2948545813560486 
vn 0.999997615814209 0 0.002184694167226553 
vn 0.999997615814209 0 0.002184694167226553 
vn 0.9986006617546082 0.05283859372138977 -0.002184694167226553 
vn 0.9986006617546082 0.05283859372138977 -0.002184694167226553 
vn 0.9118976593017578 0.4104118347167969 -0.002184694167226553 
vn 0.9087722897529602 0.41728663444519043 -0.002184694167226553 
vn 0.999997615814209 0 0.002184694167226553 
vn 0.999997615814209 0 0.002184694167226553 
vn 0.999997615814209 0 0.002184694167226553 
vn 0.9989712238311768 0.04529581964015961 0.002184694167226553 
vn 0.9989712238311768 0.04529581964015961 -0.002184694167226553 
vn 0.9989712238311768 0.04529581964015961 -0.002184694167226553 
vn 0.9267409443855286 0.3756946325302124 -0.002184694167226553 
vn 0.9238772988319397 0.38268253207206726 -0.002184694167226553 
vn 0.9209434390068054 0.389641135931015 -0.006554040592163801 
vn 0.9989712238311768 0.04529581964015961 -0.002184694167226553 
vn 0.9989712238311768 0.04529581964015961 -0.002184694167226553 
vn 0.999997615814209 0 0.002184694167226553 
vn 0.9989712238311768 0.04529581964015961 -0.002184694167226553 
vn 0.9179922342300415 0.3965924084186554 -0.002184694167226553 
vn 0.9149710536003113 0.4035136103630066 -0.002184694167226553 
vn 0.999997615814209 0 0.002184694167226553 
vn 0.9238772988319397 0.38268253207206726 0.002184694167226553 
vn 0.9267409443855286 0.3756946325302124 0.002184694167226553 
vn 0.9989712238311768 0.04529581964015961 0.002184694167226553 
vn 0.9267409443855286 0.3756946325302124 0.002184694167226553 
vn 0.9209434390068054 0.389641135931015 -0.006554040592163801 
vn -0.45832163095474243 -0.011339792050421238 -0.888714075088501 
vn -0.4545743763446808 -9.401648296686327e-14 -0.8907088041305542 
vn -0.7724037170410156 -1.5975094240072013e-13 -0.6351318359375 
vn -0.48275938630104065 0.17035330832004547 -0.8590245246887207 
vn -0.7897142171859741 0.12412253022193909 -0.6007870435714722 
vn -0.7264471650123596 0.552067220211029 -0.40926313400268555 
vn -0.6996522545814514 0.14253854751586914 -0.7001210451126099 
vn -0.6004085540771484 0.631099283695221 -0.4911448359489441 
vn -0.7078686952590942 0.0037756471429020166 -0.7063339352607727 
vn -0.7077881693840027 -0.011326512321829796 -0.7063339352607727 
vn -0.7751622796058655 -0.0037756022065877914 -0.6317508816719055 
vn -0.8176911473274231 -0.060375697910785675 -0.5724822878837585 
vn -0.4969263970851898 -0.08655478060245514 -0.8634653687477112 
vn -0.7371456623077393 -0.07545052468776703 -0.6715083718299866 
vn -0.7730079293251038 -0.5131016969680786 -0.37307560443878174 
vn -0.9326431155204773 -0.25739315152168274 -0.25283506512641907 
vn -0.9149710536003113 -0.4035136103630066 -0.002184694167226553 
vn -0.7495865225791931 -0.479280948638916 -0.456519216299057 
vn -0.651740550994873 -0.7584388852119446 -0.002184694167226553 
vn -0.43153953552246094 0.7172242999076843 -0.5471406579017639 
vn -0.2318487912416458 0.9673364758491516 -0.10250037163496017 
vn -0.4643307626247406 0.8797105550765991 -0.10250037163496017 
vn -0.3756946325302124 0.9267409443855286 -0.002184694167226553 
vn -0.37884825468063354 0.9170860648155212 -0.1242060661315918 
vn -0.2685312330722809 0.963268518447876 -0.002184694167226553 
vn -0.651740550994873 -0.7584388852119446 -0.002184694167226553 
vn -0.9149710536003113 -0.4035136103630066 -0.002184694167226553 
vn -0.9149710536003113 -0.4035136103630066 -0.002184694167226553 
vn -0.7633390426635742 -0.6459943652153015 -0.002184694167226553 
vn -0.7681957483291626 -0.640211284160614 -0.002184694167226553 
vn -0.7633390426635742 -0.6459943652153015 -0.002184694167226553 
vn -0.19508986175060272 0.9807829260826111 0.002184694167226553 
vn -0.19508986175060272 0.9807829260826111 0.002184694167226553 
vn -0.3756946325302124 0.9267409443855286 -0.002184694167226553 
vn -0.3756946325302124 0.9267409443855286 -0.002184694167226553 
vn -0.2685312330722809 0.963268518447876 -0.002184694167226553 
vn -0.2685312330722809 0.963268518447876 -0.002184694167226553 
vn -0.651740550994873 -0.7584388852119446 -0.002184694167226553 
vn -0.651740550994873 -0.7584388852119446 -0.002184694167226553 
vn -0.9149710536003113 -0.4035136103630066 -0.002184694167226553 
vn -0.7681957483291626 -0.640211284160614 -0.002184694167226553 
vn -0.9149710536003113 -0.4035136103630066 -0.002184694167226553 
vn -0.7681957483291626 -0.640211284160614 -0.002184694167226553 
vn -0.7681957483291626 -0.640211284160614 -0.002184694167226553 
vn -0.651740550994873 -0.7584388852119446 -0.002184694167226553 
vn -0.651740550994873 -0.7584388852119446 -0.002184694167226553 
vn -0.9149710536003113 -0.4035136103630066 -0.002184694167226553 
vn -0.9149710536003113 -0.4035136103630066 -0.002184694167226553 
vn -0.7681957483291626 -0.640211284160614 -0.002184694167226553 
vn -0.7681957483291626 -0.640211284160614 -0.002184694167226553 
vn -0.9179922342300415 -0.3965924084186554 -0.002184694167226553 
vn -0.651740550994873 -0.7584388852119446 -0.002184694167226553 
vn -0.9179922342300415 -0.3965924084186554 -0.002184694167226553 
vn -0.6574495434761047 -0.7534953951835632 -0.002184694167226553 
vn -0.6574495434761047 -0.7534953951835632 -0.002184694167226553 
vn -0.7681957483291626 -0.640211284160614 -0.002184694167226553 
vn -0.7730085849761963 -0.6343917846679688 -0.002184694167226553 
vn -0.9179922342300415 -0.3965924084186554 -0.002184694167226553 
vn -0.9179922342300415 -0.3965924084186554 -0.002184694167226553 
vn -0.6574495434761047 -0.7534953951835632 -0.002184694167226553 
vn -0.7730085849761963 -0.6343917846679688 -0.002184694167226553 
vn -0.7730085849761963 -0.6343917846679688 -0.002184694167226553 
vn -0.9179922342300415 -0.3965924084186554 -0.002184694167226553 
vn -0.9179922342300415 -0.3965924084186554 -0.002184694167226553 
vn -0.6574495434761047 -0.7534953951835632 -0.002184694167226553 
vn -0.6574495434761047 -0.7534953951835632 -0.002184694167226553 
vn -0.651740550994873 -0.7584388852119446 -0.002184694167226553 
vn -0.7730085849761963 -0.6343917846679688 -0.002184694167226553 
vn -0.7817959785461426 -0.49346238374710083 0.3811691105365753 
vn -0.9333415627479553 -0.2461833506822586 0.2612801790237427 
vn -0.8083049654960632 -0.04896605387330055 0.5867242813110352 
vn -0.7461490035057068 -0.4656521677970886 0.4758462607860565 
vn -0.4801625609397888 -0.07128486782312393 0.87427818775177 
vn -0.7323124408721924 -0.06396398693323135 0.677958071231842 
vn -0.7078386545181274 -0.007538388948887587 0.7063339352607727 
vn -0.772367000579834 -0.007535836659371853 0.6351318359375 
vn -0.7696120142936707 0.0037719605024904013 0.6385006904602051 
vn -0.450615257024765 -0.00753075210377574 0.8926864862442017 
vn -0.44675755500793457 0.0037629047874361277 0.8946471214294434 
vn -0.4684465825557709 0.14111755788326263 0.872148871421814 
vn -0.7849181890487671 0.10159219056367874 0.6112139225006104 
vn -0.7467042207717896 0.5014840960502625 0.43697428703308105 
vn -0.7007317543029785 0.12015252560377121 0.7032341957092285 
vn -0.6182490587234497 0.5849201083183289 0.5250110030174255 
vn -0.7078787684440613 -1.4640568759497624e-13 0.7063339352607727 
vn -0.4028465151786804 0.9035716652870178 0.1458524912595749 
vn -0.4873873293399811 0.8643069267272949 0.1242060661315918 
vn -0.2447974979877472 0.9610158801078796 0.12854042649269104 
vn -0.38268253207206726 0.9238772988319397 -0.002184694167226553 
vn -0.19508986175060272 0.9807829260826111 0.002184694167226553 
vn -0.19508986175060272 0.9807829260826111 0.002184694167226553 
vn -0.2757980227470398 0.9612131118774414 -0.002184694167226553 
vn -0.2757980227470398 0.9612131118774414 -0.002184694167226553 
vn -0.38268253207206726 0.9238772988319397 -0.002184694167226553 
vn -0.38268253207206726 0.9238772988319397 -0.002184694167226553 
vn -0.19508986175060272 0.9807829260826111 0.002184694167226553 
vn -0.2757980227470398 0.9612131118774414 -0.002184694167226553 
vn -0.2757980227470398 0.9612131118774414 -0.002184694167226553 
vn -0.38268253207206726 0.9238772988319397 -0.002184694167226553 
vn -0.38268253207206726 0.9238772988319397 -0.002184694167226553 
vn -0.19508986175060272 0.9807829260826111 0.002184694167226553 
vn -0.19508986175060272 0.9807829260826111 0.002184694167226553 
vn -0.4479314684867859 0.6652848720550537 0.5972883701324463 
vn -0.2757980227470398 0.9612131118774414 -0.002184694167226553 
vn -0.2685312330722809 0.963268518447876 -0.002184694167226553 
vn -0.38268253207206726 0.9238772988319397 -0.002184694167226553 
vn -0.3756946325302124 0.9267409443855286 -0.002184694167226553 
vn -0.19508986175060272 0.9807829260826111 0.002184694167226553 
vn -0.19508986175060272 0.9807829260826111 0.002184694167226553 
vn -0.2685312330722809 0.963268518447876 -0.002184694167226553 
vn -0.2685312330722809 0.963268518447876 -0.002184694167226553 
vn -0.3756946325302124 0.9267409443855286 -0.002184694167226553 
vn -0.3756946325302124 0.9267409443855286 -0.002184694167226553 
vn -0.19508986175060272 0.9807829260826111 0.002184694167226553 
vn -0.19508986175060272 0.9807829260826111 0.002184694167226553 
vn -0.19508986175060272 0.9807829260826111 0.002184694167226553 
vn -0.3756946325302124 0.9267409443855286 -0.002184694167226553 
vn -0.2685312330722809 0.963268518447876 -0.002184694167226553 
vn -0.2685312330722809 0.963268518447876 -0.002184694167226553 
vn -0.19508986175060272 0.9807829260826111 0.002184694167226553 
vn 0.999997615814209 0 0.002184694167226553 
vn -0.7323124408721924 -0.06396398693323135 0.677958071231842 
vn -0.4801625609397888 -0.07128486782312393 0.87427818775177 
vn -0.5369980931282043 0.6543340682983398 -0.5324283838272095 
vn -0.695955753326416 -0.06025737524032593 0.715552031993866 
vn -0.695955753326416 -0.06025737524032593 0.715552031993866 
vn -0.927776575088501 0.3082055151462555 -0.2103329300880432 
vn 0.5326469540596008 0.6696458458900452 0.5175535082817078 
vn 0.1558634638786316 -0.17987601459026337 -0.9712626934051514 
vn 0.3751366138458252 0.6321751475334167 0.677958071231842 
vn 0.3869714140892029 0.7054646611213684 0.5937783122062683 
vn -0.7371456623077393 -0.07545052468776703 -0.6715083718299866 
vn -0.9766358137130737 -0.011322248727083206 -0.21460255980491638 
vn -0.31314751505851746 -0.12818530201911926 0.9410139322280884 
vn -0.4479314684867859 0.6652848720550537 0.5972883701324463 
vn 0.20319192111492157 -0.24962693452835083 0.946783721446991 
vn 0.9127715229988098 0.28268173336982727 -0.2948545813560486 
vn 0.9127715229988098 0.28268173336982727 -0.2948545813560486 
vn -0.6423618793487549 0.6983774900436401 0.31565824151039124 
vn -0.6676369905471802 0.7223151326179504 0.18033768236637115 
vn -0.6423618793487549 0.6983774900436401 0.31565824151039124 
vn 0.5229321122169495 0.015110774897038937 -0.8522403836250305 
vn -0.6676369905471802 0.7223151326179504 0.18033768236637115 
vn 0.21854887902736664 0.45878031849861145 0.8612531423568726 
vn -0.43153953552246094 0.7172242999076843 -0.5471406579017639 
vn -0.6913214325904846 -0.07544795423746109 -0.7185974717140198 
vn 0.3688012659549713 -0.10401271283626556 0.9236704111099243 
vn 0.6248135566711426 0.7195010185241699 0.30319350957870483 
vn 0.09792737662792206 0.9124627113342285 0.3972681760787964 
vn -0.3069421648979187 -0.1858907788991928 0.933397650718689 
vn 0.32886460423469543 0.8998720645904541 0.2864931523799896 
vt 0.4074043035507202 0.8741285800933838 
vt 0.40227678418159485 0.8741285800933838 
vt 0.4074043035507202 0.8633851408958435 
vt 0.40227678418159485 0.8633851408958435 
vt 0.40227678418159485 0.8519091010093689 
vt 0.3754183053970337 0.8635072112083435 
vt 0.37688329815864563 0.8522753715515137 
vt 0.3109579384326935 0.8532520532608032 
vt 0.3814004063606262 0.8401889801025391 
vt 0.3293926417827606 0.8438515067100525 
vt 0.34782731533050537 0.8366485238075256 
vt 0.29862746596336365 0.8451944589614868 
vt 0.31108003854751587 0.8418981432914734 
vt 0.3540535867214203 0.8326197266578674 
vt 0.3876267075538635 0.8257829546928406 
vt 0.3860396146774292 0.8303000926971436 
vt 0.40227678418159485 0.8282246589660645 
vt 0.40227678418159485 0.8389680981636047 
vt 0.4074043035507202 0.8388460278511047 
vt 0.4074043035507202 0.8519091010093689 
vt 0.3540535867214203 0.8267596364021301 
vt 0.31108003854751587 0.8344509601593018 
vt 0.3876267075538635 0.8210216164588928 
vt 0.40227678418159485 0.8190682530403137 
vt 0.40227678418159485 0.8234633207321167 
vt 0.4074043035507202 0.8234633207321167 
vt 0.4074043035507202 0.8282246589660645 
vt 0.3876267075538635 0.8107664585113525 
vt 0.3541756868362427 0.814062774181366 
vt 0.31120210886001587 0.818335771560669 
vt 0.3541756868362427 0.7970929741859436 
vt 0.31132420897483826 0.7981917262077332 
vt 0.31132420897483826 0.7787802219390869 
vt 0.3541756868362427 0.7787802219390869 
vt 0.3876267075538635 0.7787802219390869 
vt 0.3876267075538635 0.796360433101654 
vt 0.40227678418159485 0.795994222164154 
vt 0.40227678418159485 0.809789776802063 
vt 0.4074043035507202 0.809789776802063 
vt 0.4074043035507202 0.8190682530403137 
vt 0.9498234987258911 0.31314802169799805 
vt 0.9565381407737732 0.31302595138549805 
vt 0.9498234987258911 0.3165664076805115 
vt 0.9565381407737732 0.3165664076805115 
vt 0.9565381407737732 0.32474610209465027 
vt 0.9625202417373657 0.31681057810783386 
vt 0.9625202417373657 0.32511234283447266 
vt 0.9672815203666687 0.3258448541164398 
vt 0.9625202417373657 0.34293675422668457 
vt 0.9672815203666687 0.34342509508132935 
vt 0.9672815203666687 0.3605169951915741 
vt 0.9706999063491821 0.3442797064781189 
vt 0.9706999063491821 0.3607611656188965 
vt 0.9730194807052612 0.36124950647354126 
vt 0.9706999063491821 0.36747583746910095 
vt 0.9730194807052612 0.36747583746910095 
vt 0.9730194807052612 0.3702838122844696 
vt 0.9746065735816956 0.36759793758392334 
vt 0.9746065735816956 0.3702838122844696 
vt 0.9706999063491821 0.3704058825969696 
vt 0.9672815203666687 0.3704058825969696 
vt 0.9672815203666687 0.36735376715660095 
vt 0.9625202417373657 0.36735376715660095 
vt 0.9625202417373657 0.3602728247642517 
vt 0.9565381407737732 0.3602728247642517 
vt 0.9565381407737732 0.3426925837993622 
vt 0.9498234987258911 0.3426925837993622 
vt 0.9498234987258911 0.32474610209465027 
vt 0.9317550659179688 0.1025514006614685 
vt 0.9317550659179688 0.10035386681556702 
vt 0.9334642887115479 0.10596977919340134 
vt 0.9334642887115479 0.10352808237075806 
vt 0.935661792755127 0.10633603483438492 
vt 0.9334642887115479 0.1007201224565506 
vt 0.935661792755127 0.10340599715709686 
vt 0.935661792755127 0.09974344819784164 
vt 0.9392021894454956 0.10511518269777298 
vt 0.9392021894454956 0.10133054852485657 
vt 0.9438413977622986 0.10218514502048492 
vt 0.9392021894454956 0.09644714742898941 
vt 0.9438413977622986 0.09717965871095657 
vt 0.9438413977622986 0.09095332771539688 
vt 0.9499456286430359 0.09742382913827896 
vt 0.9499456286430359 0.09119749814271927 
vt 0.9566602110862732 0.09119749814271927 
vt 0.9499456286430359 0.08411656320095062 
vt 0.9566602110862732 0.08411656320095062 
vt 0.9566602110862732 0.07715772092342377 
vt 0.9334642887115479 0.09730174392461777 
vt 0.9334642887115479 0.09290668368339539 
vt 0.935661792755127 0.09498213231563568 
vt 0.935661792755127 0.08912204951047897 
vt 0.9392021894454956 0.09022081643342972 
vt 0.9392021894454956 0.08338405191898346 
vt 0.9438413977622986 0.08399447798728943 
vt 0.9438413977622986 0.07703563570976257 
vt 0.9499456286430359 0.07715772092342377 
vt 0.9499456286430359 0.07007679343223572 
vt 0.9566602110862732 0.07007679343223572 
vt 0.9566602110862732 0.06311794370412827 
vt 0.9334642887115479 0.08729077130556107 
vt 0.9334642887115479 0.08106444031000137 
vt 0.935661792755127 0.0825294628739357 
vt 0.935661792755127 0.07593686878681183 
vt 0.9392021894454956 0.0765472948551178 
vt 0.9392021894454956 0.06971053779125214 
vt 0.9438413977622986 0.07007679343223572 
vt 0.9438413977622986 0.06311794370412827 
vt 0.9499456286430359 0.06311794370412827 
vt 0.9499456286430359 0.05737994983792305 
vt 0.9566602110862732 0.05737994983792305 
vt 0.9566602110862732 0.05420574173331261 
vt 0.9334642887115479 0.07483810186386108 
vt 0.9334642887115479 0.06861177086830139 
vt 0.935661792755127 0.06934428215026855 
vt 0.935661792755127 0.06275168806314468 
vt 0.9392021894454956 0.06287377327680588 
vt 0.9392021894454956 0.05737994983792305 
vt 0.9438413977622986 0.05737994983792305 
vt 0.9438413977622986 0.0543278232216835 
vt 0.9499456286430359 0.05420574173331261 
vt 0.9499456286430359 0.04724689573049545 
vt 0.9566602110862732 0.04724689573049545 
vt 0.9566602110862732 0.029666654765605927 
vt 0.9334642887115479 0.0623854361474514 
vt 0.9334642887115479 0.057257864624261856 
vt 0.935661792755127 0.057257864624261856 
vt 0.935661792755127 0.0543278232216835 
vt 0.9392021894454956 0.0543278232216835 
vt 0.9392021894454956 0.04736898094415665 
vt 0.9438413977622986 0.04724689573049545 
vt 0.9438413977622986 0.02978873997926712 
vt 0.9499456286430359 0.029666654765605927 
vt 0.9499456286430359 0.011720160022377968 
vt 0.9566602110862732 0.011720160022377968 
vt 0.9566602110862732 0.0034183799289166927 
vt 0.9334642887115479 0.054449908435344696 
vt 0.9334642887115479 0.048223573714494705 
vt 0.935661792755127 0.04773523658514023 
vt 0.935661792755127 0.03125375881791115 
vt 0.9392021894454956 0.030277080833911896 
vt 0.9392021894454956 0.012818925082683563 
vt 0.9438413977622986 0.011964330449700356 
vt 0.9438413977622986 0.003784635104238987 
vt 0.9499456286430359 0.0034183799289166927 
vt 0.9499456286430359 0 
vt 0.9566602110862732 0 
vt 0.9236975312232971 0.31705474853515625 
vt 0.9276042580604553 0.31693264842033386 
vt 0.9236975312232971 0.3932357728481293 
vt 0.9276042580604553 0.3932357728481293 
vt 0.9276042580604553 0.4514703154563904 
vt 0.9315109252929688 0.3931137025356293 
vt 0.9315109252929688 0.4514703154563904 
vt 0.9315109252929688 0.31681057810783386 
vt 0.8567954897880554 0.17067483067512512 
vt 0.857894241809845 0.24710004031658173 
vt 0.8509354591369629 0.17067483067512512 
vt 0.8525225520133972 0.24710004031658173 
vt 0.8475171327590942 0.24710004031658173 
vt 0.8539875745773315 0.32340317964553833 
vt 0.8502029776573181 0.3245019316673279 
vt 0.8589930534362793 0.32340317964553833 
vt 0.935661792755127 0.10889981687068939 
vt 0.9392021894454956 0.1107310950756073 
vt 0.9392021894454956 0.10816731303930283 
vt 0.9438413977622986 0.10914398729801178 
vt 0.9438413977622986 0.10596977919340134 
vt 0.9499456286430359 0.10633603483438492 
vt 0.9499456286430359 0.10242931544780731 
vt 0.9566602110862732 0.10242931544780731 
vt 0.9566602110862732 0.09742382913827896 
vt 0.9566602110862732 0.10633603483438492 
vt 0.9566602110862732 0.10951024293899536 
vt 0.9499456286430359 0.10951024293899536 
vt 0.9499456286430359 0.11219611763954163 
vt 0.9438413977622986 0.11182986199855804 
vt 0.9317550659179688 0.09779008477926254 
vt 0.9317550659179688 0.0944937914609909 
vt 0.9317550659179688 0.09034290164709091 
vt 0.9317550659179688 0.08509324491024017 
vt 0.9317550659179688 0.07935524731874466 
vt 0.9317550659179688 0.07349517196416855 
vt 0.9317550659179688 0.06775717437267303 
vt 0.9317550659179688 0.061897095292806625 
vt 0.9317550659179688 0.05713577941060066 
vt 0.9317550659179688 0.05457199364900589 
vt 0.9317550659179688 0.04871191456913948 
vt 0.9317550659179688 0.0341838002204895 
vt 0.9334642887115479 0.03259669616818428 
vt 0.9334642887115479 0.016603559255599976 
vt 0.935661792755127 0.014283944852650166 
vt 0.935661792755127 0.006592589896172285 
vt 0.9392021894454956 0.0047613149508833885 
vt 0.9392021894454956 0.001465020002797246 
vt 0.9438413977622986 0.0003662550006993115 
vt 0.9317550659179688 0.019289430230855942 
vt 0.9317550659179688 0.012452670373022556 
vt 0.9334642887115479 0.009278460405766964 
vt 0.9334642887115479 0.006226335186511278 
vt 0.935661792755127 0.0032962949480861425 
vt 0.20364610850811005 0 
vt 0.20303569734096527 0.0026858700439333916 
vt 0.19851858913898468 0 
vt 0.1979081630706787 0.0026858700439333916 
vt 0.17166011035442352 0.0028079550247639418 
vt 0.19534440338611603 0.01587104983627796 
vt 0.16946259140968323 0.015993135049939156 
vt 0.1637246459722519 0.05017693340778351 
vt 0.10182805359363556 0.016237305477261543 
vt 0.09840970486402512 0.050054848194122314 
vt 0.012828820385038853 0.050054848194122314 
vt 0.09499134868383408 0.08399447798728943 
vt 0.01234048418700695 0.08375030755996704 
vt 0.012218399904668331 0.09742382913827896 
vt 0.18875186145305634 0.050054848194122314 
vt 0.18215933442115784 0.08387239277362823 
vt 0.15798670053482056 0.08399447798728943 
vt 0.15603335201740265 0.09644714742898941 
vt 0.09377051144838333 0.09693548828363419 
vt 0.09193925559520721 0.10010969638824463 
vt 0.012218399904668331 0.10133054852485657 
vt 0.011974232271313667 0.10535935312509537 
vt 0.1937573105096817 0.049810681492090225 
vt 0.20291361212730408 0.004639230202883482 
vt 0.18789727985858917 0.08362822234630585 
vt 0.18569976091384888 0.09583672136068344 
vt 0.17983973026275635 0.09608089178800583 
vt 0.1761772185564041 0.0986446812748909 
vt 0.152859166264534 0.09913302212953568 
vt 0.1440691202878952 0.10365016758441925 
vt 0.08681172132492065 0.10438267141580582 
vt 0.0813179463148117 0.10975441336631775 
vt 0.011607980355620384 0.10987649857997894 
vt 0.18191516399383545 0.09840051084756851 
vt 0.17092759907245636 0.10316182672977448 
vt 0.1660442352294922 0.10328391194343567 
vt 0.1550566852092743 0.10963232815265656 
vt 0.13466864824295044 0.10963232815265656 
vt 0.12954112887382507 0.11659117788076401 
vt 0.07826584577560425 0.11598075181245804 
vt 0.07667875289916992 0.12367210537195206 
vt 0.011119644157588482 0.11512615531682968 
vt 0.010387140326201916 0.12220708280801773 
vt 0.15639960765838623 0.11097526550292969 
vt 0.15310333669185638 0.11695743352174759 
vt 0.14919665455818176 0.1168353483080864 
vt 0.14675496518611908 0.12538129091262817 
vt 0.12734360992908478 0.1247708722949028 
vt 0.12636694312095642 0.1349039226770401 
vt 0.07557999342679977 0.13368307054042816 
vt 0.07802167534828186 0.14247319102287292 
vt 0.009166300296783447 0.13209596276283264 
vt 0.020886363461613655 0.14149650931358337 
vt 0.059098657220602036 0.14662408828735352 
vt 0.08668964356184006 0.14637991786003113 
vt 0.11769897490739822 0.14967620372772217 
vt 0.13063988089561462 0.14637991786003113 
vt 0.14565621316432953 0.1469903439283371 
vt 0.14590038359165192 0.13539226353168488 
vt 0.14968498051166534 0.13575851917266846 
vt 0.1505395770072937 0.12562546133995056 
vt 0.5730723142623901 0.7862274050712585 
vt 0.571363091468811 0.7826869487762451 
vt 0.5880886316299438 0.7861053347587585 
vt 0.5871119499206543 0.7828090190887451 
vt 0.6029828786849976 0.7829310894012451 
vt 0.5861352682113647 0.7789022922515869 
vt 0.6029828786849976 0.7792685627937317 
vt 0.6028608083724976 0.7747514247894287 
vt 0.5694097876548767 0.7785360217094421 
vt 0.5669680833816528 0.7734084725379944 
vt 0.5849144458770752 0.7741410136222839 
vt 0.5836936235427856 0.7679146528244019 
vt 0.6028608083724976 0.7690134048461914 
vt 0.5645264387130737 0.7669379711151123 
vt 0.5628172159194946 0.7586361765861511 
vt 0.5828390121459961 0.7601011991500854 
vt 0.5841819643974304 0.7513110637664795 
vt 0.6028608083724976 0.7616882920265198 
vt 0.6028608083724976 0.7531423568725586 
vt 0.8913452625274658 0.478573203086853 
vt 0.8913452625274658 0.40751972794532776 
vt 0.8980599045753479 0.478573203086853 
vt 0.8980599045753479 0.40751972794532776 
vt 0.9040420055389404 0.40751972794532776 
vt 0.8980599045753479 0.35319191217422485 
vt 0.9040420055389404 0.35319191217422485 
vt 0.9040420055389404 0.3326816260814667 
vt 0.9088032841682434 0.35319191217422485 
vt 0.9088032841682434 0.3325595259666443 
vt 0.9128320813179016 0.3324374556541443 
vt 0.9088032841682434 0.32877489924430847 
vt 0.9128320813179016 0.32865282893180847 
vt 0.9128320813179016 0.35306981205940247 
vt 0.9128320813179016 0.40727555751800537 
vt 0.9088032841682434 0.40739765763282776 
vt 0.9088032841682434 0.47845110297203064 
vt 0.9040420055389404 0.478573203086853 
vt 0.5655030608177185 0.7494798302650452 
vt 0.5762465000152588 0.7406896948814392 
vt 0.5895536541938782 0.7421547174453735 
vt 0.597122848033905 0.7327541708946228 
vt 0.6028608083724976 0.7434976696968079 
vt 0.6031049489974976 0.7333645820617676 
vt 0.7155443429946899 0.17189568281173706 
vt 0.7194510102272034 0.17189568281173706 
vt 0.7155443429946899 0.2477104663848877 
vt 0.7193289399147034 0.2477104663848877 
vt 0.7193289399147034 0.3055787682533264 
vt 0.736786961555481 0.2475883811712265 
vt 0.737153172492981 0.3055787682533264 
vt 0.7834230065345764 0.30545666813850403 
vt 0.7372753024101257 0.3277982175350189 
vt 0.7839113473892212 0.3277982175350189 
vt 0.7837892770767212 0.3320711851119995 
vt 0.8300591111183167 0.3277982175350189 
vt 0.8299370408058167 0.3320711851119995 
vt 0.8466625213623047 0.3320711851119995 
vt 0.8293266296386719 0.30545666813850403 
vt 0.8461741805076599 0.30545666813850403 
vt 0.8265186548233032 0.24710004031658173 
vt 0.8437325358390808 0.24710004031658173 
vt 0.8404362797737122 0.17067483067512512 
vt 0.8453196287155151 0.17067483067512512 
vt 0.7817138433456421 0.2473442107439041 
vt 0.779516339302063 0.1712852567434311 
vt 0.7364206910133362 0.17177359759807587 
vt 0.8229782581329346 0.17079691588878632 
vt 0.7126142978668213 0.732021689414978 
vt 0.7089517712593079 0.732021689414978 
vt 0.7140793204307556 0.7290916442871094 
vt 0.7104167938232422 0.7290916442871094 
vt 0.7113934755325317 0.725917398929596 
vt 0.706143856048584 0.7290916442871094 
vt 0.7072426080703735 0.725917398929596 
vt 0.7018709182739258 0.725917398929596 
vt 0.7074868083000183 0.7224990129470825 
vt 0.7021150588989258 0.7224990129470825 
vt 0.7021150588989258 0.633132815361023 
vt 0.6954004764556885 0.7224990129470825 
vt 0.6954004764556885 0.633132815361023 
vt 0.6866104006767273 0.633132815361023 
vt 0.6954004764556885 0.3719930052757263 
vt 0.6866104006767273 0.3719930052757263 
vt 0.6866104006767273 0.11097526550292969 
vt 0.6769657731056213 0.3719930052757263 
vt 0.6769657731056213 0.11097526550292969 
vt 0.6674432158470154 0.11097526550292969 
vt 0.6769657731056213 0.022219469770789146 
vt 0.6674432158470154 0.022219469770789146 
vt 0.6674432158470154 0.01892317458987236 
vt 0.6577985882759094 0.022219469770789146 
vt 0.6577985882759094 0.01892317458987236 
vt 0.6481539607048035 0.01892317458987236 
vt 0.6577985882759094 0.014650199562311172 
vt 0.6481539607048035 0.014650199562311172 
vt 0.6481539607048035 0.009888884611427784 
vt 0.6402184963226318 0.014650199562311172 
vt 0.6402184963226318 0.009888884611427784 
vt 0.6359455585479736 0.009888884611427784 
vt 0.6402184963226318 0.005005484912544489 
vt 0.6359455585479736 0.005005484912544489 
vt 0.6359455585479736 0 
vt 0.6263009309768677 0.005005484912544489 
vt 0.6263009309768677 0 
vt 0.602128267288208 0 
vt 0.7010163068771362 0.7289695143699646 
vt 0.6943017244338989 0.7289695143699646 
vt 0.6950342059135437 0.725917398929596 
vt 0.6863662600517273 0.725917398929596 
vt 0.6866104006767273 0.7224990129470825 
vt 0.6769657731056213 0.7224990129470825 
vt 0.6769657731056213 0.633132815361023 
vt 0.6674432158470154 0.633132815361023 
vt 0.6674432158470154 0.3719930052757263 
vt 0.6577985882759094 0.3719930052757263 
vt 0.6577985882759094 0.11097526550292969 
vt 0.6481539607048035 0.11097526550292969 
vt 0.6481539607048035 0.022219469770789146 
vt 0.6402184963226318 0.022219469770789146 
vt 0.6402184963226318 0.01892317458987236 
vt 0.6359455585479736 0.01892317458987236 
vt 0.6359455585479736 0.014650199562311172 
vt 0.6263009309768677 0.014650199562311172 
vt 0.6263009309768677 0.009888884611427784 
vt 0.602128267288208 0.009888884611427784 
vt 0.602128267288208 0.005005484912544489 
vt 0.5774673223495483 0.005005484912544489 
vt 0.5774673223495483 0 
vt 0.5661135315895081 0 
vt 0.6857558488845825 0.7289695143699646 
vt 0.6763553619384766 0.7289695143699646 
vt 0.6768437027931213 0.725795328617096 
vt 0.6671990752220154 0.725795328617096 
vt 0.6674432158470154 0.7224990129470825 
vt 0.6577985882759094 0.7224990129470825 
vt 0.6577985882759094 0.633132815361023 
vt 0.6481539607048035 0.633132815361023 
vt 0.6481539607048035 0.3719930052757263 
vt 0.6402184963226318 0.3719930052757263 
vt 0.6402184963226318 0.11097526550292969 
vt 0.6359455585479736 0.11097526550292969 
vt 0.6359455585479736 0.022219469770789146 
vt 0.6263009309768677 0.022219469770789146 
vt 0.6263009309768677 0.01892317458987236 
vt 0.602128267288208 0.01892317458987236 
vt 0.602128267288208 0.014650199562311172 
vt 0.5774673223495483 0.014650199562311172 
vt 0.5774673223495483 0.009888884611427784 
vt 0.5661135315895081 0.009888884611427784 
vt 0.5661135315895081 0.005005484912544489 
vt 0.5614743232727051 0.005005484912544489 
vt 0.5614743232727051 0 
vt 0.6668328046798706 0.7289695143699646 
vt 0.6574323177337646 0.7289695143699646 
vt 0.6576765179634094 0.725795328617096 
vt 0.6480318903923035 0.725795328617096 
vt 0.6481539607048035 0.7224990129470825 
vt 0.6402184963226318 0.7224990129470825 
vt 0.6402184963226318 0.633132815361023 
vt 0.6359455585479736 0.633132815361023 
vt 0.6359455585479736 0.3719930052757263 
vt 0.6263009309768677 0.3719930052757263 
vt 0.6263009309768677 0.11097526550292969 
vt 0.602128267288208 0.11097526550292969 
vt 0.602128267288208 0.022219469770789146 
vt 0.5774673223495483 0.022219469770789146 
vt 0.5774673223495483 0.01892317458987236 
vt 0.5661135315895081 0.01892317458987236 
vt 0.5661135315895081 0.014650199562311172 
vt 0.5614743232727051 0.014650199562311172 
vt 0.5614743232727051 0.009888884611427784 
vt 0.6480318903923035 0.7289695143699646 
vt 0.6402184963226318 0.7289695143699646 
vt 0.6402184963226318 0.725795328617096 
vt 0.6359455585479736 0.725795328617096 
vt 0.6359455585479736 0.7223769426345825 
vt 0.6263009309768677 0.7223769426345825 
vt 0.6263009309768677 0.633132815361023 
vt 0.602128267288208 0.633132815361023 
vt 0.602128267288208 0.3719930052757263 
vt 0.5774673223495483 0.3719930052757263 
vt 0.5774673223495483 0.11097526550292969 
vt 0.5661135315895081 0.11097526550292969 
vt 0.5661135315895081 0.022219469770789146 
vt 0.5614743232727051 0.022219469770789146 
vt 0.5614743232727051 0.01892317458987236 
vt 0.6360676288604736 0.7289695143699646 
vt 0.6265450716018677 0.7288474440574646 
vt 0.6263009309768677 0.725795328617096 
vt 0.6023724675178528 0.725673258304596 
vt 0.602128267288208 0.7223769426345825 
vt 0.5774673223495483 0.7223769426345825 
vt 0.5774673223495483 0.633132815361023 
vt 0.5661135315895081 0.633132815361023 
vt 0.5661135315895081 0.3719930052757263 
vt 0.5614743232727051 0.3719930052757263 
vt 0.5614743232727051 0.11097526550292969 
vt 0.8423895835876465 0.6289819478988647 
vt 0.8383608460426331 0.62885981798172 
vt 0.8423895835876465 0.5576843023300171 
vt 0.8383608460426331 0.5576843023300171 
vt 0.8383608460426331 0.5032343864440918 
vt 0.8344541192054749 0.5576843023300171 
vt 0.8344541192054749 0.5032343864440918 
vt 0.8309137225151062 0.5032343864440918 
vt 0.8344541192054749 0.48260200023651123 
vt 0.8309137225151062 0.48260200023651123 
vt 0.8309137225151062 0.4788173735141754 
vt 0.8227340579032898 0.48260200023651123 
vt 0.8227340579032898 0.4788173735141754 
vt 0.8050318956375122 0.4788173735141754 
vt 0.8309137225151062 0.5576843023300171 
vt 0.8227340579032898 0.5576843023300171 
vt 0.8227340579032898 0.5032343864440918 
vt 0.8050318956375122 0.5032343864440918 
vt 0.8050318956375122 0.48260200023651123 
vt 0.7878180742263794 0.48260200023651123 
vt 0.7878180742263794 0.4788173735141754 
vt 0.7808592915534973 0.4788173735141754 
vt 0.8309137225151062 0.62885981798172 
vt 0.8344541192054749 0.62885981798172 
vt 0.8227340579032898 0.62885981798172 
vt 0.8050318956375122 0.62885981798172 
vt 0.8050318956375122 0.5576843023300171 
vt 0.7878180742263794 0.5576843023300171 
vt 0.7878180742263794 0.5032343864440918 
vt 0.7808592915534973 0.5032343864440918 
vt 0.7808592915534973 0.48260200023651123 
vt 0.7776851058006287 0.48260200023651123 
vt 0.7776851058006287 0.4788173735141754 
vt 0.7878180742263794 0.62885981798172 
vt 0.7808592915534973 0.62885981798172 
vt 0.7808592915534973 0.5575621724128723 
vt 0.7776851058006287 0.5575621724128723 
vt 0.7776851058006287 0.5032343864440918 
vt 0.7720692157745361 0.5032343864440918 
vt 0.7720692157745361 0.48260200023651123 
vt 0.765110433101654 0.48260200023651123 
vt 0.7720692157745361 0.4788173735141754 
vt 0.765110433101654 0.4788173735141754 
vt 0.7776851058006287 0.62885981798172 
vt 0.7720692157745361 0.62885981798172 
vt 0.7720692157745361 0.5575621724128723 
vt 0.765110433101654 0.5575621724128723 
vt 0.765110433101654 0.5032343864440918 
vt 0.758273720741272 0.5032343864440918 
vt 0.758273720741272 0.48260200023651123 
vt 0.7513149380683899 0.48260200023651123 
vt 0.758273720741272 0.4788173735141754 
vt 0.7513149380683899 0.4788173735141754 
vt 0.765110433101654 0.62885981798172 
vt 0.758273720741272 0.62885981798172 
vt 0.758273720741272 0.5575621724128723 
vt 0.7513149380683899 0.5575621724128723 
vt 0.7513149380683899 0.5032343864440918 
vt 0.7444782257080078 0.5032343864440918 
vt 0.7444782257080078 0.48260200023651123 
vt 0.7381298542022705 0.48260200023651123 
vt 0.7444782257080078 0.4788173735141754 
vt 0.7381298542022705 0.4788173735141754 
vt 0.7513149380683899 0.62885981798172 
vt 0.7444782257080078 0.62885981798172 
vt 0.7444782257080078 0.5575621724128723 
vt 0.7381298542022705 0.5575621724128723 
vt 0.7381298542022705 0.5032343864440918 
vt 0.7332465052604675 0.5032343864440918 
vt 0.7332465052604675 0.48260200023651123 
vt 0.7294619083404541 0.48260200023651123 
vt 0.7332465052604675 0.4788173735141754 
vt 0.7294619083404541 0.4788173735141754 
vt 0.7381298542022705 0.62885981798172 
vt 0.7332465052604675 0.62885981798172 
vt 0.7332465052604675 0.5575621724128723 
vt 0.7294619083404541 0.5575621724128723 
vt 0.7294619083404541 0.5032343864440918 
vt 0.7264097929000854 0.5032343864440918 
vt 0.7264097929000854 0.48260200023651123 
vt 0.7233576774597168 0.48260200023651123 
vt 0.7264097929000854 0.4788173735141754 
vt 0.7233576774597168 0.4788173735141754 
vt 0.7294619083404541 0.62885981798172 
vt 0.7264097929000854 0.62885981798172 
vt 0.7264097929000854 0.5575621724128723 
vt 0.7233576774597168 0.5575621724128723 
vt 0.7233576774597168 0.5032343864440918 
vt 0.7195730805397034 0.5032343864440918 
vt 0.7195730805397034 0.48260200023651123 
vt 0.7155443429946899 0.48260200023651123 
vt 0.7195730805397034 0.4788173735141754 
vt 0.7155443429946899 0.4788173735141754 
vt 0.7233576774597168 0.62885981798172 
vt 0.7195730805397034 0.62885981798172 
vt 0.7195730805397034 0.5576843023300171 
vt 0.7155443429946899 0.5576843023300171 
vt 0.7155443429946899 0.5032343864440918 
vt 0.8344541192054749 0.4788173735141754 
vt 0.8383608460426331 0.4788173735141754 
vt 0.8383608460426331 0.48260200023651123 
vt 0.8423895835876465 0.48260200023651123 
vt 0.8423895835876465 0.5032343864440918 
vt 0.4074043035507202 0 
vt 0.4074043035507202 0.0031742099672555923 
vt 0.40227678418159485 0 
vt 0.40227678418159485 0.0031742099672555923 
vt 0.37431955337524414 0.0031742099672555923 
vt 0.40227678418159485 0.006348419934511185 
vt 0.37431955337524414 0.006348419934511185 
vt 0.37431955337524414 0.009644715115427971 
vt 0.30070289969444275 0.006348419934511185 
vt 0.30070289969444275 0.009644715115427971 
vt 0.20425653457641602 0.009644715115427971 
vt 0.30070289969444275 0.0986446812748909 
vt 0.20425653457641602 0.09888885170221329 
vt 0.20425653457641602 0.35978448390960693 
vt 0.40227678418159485 0.009644715115427971 
vt 0.40227678418159485 0.09840051084756851 
vt 0.37431955337524414 0.09840051084756851 
vt 0.37431955337524414 0.3581973910331726 
vt 0.30070289969444275 0.3588078022003174 
vt 0.30070289969444275 0.6189709305763245 
vt 0.20425653457641602 0.6205580830574036 
vt 0.20425653457641602 0.7093138694763184 
vt 0.4074043035507202 0.009644715115427971 
vt 0.4074043035507202 0.006348419934511185 
vt 0.4074043035507202 0.09840051084756851 
vt 0.4074043035507202 0.35783112049102783 
vt 0.40227678418159485 0.3579532206058502 
vt 0.40227678418159485 0.6172617673873901 
vt 0.37431955337524414 0.6177501082420349 
vt 0.37431955337524414 0.7060175538063049 
vt 0.30070289969444275 0.7074825763702393 
vt 0.30070289969444275 0.7109009623527527 
vt 0.20425653457641602 0.712488055229187 
vt 0.4074043035507202 0.6171396970748901 
vt 0.4074043035507202 0.7054071426391602 
vt 0.40227678418159485 0.7055292129516602 
vt 0.40227678418159485 0.7091917395591736 
vt 0.37431955337524414 0.7096800804138184 
vt 0.37431955337524414 0.7151739597320557 
vt 0.30070289969444275 0.7159064412117004 
vt 0.30070289969444275 0.721156120300293 
vt 0.20425653457641602 0.71676105260849 
vt 0.20425653457641602 0.7216444611549377 
vt 0.4074043035507202 0.7091917395591736 
vt 0.4074043035507202 0.7148076891899109 
vt 0.40227678418159485 0.7149297595024109 
vt 0.40227678418159485 0.7206677794456482 
vt 0.37431955337524414 0.7207898497581482 
vt 0.37431955337524414 0.7246965765953064 
vt 0.30070289969444275 0.7255511283874512 
vt 0.3039991557598114 0.7290916442871094 
vt 0.20425653457641602 0.7265278100967407 
vt 0.2109711468219757 0.7305566668510437 
vt 0.4074043035507202 0.7206677794456482 
vt 0.4074043035507202 0.7244523763656616 
vt 0.40227678418159485 0.7244523763656616 
vt 0.40227678418159485 0.7275044918060303 
vt 0.3751741349697113 0.727870762348175 
vt 0.3776158094406128 0.7309228777885437 
vt 0.31401005387306213 0.7317774891853333 
vt 0.3274392783641815 0.7343412637710571 
vt 0.23099292814731598 0.7327541708946228 
vt 0.25772932171821594 0.7345854640007019 
vt 0.4074043035507202 0.7275044918060303 
vt 0.4074043035507202 0.7306787371635437 
vt 0.40227678418159485 0.7306787371635437 
vt 0.40227678418159485 0.7339749932289124 
vt 0.38103416562080383 0.7340971231460571 
vt 0.3843304216861725 0.7372713088989258 
vt 0.3408685326576233 0.7372713088989258 
vt 0.350879430770874 0.7421547174453735 
vt 0.2845878005027771 0.7372713088989258 
vt 0.3046095669269562 0.7421547174453735 
vt 0.4074043035507202 0.7339749932289124 
vt 0.4074043035507202 0.7372713088989258 
vt 0.40227678418159485 0.7372713088989258 
vt 0.40227678418159485 0.7421547174453735 
vt 0.38677212595939636 0.7421547174453735 
vt 0.3876267075538635 0.7502123117446899 
vt 0.3541756868362427 0.7502123117446899 
vt 0.3541756868362427 0.7620545625686646 
vt 0.31132420897483826 0.7502123117446899 
vt 0.31132420897483826 0.7620545625686646 
vt 0.4074043035507202 0.7421547174453735 
vt 0.4074043035507202 0.7502123117446899 
vt 0.40227678418159485 0.7502123117446899 
vt 0.40227678418159485 0.7620545625686646 
vt 0.3876267075538635 0.7620545625686646 
vt 0.40227678418159485 0.7787802219390869 
vt 0.4074043035507202 0.7787802219390869 
vt 0.4074043035507202 0.795994222164154 
vt 0.20425653457641602 0.9996320009231567 
vt 0.19912900030612946 0.9996320009231567 
vt 0.20413444936275482 0.9967019557952881 
vt 0.19900691509246826 0.9967019557952881 
vt 0.19900691509246826 0.9935277104377747 
vt 0.17117176949977875 0.9967019557952881 
vt 0.17104968428611755 0.9936498403549194 
vt 0.09767720103263855 0.9937719106674194 
vt 0.17104968428611755 0.990231454372406 
vt 0.09767720103263855 0.990353524684906 
vt 0.09743303060531616 0.9013535380363464 
vt 0.0014750079717487097 0.990475594997406 
vt 0.001352924038656056 0.9011093974113464 
vt 0.17080551385879517 0.9014756679534912 
vt 0.19876274466514587 0.9014756679534912 
vt 0.19888482987880707 0.990231454372406 
vt 0.20401236414909363 0.990231454372406 
vt 0.20401236414909363 0.9935277104377747 
vt 0.0007425040239468217 0.6399695873260498 
vt 0.09694469720125198 0.6411904096603394 
vt 0.1703171730041504 0.6421670913696289 
vt 0.09633427858352661 0.38127145171165466 
vt 0.1698288470506668 0.38310274481773376 
vt 0.16958467662334442 0.29483526945114136 
vt 0.19766399264335632 0.38371315598487854 
vt 0.19741982221603394 0.2956898808479309 
vt 0.2025473564863205 0.2958119511604309 
vt 0.1937573105096817 0.2916610538959503 
vt 0.19876274466514587 0.2917831540107727 
vt 0.187164768576622 0.28519055247306824 
vt 0.20279152691364288 0.38383522629737854 
vt 0.20327985286712646 0.6425333619117737 
vt 0.1981523334980011 0.6425333619117737 
vt 0.0002541680005379021 0.3789518475532532 
vt 0.000009999999747378752 0.290196031332016 
vt 0.09621219336986542 0.29288190603256226 
vt 0.0943809300661087 0.28921937942504883 
vt 0.16641049087047577 0.29105064272880554 
vt 0.15664377808570862 0.28482431173324585 
vt 0.18240348994731903 0.28519055247306824 
vt 0.17068342864513397 0.27859798073768616 
vt 0.17507845163345337 0.27859798073768616 
vt 0.000009999999747378752 0.28689974546432495 
vt 0.000009999999747378752 0.28262677788734436 
vt 0.08888715505599976 0.2838476300239563 
vt 0.08314920216798782 0.2782317101955414 
vt 0.14663287997245789 0.27847588062286377 
vt 0.1421157717704773 0.2742029130458832 
vt 0.1654338240623474 0.27444708347320557 
vt 0.1634804755449295 0.2715170383453369 
vt 0.16970676183700562 0.27444708347320557 
vt 0.1676313281059265 0.2713949680328369 
vt 0.000009999999747378752 0.277865469455719 
vt 0.000009999999747378752 0.27285996079444885 
vt 0.08058544248342514 0.2737145721912384 
vt 0.08290503919124603 0.270174115896225 
vt 0.14113910496234894 0.2711507976055145 
vt 0.1418716013431549 0.2680986523628235 
vt 0.1612829566001892 0.2683428227901459 
vt 0.1590854525566101 0.26504653692245483 
vt 0.1654338240623474 0.2683428227901459 
vt 0.16311421990394592 0.26504653692245483 
vt 0.006724619772285223 0.26883116364479065 
vt 0.02662431262433529 0.26663362979888916 
vt 0.09193925559520721 0.2674882411956787 
vt 0.10414765030145645 0.26492443680763245 
vt 0.14321453869342804 0.26504653692245483 
vt 0.14467954635620117 0.2617502510547638 
vt 0.1568879336118698 0.2617502510547638 
vt 0.15444625914096832 0.25698891282081604 
vt 0.16091671586036682 0.2617502510547638 
vt 0.15847502648830414 0.25698891282081604 
vt 0.0533607080578804 0.26480236649513245 
vt 0.08009710162878036 0.2619944214820862 
vt 0.11635605245828629 0.2618723213672638 
vt 0.12526819109916687 0.25698891282081604 
vt 0.14516787230968475 0.25698891282081604 
vt 0.14358077943325043 0.24905340373516083 
vt 0.15163832902908325 0.24893131852149963 
vt 0.14895248413085938 0.23708906769752502 
vt 0.15554501116275787 0.24893131852149963 
vt 0.1527370810508728 0.23708906769752502 
vt 0.09999679774045944 0.25698891282081604 
vt 0.10671141743659973 0.24905340373516083 
vt 0.12722152471542358 0.24905340373516083 
vt 0.12587860226631165 0.23708906769752502 
vt 0.14126119017601013 0.23708906769752502 
vt 0.13942992687225342 0.22036342322826385 
vt 0.14687705039978027 0.22036342322826385 
vt 0.14553412795066833 0.20302735269069672 
vt 0.1506616622209549 0.22036342322826385 
vt 0.14931872487068176 0.20302735269069672 
vt 0.10671141743659973 0.23708906769752502 
vt 0.10658933222293854 0.22048550844192505 
vt 0.1247798502445221 0.22036342322826385 
vt 0.12416943162679672 0.20192858576774597 
vt 0.13833117485046387 0.20278318226337433 
vt 0.13796491920948029 0.18813298642635345 
vt 0.14516787230968475 0.1893538385629654 
vt 0.14528995752334595 0.17995329201221466 
vt 0.14895248413085938 0.1893538385629654 
vt 0.14907456934452057 0.17995329201221466 
vt 0.14919665455818176 0.17568030953407288 
vt 0.14541204273700714 0.17555822432041168 
vt 0.14541204273700714 0.17079691588878632 
vt 0.13845326006412506 0.1728723645210266 
vt 0.13894158601760864 0.16835521161556244 
vt 0.1270994395017624 0.1611521989107132 
vt 0.14016243815422058 0.1590767502784729 
vt 0.1313723772764206 0.15651297569274902 
vt 0.09718886762857437 0.15016454458236694 
vt 0.10842059552669525 0.15443752706050873 
vt 0.14553412795066833 0.16005343198776245 
vt 0.14931872487068176 0.16017551720142365 
vt 0.14919665455818176 0.1709190011024475 
vt 0.13820908963680267 0.17775575816631317 
vt 0.12416943162679672 0.17152942717075348 
vt 0.12392526119947433 0.18471460044384003 
vt 0.10646724700927734 0.18019746243953705 
vt 0.10658933222293854 0.20082981884479523 
vt 0.10683350265026093 0.1632276475429535 
vt 0.12502402067184448 0.1649368405342102 
vt 0.37431955337524414 0 
vt 0.30070289969444275 0 
vt 0.30070289969444275 0.0031742099672555923 
vt 0.20425653457641602 0.0031742099672555923 
vt 0.20425653457641602 0.006348419934511185 
vt 0.20425653457641602 0 
vt 0.17129385471343994 0.9997540712356567 
vt 0.09792137145996094 0.9998761415481567 
vt 0.09779928624629974 0.9968240261077881 
vt 0.0015970920212566853 0.9970681667327881 
vt 0.0014750079717487097 0.9938939809799194 
vt 0.9625202417373657 0.31339219212532043 
vt 0.9672815203666687 0.3144909739494324 
vt 0.9672815203666687 0.3177872598171234 
vt 0.9706999063491821 0.3196185231208801 
vt 0.9706999063491821 0.32743197679519653 
vt 0.9730194807052612 0.329751580953598 
vt 0.9730194807052612 0.34562262892723083 
vt 0.9746065735816956 0.34720975160598755 
vt 0.9746065735816956 0.36173784732818604 
vt 0.9706999063491821 0.3164443075656891 
vt 0.9730194807052612 0.31925228238105774 
vt 0.9730194807052612 0.3223043978214264 
vt 0.9746065735816956 0.32547861337661743 
vt 0.9746065735816956 0.3324374556541443 
vt 0.7021150588989258 0.3719930052757263 
vt 0.7074868083000183 0.3719930052757263 
vt 0.7021150588989258 0.11097526550292969 
vt 0.7074868083000183 0.11097526550292969 
vt 0.7074868083000183 0.022219469770789146 
vt 0.7117597460746765 0.11097526550292969 
vt 0.7117597460746765 0.022219469770789146 
vt 0.7155443429946899 0.022219469770789146 
vt 0.7117597460746765 0.01892317458987236 
vt 0.7155443429946899 0.01892317458987236 
vt 0.7155443429946899 0.014650199562311172 
vt 0.6954004764556885 0.11097526550292969 
vt 0.6954004764556885 0.022219469770789146 
vt 0.6866104006767273 0.022219469770789146 
vt 0.6866104006767273 0.01892317458987236 
vt 0.6769657731056213 0.01892317458987236 
vt 0.6769657731056213 0.014650199562311172 
vt 0.6674432158470154 0.014650199562311172 
vt 0.6674432158470154 0.009888884611427784 
vt 0.6577985882759094 0.009888884611427784 
vt 0.6577985882759094 0.005005484912544489 
vt 0.6481539607048035 0.005005484912544489 
vt 0.6481539607048035 0 
vt 0.6402184963226318 0 
vt 0.6674432158470154 0.005005484912544489 
vt 0.6769657731056213 0.005005484912544489 
vt 0.6769657731056213 0.009888884611427784 
vt 0.6866104006767273 0.009888884611427784 
vt 0.6866104006767273 0.014650199562311172 
vt 0.6954004764556885 0.014650199562311172 
vt 0.6954004764556885 0.01892317458987236 
vt 0.7021150588989258 0.01892317458987236 
vt 0.7021150588989258 0.022219469770789146 
vt 0.6866104006767273 0.005005484912544489 
vt 0.6954004764556885 0.005005484912544489 
vt 0.6954004764556885 0.009888884611427784 
vt 0.7021150588989258 0.009888884611427784 
vt 0.7021150588989258 0.014650199562311172 
vt 0.7074868083000183 0.014650199562311172 
vt 0.7074868083000183 0.01892317458987236 
vt 0.7021150588989258 0.005005484912544489 
vt 0.7074868083000183 0.005005484912544489 
vt 0.7074868083000183 0.009888884611427784 
vt 0.7117597460746765 0.009888884611427784 
vt 0.7117597460746765 0.014650199562311172 
vt 0.2152440845966339 0.8743727803230286 
vt 0.21365700662136078 0.8635072112083435 
vt 0.3061966598033905 0.8742507100105286 
vt 0.3054641783237457 0.8635072112083435 
vt 0.22488872706890106 0.8544729351997375 
vt 0.26163601875305176 0.8488569855690002 
vt 0.8636322021484375 0.16969814896583557 
vt 0.8655855655670166 0.16139636933803558 
vt 0.8724222779273987 0.16969814896583557 
vt 0.8751081228256226 0.16139636933803558 
vt 0.8847527503967285 0.16139636933803558 
vt 0.8770614266395569 0.15260624885559082 
vt 0.8871944546699524 0.15260624885559082 
vt 0.8879269361495972 0.14247319102287292 
vt 0.8976936340332031 0.15260624885559082 
vt 0.8986703157424927 0.14247319102287292 
vt 0.9085591435432434 0.14235110580921173 
vt 0.8984261751174927 0.1308751255273819 
vt 0.9083149433135986 0.1308751255273819 
vt 0.9081928730010986 0.11793410778045654 
vt 0.9161283373832703 0.1307530403137207 
vt 0.9160062670707703 0.11781202256679535 
vt 0.9221104383468628 0.11768993735313416 
vt 0.9157620668411255 0.10706854611635208 
vt 0.9218662977218628 0.10694646090269089 
vt 0.9218662977218628 0.10218514502048492 
vt 0.9267496466636658 0.10694646090269089 
vt 0.9267496466636658 0.10218514502048492 
vt 0.931022584438324 0.10206305980682373 
vt 0.9266275763511658 0.09779008477926254 
vt 0.930900514125824 0.09779008477926254 
vt 0.930778443813324 0.08838953822851181 
vt 0.8775497674942017 0.14247319102287292 
vt 0.8774276971817017 0.1309972107410431 
vt 0.8878048658370972 0.1309972107410431 
vt 0.8875606656074524 0.11805619299411774 
vt 0.8983040452003479 0.11793410778045654 
vt 0.8981819748878479 0.10719063133001328 
vt 0.9080708026885986 0.10719063133001328 
vt 0.9079487323760986 0.10242931544780731 
vt 0.9157620668411255 0.10230723023414612 
vt 0.9156399965286255 0.09803425520658493 
vt 0.9217442274093628 0.09791216999292374 
vt 0.921622097492218 0.088511623442173 
vt 0.926505446434021 0.088511623442173 
vt 0.926383376121521 0.07471601665019989 
vt 0.9306563138961792 0.07471601665019989 
vt 0.9304121732711792 0.05737994983792305 
vt 0.8771835565567017 0.11793410778045654 
vt 0.8770614266395569 0.10731271654367447 
vt 0.8874385952949524 0.10731271654367447 
vt 0.8873165249824524 0.1025514006614685 
vt 0.8980599045753479 0.10242931544780731 
vt 0.8980599045753479 0.09815634042024612 
vt 0.9079487323760986 0.09803425520658493 
vt 0.9077045321464539 0.08875579386949539 
vt 0.9155179262161255 0.0886337086558342 
vt 0.9153958559036255 0.07496018707752228 
vt 0.921500027179718 0.07483810186386108 
vt 0.921255886554718 0.057502035051584244 
vt 0.926139235496521 0.057502035051584244 
vt 0.9258950352668762 0.040776390582323074 
vt 0.9301679730415344 0.04065430536866188 
vt 0.9300459027290344 0.028689974918961525 
vt 0.8770614266395569 0.1025514006614685 
vt 0.8769393563270569 0.09815634042024612 
vt 0.8873165249824524 0.09815634042024612 
vt 0.8871944546699524 0.08887787908315659 
vt 0.8978157639503479 0.08875579386949539 
vt 0.8976936340332031 0.07508227229118347 
vt 0.9075824618339539 0.07496018707752228 
vt 0.9073382616043091 0.05774620547890663 
vt 0.9151516556739807 0.05762412026524544 
vt 0.9149075150489807 0.04089847579598427 
vt 0.9210116863250732 0.040776390582323074 
vt 0.9208896160125732 0.02881206013262272 
vt 0.9257729649543762 0.02881206013262272 
vt 0.9257729649543762 0.02075444906949997 
vt 0.9300459027290344 0.020632365718483925 
vt 0.9300459027290344 0.015748964622616768 
vt 0.8768172860145569 0.08875579386949539 
vt 0.8765731453895569 0.07508227229118347 
vt 0.8869502544403076 0.07508227229118347 
vt 0.8867061138153076 0.057868290692567825 
vt 0.8974494934082031 0.05774620547890663 
vt 0.8972052931785583 0.04102056100964546 
vt 0.9070941209793091 0.04102056100964546 
vt 0.9069720506668091 0.029056230559945107 
vt 0.9147853851318359 0.028934145346283913 
vt 0.9147853851318359 0.020876534283161163 
vt 0.9208896160125732 0.02075444906949997 
vt 0.9207675457000732 0.01587104983627796 
vt 0.9257729649543762 0.01587104983627796 
vt 0.9257729649543762 0.012574754655361176 
vt 0.9300459027290344 0.012452670373022556 
vt 0.9300459027290344 0.00915637519210577 
vt 0.8764510154724121 0.057868290692567825 
vt 0.8762068748474121 0.041142646223306656 
vt 0.8864619135856628 0.041142646223306656 
vt 0.8863398432731628 0.0291783157736063 
vt 0.8970832228660583 0.0291783157736063 
vt 0.8970832228660583 0.02112070471048355 
vt 0.9069720506668091 0.020998619496822357 
vt 0.9068499803543091 0.01611522026360035 
vt 0.9146633148193359 0.015993135049939156 
vt 0.9146633148193359 0.01269683986902237 
vt 0.9207675457000732 0.012574754655361176 
vt 0.9207675457000732 0.009278460405766964 
vt 0.9257729649543762 0.009278460405766964 
vt 0.9257729649543762 0.005982165224850178 
vt 0.9300459027290344 0.005982165224850178 
vt 0.9300459027290344 0.002930040005594492 
vt 0.8760848045349121 0.0291783157736063 
vt 0.8759626746177673 0.021242789924144745 
vt 0.8862177729606628 0.021242789924144745 
vt 0.8862177729606628 0.016359390690922737 
vt 0.8969611525535583 0.016237305477261543 
vt 0.8969611525535583 0.012941010296344757 
vt 0.9068499803543091 0.012818925082683563 
vt 0.9068499803543091 0.009522629901766777 
vt 0.9146633148193359 0.009400544688105583 
vt 0.9146633148193359 0.006226335186511278 
vt 0.9207675457000732 0.006104249972850084 
vt 0.9207675457000732 0.003052124986425042 
vt 0.9257729649543762 0.003052124986425042 
vt 0.9256508946418762 0 
vt 0.9300459027290344 0 
vt 0.8670505881309509 0.15248416364192963 
vt 0.8675389289855957 0.14235110580921173 
vt 0.8672947287559509 0.1308751255273819 
vt 0.8671726584434509 0.11793410778045654 
vt 0.8669284582138062 0.10719063133001328 
vt 0.8669284582138062 0.10242931544780731 
vt 0.8668063879013062 0.09815634042024612 
vt 0.8666843175888062 0.08875579386949539 
vt 0.8665622472763062 0.07508227229118347 
vt 0.8663180470466614 0.05774620547890663 
vt 0.8660739064216614 0.04102056100964546 
vt 0.8659518361091614 0.029056230559945107 
vt 0.8658297061920166 0.021242789924144745 
vt 0.8658297061920166 0.016847729682922363 
vt 0.8759626746177673 0.016603559255599976 
vt 0.8759626746177673 0.013551435433328152 
vt 0.883531928062439 0.012330585159361362 
vt 0.8859735727310181 0.009644715115427971 
vt 0.8969611525535583 0.009522629901766777 
vt 0.8969611525535583 0.006348419934511185 
vt 0.9068499803543091 0.006226335186511278 
vt 0.9068499803543091 0.0031742099672555923 
vt 0.9146633148193359 0.0031742099672555923 
vt 0.9146633148193359 0.00024416999076493084 
vt 0.9207675457000732 0.00012208499538246542 
vt 0.8859735727310181 0.0064705051481723785 
vt 0.8859735727310181 0.0034183799289166927 
vt 0.8969611525535583 0.0032962949480861425 
vt 0.8969611525535583 0.0003662550006993115 
vt 0.9068499803543091 0.00024416999076493084 
vt 0.7049230337142944 0.732021689414978 
vt 0.6997954845428467 0.732021689414978 
vt 0.6932029724121094 0.732021689414978 
vt 0.684779167175293 0.732021689414978 
vt 0.6756228804588318 0.732021689414978 
vt 0.6663444638252258 0.732021689414978 
vt 0.6570661067962646 0.732021689414978 
vt 0.6477876901626587 0.732021689414978 
vt 0.6402184963226318 0.732021689414978 
vt 0.6361896991729736 0.732021689414978 
vt 0.6267892718315125 0.732021689414978 
vt 0.6037153601646423 0.7318995594978333 
vt 0.6028608083724976 0.7288474440574646 
vt 0.5788102149963379 0.7288474440574646 
vt 0.5778335928916931 0.725673258304596 
vt 0.5664797425270081 0.725673258304596 
vt 0.5661135315895081 0.7223769426345825 
vt 0.5614743232727051 0.7223769426345825 
vt 0.5614743232727051 0.633132815361023 
vt 0.5800310969352722 0.7318995594978333 
vt 0.5690435171127319 0.7318995594978333 
vt 0.5675784945487976 0.7288474440574646 
vt 0.5629393458366394 0.7287253737449646 
vt 0.5618405938148499 0.7255511283874512 
vt 0.9269937872886658 0.11768993735313416 
vt 0.9271159172058105 0.1306309551000595 
vt 0.931266725063324 0.11756785213947296 
vt 0.9313888549804688 0.13050886988639832 
vt 0.9222325086593628 0.1306309551000595 
vt 0.9224767088890076 0.14210693538188934 
vt 0.9163724780082703 0.14222902059555054 
vt 0.9151516556739807 0.15236207842826843 
vt 0.9074603915214539 0.15248416364192963 
vt 0.9039199352264404 0.1612742841243744 
vt 0.8947636485099792 0.16139636933803558 
vt 0.890734851360321 0.16957606375217438 
vt 0.8813344240188599 0.16957606375217438 
vt 0.9273600578308105 0.14210693538188934 
vt 0.9257729649543762 0.15223999321460724 
vt 0.9211337566375732 0.15223999321460724 
vt 0.916738748550415 0.1611521989107132 
vt 0.9112449884414673 0.1612742841243744 
vt 0.9059953689575195 0.16945397853851318 
vt 0.8992807269096375 0.16945397853851318 
vt 0.9316329956054688 0.14198485016822815 
vt 0.9298017621040344 0.15211790800094604 
vt 0.9239417314529419 0.16078594326972961 
vt 0.9206454157829285 0.1609080284833908 
vt 0.9139308333396912 0.1690877228975296 
vt 0.9108787178993225 0.169331893324852 
vt 0.931022584438324 0.1068243756890297 
vt 0.4074043035507202 0.7620545625686646 
vt 0.9565381407737732 0.36735376715660095 
vt 0.9498234987258911 0.36735376715660095 
vt 0.9565381407737732 0.3704058825969696 
vt 0.9498234987258911 0.370527982711792 
vt 0.9498234987258911 0.3761438727378845 
vt 0.9625202417373657 0.3704058825969696 
vt 0.9625202417373657 0.3761438727378845 
vt 0.9672815203666687 0.3760218024253845 
vt 0.9706999063491821 0.37577763199806213 
vt 0.9672815203666687 0.3828585743904114 
vt 0.9706999063491821 0.3823702335357666 
vt 0.9706999063491821 0.3889628052711487 
vt 0.9730194807052612 0.38163772225379944 
vt 0.9730194807052612 0.38786405324935913 
vt 0.9746065735816956 0.3866432011127472 
vt 0.9730194807052612 0.3940903842449188 
vt 0.9746065735816956 0.3923811912536621 
vt 0.9746065735816956 0.3982412815093994 
vt 0.9730194807052612 0.4003167152404785 
vt 0.9706999063491821 0.40214797854423523 
vt 0.9706999063491821 0.39555540680885315 
vt 0.9672815203666687 0.3965320885181427 
vt 0.9672815203666687 0.38969531655311584 
vt 0.9625202417373657 0.3900615870952606 
vt 0.9625202417373657 0.38310274481773376 
vt 0.9565381407737732 0.38322481513023376 
vt 0.9565381407737732 0.3761438727378845 
vt 0.9315109252929688 0.4736897945404053 
vt 0.9276042580604553 0.47381189465522766 
vt 0.9233313202857971 0.47393396496772766 
vt 0.9276042580604553 0.47808486223220825 
vt 0.9233313202857971 0.47820693254470825 
vt 0.9315109252929688 0.47796276211738586 
vt 0.9498234987258911 0.3602728247642517 
vt 0.8487379550933838 0.3320711851119995 
vt 0.8488600254058838 0.3277982175350189 
vt 0.8467846512794495 0.3277982175350189 
vt 0.7117597460746765 0.7224990129470825 
vt 0.7155443429946899 0.7224990129470825 
vt 0.7117597460746765 0.633132815361023 
vt 0.7155443429946899 0.633132815361023 
vt 0.7155443429946899 0.3719930052757263 
vt 0.7074868083000183 0.633132815361023 
vt 0.7117597460746765 0.3719930052757263 
vt 0.7155443429946899 0.11097526550292969 
vt 0.7151780724525452 0.725917398929596 
vt 0.9223546385765076 0.4504936635494232 
vt 0.9183258414268494 0.46978306770324707 
vt 0.9183258414268494 0.47405606508255005 
vt 0.9128320813179016 0.47430023550987244 
vt 0.9183258414268494 0.47832903265953064 
vt 0.9128320813179016 0.478573203086853 
vt 0.7372753024101257 0.3320711851119995 
vt 0.7192068696022034 0.3320711851119995 
vt 0.7192068696022034 0.3277982175350189 
vt 0.7155443429946899 0.3277982175350189 
vt 0.7155443429946899 0.3055787682533264 
vt 0.9498234987258911 0.4788173735141754 
vt 0.9498234987258911 0.4828461706638336 
vt 0.9228429794311523 0.4788173735141754 
vt 0.9228429794311523 0.4828461706638336 
vt 0.8959844708442688 0.4827241003513336 
vt 0.9228429794311523 0.49236881732940674 
vt 0.8959844708442688 0.49236881732940674 
vt 0.8959844708442688 0.5130011439323425 
vt 0.86912602186203 0.49224671721458435 
vt 0.86912602186203 0.5130011439323425 
vt 0.8423895835876465 0.5130011439323425 
vt 0.86912602186203 0.5332672595977783 
vt 0.8423895835876465 0.5332672595977783 
vt 0.8423895835876465 0.5414469838142395 
vt 0.9228429794311523 0.5130011439323425 
vt 0.9228429794311523 0.5332672595977783 
vt 0.8959844708442688 0.5332672595977783 
vt 0.8959844708442688 0.5414469838142395 
vt 0.86912602186203 0.5414469838142395 
vt 0.86912602186203 0.5449874401092529 
vt 0.8423895835876465 0.5449874401092529 
vt 0.8423895835876465 0.551580011844635 
vt 0.9498234987258911 0.5131232738494873 
vt 0.9498234987258911 0.49236881732940674 
vt 0.9498234987258911 0.5332672595977783 
vt 0.9498234987258911 0.5414469838142395 
vt 0.9228429794311523 0.5414469838142395 
vt 0.9228429794311523 0.5449874401092529 
vt 0.8959844708442688 0.5449874401092529 
vt 0.8959844708442688 0.551580011844635 
vt 0.86912602186203 0.551580011844635 
vt 0.86912602186203 0.5597597360610962 
vt 0.8423895835876465 0.5596376657485962 
vt 0.9498234987258911 0.5451095104217529 
vt 0.9498234987258911 0.5517021417617798 
vt 0.9228429794311523 0.5517021417617798 
vt 0.9228429794311523 0.5597597360610962 
vt 0.8959844708442688 0.5597597360610962 
vt 0.8959844708442688 0.5678173303604126 
vt 0.86912602186203 0.5678173303604126 
vt 0.86912602186203 0.575874924659729 
vt 0.8423895835876465 0.5678173303604126 
vt 0.8423895835876465 0.575874924659729 
vt 0.9498234987258911 0.5597597360610962 
vt 0.9498234987258911 0.5678173303604126 
vt 0.9228429794311523 0.5678173303604126 
vt 0.9228429794311523 0.575874924659729 
vt 0.8959844708442688 0.575874924659729 
vt 0.8959844708442688 0.5839325785636902 
vt 0.86912602186203 0.5839325785636902 
vt 0.86912602186203 0.591257631778717 
vt 0.8423895835876465 0.5839325785636902 
vt 0.8423895835876465 0.591257631778717 
vt 0.9498234987258911 0.5759970545768738 
vt 0.9498234987258911 0.5840546488761902 
vt 0.9228429794311523 0.5840546488761902 
vt 0.9228429794311523 0.591257631778717 
vt 0.8959844708442688 0.591257631778717 
vt 0.8959844708442688 0.5969956517219543 
vt 0.86912602186203 0.5969956517219543 
vt 0.86912602186203 0.6015127897262573 
vt 0.8423895835876465 0.5969956517219543 
vt 0.8423895835876465 0.6015127897262573 
vt 0.9498234987258911 0.5913797616958618 
vt 0.9498234987258911 0.5971177220344543 
vt 0.9228429794311523 0.5969956517219543 
vt 0.9228429794311523 0.6015127897262573 
vt 0.8959844708442688 0.6015127897262573 
vt 0.8959844708442688 0.6051753163337708 
vt 0.86912602186203 0.6050532460212708 
vt 0.86912602186203 0.6082274913787842 
vt 0.8423895835876465 0.6050532460212708 
vt 0.8423895835876465 0.6082274913787842 
vt 0.9498234987258911 0.6016348600387573 
vt 0.9498234987258911 0.6051753163337708 
vt 0.9228429794311523 0.6051753163337708 
vt 0.9228429794311523 0.6082274913787842 
vt 0.8959844708442688 0.6082274913787842 
vt 0.86912602186203 0.4827241003513336 
vt 0.86912602186203 0.4788173735141754 
vt 0.8423895835876465 0.4827241003513336 
vt 0.8423895835876465 0.4788173735141754 
vt 0.8423895835876465 0.49224671721458435 
vt 0.20389027893543243 0.9014756679534912 
vt 0.4352394640445709 0.09620297700166702 
vt 0.4352394640445709 0.0947379618883133 
vt 0.4401228129863739 0.09534838795661926 
vt 0.4401228129863739 0.09400545060634613 
vt 0.44573867321014404 0.09327293932437897 
vt 0.4401228129863739 0.08191903680562973 
vt 0.44573867321014404 0.08130861073732376 
vt 0.44573867321014404 0.04846774414181709 
vt 0.4529416263103485 0.08082026988267899 
vt 0.4529416263103485 0.048223573714494705 
vt 0.46075502038002014 0.04797940328717232 
vt 0.4529416263103485 0.015260624699294567 
vt 0.46087709069252014 0.015260624699294567 
vt 0.46087709069252014 0.0025637850631028414 
vt 0.468324214220047 0.015260624699294567 
vt 0.4684463143348694 0.0025637850631028414 
vt 0.47528302669525146 0.0026858700439333916 
vt 0.4684463143348694 0 
vt 0.47528302669525146 0 
vt 0.4750388562679291 0.015382709912955761 
vt 0.4745505154132843 0.04858982935547829 
vt 0.4680800437927246 0.04810148850083351 
vt 0.4678358733654022 0.08069818466901779 
vt 0.46063292026519775 0.0805760994553566 
vt 0.46063292026519775 0.09229625761508942 
vt 0.4529416263103485 0.092662513256073 
vt 0.4529416263103485 0.09412753582000732 
vt 0.44573867321014404 0.0946158766746521 
vt 0.46087709069252014 0 
vt 0.4529416263103485 0 
vt 0.4529416263103485 0.0025637850631028414 
vt 0.44573867321014404 0.0025637850631028414 
vt 0.44573867321014404 0.015382709912955761 
vt 0.4401228129863739 0.015504795126616955 
vt 0.4401228129863739 0.048833999782800674 
vt 0.4352394640445709 0.04932234063744545 
vt 0.4352394640445709 0.0826515480875969 
vt 0.43438488245010376 0.016359390690922737 
vt 0.4356057047843933 0.0026858700439333916 
vt 0.4401228129863739 0.0026858700439333916 
vt 0.4401228129863739 0 
vt 0.44573867321014404 0 
vt 0.20413444936275482 0.005249654874205589 
vt 0.20413444936275482 0.04932234063744545 
vt 0.20327985286712646 0.005371740087866783 
vt 0.19888482987880707 0.04956651106476784 
vt 0.19558857381343842 0.08313988149166107 
vt 0.20425653457641602 0.0826515480875969 
vt 0.20425653457641602 0.0947379618883133 
vt 0.19436772167682648 0.09534838795661926 
vt 0.18997269868850708 0.09791216999292374 
vt 0.19912900030612946 0.09742382913827896 
vt 0.18362434208393097 0.10230723023414612 
vt 0.17703180015087128 0.1027955710887909 
vt 0.15981794893741608 0.1087777316570282 
vt 0.4074043035507202 0.29300400614738464 
vt 0.41106683015823364 0.2941027581691742 
vt 0.4074043035507202 0.2956898808479309 
vt 0.41106683015823364 0.29678863286972046 
vt 0.41106683015823364 0.3846898376941681 
vt 0.41533976793289185 0.2980094850063324 
vt 0.41533976793289185 0.38566651940345764 
vt 0.4207114577293396 0.3868873715400696 
vt 0.41533976793289185 0.6435100436210632 
vt 0.4207114577293396 0.644242525100708 
vt 0.4207114577293396 0.9017198085784912 
vt 0.4275481700897217 0.6448529958724976 
vt 0.4275481700897217 0.9018418788909912 
vt 0.4362161457538605 0.901964008808136 
vt 0.4275481700897217 0.9898651838302612 
vt 0.4362161457538605 0.9898651838302612 
vt 0.4364602863788605 0.9932835698127747 
vt 0.44586077332496643 0.9898651838302612 
vt 0.4461049437522888 0.9932835698127747 
vt 0.4556275010108948 0.9932835698127747 
vt 0.4465932846069336 0.9963356852531433 
vt 0.45599374175071716 0.9963356852531433 
vt 0.45660415291786194 0.999387800693512 
vt 0.4655162990093231 0.9963356852531433 
vt 0.4658825397491455 0.999387800693512 
vt 0.4750388562679291 0.999387800693512 
vt 0.4207114577293396 0.29923033714294434 
vt 0.4275481700897217 0.3005732595920563 
vt 0.4275481700897217 0.38798612356185913 
vt 0.4362161457538605 0.3888407349586487 
vt 0.4362161457538605 0.6453413367271423 
vt 0.4462270140647888 0.6453413367271423 
vt 0.44598284363746643 0.901964008808136 
vt 0.4558716416358948 0.9018418788909912 
vt 0.4555054008960724 0.9898651838302612 
vt 0.46515002846717834 0.9898651838302612 
vt 0.46527212858200073 0.9931614995002747 
vt 0.4747946858406067 0.9931614995002747 
vt 0.4749167561531067 0.9963356852531433 
vt 0.48260805010795593 0.9963356852531433 
vt 0.48260805010795593 0.999387800693512 
vt 0.48675891757011414 0.999387800693512 
vt 0.4362161457538605 0.3015499413013458 
vt 0.4464711844921112 0.3015499413013458 
vt 0.4464711844921112 0.3888407349586487 
vt 0.4575808346271515 0.38737571239471436 
vt 0.4567262530326843 0.6444867253303528 
vt 0.46698129177093506 0.6430217027664185 
vt 0.4656383693218231 0.9014756679534912 
vt 0.4751609265804291 0.9009873270988464 
vt 0.4747946858406067 0.9898651838302612 
vt 0.48260805010795593 0.9898651838302612 
vt 0.48260805010795593 0.9931614995002747 
vt 0.48688098788261414 0.9931614995002747 
vt 0.48688098788261414 0.9963356852531433 
vt 0.4964035451412201 0.9963356852531433 
vt 0.4960373044013977 0.999387800693512 
vt 0.519233226776123 0.999387800693512 
vt 0.4579470753669739 0.2998407483100891 
vt 0.46893465518951416 0.29691073298454285 
vt 0.4684463143348694 0.3848119080066681 
vt 0.4773584306240082 0.38151562213897705 
vt 0.47625967860221863 0.6411904096603394 
vt 0.4833405613899231 0.639603316783905 
vt 0.4828522205352783 0.9006210565567017 
vt 0.4870030879974365 0.9004989862442017 
vt 0.48688098788261414 0.9898651838302612 
vt 0.4966477155685425 0.9898651838302612 
vt 0.4965256154537201 0.9931614995002747 
vt 0.5205761790275574 0.9931614995002747 
vt 0.5199657678604126 0.9963356852531433 
vt 0.5441383719444275 0.9962136149406433 
vt 0.5429175496101379 0.999387800693512 
vt 0.5537829995155334 0.999387800693512 
vt 0.47772470116615295 0.29312607645988464 
vt 0.48407307267189026 0.290073961019516 
vt 0.48395097255706787 0.3788297474384308 
vt 0.4877355694770813 0.3779751658439636 
vt 0.4873693287372589 0.6391149759292603 
vt 0.49701395630836487 0.639481246471405 
vt 0.4967697858810425 0.9004989862442017 
vt 0.5206982493400574 0.9007431268692017 
vt 0.5206982493400574 0.9898651838302612 
vt 0.5453592538833618 0.9897431135177612 
vt 0.544992983341217 0.9930393695831299 
vt 0.5563467741012573 0.9930393695831299 
vt 0.5552480220794678 0.9962136149406433 
vt 0.5598872303962708 0.9962136149406433 
vt 0.5583001375198364 0.999387800693512 
vt 0.4878576695919037 0.28921937942504883 
vt 0.49738022685050964 0.2897076904773712 
vt 0.49725812673568726 0.3785855770111084 
vt 0.5208203196525574 0.37980642914772034 
vt 0.5208203196525574 0.6402137279510498 
vt 0.545237123966217 0.6409462690353394 
vt 0.5453592538833618 0.9008651971817017 
vt 0.5567130446434021 0.9009873270988464 
vt 0.5567130446434021 0.9897431135177612 
vt 0.5614743232727051 0.9897431135177612 
vt 0.5611080527305603 0.9930393695831299 
vt 0.4207114577293396 0.9898651838302612 
vt 0.41533976793289185 0.9898651838302612 
vt 0.4210777282714844 0.9932835698127747 
vt 0.41570600867271423 0.9932835698127747 
vt 0.4166826903820038 0.9964577555656433 
vt 0.41143307089805603 0.9932835698127747 
vt 0.4125318229198456 0.9964577555656433 
vt 0.40886932611465454 0.9964577555656433 
vt 0.4138747453689575 0.999387800693512 
vt 0.4103343188762665 0.999387800693512 
vt 0.407770574092865 0.9932835698127747 
vt 0.4074043035507202 0.9899872541427612 
vt 0.41106683015823364 0.9899872541427612 
vt 0.41106683015823364 0.9014756679534912 
vt 0.41533976793289185 0.9015977382659912 
vt 0.4074043035507202 0.9012314677238464 
vt 0.4074043035507202 0.6424112915992737 
vt 0.41106683015823364 0.6428996324539185 
vt 0.42779234051704407 0.9932835698127747 
vt 0.42864692211151123 0.9964577555656433 
vt 0.43719279766082764 0.9964577555656433 
vt 0.4380473792552948 0.999387800693512 
vt 0.44732576608657837 0.999387800693512 
vt 0.42193230986595154 0.9964577555656433 
vt 0.4231531322002411 0.999387800693512 
vt 0.4180256128311157 0.999387800693512 
vt 0.4297456741333008 0.999387800693512 
vt 0.41533976793289185 0.29520153999328613 
vt 0.4207114577293396 0.29654446244239807 
vt 0.4275481700897217 0.29776531457901 
vt 0.4362161457538605 0.29874199628829956 
vt 0.4464711844921112 0.29874199628829956 
vt 0.4579470753669739 0.29715490341186523 
vt 0.46722546219825745 0.29251566529273987 
vt 0.47784677147865295 0.28873103857040405 
vt 0.48419514298439026 0.2858009934425354 
vt 0.4879797399044037 0.28506848216056824 
vt 0.49738022685050964 0.285678893327713 
vt 0.5209424495697021 0.2872660160064697 
vt 0.5208203196525574 0.29117271304130554 
vt 0.544992983341217 0.29263773560523987 
vt 0.544992983341217 0.38114938139915466 
vt 0.5564688444137573 0.38175979256629944 
vt 0.5565909743309021 0.6413124799728394 
vt 0.5614743232727051 0.6414346098899841 
vt 0.5614743232727051 0.9009873270988464 
vt 0.544992983341217 0.28885310888290405 
vt 0.5564688444137573 0.2895856201648712 
vt 0.5563467741012573 0.29337024688720703 
vt 0.5614743232727051 0.2936144173145294 
vt 0.5614743232727051 0.3820039629936218 
vt 0.5614743232727051 0.2899518609046936 
vt 0.5614743232727051 0.2842138707637787 
vt 0.5564688444137573 0.2838476300239563 
vt 0.545237123966217 0.28287094831466675 
vt 0.5565909743309021 0.277987539768219 
vt 0.5453592538833618 0.27688878774642944 
vt 0.5453592538833618 0.27310413122177124 
vt 0.5213086605072021 0.27456915378570557 
vt 0.5211865901947021 0.27090662717819214 
vt 0.49762439727783203 0.26870909333229065 
vt 0.5211865901947021 0.26858699321746826 
vt 0.49750229716300964 0.26675572991371155 
vt 0.49725812673568726 0.26480236649513245 
vt 0.4879797399044037 0.2661452889442444 
vt 0.4877355694770813 0.2641919255256653 
vt 0.4851718246936798 0.2640698552131653 
vt 0.4874913990497589 0.26223859190940857 
vt 0.4849276542663574 0.26223859190940857 
vt 0.48468348383903503 0.26028522849082947 
vt 0.5210645198822021 0.28079551458358765 
vt 0.49762439727783203 0.27884215116500854 
vt 0.49774646759033203 0.2722495496273041 
vt 0.48834601044654846 0.2712728679180145 
vt 0.4882239103317261 0.2678544819355011 
vt 0.4857822358608246 0.2676103115081787 
vt 0.4855380654335022 0.265901118516922 
vt 0.4881018400192261 0.277987539768219 
vt 0.48443931341171265 0.27859798073768616 
vt 0.48419514298439026 0.2694416046142578 
vt 0.47833511233329773 0.28091758489608765 
vt 0.47113215923309326 0.2839697003364563 
vt 0.4790676236152649 0.2712728679180145 
vt 0.4722309112548828 0.27334830164909363 
vt 0.5614743232727051 0.27847588062286377 
vt 0.5614743232727051 0.27456915378570557 
vt 0.5565909743309021 0.2742029130458832 
vt 0.5567130446434021 0.2712728679180145 
vt 0.5453592538833618 0.27041828632354736 
vt 0.5453592538833618 0.2674882411956787 
vt 0.5210645198822021 0.2661452889442444 
vt 0.5209424495697021 0.2635815143585205 
vt 0.49701395630836487 0.26260483264923096 
vt 0.49689188599586487 0.26052939891815186 
vt 0.4871251583099365 0.26040729880332947 
vt 0.4870030879974365 0.25650057196617126 
vt 0.48443931341171265 0.25650057196617126 
vt 0.4966477155685425 0.25662267208099365 
vt 0.5206982493400574 0.25674474239349365 
vt 0.5208203196525574 0.26101773977279663 
vt 0.5453592538833618 0.2615060806274414 
vt 0.5453592538833618 0.26443609595298767 
vt 0.5567130446434021 0.26492443680763245 
vt 0.5567130446434021 0.2680986523628235 
vt 0.5614743232727051 0.2683428227901459 
vt 0.5614743232727051 0.2715170383453369 
vt 0.4074043035507202 0.38371315598487854 
vt 0.9576368927955627 0.6289819478988647 
vt 0.9576368927955627 0.6320340633392334 
vt 0.9462831020355225 0.6289819478988647 
vt 0.9462831020355225 0.6320340633392334 
vt 0.9321213364601135 0.6320340633392334 
vt 0.9462831020355225 0.6356965899467468 
vt 0.9321213364601135 0.6356965899467468 
vt 0.9321213364601135 0.6402137279510498 
vt 0.9122216701507568 0.6356965899467468 
vt 0.9122216701507568 0.6402137279510498 
vt 0.8891477584838867 0.6402137279510498 
vt 0.9122216701507568 0.6459517478942871 
vt 0.8891477584838867 0.6459517478942871 
vt 0.8891477584838867 0.6532768607139587 
vt 0.8650972247123718 0.6459517478942871 
vt 0.8650972247123718 0.6532768607139587 
vt 0.8458079695701599 0.6532768607139587 
vt 0.8650972247123718 0.6613344550132751 
vt 0.8456858396530151 0.6613344550132751 
vt 0.8456858396530151 0.6693920493125916 
vt 0.8368958234786987 0.6613344550132751 
vt 0.8367737531661987 0.6693920493125916 
vt 0.8329891562461853 0.6693920493125916 
vt 0.836651623249054 0.677449643611908 
vt 0.8329891562461853 0.677449643611908 
vt 0.8329891562461853 0.6856293678283691 
vt 0.9462831020355225 0.6402137279510498 
vt 0.9462831020355225 0.6459517478942871 
vt 0.9321213364601135 0.6459517478942871 
vt 0.9321213364601135 0.6532768607139587 
vt 0.9122216701507568 0.6532768607139587 
vt 0.9122216701507568 0.6613344550132751 
vt 0.8891477584838867 0.6613344550132751 
vt 0.8891477584838867 0.6693920493125916 
vt 0.8649751543998718 0.6693920493125916 
vt 0.8649751543998718 0.677449643611908 
vt 0.8455637693405151 0.677449643611908 
vt 0.8456858396530151 0.6856293678283691 
vt 0.836651623249054 0.6856293678283691 
vt 0.8367737531661987 0.6922219395637512 
vt 0.8329891562461853 0.6922219395637512 
vt 0.8331112265586853 0.6957623958587646 
vt 0.9462831020355225 0.6532768607139587 
vt 0.9462831020355225 0.6613344550132751 
vt 0.9321213364601135 0.6613344550132751 
vt 0.9321213364601135 0.6693920493125916 
vt 0.9122216701507568 0.6693920493125916 
vt 0.9122216701507568 0.677449643611908 
vt 0.8891477584838867 0.677449643611908 
vt 0.8891477584838867 0.6856293678283691 
vt 0.8649751543998718 0.6856293678283691 
vt 0.8649751543998718 0.6922219395637512 
vt 0.8456858396530151 0.6922219395637512 
vt 0.8456858396530151 0.6957623958587646 
vt 0.8367737531661987 0.6957623958587646 
vt 0.8368958234786987 0.7039421200752258 
vt 0.8332332968711853 0.7039421200752258 
vt 0.8334774971008301 0.7242082357406616 
vt 0.9462831020355225 0.6693920493125916 
vt 0.9462831020355225 0.677449643611908 
vt 0.9321213364601135 0.677449643611908 
vt 0.9321213364601135 0.6856293678283691 
vt 0.9122216701507568 0.6856293678283691 
vt 0.9122216701507568 0.6922219395637512 
vt 0.8891477584838867 0.6922219395637512 
vt 0.8891477584838867 0.6957623958587646 
vt 0.8649751543998718 0.6957623958587646 
vt 0.8650972247123718 0.7039421200752258 
vt 0.8458079695701599 0.7039421200752258 
vt 0.8459300398826599 0.7242082357406616 
vt 0.8371399641036987 0.7242082357406616 
vt 0.8372620940208435 0.7449626922607422 
vt 0.8335995674133301 0.7449626922607422 
vt 0.8335995674133301 0.7544853091239929 
vt 0.9462831020355225 0.6856293678283691 
vt 0.9462831020355225 0.6922219395637512 
vt 0.9321213364601135 0.6922219395637512 
vt 0.9321213364601135 0.6957623958587646 
vt 0.9122216701507568 0.6957623958587646 
vt 0.9122216701507568 0.7039421200752258 
vt 0.8891477584838867 0.7039421200752258 
vt 0.8891477584838867 0.7242082357406616 
vt 0.8652192950248718 0.7242082357406616 
vt 0.8652192950248718 0.7449626922607422 
vt 0.8460521101951599 0.7449626922607422 
vt 0.8460521101951599 0.7544853091239929 
vt 0.8372620940208435 0.7544853091239929 
vt 0.8371399641036987 0.7583920359611511 
vt 0.8334774971008301 0.7583920359611511 
vt 0.9462831020355225 0.6957623958587646 
vt 0.9462831020355225 0.7039421200752258 
vt 0.9321213364601135 0.7039421200752258 
vt 0.9321213364601135 0.7242082357406616 
vt 0.9122216701507568 0.7242082357406616 
vt 0.9122216701507568 0.7449626922607422 
vt 0.8891477584838867 0.7449626922607422 
vt 0.8891477584838867 0.7544853091239929 
vt 0.8652192950248718 0.7544853091239929 
vt 0.8652192950248718 0.7583920359611511 
vt 0.8459300398826599 0.7583920359611511 
vt 0.9623981714248657 0.3002070188522339 
vt 0.9107566475868225 0.3002070188522339 
vt 0.9623981714248657 0.29703280329704285 
vt 0.9118553996086121 0.29703280329704285 
vt 0.9125878810882568 0.29337024688720703 
vt 0.8611905574798584 0.29703280329704285 
vt 0.8627776503562927 0.29337024688720703 
vt 0.8589930534362793 0.3002070188522339 
vt 0.8891477584838867 0.7583920359611511 
vt 0.9122216701507568 0.7583920359611511 
vt 0.9122216701507568 0.7544853091239929 
vt 0.9321213364601135 0.7544853091239929 
vt 0.9321213364601135 0.7449626922607422 
vt 0.9462831020355225 0.7449626922607422 
vt 0.9462831020355225 0.7242082357406616 
vt 0.9576368927955627 0.7242082357406616 
vt 0.9576368927955627 0.7039421200752258 
vt 0.9576368927955627 0.6957623958587646 
vt 0.9576368927955627 0.7449626922607422 
vt 0.9576368927955627 0.7544853091239929 
vt 0.9462831020355225 0.7544853091239929 
vt 0.9462831020355225 0.7583920359611511 
vt 0.9321213364601135 0.7583920359611511 
vt 0.9321213364601135 0.6289819478988647 
vt 0.9122216701507568 0.6289819478988647 
vt 0.9122216701507568 0.6320340633392334 
vt 0.8890256881713867 0.6320340633392334 
vt 0.8891477584838867 0.6356965899467468 
vt 0.8650972247123718 0.6356965899467468 
vt 0.8652192950248718 0.6402137279510498 
vt 0.8460521101951599 0.6402137279510498 
vt 0.8459300398826599 0.6459517478942871 
vt 0.8370178937911987 0.6459517478942871 
vt 0.8368958234786987 0.6532768607139587 
vt 0.8332332968711853 0.6532768607139587 
vt 0.8331112265586853 0.6613344550132751 
vt 0.8371399641036987 0.6402137279510498 
vt 0.8367737531661987 0.6356965899467468 
vt 0.8458079695701599 0.6356965899467468 
vt 0.8451975584030151 0.6320340633392334 
vt 0.8648530840873718 0.6320340633392334 
vt 0.864364743232727 0.6289819478988647 
vt 0.8889036178588867 0.6289819478988647 
vt 0.8334774971008301 0.6402137279510498 
vt 0.8333553671836853 0.6459517478942871 
vt 0.8328670263290405 0.6356965899467468 
vt 0.8309137225151062 0.6320340633392334 
vt 0.8354308009147644 0.6320340633392334 
vt 0.8337216377258301 0.6289819478988647 
vt 0.8440987467765808 0.6289819478988647 
vt 0.8913452625274658 0.4788173735141754 
vt 0.8846306800842285 0.4788173735141754 
vt 0.8913452625274658 0.40751972794532776 
vt 0.8846306800842285 0.40751972794532776 
vt 0.8846306800842285 0.35306981205940247 
vt 0.8785264492034912 0.40751972794532776 
vt 0.8785264492034912 0.35306981205940247 
vt 0.8737651705741882 0.35306981205940247 
vt 0.8785264492034912 0.3324374556541443 
vt 0.8737651705741882 0.3324374556541443 
vt 0.8737651705741882 0.32865282893180847 
vt 0.86961430311203 0.3324374556541443 
vt 0.86961430311203 0.32865282893180847 
vt 0.8785264492034912 0.32865282893180847 
vt 0.8846306800842285 0.32865282893180847 
vt 0.8846306800842285 0.3324374556541443 
vt 0.8913452625274658 0.3324374556541443 
vt 0.8913452625274658 0.35306981205940247 
vt 0.86961430311203 0.35306981205940247 
vt 0.86961430311203 0.40751972794532776 
vt 0.8737651705741882 0.40751972794532776 
vt 0.8737651705741882 0.4788173735141754 
vt 0.8785264492034912 0.4788173735141754 
vt 0.14944081008434296 0.14723451435565948 
vt 0.9746065735816956 0.41557735204696655 
vt 0.9730194807052612 0.4189957082271576 
vt 0.9746065735816956 0.41337981820106506 
vt 0.9730194807052612 0.4165540337562561 
vt 0.9730194807052612 0.41386815905570984 
vt 0.9706999063491821 0.41936197876930237 
vt 0.9706999063491821 0.4164319336414337 
vt 0.9672815203666687 0.41814112663269043 
vt 0.9706999063491821 0.4127693772315979 
vt 0.9672815203666687 0.4143564999103546 
vt 0.9672815203666687 0.40947309136390686 
vt 0.9625202417373657 0.4152110815048218 
vt 0.9625202417373657 0.410327672958374 
vt 0.9565381407737732 0.4105718433856964 
vt 0.9625202417373657 0.40397927165031433 
vt 0.9565381407737732 0.4042234420776367 
vt 0.9565381407737732 0.39726459980010986 
vt 0.9498234987258911 0.4042234420776367 
vt 0.9498234987258911 0.39726459980010986 
vt 0.9625202417373657 0.3970204293727875 
vt 0.9672815203666687 0.40336883068084717 
vt 0.9706999063491821 0.4081301689147949 
vt 0.9730194807052612 0.40593263506889343 
vt 0.9730194807052612 0.410327672958374 
vt 0.9746065735816956 0.40751972794532776 
vt 0.9746065735816956 0.4108160138130188 
vt 0.9706999063491821 0.42192575335502625 
vt 0.9672815203666687 0.42387911677360535 
vt 0.9672815203666687 0.4211932420730591 
vt 0.9625202417373657 0.42216992378234863 
vt 0.9625202417373657 0.41911780834198 
vt 0.9565381407737732 0.41936197876930237 
vt 0.9565381407737732 0.41557735204696655 
vt 0.9498234987258911 0.41557735204696655 
vt 0.9498234987258911 0.4105718433856964 
vt 0.9625202417373657 0.4248557984828949 
vt 0.9565381407737732 0.4252220690250397 
vt 0.9565381407737732 0.4225361943244934 
vt 0.9498234987258911 0.4225361943244934 
vt 0.9498234987258911 0.41936197876930237 
vt 0.9746065735816956 0.40349093079566956 
vt 0.9623981714248657 0.29337024688720703 
vt 0.9623981714248657 0.28885310888290405 
vt 0.9128320813179016 0.28885310888290405 
vt 0.8633880615234375 0.28885310888290405 
vt 0.9128320813179016 0.28311511874198914 
vt 0.8633880615234375 0.28311511874198914 
vt 0.8633880615234375 0.2757900059223175 
vt 0.9623981714248657 0.28311511874198914 
vt 0.9623981714248657 0.2759121060371399 
vt 0.9128320813179016 0.2759121060371399 
vt 0.9128320813179016 0.2677324116230011 
vt 0.8633880615234375 0.2677324116230011 
vt 0.8633880615234375 0.2596747875213623 
vt 0.9128320813179016 0.2596747875213623 
vt 0.9623981714248657 0.2596747875213623 
vt 0.9128320813179016 0.2516171932220459 
vt 0.9623981714248657 0.2516171932220459 
vt 0.9623981714248657 0.2435595691204071 
vt 0.8633880615234375 0.2516171932220459 
vt 0.8633880615234375 0.2434374839067459 
vt 0.9128320813179016 0.2434374839067459 
vt 0.9128320813179016 0.23684489727020264 
vt 0.9622761011123657 0.23696698248386383 
vt 0.8633880615234375 0.23684489727020264 
vt 0.8632659912109375 0.2333044409751892 
vt 0.9128320813179016 0.2333044409751892 
vt 0.9128320813179016 0.22512474656105042 
vt 0.9622761011123657 0.2333044409751892 
vt 0.9622761011123657 0.22512474656105042 
vt 0.9623981714248657 0.2677324116230011 
vt 0.9622761011123657 0.20485863089561462 
vt 0.9128320813179016 0.20485863089561462 
vt 0.9128320813179016 0.18422625958919525 
vt 0.8632659912109375 0.20485863089561462 
vt 0.8632659912109375 0.18410417437553406 
vt 0.8632659912109375 0.22512474656105042 
vt 0.9622761011123657 0.18422625958919525 
vt 0.9622761011123657 0.17458154261112213 
vt 0.9127100110054016 0.17458154261112213 
vt 0.8632659912109375 0.17458154261112213 
vt 0.9127100110054016 0.17067483067512512 
vt 0.8632659912109375 0.17067483067512512 
vt 0.9622761011123657 0.17067483067512512 
vt 0.1031709834933281 0.003052124986425042 
vt 0.10341514647006989 0.00012208499538246542 
vt 0.013561324216425419 0.0032962949480861425 
vt 0.013561324216425419 0.00024416999076493084 
vt 0.01331715565174818 0.01648147590458393 
vt 0.4356057047843933 0 
vt 0.43206527829170227 0 
vt 0.43206527829170227 0.0026858700439333916 
vt 0.43206527829170227 0.005371740087866783 
vt 0.4290131628513336 0.0026858700439333916 
vt 0.4290131628513336 0.005371740087866783 
vt 0.4290131628513336 0 
vt 0.1721484363079071 0 
vt 0.86961430311203 0.3324374556541443 
vt 0.86961430311203 0.34330302476882935 
vt 0.8649751543998718 0.3323153555393219 
vt 0.8649751543998718 0.34305885434150696 
vt 0.8536213040351868 0.34293675422668457 
vt 0.8639984726905823 0.3518489599227905 
vt 0.852888822555542 0.3518489599227905 
vt 0.8508133888244629 0.35685446858406067 
vt 0.8285940885543823 0.3524594008922577 
vt 0.8277395367622375 0.358441561460495 
vt 0.8052760362625122 0.3600286543369293 
vt 0.8261524438858032 0.362836629152298 
vt 0.8052760362625122 0.36515623331069946 
vt 0.8040552139282227 0.36991754174232483 
vt 0.7968522906303406 0.366132915019989 
vt 0.7963639497756958 0.3708942234516144 
vt 0.7929455637931824 0.37101632356643677 
vt 0.7955093383789062 0.37516719102859497 
vt 0.7923351526260376 0.37528929114341736 
vt 0.7920910120010376 0.37919601798057556 
vt 0.7864751219749451 0.37541136145591736 
vt 0.7863530516624451 0.37931808829307556 
vt 0.779394268989563 0.37931808829307556 
vt 0.7863530516624451 0.39335787296295166 
vt 0.779394268989563 0.39335787296295166 
vt 0.779394268989563 0.42790791392326355 
vt 0.7723133563995361 0.39335787296295166 
vt 0.7723133563995361 0.42790791392326355 
vt 0.765232503414154 0.42790791392326355 
vt 0.7723133563995361 0.46221381425857544 
vt 0.765232503414154 0.46221381425857544 
vt 0.765232503414154 0.47576525807380676 
vt 0.758273720741272 0.46221381425857544 
vt 0.758273720741272 0.47576525807380676 
vt 0.7519253492355347 0.47576525807380676 
vt 0.758273720741272 0.4788173735141754 
vt 0.7519253492355347 0.4788173735141754 
vt 0.7519253492355347 0.46221381425857544 
vt 0.7519253492355347 0.42790791392326355 
vt 0.758273720741272 0.42790791392326355 
vt 0.758273720741272 0.39335787296295166 
vt 0.765232503414154 0.39335787296295166 
vt 0.765232503414154 0.37931808829307556 
vt 0.7723133563995361 0.37931808829307556 
vt 0.7720692157745361 0.37541136145591736 
vt 0.779272198677063 0.37541136145591736 
vt 0.7790279984474182 0.37126049399375916 
vt 0.7865971922874451 0.37126049399375916 
vt 0.7863530516624451 0.3664991557598114 
vt 0.7931897640228271 0.366254985332489 
vt 0.7922130823135376 0.36088326573371887 
vt 0.796241819858551 0.3606390953063965 
vt 0.7953872680664062 0.35368025302886963 
vt 0.8049098253250122 0.35331398248672485 
vt 0.8047877550125122 0.3437913656234741 
vt 0.8289603590965271 0.34330302476882935 
vt 0.8289603590965271 0.3324374556541443 
vt 0.8536213040351868 0.3321932852268219 
vt 0.7519253492355347 0.39335787296295166 
vt 0.7519253492355347 0.37931808829307556 
vt 0.758273720741272 0.37931808829307556 
vt 0.7576633095741272 0.37528929114341736 
vt 0.7648662328720093 0.37541136145591736 
vt 0.7636454105377197 0.37101632356643677 
vt 0.7713367342948914 0.37113839387893677 
vt 0.769749641418457 0.3664991557598114 
vt 0.7780513167381287 0.3666212558746338 
vt 0.7759758830070496 0.36112743616104126 
vt 0.7848880290985107 0.36100533604621887 
vt 0.7834230065345764 0.353924423456192 
vt 0.791236400604248 0.35380232334136963 
vt 0.7908701300621033 0.3441576063632965 
vt 0.7951430678367615 0.3440355360507965 
vt 0.7951430678367615 0.33304786682128906 
vt 0.8047877550125122 0.3328036963939667 
vt 0.7511928677558899 0.37528929114341736 
vt 0.7489953637123108 0.3708942234516144 
vt 0.7559541463851929 0.3708942234516144 
vt 0.7530241012573242 0.366010844707489 
vt 0.7613258361816406 0.366254985332489 
vt 0.758029580116272 0.3606390953063965 
vt 0.7669416666030884 0.36088326573371887 
vt 0.7645000219345093 0.35380232334136963 
vt 0.7740225791931152 0.353924423456192 
vt 0.7732900381088257 0.3442797064781189 
vt 0.7829346656799316 0.3441576063632965 
vt 0.7829346656799316 0.33329203724861145 
vt 0.7908701300621033 0.33316996693611145 
vt 0.7454549074172974 0.366010844707489 
vt 0.7409377694129944 0.3602728247642517 
vt 0.7489953637123108 0.3603949248790741 
vt 0.7455769777297974 0.35331398248672485 
vt 0.7550995349884033 0.35355815291404724 
vt 0.7541228532791138 0.3439134359359741 
vt 0.7636454105377197 0.3441576063632965 
vt 0.7636454105377197 0.33316996693611145 
vt 0.7732900381088257 0.33329203724861145 
vt 0.8028343915939331 0.3741905391216278 
vt 0.8023460507392883 0.3780972361564636 
vt 0.8207807540893555 0.37187090516090393 
vt 0.8199261426925659 0.37589970231056213 
vt 0.8381166458129883 0.37370219826698303 
vt 0.8199261426925659 0.390305757522583 
vt 0.8381166458129883 0.3884744644165039 
vt 0.8379945755004883 0.4249778985977173 
vt 0.8469067215919495 0.3881082236766815 
vt 0.8466625213623047 0.4247337281703949 
vt 0.8504471182823181 0.4249778985977173 
vt 0.8462963104248047 0.4612371325492859 
vt 0.8498367071151733 0.4612371325492859 
vt 0.8497146368026733 0.4755210876464844 
vt 0.7952651977539062 0.3790739178657532 
vt 0.7952651977539062 0.3931137025356293 
vt 0.7920910120010376 0.3932357728481293 
vt 0.7920910120010376 0.42778584361076355 
vt 0.7863530516624451 0.42790791392326355 
vt 0.7863530516624451 0.46221381425857544 
vt 0.779394268989563 0.46221381425857544 
vt 0.779394268989563 0.47576525807380676 
vt 0.7723133563995361 0.47576525807380676 
vt 0.7723133563995361 0.4788173735141754 
vt 0.765232503414154 0.4788173735141754 
vt 0.8023460507392883 0.3922590911388397 
vt 0.8023460507392883 0.4272975027561188 
vt 0.7952651977539062 0.42778584361076355 
vt 0.7952651977539062 0.46221381425857544 
vt 0.7920910120010376 0.46221381425857544 
vt 0.7920910120010376 0.47576525807380676 
vt 0.7863530516624451 0.47576525807380676 
vt 0.7863530516624451 0.4788173735141754 
vt 0.779394268989563 0.4788173735141754 
vt 0.8199261426925659 0.42607665061950684 
vt 0.8199261426925659 0.46172547340393066 
vt 0.8379945755004883 0.4613592028617859 
vt 0.8379945755004883 0.4755210876464844 
vt 0.8461741805076599 0.4755210876464844 
vt 0.8461741805076599 0.4788173735141754 
vt 0.8497146368026733 0.4788173735141754 
vt 0.8379945755004883 0.4788173735141754 
vt 0.8199261426925659 0.4788173735141754 
vt 0.8199261426925659 0.4756431579589844 
vt 0.8023460507392883 0.4756431579589844 
vt 0.8023460507392883 0.46209171414375305 
vt 0.8023460507392883 0.4788173735141754 
vt 0.7952651977539062 0.4788173735141754 
vt 0.7952651977539062 0.47576525807380676 
vt 0.8470287919044495 0.37333592772483826 
vt 0.8511796593666077 0.37370219826698303 
vt 0.8483717441558838 0.36918503046035767 
vt 0.8525225520133972 0.36955130100250244 
vt 0.8565513491630554 0.3646678924560547 
vt 0.8393375277519226 0.36967337131500244 
vt 0.843122124671936 0.3649120628833771 
vt 0.8233444690704346 0.36735376715660095 
vt 0.8475171327590942 0.3605169951915741 
vt 0.857405960559845 0.3599065840244293 
vt 0.8614346981048584 0.3566102981567383 
vt 0.8658297061920166 0.35685446858406067 
vt 0.8686376810073853 0.3520931303501129 
vt 0.8615567684173584 0.3601507544517517 
vt 0.8524004817008972 0.3644237220287323 
vt 0.7920910120010376 0.4788173735141754 
vt 0.8510575890541077 0.3884744644165039 
vt 0.7444782257080078 0.34366926550865173 
vt 0.7444782257080078 0.3328036963939667 
vt 0.7356882095336914 0.34342509508132935 
vt 0.7356882095336914 0.3325595259666443 
vt 0.7289735674858093 0.3323153555393219 
vt 0.737031102180481 0.35306981205940247 
vt 0.7303164601325989 0.3528256416320801 
vt 0.7345894575119019 0.3602728247642517 
vt 0.7395948767662048 0.366132915019989 
vt 0.7295839786529541 0.3607611656188965 
vt 0.7349556684494019 0.3667433261871338 
vt 0.7312931418418884 0.3678421080112457 
vt 0.7392286062240601 0.37162673473358154 
vt 0.7358102798461914 0.3724813461303711 
vt 0.7388623952865601 0.3766322135925293 
vt 0.7328802347183228 0.37370219826698303 
vt 0.7360544204711914 0.37785306572914124 
vt 0.7435015439987183 0.37113839387893677 
vt 0.7460653185844421 0.37541136145591736 
vt 0.7420365810394287 0.37565553188323975 
vt 0.7430132031440735 0.37956225872039795 
vt 0.7398390173912048 0.3804168701171875 
vt 0.7398390173912048 0.3943345546722412 
vt 0.737153172492981 0.38163772225379944 
vt 0.737153172492981 0.39531123638153076 
vt 0.7469199299812317 0.37931808829307556 
vt 0.7469199299812317 0.39335787296295166 
vt 0.7430132031440735 0.39360204339027405 
vt 0.7430132031440735 0.42803001403808594 
vt 0.7398390173912048 0.4285183548927307 
vt 0.7398390173912048 0.4624579846858978 
vt 0.737153172492981 0.4291287660598755 
vt 0.737153172492981 0.4625800549983978 
vt 0.7469199299812317 0.42790791392326355 
vt 0.7469199299812317 0.46221381425857544 
vt 0.7430132031440735 0.46233588457107544 
vt 0.7430132031440735 0.47576525807380676 
vt 0.7398390173912048 0.47576525807380676 
vt 0.7398390173912048 0.4788173735141754 
vt 0.737153172492981 0.47576525807380676 
vt 0.737153172492981 0.4788173735141754 
vt 0.7469199299812317 0.47576525807380676 
vt 0.7469199299812317 0.4788173735141754 
vt 0.7430132031440735 0.4788173735141754 
vt 0.6448577046394348 0.7380038499832153 
vt 0.6448577046394348 0.7421547174453735 
vt 0.6245917677879333 0.7350738048553467 
vt 0.6242254972457886 0.7394688725471497 
vt 0.6037153601646423 0.736905038356781 
vt 0.6241034269332886 0.7447184920310974 
vt 0.6033491492271423 0.7425209879875183 
vt 0.6035932898521423 0.7497239708900452 
vt 0.64473557472229 0.7469160556793213 
vt 0.64473557472229 0.7530202865600586 
vt 0.6242254972457886 0.7513110637664795 
vt 0.6248359084129333 0.7585141062736511 
vt 0.6049362421035767 0.7575374245643616 
vt 0.64473557472229 0.7593687176704407 
vt 0.6448577046394348 0.765350878238678 
vt 0.6265450716018677 0.765228807926178 
vt 0.6287425756454468 0.7718213796615601 
vt 0.6083545684814453 0.765228807926178 
vt 0.6126275062561035 0.7726759910583496 
vt 0.9565381407737732 0.3901836574077606 
vt 0.9498234987258911 0.3901836574077606 
vt 0.9498234987258911 0.38322481513023376 
vt 0.15639960765838623 0.11097526550292969 
vt 0.17092759907245636 0.10316182672977448 
vt 0.15981794893741608 0.1087777316570282 
vt 0.4806547164916992 0 
vt 0.48053261637687683 0.0026858700439333916 
vt 0.48028844594955444 0.015748964622616768 
vt 0.48443931341171265 0.0028079550247639418 
vt 0.48419514298439026 0.01611522026360035 
vt 0.48688098788261414 0.016237305477261543 
vt 0.4835847318172455 0.05054318904876709 
vt 0.48651474714279175 0.05115361511707306 
vt 0.48639264702796936 0.08582575619220734 
vt 0.4940839409828186 0.052252378314733505 
vt 0.494328111410141 0.08765702694654465 
vt 0.512030303478241 0.09156374633312225 
vt 0.4945722818374634 0.10047595202922821 
vt 0.512152373790741 0.10487101227045059 
vt 0.5130069851875305 0.10731271654367447 
vt 0.5299766659736633 0.10914398729801178 
vt 0.5313195586204529 0.11146360635757446 
vt 0.5401096343994141 0.1128065437078476 
vt 0.5348600149154663 0.11524824053049088 
vt 0.5442604422569275 0.11659117788076401 
vt 0.5491438508033752 0.12037581205368042 
vt 0.5484113097190857 0.11659117788076401 
vt 0.5532946586608887 0.12037581205368042 
vt 0.5391329526901245 0.11927704513072968 
vt 0.5172799229621887 0.11622492223978043 
vt 0.5149602890014648 0.11146360635757446 
vt 0.49542686343193054 0.10743480175733566 
vt 0.49493852257728577 0.10291765630245209 
vt 0.48688098788261414 0.10108637809753418 
vt 0.48651474714279175 0.09840051084756851 
vt 0.4830963909626007 0.09730174392461777 
vt 0.4829742908477783 0.08472698926925659 
vt 0.4789455235004425 0.08313988149166107 
vt 0.47955596446990967 0.04956651106476784 
vt 0.4959152042865753 0.11305070668458939 
vt 0.4872472584247589 0.11170777678489685 
vt 0.4871251583099365 0.10572560876607895 
vt 0.48431721329689026 0.10523726791143417 
vt 0.4827301502227783 0.10023178160190582 
vt 0.4790676236152649 0.09693548828363419 
vt 0.4788234531879425 0.09534838795661926 
vt 0.47381800413131714 0.09351710975170135 
vt 0.47394007444381714 0.08155278116464615 
vt 0.48456138372421265 0 
vt 0.4870030879974365 0 
vt 0.4870030879974365 0.0028079550247639418 
vt 0.4940839409828186 0.0028079550247639418 
vt 0.4940839409828186 0.016603559255599976 
vt 0.5117861032485962 0.01733607053756714 
vt 0.5117861032485962 0.05457199364900589 
vt 0.5298545360565186 0.05676952376961708 
vt 0.5299766659736633 0.09522630274295807 
vt 0.5387666821479797 0.09632506221532822 
vt 0.5387666821479797 0.11048692464828491 
vt 0.5430396199226379 0.11036483943462372 
vt 0.5443825721740723 0.1126844584941864 
vt 0.494206041097641 0 
vt 0.5117861032485962 0 
vt 0.5116640329360962 0.002930040005594492 
vt 0.5297324657440186 0.003052124986425042 
vt 0.5297324657440186 0.018068579956889153 
vt 0.538156270980835 0.01831275038421154 
vt 0.538400411605835 0.057502035051584244 
vt 0.5423071384429932 0.057502035051584244 
vt 0.5427954792976379 0.09632506221532822 
vt 0.5297324657440186 0 
vt 0.538034200668335 0 
vt 0.538034200668335 0.0031742099672555923 
vt 0.5414525270462036 0.0031742099672555923 
vt 0.5416967272758484 0.01831275038421154 
vt 0.48480555415153503 0.11134152114391327 
vt 0.48468348383903503 0.11793410778045654 
vt 0.4871251583099365 0.11817827820777893 
vt 0.4962814748287201 0.1189107894897461 
vt 0.4870030879974365 0.12586963176727295 
vt 0.4965256154537201 0.12611380219459534 
vt 0.4966477155685425 0.13563643395900726 
vt 0.5203319787979126 0.12648005783557892 
vt 0.5206982493400574 0.13563643395900726 
vt 0.5453592538833618 0.13563643395900726 
vt 0.5206982493400574 0.1471124291419983 
vt 0.5453592538833618 0.1471124291419983 
vt 0.5453592538833618 0.16017551720142365 
vt 0.5567130446434021 0.14723451435565948 
vt 0.5567130446434021 0.16017551720142365 
vt 0.5614743232727051 0.16017551720142365 
vt 0.5567130446434021 0.1709190011024475 
vt 0.5614743232727051 0.1709190011024475 
vt 0.5614743232727051 0.17568030953407288 
vt 0.519111156463623 0.12061998248100281 
vt 0.5424292087554932 0.12232916802167892 
vt 0.5446267127990723 0.1269683986902237 
vt 0.5558584332466125 0.1270904839038849 
vt 0.5567130446434021 0.13563643395900726 
vt 0.5614743232727051 0.13563643395900726 
vt 0.5614743232727051 0.14723451435565948 
vt 0.5531725883483887 0.1229395940899849 
vt 0.5575676560401917 0.1229395940899849 
vt 0.5604976415634155 0.1270904839038849 
vt 0.4966477155685425 0.1471124291419983 
vt 0.48688098788261414 0.1471124291419983 
vt 0.4966477155685425 0.16017551720142365 
vt 0.48688098788261414 0.16005343198776245 
vt 0.48688098788261414 0.17079691588878632 
vt 0.48443931341171265 0.16005343198776245 
vt 0.48443931341171265 0.17079691588878632 
vt 0.5206982493400574 0.16017551720142365 
vt 0.5206982493400574 0.17079691588878632 
vt 0.5453592538833618 0.17079691588878632 
vt 0.5453592538833618 0.17568030953407288 
vt 0.5567130446434021 0.17568030953407288 
vt 0.5567130446434021 0.17995329201221466 
vt 0.5614743232727051 0.17995329201221466 
vt 0.5453592538833618 0.17995329201221466 
vt 0.5206982493400574 0.17995329201221466 
vt 0.5206982493400574 0.17555822432041168 
vt 0.4966477155685425 0.17555822432041168 
vt 0.4966477155685425 0.17079691588878632 
vt 0.48443931341171265 0.1471124291419983 
vt 0.48443931341171265 0.13563643395900726 
vt 0.48688098788261414 0.13563643395900726 
vt 0.48443931341171265 0.12586963176727295 
vt 0.48688098788261414 0.17555822432041168 
vt 0.48443931341171265 0.17555822432041168 
vt 0.48688098788261414 0.17995329201221466 
vt 0.48443931341171265 0.17995329201221466 
vt 0.48443931341171265 0.1892317533493042 
vt 0.4966477155685425 0.17995329201221466 
vt 0.4966477155685425 0.1893538385629654 
vt 0.5206982493400574 0.1893538385629654 
vt 0.5453592538833618 0.1893538385629654 
vt 0.5206982493400574 0.20302735269069672 
vt 0.5453592538833618 0.20302735269069672 
vt 0.5453592538833618 0.22024133801460266 
vt 0.5567130446434021 0.20302735269069672 
vt 0.5567130446434021 0.22024133801460266 
vt 0.5614743232727051 0.22024133801460266 
vt 0.5567130446434021 0.23696698248386383 
vt 0.5614743232727051 0.23696698248386383 
vt 0.5614743232727051 0.24893131852149963 
vt 0.5567130446434021 0.24893131852149963 
vt 0.5453592538833618 0.24893131852149963 
vt 0.5453592538833618 0.23696698248386383 
vt 0.5206982493400574 0.23696698248386383 
vt 0.5206982493400574 0.22024133801460266 
vt 0.4966477155685425 0.22024133801460266 
vt 0.4966477155685425 0.20302735269069672 
vt 0.48688098788261414 0.20302735269069672 
vt 0.48688098788261414 0.1893538385629654 
vt 0.5567130446434021 0.1893538385629654 
vt 0.5614743232727051 0.1893538385629654 
vt 0.5614743232727051 0.20302735269069672 
vt 0.4677138030529022 0.0925404280424118 
vt 0.4677138030529022 0.09400545060634613 
vt 0.46063292026519775 0.09376128017902374 
vt 0.47394007444381714 0.09498213231563568 
vt 0.48443931341171265 0.20302735269069672 
vt 0.48443931341171265 0.22024133801460266 
vt 0.48688098788261414 0.22024133801460266 
vt 0.48688098788261414 0.23696698248386383 
vt 0.4966477155685425 0.23696698248386383 
vt 0.4966477155685425 0.24893131852149963 
vt 0.5206982493400574 0.24893131852149963 
vt 0.5453592538833618 0.25686684250831604 
vt 0.5567130446434021 0.25686684250831604 
vt 0.5567130446434021 0.2616281509399414 
vt 0.5614743232727051 0.2617502510547638 
vt 0.5614743232727051 0.26504653692245483 
vt 0.48688098788261414 0.24893131852149963 
vt 0.48443931341171265 0.24893131852149963 
vt 0.48443931341171265 0.23696698248386383 
vt 0.7541228532791138 0.33292579650878906 
vt 0.5614743232727051 0.25686684250831604 
vt 0.7155443429946899 0.009888884611427784 
vt 0.7155443429946899 0.005005484912544489 
vt 0.7117597460746765 0.005005484912544489 
vt 0.7117597460746765 0 
vt 0.7074868083000183 0 
vt 0.7021150588989258 0 
vt 0.6954004764556885 0 
vt 0.6866104006767273 0 
vt 0.6769657731056213 0 
vt 0.6674432158470154 0 
vt 0.6577985882759094 0 
vt 0.8913452625274658 0.32889699935913086 
vt 0.8980599045753479 0.32889699935913086 
vt 0.8913452625274658 0.3326816260814667 
vt 0.8980599045753479 0.3326816260814667 
vt 0.9040420055389404 0.32889699935913086 
vt 0.8913452625274658 0.35319191217422485 
vt 0.9998779892921448 0.4302275478839874 
vt 1 0.43608760833740234 
vt 0.99951171875 0.42766374349594116 
vt 0.9914541840553284 0.43413427472114563 
vt 0.983030378818512 0.43218091130256653 
vt 0.9851058125495911 0.4408489465713501 
vt 0.9702115654945374 0.43938392400741577 
vt 0.9641073346138 0.4474415183067322 
vt 1 0.44219186902046204 
vt 1 0.4487844705581665 
vt 0.9820536971092224 0.44805195927619934 
vt 0.9809549450874329 0.4564758241176605 
vt 0.962031900882721 0.45635372400283813 
vt 1 0.4567199945449829 
vt 1 0.46648678183555603 
vt 0.9805886745452881 0.46648678183555603 
vt 0.9805886745452881 0.47796276211738586 
vt 0.9612994194030762 0.46648678183555603 
vt 0.9612994194030762 0.47796276211738586 
vt 1 0.47796276211738586 
vt 0.9998779892921448 0.4909037947654724 
vt 0.9805886745452881 0.4909037947654724 
vt 0.9805886745452881 0.5016472935676575 
vt 0.9611773490905762 0.4909037947654724 
vt 0.9611773490905762 0.5016472935676575 
vt 0.9998779892921448 0.5016472935676575 
vt 0.9998779892921448 0.5064085721969604 
vt 0.9805886745452881 0.5064085721969604 
vt 0.9804666042327881 0.5108036398887634 
vt 0.9611773490905762 0.5064085721969604 
vt 0.9610552191734314 0.5106815695762634 
vt 0.9730194807052612 0.37541136145591736 
vt 0.9746065735816956 0.3749230206012726 
vt 0.7279968857765198 0.36918503046035767 
vt 0.7220147848129272 0.3639353811740875 
vt 0.7255552411079407 0.3621041178703308 
vt 0.7209160327911377 0.3547790050506592 
vt 0.7250669002532959 0.35319191217422485 
vt 0.7236018776893616 0.34342509508132935 
vt 0.7289735674858093 0.34318092465400696 
vt 0.7171314358711243 0.35685446858406067 
vt 0.7155443429946899 0.3468434810638428 
vt 0.7193289399147034 0.34489011764526367 
vt 0.7193289399147034 0.3337803781032562 
vt 0.7236018776893616 0.3325595259666443 
vt 0.8959844708442688 0.4788173735141754 
vt 0.9610552191734314 0.5200821161270142 
vt 0.9804666042327881 0.5200821161270142 
vt 0.9805886745452881 0.5338777303695679 
vt 0.9998779892921448 0.5200821161270142 
vt 0.9998779892921448 0.5338777303695679 
vt 0.9998779892921448 0.5108036398887634 
vt 0.9611773490905762 0.5337556004524231 
vt 0.9614214897155762 0.5510916709899902 
vt 0.9807107448577881 0.5510916709899902 
vt 0.9998779892921448 0.5510916709899902 
vt 0.9809549450874329 0.5678173303604126 
vt 0.9998779892921448 0.5678173303604126 
vt 0.9998779892921448 0.5797816514968872 
vt 0.962031900882721 0.5678173303604126 
vt 0.9626423120498657 0.5797816514968872 
vt 0.9813212156295776 0.5797816514968872 
vt 0.9820536971092224 0.5874730348587036 
vt 0.9998779892921448 0.5873509645462036 
vt 0.9998779892921448 0.591135561466217 
vt 0.9836407899856567 0.5915018320083618 
vt 0.9672815203666687 0.5918681025505066 
vt 0.9855941534042358 0.5938214659690857 
vt 0.9675257205963135 0.5940656065940857 
vt 0.9752169847488403 0.5971177220344543 
vt 0.9604448080062866 0.5951643586158752 
vt 0.9631306529045105 0.5980944037437439 
vt 0.9511664509773254 0.5991931557655334 
vt 0.9656944274902344 0.6010244488716125 
vt 0.952509343624115 0.6023674011230469 
vt 0.9537302255630493 0.6054195165634155 
vt 0.9875474572181702 0.5960189700126648 
vt 0.9893787503242493 0.5982164740562439 
vt 0.978269100189209 0.5996814966201782 
vt 0.9810770153999329 0.6021232008934021 
vt 0.9681361317634583 0.6037103533744812 
vt 0.9704557061195374 0.6063961982727051 
vt 0.9549510478973389 0.6083495616912842 
vt 1 0.5949202179908752 
vt 0.9998779892921448 0.5930889248847961 
vt 1 0.5967514514923096 
vt 1 0.5984606742858887 
vt 0.9912099838256836 0.6002919673919678 
vt 0.9929191470146179 0.6023674011230469 
vt 0.9837628602981567 0.604442834854126 
vt 0.9642294049263 0.5875951051712036 
vt 0.9746065735816956 0.3807831108570099 
vt 0.9576368927955627 0.6356965899467468 
vt 0.9576368927955627 0.6402137279510498 
vt 0.9576368927955627 0.6459517478942871 
vt 0.9576368927955627 0.6532768607139587 
vt 0.9576368927955627 0.6613344550132751 
vt 0.9576368927955627 0.6693920493125916 
vt 0.9576368927955627 0.677449643611908 
vt 0.9576368927955627 0.6856293678283691 
vt 0.9576368927955627 0.6922219395637512 
vt 0.3756624758243561 0.8742507100105286 
vt 0.7222589254379272 0.7889132499694824 
vt 0.7187185287475586 0.7889132499694824 
vt 0.7294619083404541 0.7756059765815735 
vt 0.7265318632125854 0.7756059765815735 
vt 0.7398390173912048 0.7527760863304138 
vt 0.7245785593986511 0.7746293544769287 
vt 0.7328802347183228 0.7614441514015198 
vt 0.7382519245147705 0.7504565119743347 
vt 0.7641337513923645 0.7113893032073975 
vt 0.744111955165863 0.7527760863304138 
vt 0.7510707974433899 0.7527760863304138 
vt 0.7435015439987183 0.7624208331108093 
vt 0.7378857135772705 0.7756059765815735 
vt 0.7331244349479675 0.7756059765815735 
vt 0.7266539931297302 0.7890353798866272 
vt 0.7382519245147705 0.7056512832641602 
vt 0.732147753238678 0.7388584017753601 
vt 0.7239681482315063 0.7532644271850586 
vt 0.7239681482315063 0.7719434499740601 
vt 0.7155443429946899 0.7846403121948242 
vt 0.7162768244743347 0.7879365682601929 
vt 0.7397169470787048 0.6631657481193542 
vt 0.7327581644058228 0.6714674830436707 
vt 0.7245785593986511 0.6558406352996826 
vt 0.7239681482315063 0.7040641903877258 
vt 0.7155443429946899 0.7046746015548706 
vt 0.7155443429946899 0.7625429034233093 
vt 0.7433794736862183 0.6631657481193542 
vt 0.7361764907836914 0.6525443196296692 
vt 0.7288514971733093 0.639847457408905 
vt 0.7261656522750854 0.639847457408905 
vt 0.7182301878929138 0.6289819478988647 
vt 0.7162768244743347 0.6479051113128662 
vt 0.7494837045669556 0.6631657481193542 
vt 0.7420365810394287 0.6525443196296692 
vt 0.7361764907836914 0.639847457408905 
vt 0.732025682926178 0.639847457408905 
vt 0.7253110408782959 0.6289819478988647 
vt 0.7214043736457825 0.6289819478988647 
vt 0.7569308280944824 0.6631657481193542 
vt 0.7507045269012451 0.6525443196296692 
vt 0.7471640706062317 0.639847457408905 
vt 0.7414261102676392 0.639847457408905 
vt 0.7366648316383362 0.6289819478988647 
vt 0.7303164601325989 0.6289819478988647 
vt 0.7645000219345093 0.6631657481193542 
vt 0.7599828839302063 0.6525443196296692 
vt 0.7588841319084167 0.639847457408905 
vt 0.7530241012573242 0.639847457408905 
vt 0.7507045269012451 0.6289819478988647 
vt 0.7436236143112183 0.6289819478988647 
vt 0.7692613005638123 0.6631657481193542 
vt 0.7679183483123779 0.6525443196296692 
vt 0.7693833708763123 0.639847457408905 
vt 0.7646220922470093 0.639847457408905 
vt 0.7647441625595093 0.6289819478988647 
vt 0.7577853798866272 0.6289819478988647 
vt 0.7824463844299316 0.6631657481193542 
vt 0.7765863537788391 0.6525443196296692 
vt 0.7779292464256287 0.639847457408905 
vt 0.7720692157745361 0.639847457408905 
vt 0.7736563086509705 0.6289819478988647 
vt 0.7704821228981018 0.6289819478988647 
vt 0.7964860200881958 0.6631657481193542 
vt 0.7970964312553406 0.6525443196296692 
vt 0.8073514699935913 0.639847457408905 
vt 0.7924572229385376 0.639847457408905 
vt 0.7983172535896301 0.6289819478988647 
vt 0.7807371616363525 0.6289819478988647 
vt 0.7983172535896301 0.7056512832641602 
vt 0.805398166179657 0.6714674830436707 
vt 0.8162636160850525 0.6559627056121826 
vt 0.8141881823539734 0.639847457408905 
vt 0.8246874213218689 0.6289819478988647 
vt 0.8163856863975525 0.6289819478988647 
vt 0.7983172535896301 0.7505785822868347 
vt 0.8062527179718018 0.7389805316925049 
vt 0.816996157169342 0.7532644271850586 
vt 0.816996157169342 0.7041862607002258 
vt 0.8281057476997375 0.7046746015548706 
vt 0.8272511959075928 0.6479051113128662 
vt 0.7964860200881958 0.7527760863304138 
vt 0.805398166179657 0.7614441514015198 
vt 0.8162636160850525 0.7747514247894287 
vt 0.816996157169342 0.7720655202865601 
vt 0.8281057476997375 0.7847623825073242 
vt 0.8281057476997375 0.7625429034233093 
vt 0.7824463844299316 0.7527760863304138 
vt 0.7970964312553406 0.7625429034233093 
vt 0.8073514699935913 0.7756059765815735 
vt 0.8141881823539734 0.7756059765815735 
vt 0.8246874213218689 0.7890353798866272 
vt 0.8272511959075928 0.7879365682601929 
vt 0.7692613005638123 0.7527760863304138 
vt 0.7765863537788391 0.7624208331108093 
vt 0.7779292464256287 0.7756059765815735 
vt 0.7924572229385376 0.7756059765815735 
vt 0.7983172535896301 0.7890353798866272 
vt 0.8163856863975525 0.7890353798866272 
vt 0.7658429145812988 0.7527760863304138 
vt 0.7593724727630615 0.7527760863304138 
vt 0.7531461715698242 0.7624208331108093 
vt 0.7503382563591003 0.7756059765815735 
vt 0.7566866278648376 0.7756059765815735 
vt 0.7623025178909302 0.7756059765815735 
vt 0.7550995349884033 0.7890353798866272 
vt 0.7618141770362854 0.7890353798866272 
vt 0.7671858668327332 0.7890353798866272 
vt 0.7666975259780884 0.7756059765815735 
vt 0.769871711730957 0.7756059765815735 
vt 0.7685287594795227 0.7624208331108093 
vt 0.7720692157745361 0.7756059765815735 
vt 0.7736563086509705 0.7890353798866272 
vt 0.7807371616363525 0.7890353798866272 
vt 0.7624245882034302 0.7624208331108093 
vt 0.732391893863678 0.7890353798866272 
vt 0.7395948767662048 0.7890353798866272 
vt 0.743867814540863 0.7756059765815735 
vt 0.7474082708358765 0.7890353798866272 
vt 0.7710925340652466 0.7890353798866272 
vt 0.8561850786209106 0.08191903680562973 
vt 0.8561850786209106 0.027469124644994736 
vt 0.8598476052284241 0.027713295072317123 
vt 0.8561850786209106 0.0068367598578333855 
vt 0.8598476052284241 0.0056159100495278835 
vt 0.8588709235191345 0.0025637850631028414 
vt 0.8636322021484375 0.004395059775561094 
vt 0.862533450126648 0.0010987649438902736 
vt 0.8636322021484375 0.027835380285978317 
vt 0.8636322021484375 0.08961039036512375 
vt 0.8598476052284241 0.08570367097854614 
vt 0.8588709235191345 0.1428394466638565 
vt 0.8552083969116211 0.13527017831802368 
vt 0.862533450126648 0.15040871500968933 
vt 0.8591151237487793 0.17067483067512512 
vt 0.8555746674537659 0.16188471019268036 
vt 0.8451975584030151 0.16188471019268036 
vt 0.8521563410758972 0.1530945897102356 
vt 0.8422675132751465 0.1530945897102356 
vt 0.8552083969116211 0.004028805065900087 
vt 0.8521563410758972 0.003052124986425042 
vt 0.8555746674537659 0.0015871049836277962 
vt 0.8451975584030151 0.0015871049836277962 
vt 0.8591151237487793 0 
vt 0.848127543926239 0 
vt 0.8209028244018555 0.1530945897102356 
vt 0.8227340579032898 0.16188471019268036 
vt 0.800636887550354 0.16188471019268036 
vt 0.8244432806968689 0.17067483067512512 
vt 0.8013693690299988 0.17067483067512512 
vt 0.848127543926239 0.17067483067512512 
vt 0.8422675132751465 0.003052124986425042 
vt 0.8209028244018555 0.003052124986425042 
vt 0.8227340579032898 0.0015871049836277962 
vt 0.800636887550354 0.001465020002797246 
vt 0.8244432806968689 0 
vt 0.8013693690299988 0 
vt 0.8000264763832092 0.1530945897102356 
vt 0.7916026711463928 0.1530945897102356 
vt 0.7918468117713928 0.16188471019268036 
vt 0.7919688820838928 0.17067483067512512 
vt 0.7879401445388794 0.16188471019268036 
vt 0.7878180742263794 0.17067483067512512 
vt 0.7803709506988525 0.17067483067512512 
vt 0.7879401445388794 0.1530945897102356 
vt 0.7811034321784973 0.1530945897102356 
vt 0.7807371616363525 0.16188471019268036 
vt 0.7719471454620361 0.16188471019268036 
vt 0.7710925340652466 0.17067483067512512 
vt 0.7618141770362854 0.17067483067512512 
vt 0.763157069683075 0.16188471019268036 
vt 0.7643779516220093 0.1530945897102356 
vt 0.7543670535087585 0.16188471019268036 
vt 0.7560762166976929 0.1530945897102356 
vt 0.7477744817733765 0.1530945897102356 
vt 0.7525357604026794 0.17067483067512512 
vt 0.7432574033737183 0.17067483067512512 
vt 0.7454549074172974 0.16188471019268036 
vt 0.7375194430351257 0.16188471019268036 
vt 0.7402052879333496 0.1530945897102356 
vt 0.7349556684494019 0.17067483067512512 
vt 0.7283631563186646 0.17067483067512512 
vt 0.7312931418418884 0.16188471019268036 
vt 0.7264097929000854 0.16188471019268036 
vt 0.7342231869697571 0.1530945897102356 
vt 0.7295839786529541 0.1530945897102356 
vt 0.7728016972541809 0.1530945897102356 
vt 0.7232356071472168 0.17067483067512512 
vt 0.7190847396850586 0.17067483067512512 
vt 0.722503125667572 0.16188471019268036 
vt 0.7199393510818481 0.1428394466638565 
vt 0.7259214520454407 0.1530945897102356 
vt 0.7234798073768616 0.13527017831802368 
vt 0.7163988947868347 0.15040871500968933 
vt 0.7155443429946899 0.08961039036512375 
vt 0.7190847396850586 0.08570367097854614 
vt 0.7190847396850586 0.02759120985865593 
vt 0.722625195980072 0.08179695159196854 
vt 0.722625195980072 0.027469124644994736 
vt 0.722625195980072 0.0068367598578333855 
vt 0.7190847396850586 0.0056159100495278835 
vt 0.7199393510818481 0.0025637850631028414 
vt 0.7155443429946899 0.004272975027561188 
vt 0.7163988947868347 0.0010987649438902736 
vt 0.7155443429946899 0.027835380285978317 
vt 0.7190847396850586 0 
vt 0.722503125667572 0.001465020002797246 
vt 0.7259214520454407 0.003052124986425042 
vt 0.7264097929000854 0.001465020002797246 
vt 0.7295839786529541 0.003052124986425042 
vt 0.7342231869697571 0.003052124986425042 
vt 0.7232356071472168 0 
vt 0.7283631563186646 0 
vt 0.7312931418418884 0.001465020002797246 
vt 0.7375194430351257 0.001465020002797246 
vt 0.7402052879333496 0.003052124986425042 
vt 0.7349556684494019 0 
vt 0.7432574033737183 0 
vt 0.7454549074172974 0.001465020002797246 
vt 0.7543670535087585 0.001465020002797246 
vt 0.7477744817733765 0.003052124986425042 
vt 0.7560762166976929 0.003052124986425042 
vt 0.7234798073768616 0.004028805065900087 
vt 0.7525357604026794 0 
vt 0.7618141770362854 0 
vt 0.763157069683075 0.001465020002797246 
vt 0.7719471454620361 0.001465020002797246 
vt 0.7643779516220093 0.003052124986425042 
vt 0.7728016972541809 0.003052124986425042 
vt 0.7710925340652466 0 
vt 0.7803709506988525 0 
vt 0.7807371616363525 0.001465020002797246 
vt 0.7879401445388794 0.001465020002797246 
vt 0.7811034321784973 0.003052124986425042 
vt 0.7879401445388794 0.003052124986425042 
vt 0.7916026711463928 0.003052124986425042 
vt 0.7918468117713928 0.001465020002797246 
vt 0.7919688820838928 0 
vt 0.7878180742263794 0 
vt 0.8000264763832092 0.003052124986425042 
vt 0.7366648316383362 0.7624208331108093 
vt 0.001719175954349339 0.9999982118606567 
vt 0.9566602110862732 0.11219611763954163 
vt 0.8423895835876465 0.4788173735141754 
vt 0.7155443429946899 0.62885981798172 
vt 0.9128320813179016 0.47832903265953064 
vt 0.9746065735816956 0.32267066836357117 
vt 0.6031049489974976 0.7859832048416138 
vt 0.9576368927955627 0.7583920359611511 
vt 0.8658297061920166 0.014161859638988972 
vt 0.5910186171531677 0.732021689414978 
vt 0.5645264387130737 0.7318995594978333 
vt 0.9317550659179688 0.009644715115427971 
vt 0.7155443429946899 0.33548957109451294 
vt 0.9498234987258911 0.4252220690250397 
vt 0.9498234987258911 0.6083495616912842 
vt 0.5414525270462036 0 
vt 0.7155443429946899 0.3320711851119995 
vt 0.9992675185203552 0.4252220690250397 
vt 0.16311421990394592 0.10841148346662521 
vt 0.6448577046394348 0.7709667682647705 
vt 0.9128320813179016 0.46990516781806946 
vt 0.6043257713317871 0.732021689414978 
vt 0.9160062670707703 0.16872146725654602 
vt 0.8913452625274658 0.32865282893180847 
vt 0.86961430311203 0.4788173735141754 
vt 0.7155443429946899 0 
vt 0.8859735727310181 0.0003662550006993115 
vt 1 0.600169837474823 
vt 0.8281057476997375 0.6289819478988647 
vt 0.9498234987258911 0.5958968997001648 
s on 
f 1/1/1 2/2/2 3/3/3 
f 2/2/2 4/4/4 3/3/3 
f 3/3/3 4/4/4 5/5/5 
f 4/4/4 6/6/6 5/5/5 
f 5/5/5 6/6/6 7/7/7 
f 6/6/6 8/8/8 7/7/7 
f 7/7/7 8/8/8 9/9/9 
f 8/8/8 10/10/10 9/9/9 
f 9/9/9 10/10/10 11/11/11 
f 10/10/10 12/12/12 11/11/11 
f 11/11/11 12/12/12 13/13/13 
f 12/12/12 13/13/13 13/13/13 
f 13/13/13 13/13/13 13/13/13 
f 13/13/13 14/14/14 13/13/13 
f 13/13/13 14/14/14 11/11/11 
f 14/14/14 15/15/15 11/11/11 
f 11/11/11 15/15/15 16/16/16 
f 15/15/15 17/17/17 16/16/16 
f 16/16/16 17/17/17 9/9/9 
f 17/17/17 18/18/18 9/9/9 
f 9/9/9 18/18/18 5/5/5 
f 18/18/18 19/19/19 5/5/5 
f 5/5/5 19/19/19 20/20/20 
f 19/19/19 20/20/20 20/20/20 
f 20/20/20 20/20/20 15/15/15 
f 20/20/20 15/15/15 15/15/15 
f 15/15/15 15/15/15 15/15/15 
f 15/15/15 14/14/14 15/15/15 
f 15/15/15 14/14/14 21/21/21 
f 14/14/14 13/13/13 21/21/21 
f 21/21/21 13/13/13 22/22/22 
f 13/13/13 22/22/22 22/22/22 
f 22/22/22 22/22/22 21/21/21 
f 22/22/22 21/21/21 21/21/21 
f 21/21/21 21/21/21 21/21/21 
f 21/21/21 23/23/23 21/21/21 
f 21/21/21 23/23/23 15/15/15 
f 23/23/23 24/24/24 15/15/15 
f 15/15/15 24/24/24 25/25/25 
f 24/24/24 26/26/26 25/25/25 
f 25/25/25 26/26/26 17/17/17 
f 26/26/26 27/27/27 17/17/17 
f 17/17/17 27/27/27 19/19/19 
f 27/27/27 19/19/19 19/19/19 
f 19/19/19 19/19/19 24/24/24 
f 19/19/19 24/24/24 24/24/24 
f 24/24/24 24/24/24 24/24/24 
f 24/24/24 23/23/23 24/24/24 
f 24/24/24 23/23/23 28/28/28 
f 23/23/23 21/21/21 28/28/28 
f 28/28/28 21/21/21 29/29/29 
f 21/21/21 30/30/30 29/29/29 
f 29/29/29 30/30/30 31/31/31 
f 30/30/30 32/32/32 31/31/31 
f 31/31/31 32/32/32 33/33/33 
f 32/32/32 33/33/33 33/33/33 
f 33/33/33 33/33/33 33/33/33 
f 33/33/33 34/34/34 33/33/33 
f 33/33/33 34/34/34 31/31/31 
f 34/34/34 35/35/35 31/31/31 
f 31/31/31 35/35/35 36/36/36 
f 35/35/35 37/37/37 36/36/36 
f 36/36/36 37/37/37 28/28/28 
f 37/37/37 38/38/38 28/28/28 
f 28/28/28 38/38/38 24/24/24 
f 38/38/38 39/39/39 24/24/24 
f 24/24/24 39/39/39 40/40/40 
f 39/39/39 40/40/40 40/40/40 
f 40/40/40 40/40/40 36/36/36 
f 40/40/40 36/36/36 36/36/36 
f 36/36/36 36/36/36 36/36/36 
f 36/36/36 28/28/28 36/36/36 
f 36/36/36 28/28/28 31/31/31 
f 28/28/28 29/29/29 31/31/31 
f 31/31/31 29/29/29 29/29/29 
f 29/29/29 41/41/41 29/29/29 
f 29/29/29 41/41/41 41/41/41 
f 41/41/41 42/42/42 41/41/41 
f 41/41/41 42/42/42 43/43/43 
f 42/42/42 44/44/44 43/43/43 
f 43/43/43 44/44/44 45/45/45 
f 44/44/44 46/46/46 45/45/45 
f 45/45/45 46/46/46 47/47/47 
f 46/46/46 48/48/48 47/47/47 
f 47/47/47 48/48/48 49/49/49 
f 48/48/48 50/50/50 49/49/49 
f 49/49/49 50/50/50 51/51/51 
f 50/50/50 52/52/52 51/51/51 
f 51/51/51 52/52/52 53/53/53 
f 52/52/52 54/54/54 53/53/53 
f 53/53/53 54/54/54 55/55/55 
f 54/54/54 56/56/56 55/55/55 
f 55/55/55 56/56/56 57/57/57 
f 56/56/56 58/58/58 57/57/57 
f 57/57/57 58/58/58 59/59/59 
f 58/58/58 59/59/59 59/59/59 
f 59/59/59 59/59/59 57/57/57 
f 59/59/59 57/57/57 57/57/57 
f 57/57/57 57/57/57 57/57/57 
f 57/57/57 60/60/60 57/57/57 
f 57/57/57 60/60/60 55/55/55 
f 60/60/60 61/61/61 55/55/55 
f 55/55/55 61/61/61 62/62/62 
f 61/61/61 63/63/63 62/62/62 
f 62/62/62 63/63/63 51/51/51 
f 63/63/63 64/64/64 51/51/51 
f 51/51/51 64/64/64 49/49/49 
f 64/64/64 65/65/65 49/49/49 
f 49/49/49 65/65/65 66/66/66 
f 65/65/65 67/67/67 66/66/66 
f 66/66/66 67/67/67 45/45/45 
f 67/67/67 68/68/68 45/45/45 
f 45/45/45 68/68/68 43/43/43 
f 68/68/68 43/43/43 43/43/43 
f 43/43/43 43/43/43 62/62/62 
f 43/43/43 62/62/62 62/62/62 
f 62/62/62 62/62/62 62/62/62 
f 62/62/62 51/51/51 62/62/62 
f 62/62/62 51/51/51 55/55/55 
f 51/51/51 53/53/53 55/55/55 
f 55/55/55 53/53/53 53/53/53 
f 53/53/53 69/69/69 53/53/53 
f 53/53/53 69/69/69 69/69/69 
f 69/69/69 70/70/70 69/69/69 
f 69/69/69 70/70/70 71/71/71 
f 70/70/70 72/72/72 71/71/71 
f 71/71/71 72/72/72 73/73/73 
f 72/72/72 74/74/74 73/73/73 
f 73/73/73 74/74/74 75/75/75 
f 74/74/74 76/76/76 75/75/75 
f 75/75/75 76/76/76 77/77/77 
f 76/76/76 78/78/78 77/77/77 
f 77/77/77 78/78/78 79/79/79 
f 78/78/78 80/80/80 79/79/79 
f 79/79/79 80/80/80 81/81/81 
f 80/80/80 82/82/82 81/81/81 
f 81/81/81 82/82/82 83/83/83 
f 82/82/82 84/84/84 83/83/83 
f 83/83/83 84/84/84 85/85/85 
f 84/84/84 86/86/86 85/85/85 
f 85/85/85 86/86/86 87/87/87 
f 86/86/86 88/88/88 87/87/87 
f 87/87/87 88/88/88 88/88/88 
f 88/88/88 74/74/74 88/88/88 
f 88/88/88 74/74/74 74/74/74 
f 74/74/74 89/89/89 74/74/74 
f 74/74/74 89/89/89 76/76/76 
f 89/89/89 90/90/90 76/76/76 
f 76/76/76 90/90/90 91/91/91 
f 90/90/90 92/92/92 91/91/91 
f 91/91/91 92/92/92 80/80/80 
f 92/92/92 93/93/93 80/80/80 
f 80/80/80 93/93/93 82/82/82 
f 93/93/93 94/94/94 82/82/82 
f 82/82/82 94/94/94 95/95/95 
f 94/94/94 96/96/96 95/95/95 
f 95/95/95 96/96/96 86/86/86 
f 96/96/96 97/97/97 86/86/86 
f 86/86/86 97/97/97 88/88/88 
f 97/97/97 98/98/98 88/88/88 
f 88/88/88 98/98/98 99/99/99 
f 98/98/98 100/100/100 99/99/99 
f 99/99/99 100/100/100 100/100/100 
f 100/100/100 90/90/90 100/100/100 
f 100/100/100 90/90/90 90/90/90 
f 90/90/90 101/101/101 90/90/90 
f 90/90/90 101/101/101 92/92/92 
f 101/101/101 102/102/102 92/92/92 
f 92/92/92 102/102/102 103/103/103 
f 102/102/102 104/104/104 103/103/103 
f 103/103/103 104/104/104 94/94/94 
f 104/104/104 105/105/105 94/94/94 
f 94/94/94 105/105/105 96/96/96 
f 105/105/105 106/106/106 96/96/96 
f 96/96/96 106/106/106 107/107/107 
f 106/106/106 108/108/108 107/107/107 
f 107/107/107 108/108/108 98/98/98 
f 108/108/108 109/109/109 98/98/98 
f 98/98/98 109/109/109 100/100/100 
f 109/109/109 110/110/110 100/100/100 
f 100/100/100 110/110/110 111/111/111 
f 110/110/110 112/112/112 111/111/111 
f 111/111/111 112/112/112 112/112/112 
f 112/112/112 102/102/102 112/112/112 
f 112/112/112 102/102/102 102/102/102 
f 102/102/102 113/113/113 102/102/102 
f 102/102/102 113/113/113 104/104/104 
f 113/113/113 114/114/114 104/104/104 
f 104/104/104 114/114/114 115/115/115 
f 114/114/114 116/116/116 115/115/115 
f 115/115/115 116/116/116 106/106/106 
f 116/116/116 117/117/117 106/106/106 
f 106/106/106 117/117/117 108/108/108 
f 117/117/117 118/118/118 108/108/108 
f 108/108/108 118/118/118 119/119/119 
f 118/118/118 120/120/120 119/119/119 
f 119/119/119 120/120/120 110/110/110 
f 120/120/120 121/121/121 110/110/110 
f 110/110/110 121/121/121 112/112/112 
f 121/121/121 122/122/122 112/112/112 
f 112/112/112 122/122/122 123/123/123 
f 122/122/122 124/124/124 123/123/123 
f 123/123/123 124/124/124 124/124/124 
f 124/124/124 114/114/114 124/124/124 
f 124/124/124 114/114/114 114/114/114 
f 114/114/114 125/125/125 114/114/114 
f 114/114/114 125/125/125 116/116/116 
f 125/125/125 126/126/126 116/116/116 
f 116/116/116 126/126/126 127/127/127 
f 126/126/126 128/128/128 127/127/127 
f 127/127/127 128/128/128 118/118/118 
f 128/128/128 129/129/129 118/118/118 
f 118/118/118 129/129/129 120/120/120 
f 129/129/129 130/130/130 120/120/120 
f 120/120/120 130/130/130 131/131/131 
f 130/130/130 132/132/132 131/131/131 
f 131/131/131 132/132/132 122/122/122 
f 132/132/132 133/133/133 122/122/122 
f 122/122/122 133/133/133 124/124/124 
f 133/133/133 134/134/134 124/124/124 
f 124/124/124 134/134/134 135/135/135 
f 134/134/134 136/136/136 135/135/135 
f 135/135/135 136/136/136 136/136/136 
f 136/136/136 126/126/126 136/136/136 
f 136/136/136 126/126/126 126/126/126 
f 126/126/126 137/137/137 126/126/126 
f 126/126/126 137/137/137 128/128/128 
f 137/137/137 138/138/138 128/128/128 
f 128/128/128 138/138/138 139/139/139 
f 138/138/138 140/140/140 139/139/139 
f 139/139/139 140/140/140 130/130/130 
f 140/140/140 141/141/141 130/130/130 
f 130/130/130 141/141/141 132/132/132 
f 141/141/141 142/142/142 132/132/132 
f 132/132/132 142/142/142 143/143/143 
f 142/142/142 144/144/144 143/143/143 
f 143/143/143 144/144/144 134/134/134 
f 144/144/144 145/145/145 134/134/134 
f 134/134/134 145/145/145 136/136/136 
f 145/145/145 146/146/146 136/136/136 
f 136/136/136 146/146/146 147/147/147 
f 146/146/146 147/147/147 147/147/147 
f 147/147/147 147/147/147 139/139/139 
f 147/147/147 139/139/139 139/139/139 
f 139/139/139 139/139/139 139/139/139 
f 139/139/139 130/130/130 139/139/139 
f 139/139/139 130/130/130 128/128/128 
f 130/130/130 129/129/129 128/128/128 
f 128/128/128 129/129/129 129/129/129 
f 129/129/129 148/148/148 129/129/129 
f 129/129/129 148/148/148 148/148/148 
f 148/148/148 149/149/149 148/148/148 
f 148/148/148 149/149/149 150/150/150 
f 149/149/149 151/151/151 150/150/150 
f 150/150/150 151/151/151 152/152/152 
f 151/151/151 153/153/153 152/152/152 
f 152/152/152 153/153/153 154/154/154 
f 153/153/153 154/154/154 154/154/154 
f 154/154/154 154/154/154 151/151/151 
f 154/154/154 151/151/151 151/151/151 
f 151/151/151 151/151/151 151/151/151 
f 151/151/151 149/149/149 151/151/151 
f 151/151/151 149/149/149 153/153/153 
f 149/149/149 155/155/155 153/153/153 
f 153/153/153 155/155/155 155/155/155 
f 155/155/155 156/156/156 155/155/155 
f 155/155/155 156/156/156 156/156/156 
f 156/156/156 157/157/157 156/156/156 
f 156/156/156 157/157/157 158/158/158 
f 157/157/157 159/159/159 158/158/158 
f 158/158/158 159/159/159 160/160/160 
f 159/159/159 161/161/161 160/160/160 
f 160/160/160 161/161/161 162/162/162 
f 161/161/161 162/162/162 162/162/162 
f 162/162/162 162/162/162 159/159/159 
f 162/162/162 159/159/159 159/159/159 
f 159/159/159 159/159/159 159/159/159 
f 159/159/159 157/157/157 159/159/159 
f 159/159/159 157/157/157 161/161/161 
f 157/157/157 163/163/163 161/161/161 
f 161/161/161 163/163/163 163/163/163 
f 163/163/163 71/71/71 163/163/163 
f 163/163/163 71/71/71 71/71/71 
f 71/71/71 73/73/73 71/71/71 
f 71/71/71 73/73/73 164/164/164 
f 73/73/73 165/165/165 164/164/164 
f 164/164/164 165/165/165 165/165/165 
f 165/165/165 73/73/73 165/165/165 
f 165/165/165 73/73/73 166/166/166 
f 73/73/73 77/77/77 166/166/166 
f 166/166/166 77/77/77 167/167/167 
f 77/77/77 168/168/168 167/167/167 
f 167/167/167 168/168/168 169/169/169 
f 168/168/168 79/79/79 169/169/169 
f 169/169/169 79/79/79 170/170/170 
f 79/79/79 83/83/83 170/170/170 
f 170/170/170 83/83/83 171/171/171 
f 83/83/83 172/172/172 171/171/171 
f 171/171/171 172/172/172 172/172/172 
f 172/172/172 170/170/170 172/172/172 
f 172/172/172 170/170/170 170/170/170 
f 170/170/170 171/171/171 170/170/170 
f 170/170/170 171/171/171 169/169/169 
f 171/171/171 173/173/173 169/169/169 
f 169/169/169 173/173/173 174/174/174 
f 173/173/173 174/174/174 174/174/174 
f 174/174/174 174/174/174 169/169/169 
f 174/174/174 169/169/169 169/169/169 
f 169/169/169 169/169/169 169/169/169 
f 169/169/169 174/174/174 169/169/169 
f 169/169/169 174/174/174 175/175/175 
f 174/174/174 176/176/176 175/175/175 
f 175/175/175 176/176/176 167/167/167 
f 176/176/176 177/177/177 167/167/167 
f 167/167/167 177/177/177 165/165/165 
f 177/177/177 165/165/165 165/165/165 
f 165/165/165 165/165/165 72/72/72 
f 165/165/165 72/72/72 72/72/72 
f 72/72/72 72/72/72 72/72/72 
f 72/72/72 70/70/70 72/72/72 
f 72/72/72 70/70/70 74/74/74 
f 70/70/70 178/178/178 74/74/74 
f 74/74/74 178/178/178 179/179/179 
f 178/178/178 179/179/179 179/179/179 
f 179/179/179 179/179/179 74/74/74 
f 179/179/179 74/74/74 74/74/74 
f 74/74/74 74/74/74 74/74/74 
f 74/74/74 179/179/179 74/74/74 
f 74/74/74 179/179/179 89/89/89 
f 179/179/179 90/90/90 89/89/89 
f 89/89/89 90/90/90 90/90/90 
f 90/90/90 179/179/179 90/90/90 
f 90/90/90 179/179/179 179/179/179 
f 179/179/179 180/180/180 179/179/179 
f 179/179/179 180/180/180 90/90/90 
f 180/180/180 181/181/181 90/90/90 
f 90/90/90 181/181/181 101/101/101 
f 181/181/181 102/102/102 101/101/101 
f 101/101/101 102/102/102 102/102/102 
f 102/102/102 181/181/181 102/102/102 
f 102/102/102 181/181/181 181/181/181 
f 181/181/181 182/182/182 181/181/181 
f 181/181/181 182/182/182 102/102/102 
f 182/182/182 183/183/183 102/102/102 
f 102/102/102 183/183/183 113/113/113 
f 183/183/183 114/114/114 113/113/113 
f 113/113/113 114/114/114 114/114/114 
f 114/114/114 183/183/183 114/114/114 
f 114/114/114 183/183/183 183/183/183 
f 183/183/183 184/184/184 183/183/183 
f 183/183/183 184/184/184 114/114/114 
f 184/184/184 185/185/185 114/114/114 
f 114/114/114 185/185/185 125/125/125 
f 185/185/185 126/126/126 125/125/125 
f 125/125/125 126/126/126 126/126/126 
f 126/126/126 185/185/185 126/126/126 
f 126/126/126 185/185/185 185/185/185 
f 185/185/185 186/186/186 185/185/185 
f 185/185/185 186/186/186 126/126/126 
f 186/186/186 187/187/187 126/126/126 
f 126/126/126 187/187/187 137/137/137 
f 187/187/187 138/138/138 137/137/137 
f 137/137/137 138/138/138 138/138/138 
f 138/138/138 187/187/187 138/138/138 
f 138/138/138 187/187/187 187/187/187 
f 187/187/187 188/188/188 187/187/187 
f 187/187/187 188/188/188 138/138/138 
f 188/188/188 189/189/189 138/138/138 
f 138/138/138 189/189/189 190/190/190 
f 189/189/189 191/191/191 190/190/190 
f 190/190/190 191/191/191 140/140/140 
f 191/191/191 192/192/192 140/140/140 
f 140/140/140 192/192/192 142/142/142 
f 192/192/192 193/193/193 142/142/142 
f 142/142/142 193/193/193 194/194/194 
f 193/193/193 195/195/195 194/194/194 
f 194/194/194 195/195/195 144/144/144 
f 195/195/195 196/196/196 144/144/144 
f 144/144/144 196/196/196 146/146/146 
f 196/196/196 146/146/146 146/146/146 
f 146/146/146 146/146/146 189/189/189 
f 146/146/146 189/189/189 189/189/189 
f 189/189/189 189/189/189 189/189/189 
f 189/189/189 197/197/197 189/189/189 
f 189/189/189 197/197/197 191/191/191 
f 197/197/197 198/198/198 191/191/191 
f 191/191/191 198/198/198 199/199/199 
f 198/198/198 200/200/200 199/199/199 
f 199/199/199 200/200/200 193/193/193 
f 200/200/200 201/201/201 193/193/193 
f 193/193/193 201/201/201 195/195/195 
f 201/201/201 195/195/195 195/195/195 
f 195/195/195 195/195/195 199/199/199 
f 195/195/195 199/199/199 199/199/199 
f 199/199/199 199/199/199 199/199/199 
f 199/199/199 193/193/193 199/199/199 
f 199/199/199 193/193/193 191/191/191 
f 193/193/193 192/192/192 191/191/191 
f 191/191/191 192/192/192 192/192/192 
f 192/192/192 202/202/202 192/192/192 
f 192/192/192 202/202/202 202/202/202 
f 202/202/202 203/203/203 202/202/202 
f 202/202/202 203/203/203 204/204/204 
f 203/203/203 205/205/205 204/204/204 
f 204/204/204 205/205/205 206/206/206 
f 205/205/205 207/207/207 206/206/206 
f 206/206/206 207/207/207 208/208/208 
f 207/207/207 209/209/209 208/208/208 
f 208/208/208 209/209/209 210/210/210 
f 209/209/209 211/211/211 210/210/210 
f 210/210/210 211/211/211 212/212/212 
f 211/211/211 213/213/213 212/212/212 
f 212/212/212 213/213/213 214/214/214 
f 213/213/213 215/215/215 214/214/214 
f 214/214/214 215/215/215 215/215/215 
f 215/215/215 207/207/207 215/215/215 
f 215/215/215 207/207/207 207/207/207 
f 207/207/207 216/216/216 207/207/207 
f 207/207/207 216/216/216 209/209/209 
f 216/216/216 217/217/217 209/209/209 
f 209/209/209 217/217/217 218/218/218 
f 217/217/217 219/219/219 218/218/218 
f 218/218/218 219/219/219 213/213/213 
f 219/219/219 220/220/220 213/213/213 
f 213/213/213 220/220/220 215/215/215 
f 220/220/220 221/221/221 215/215/215 
f 215/215/215 221/221/221 222/222/222 
f 221/221/221 223/223/223 222/222/222 
f 222/222/222 223/223/223 223/223/223 
f 223/223/223 217/217/217 223/223/223 
f 223/223/223 217/217/217 217/217/217 
f 217/217/217 216/216/216 217/217/217 
f 217/217/217 216/216/216 224/224/224 
f 216/216/216 207/207/207 224/224/224 
f 224/224/224 207/207/207 225/225/225 
f 207/207/207 203/203/203 225/225/225 
f 225/225/225 203/203/203 203/203/203 
f 203/203/203 224/224/224 203/203/203 
f 203/203/203 224/224/224 224/224/224 
f 224/224/224 226/226/226 224/224/224 
f 224/224/224 226/226/226 217/217/217 
f 226/226/226 227/227/227 217/217/217 
f 217/217/217 227/227/227 228/228/228 
f 227/227/227 229/229/229 228/228/228 
f 228/228/228 229/229/229 219/219/219 
f 229/229/229 230/230/230 219/219/219 
f 219/219/219 230/230/230 221/221/221 
f 230/230/230 231/231/231 221/221/221 
f 221/221/221 231/231/231 232/232/232 
f 231/231/231 233/233/233 232/232/232 
f 232/232/232 233/233/233 223/223/223 
f 233/233/233 234/234/234 223/223/223 
f 223/223/223 234/234/234 234/234/234 
f 234/234/234 227/227/227 234/234/234 
f 234/234/234 227/227/227 227/227/227 
f 227/227/227 235/235/235 227/227/227 
f 227/227/227 235/235/235 229/229/229 
f 235/235/235 236/236/236 229/229/229 
f 229/229/229 236/236/236 237/237/237 
f 236/236/236 238/238/238 237/237/237 
f 237/237/237 238/238/238 231/231/231 
f 238/238/238 239/239/239 231/231/231 
f 231/231/231 239/239/239 233/233/233 
f 239/239/239 240/240/240 233/233/233 
f 233/233/233 240/240/240 241/241/241 
f 240/240/240 242/242/242 241/241/241 
f 241/241/241 242/242/242 243/243/243 
f 242/242/242 244/244/244 243/243/243 
f 243/243/243 244/244/244 244/244/244 
f 244/244/244 236/236/236 244/244/244 
f 244/244/244 236/236/236 236/236/236 
f 236/236/236 245/245/245 236/236/236 
f 236/236/236 245/245/245 238/238/238 
f 245/245/245 246/246/246 238/238/238 
f 238/238/238 246/246/246 247/247/247 
f 246/246/246 248/248/248 247/247/247 
f 247/247/247 248/248/248 240/240/240 
f 248/248/248 249/249/249 240/240/240 
f 240/240/240 249/249/249 242/242/242 
f 249/249/249 250/250/250 242/242/242 
f 242/242/242 250/250/250 251/251/251 
f 250/250/250 252/252/252 251/251/251 
f 251/251/251 252/252/252 253/253/253 
f 252/252/252 254/254/254 253/253/253 
f 253/253/253 254/254/254 254/254/254 
f 254/254/254 252/252/252 254/254/254 
f 254/254/254 252/252/252 255/255/255 
f 252/252/252 256/256/256 255/255/255 
f 255/255/255 256/256/256 257/257/257 
f 256/256/256 252/252/252 257/257/257 
f 257/257/257 252/252/252 258/258/258 
f 252/252/252 250/250/250 258/258/258 
f 258/258/258 250/250/250 259/259/259 
f 250/250/250 260/260/260 259/259/259 
f 259/259/259 260/260/260 261/261/261 
f 260/260/260 248/248/248 261/261/261 
f 261/261/261 248/248/248 262/262/262 
f 248/248/248 246/246/246 262/262/262 
f 262/262/262 246/246/246 246/246/246 
f 246/246/246 260/260/260 246/246/246 
f 246/246/246 260/260/260 260/260/260 
f 260/260/260 250/250/250 260/260/260 
f 260/260/260 250/250/250 248/248/248 
f 250/250/250 249/249/249 248/248/248 
f 248/248/248 249/249/249 249/249/249 
f 249/249/249 121/121/121 249/249/249 
f 249/249/249 121/121/121 121/121/121 
f 121/121/121 120/120/120 121/121/121 
f 121/121/121 120/120/120 122/122/122 
f 120/120/120 131/131/131 122/122/122 
f 122/122/122 131/131/131 131/131/131 
f 131/131/131 263/263/263 131/131/131 
f 131/131/131 263/263/263 263/263/263 
f 263/263/263 264/264/264 263/263/263 
f 263/263/263 264/264/264 265/265/265 
f 264/264/264 266/266/266 265/265/265 
f 265/265/265 266/266/266 267/267/267 
f 266/266/266 268/268/268 267/267/267 
f 267/267/267 268/268/268 269/269/269 
f 268/268/268 270/270/270 269/269/269 
f 269/269/269 270/270/270 270/270/270 
f 270/270/270 266/266/266 270/270/270 
f 270/270/270 266/266/266 266/266/266 
f 266/266/266 264/264/264 266/266/266 
f 266/266/266 264/264/264 268/268/268 
f 264/264/264 271/271/271 268/268/268 
f 268/268/268 271/271/271 272/272/272 
f 271/271/271 272/272/272 272/272/272 
f 272/272/272 272/272/272 268/268/268 
f 272/272/272 268/268/268 268/268/268 
f 268/268/268 268/268/268 268/268/268 
f 268/268/268 272/272/272 268/268/268 
f 268/268/268 272/272/272 273/273/273 
f 272/272/272 274/274/274 273/273/273 
f 273/273/273 274/274/274 270/270/270 
f 274/274/274 275/275/275 270/270/270 
f 270/270/270 275/275/275 275/275/275 
f 275/275/275 272/272/272 275/275/275 
f 275/275/275 272/272/272 272/272/272 
f 272/272/272 276/276/276 272/272/272 
f 272/272/272 276/276/276 274/274/274 
f 276/276/276 277/277/277 274/274/274 
f 274/274/274 277/277/277 278/278/278 
f 277/277/277 279/279/279 278/278/278 
f 278/278/278 279/279/279 280/280/280 
f 279/279/279 281/281/281 280/280/280 
f 280/280/280 281/281/281 281/281/281 
f 281/281/281 278/278/278 281/281/281 
f 281/281/281 278/278/278 278/278/278 
f 278/278/278 280/280/280 278/278/278 
f 278/278/278 280/280/280 274/274/274 
f 280/280/280 275/275/275 274/274/274 
f 274/274/274 275/275/275 275/275/275 
f 275/275/275 234/234/234 275/275/275 
f 275/275/275 234/234/234 234/234/234 
f 234/234/234 233/233/233 234/234/234 
f 234/234/234 233/233/233 243/243/243 
f 233/233/233 241/241/241 243/243/243 
f 243/243/243 241/241/241 241/241/241 
f 241/241/241 239/239/239 241/241/241 
f 241/241/241 239/239/239 239/239/239 
f 239/239/239 238/238/238 239/239/239 
f 239/239/239 238/238/238 240/240/240 
f 238/238/238 247/247/247 240/240/240 
f 240/240/240 247/247/247 247/247/247 
f 247/247/247 230/230/230 247/247/247 
f 247/247/247 230/230/230 230/230/230 
f 230/230/230 229/229/229 230/230/230 
f 230/230/230 229/229/229 231/231/231 
f 229/229/229 237/237/237 231/231/231 
f 231/231/231 237/237/237 237/237/237 
f 237/237/237 282/282/282 237/237/237 
f 237/237/237 282/282/282 282/282/282 
f 282/282/282 283/283/283 282/282/282 
f 282/282/282 283/283/283 284/284/284 
f 283/283/283 285/285/285 284/284/284 
f 284/284/284 285/285/285 286/286/286 
f 285/285/285 287/287/287 286/286/286 
f 286/286/286 287/287/287 288/288/288 
f 287/287/287 289/289/289 288/288/288 
f 288/288/288 289/289/289 290/290/290 
f 289/289/289 291/291/291 290/290/290 
f 290/290/290 291/291/291 292/292/292 
f 291/291/291 293/293/293 292/292/292 
f 292/292/292 293/293/293 294/294/294 
f 293/293/293 294/294/294 294/294/294 
f 294/294/294 294/294/294 292/292/292 
f 294/294/294 292/292/292 292/292/292 
f 292/292/292 292/292/292 292/292/292 
f 292/292/292 295/295/295 292/292/292 
f 292/292/292 295/295/295 290/290/290 
f 295/295/295 296/296/296 290/290/290 
f 290/290/290 296/296/296 297/297/297 
f 296/296/296 298/298/298 297/297/297 
f 297/297/297 298/298/298 286/286/286 
f 298/298/298 299/299/299 286/286/286 
f 286/286/286 299/299/299 284/284/284 
f 299/299/299 284/284/284 284/284/284 
f 284/284/284 284/284/284 297/297/297 
f 284/284/284 297/297/297 297/297/297 
f 297/297/297 297/297/297 297/297/297 
f 297/297/297 286/286/286 297/297/297 
f 297/297/297 286/286/286 290/290/290 
f 286/286/286 288/288/288 290/290/290 
f 290/290/290 288/288/288 288/288/288 
f 288/288/288 277/277/277 288/288/288 
f 288/288/288 277/277/277 277/277/277 
f 277/277/277 300/300/300 277/277/277 
f 277/277/277 300/300/300 279/279/279 
f 300/300/300 301/301/301 279/279/279 
f 279/279/279 301/301/301 302/302/302 
f 301/301/301 303/303/303 302/302/302 
f 302/302/302 303/303/303 304/304/304 
f 303/303/303 305/305/305 304/304/304 
f 304/304/304 305/305/305 305/305/305 
f 305/305/305 302/302/302 305/305/305 
f 305/305/305 302/302/302 302/302/302 
f 302/302/302 304/304/304 302/302/302 
f 302/302/302 304/304/304 279/279/279 
f 304/304/304 281/281/281 279/279/279 
f 279/279/279 281/281/281 281/281/281 
f 281/281/281 306/306/306 281/281/281 
f 281/281/281 306/306/306 306/306/306 
f 306/306/306 307/307/307 306/306/306 
f 306/306/306 307/307/307 308/308/308 
f 307/307/307 309/309/309 308/308/308 
f 308/308/308 309/309/309 310/310/310 
f 309/309/309 311/311/311 310/310/310 
f 310/310/310 311/311/311 312/312/312 
f 311/311/311 313/313/313 312/312/312 
f 312/312/312 313/313/313 314/314/314 
f 313/313/313 315/315/315 314/314/314 
f 314/314/314 315/315/315 316/316/316 
f 315/315/315 317/317/317 316/316/316 
f 316/316/316 317/317/317 318/318/318 
f 317/317/317 319/319/319 318/318/318 
f 318/318/318 319/319/319 319/319/319 
f 319/319/319 315/315/315 319/319/319 
f 319/319/319 315/315/315 315/315/315 
f 315/315/315 313/313/313 315/315/315 
f 315/315/315 313/313/313 317/317/317 
f 313/313/313 320/320/320 317/317/317 
f 317/317/317 320/320/320 321/321/321 
f 320/320/320 322/322/322 321/321/321 
f 321/321/321 322/322/322 323/323/323 
f 322/322/322 324/324/324 323/323/323 
f 323/323/323 324/324/324 160/160/160 
f 324/324/324 325/325/325 160/160/160 
f 160/160/160 325/325/325 158/158/158 
f 325/325/325 158/158/158 158/158/158 
f 158/158/158 158/158/158 320/320/320 
f 158/158/158 320/320/320 320/320/320 
f 320/320/320 320/320/320 320/320/320 
f 320/320/320 313/313/313 320/320/320 
f 320/320/320 313/313/313 322/322/322 
f 313/313/313 326/326/326 322/322/322 
f 322/322/322 326/326/326 327/327/327 
f 326/326/326 311/311/311 327/327/327 
f 327/327/327 311/311/311 328/328/328 
f 311/311/311 307/307/307 328/328/328 
f 328/328/328 307/307/307 307/307/307 
f 307/307/307 327/327/327 307/307/307 
f 307/307/307 327/327/327 327/327/327 
f 327/327/327 329/329/329 327/327/327 
f 327/327/327 329/329/329 322/322/322 
f 329/329/329 324/324/324 322/322/322 
f 322/322/322 324/324/324 324/324/324 
f 324/324/324 330/330/330 324/324/324 
f 324/324/324 330/330/330 330/330/330 
f 330/330/330 331/331/331 330/330/330 
f 330/330/330 331/331/331 332/332/332 
f 331/331/331 333/333/333 332/332/332 
f 332/332/332 333/333/333 334/334/334 
f 333/333/333 335/335/335 334/334/334 
f 334/334/334 335/335/335 336/336/336 
f 335/335/335 337/337/337 336/336/336 
f 336/336/336 337/337/337 338/338/338 
f 337/337/337 339/339/339 338/338/338 
f 338/338/338 339/339/339 340/340/340 
f 339/339/339 341/341/341 340/340/340 
f 340/340/340 341/341/341 342/342/342 
f 341/341/341 343/343/343 342/342/342 
f 342/342/342 343/343/343 344/344/344 
f 343/343/343 345/345/345 344/344/344 
f 344/344/344 345/345/345 346/346/346 
f 345/345/345 347/347/347 346/346/346 
f 346/346/346 347/347/347 348/348/348 
f 347/347/347 349/349/349 348/348/348 
f 348/348/348 349/349/349 350/350/350 
f 349/349/349 351/351/351 350/350/350 
f 350/350/350 351/351/351 352/352/352 
f 351/351/351 353/353/353 352/352/352 
f 352/352/352 353/353/353 354/354/354 
f 353/353/353 355/355/355 354/354/354 
f 354/354/354 355/355/355 356/356/356 
f 355/355/355 357/357/357 356/356/356 
f 356/356/356 357/357/357 358/358/358 
f 357/357/357 359/359/359 358/358/358 
f 358/358/358 359/359/359 360/360/360 
f 359/359/359 361/361/361 360/360/360 
f 360/360/360 361/361/361 362/362/362 
f 361/361/361 363/363/363 362/362/362 
f 362/362/362 363/363/363 364/364/364 
f 363/363/363 365/365/365 364/364/364 
f 364/364/364 365/365/365 366/366/366 
f 365/365/365 367/367/367 366/366/366 
f 366/366/366 367/367/367 367/367/367 
f 367/367/367 335/335/335 367/367/367 
f 367/367/367 335/335/335 335/335/335 
f 335/335/335 368/368/368 335/335/335 
f 335/335/335 368/368/368 337/337/337 
f 368/368/368 369/369/369 337/337/337 
f 337/337/337 369/369/369 370/370/370 
f 369/369/369 371/371/371 370/370/370 
f 370/370/370 371/371/371 341/341/341 
f 371/371/371 372/372/372 341/341/341 
f 341/341/341 372/372/372 343/343/343 
f 372/372/372 373/373/373 343/343/343 
f 343/343/343 373/373/373 374/374/374 
f 373/373/373 375/375/375 374/374/374 
f 374/374/374 375/375/375 347/347/347 
f 375/375/375 376/376/376 347/347/347 
f 347/347/347 376/376/376 349/349/349 
f 376/376/376 377/377/377 349/349/349 
f 349/349/349 377/377/377 378/378/378 
f 377/377/377 379/379/379 378/378/378 
f 378/378/378 379/379/379 353/353/353 
f 379/379/379 380/380/380 353/353/353 
f 353/353/353 380/380/380 355/355/355 
f 380/380/380 381/381/381 355/355/355 
f 355/355/355 381/381/381 382/382/382 
f 381/381/381 383/383/383 382/382/382 
f 382/382/382 383/383/383 359/359/359 
f 383/383/383 384/384/384 359/359/359 
f 359/359/359 384/384/384 361/361/361 
f 384/384/384 385/385/385 361/361/361 
f 361/361/361 385/385/385 386/386/386 
f 385/385/385 387/387/387 386/386/386 
f 386/386/386 387/387/387 365/365/365 
f 387/387/387 388/388/388 365/365/365 
f 365/365/365 388/388/388 367/367/367 
f 388/388/388 389/389/389 367/367/367 
f 367/367/367 389/389/389 390/390/390 
f 389/389/389 391/391/391 390/390/390 
f 390/390/390 391/391/391 391/391/391 
f 391/391/391 369/369/369 391/391/391 
f 391/391/391 369/369/369 369/369/369 
f 369/369/369 392/392/392 369/369/369 
f 369/369/369 392/392/392 371/371/371 
f 392/392/392 393/393/393 371/371/371 
f 371/371/371 393/393/393 394/394/394 
f 393/393/393 395/395/395 394/394/394 
f 394/394/394 395/395/395 373/373/373 
f 395/395/395 396/396/396 373/373/373 
f 373/373/373 396/396/396 375/375/375 
f 396/396/396 397/397/397 375/375/375 
f 375/375/375 397/397/397 398/398/398 
f 397/397/397 399/399/399 398/398/398 
f 398/398/398 399/399/399 377/377/377 
f 399/399/399 400/400/400 377/377/377 
f 377/377/377 400/400/400 379/379/379 
f 400/400/400 401/401/401 379/379/379 
f 379/379/379 401/401/401 402/402/402 
f 401/401/401 403/403/403 402/402/402 
f 402/402/402 403/403/403 381/381/381 
f 403/403/403 404/404/404 381/381/381 
f 381/381/381 404/404/404 383/383/383 
f 404/404/404 405/405/405 383/383/383 
f 383/383/383 405/405/405 406/406/406 
f 405/405/405 407/407/407 406/406/406 
f 406/406/406 407/407/407 385/385/385 
f 407/407/407 408/408/408 385/385/385 
f 385/385/385 408/408/408 387/387/387 
f 408/408/408 409/409/409 387/387/387 
f 387/387/387 409/409/409 410/410/410 
f 409/409/409 411/411/411 410/410/410 
f 410/410/410 411/411/411 389/389/389 
f 411/411/411 412/412/412 389/389/389 
f 389/389/389 412/412/412 391/391/391 
f 412/412/412 413/413/413 391/391/391 
f 391/391/391 413/413/413 414/414/414 
f 413/413/413 414/414/414 414/414/414 
f 414/414/414 414/414/414 393/393/393 
f 414/414/414 393/393/393 393/393/393 
f 393/393/393 393/393/393 393/393/393 
f 393/393/393 415/415/415 393/393/393 
f 393/393/393 415/415/415 395/395/395 
f 415/415/415 416/416/416 395/395/395 
f 395/395/395 416/416/416 417/417/417 
f 416/416/416 418/418/418 417/417/417 
f 417/417/417 418/418/418 397/397/397 
f 418/418/418 419/419/419 397/397/397 
f 397/397/397 419/419/419 399/399/399 
f 419/419/419 420/420/420 399/399/399 
f 399/399/399 420/420/420 421/421/421 
f 420/420/420 422/422/422 421/421/421 
f 421/421/421 422/422/422 401/401/401 
f 422/422/422 423/423/423 401/401/401 
f 401/401/401 423/423/423 403/403/403 
f 423/423/423 424/424/424 403/403/403 
f 403/403/403 424/424/424 425/425/425 
f 424/424/424 426/426/426 425/425/425 
f 425/425/425 426/426/426 405/405/405 
f 426/426/426 427/427/427 405/405/405 
f 405/405/405 427/427/427 407/407/407 
f 427/427/427 428/428/428 407/407/407 
f 407/407/407 428/428/428 429/429/429 
f 428/428/428 430/430/430 429/429/429 
f 429/429/429 430/430/430 409/409/409 
f 430/430/430 431/431/431 409/409/409 
f 409/409/409 431/431/431 411/411/411 
f 431/431/431 432/432/432 411/411/411 
f 411/411/411 432/432/432 433/433/433 
f 432/432/432 433/433/433 433/433/433 
f 433/433/433 433/433/433 416/416/416 
f 433/433/433 416/416/416 416/416/416 
f 416/416/416 416/416/416 416/416/416 
f 416/416/416 434/434/434 416/416/416 
f 416/416/416 434/434/434 418/418/418 
f 434/434/434 435/435/435 418/418/418 
f 418/418/418 435/435/435 436/436/436 
f 435/435/435 437/437/437 436/436/436 
f 436/436/436 437/437/437 420/420/420 
f 437/437/437 438/438/438 420/420/420 
f 420/420/420 438/438/438 422/422/422 
f 438/438/438 439/439/439 422/422/422 
f 422/422/422 439/439/439 440/440/440 
f 439/439/439 441/441/441 440/440/440 
f 440/440/440 441/441/441 424/424/424 
f 441/441/441 442/442/442 424/424/424 
f 424/424/424 442/442/442 426/426/426 
f 442/442/442 443/443/443 426/426/426 
f 426/426/426 443/443/443 444/444/444 
f 443/443/443 445/445/445 444/444/444 
f 444/444/444 445/445/445 428/428/428 
f 445/445/445 446/446/446 428/428/428 
f 428/428/428 446/446/446 430/430/430 
f 446/446/446 447/447/447 430/430/430 
f 430/430/430 447/447/447 448/448/448 
f 447/447/447 448/448/448 448/448/448 
f 448/448/448 448/448/448 435/435/435 
f 448/448/448 435/435/435 435/435/435 
f 435/435/435 435/435/435 435/435/435 
f 435/435/435 449/449/449 435/435/435 
f 435/435/435 449/449/449 437/437/437 
f 449/449/449 450/450/450 437/437/437 
f 437/437/437 450/450/450 451/451/451 
f 450/450/450 452/452/452 451/451/451 
f 451/451/451 452/452/452 439/439/439 
f 452/452/452 453/453/453 439/439/439 
f 439/439/439 453/453/453 441/441/441 
f 453/453/453 454/454/454 441/441/441 
f 441/441/441 454/454/454 455/455/455 
f 454/454/454 456/456/456 455/455/455 
f 455/455/455 456/456/456 443/443/443 
f 456/456/456 457/457/457 443/443/443 
f 443/443/443 457/457/457 445/445/445 
f 457/457/457 458/458/458 445/445/445 
f 445/445/445 458/458/458 459/459/459 
f 458/458/458 459/459/459 459/459/459 
f 459/459/459 459/459/459 451/451/451 
f 459/459/459 451/451/451 451/451/451 
f 451/451/451 451/451/451 451/451/451 
f 451/451/451 439/439/439 451/451/451 
f 451/451/451 439/439/439 437/437/437 
f 439/439/439 438/438/438 437/437/437 
f 437/437/437 438/438/438 438/438/438 
f 438/438/438 460/460/460 438/438/438 
f 438/438/438 460/460/460 460/460/460 
f 460/460/460 461/461/461 460/460/460 
f 460/460/460 461/461/461 462/462/462 
f 461/461/461 463/463/463 462/462/462 
f 462/462/462 463/463/463 464/464/464 
f 463/463/463 465/465/465 464/464/464 
f 464/464/464 465/465/465 466/466/466 
f 465/465/465 467/467/467 466/466/466 
f 466/466/466 467/467/467 468/468/468 
f 467/467/467 469/469/469 468/468/468 
f 468/468/468 469/469/469 470/470/470 
f 469/469/469 471/471/471 470/470/470 
f 470/470/470 471/471/471 472/472/472 
f 471/471/471 473/473/473 472/472/472 
f 472/472/472 473/473/473 473/473/473 
f 473/473/473 465/465/465 473/473/473 
f 473/473/473 465/465/465 465/465/465 
f 465/465/465 474/474/474 465/465/465 
f 465/465/465 474/474/474 467/467/467 
f 474/474/474 475/475/475 467/467/467 
f 467/467/467 475/475/475 476/476/476 
f 475/475/475 477/477/477 476/476/476 
f 476/476/476 477/477/477 471/471/471 
f 477/477/477 478/478/478 471/471/471 
f 471/471/471 478/478/478 473/473/473 
f 478/478/478 479/479/479 473/473/473 
f 473/473/473 479/479/479 480/480/480 
f 479/479/479 481/481/481 480/480/480 
f 480/480/480 481/481/481 481/481/481 
f 481/481/481 475/475/475 481/481/481 
f 481/481/481 475/475/475 475/475/475 
f 475/475/475 474/474/474 475/475/475 
f 475/475/475 474/474/474 482/482/482 
f 474/474/474 465/465/465 482/482/482 
f 482/482/482 465/465/465 483/483/483 
f 465/465/465 461/461/461 483/483/483 
f 483/483/483 461/461/461 461/461/461 
f 461/461/461 482/482/482 461/461/461 
f 461/461/461 482/482/482 482/482/482 
f 482/482/482 484/484/484 482/482/482 
f 482/482/482 484/484/484 475/475/475 
f 484/484/484 485/485/485 475/475/475 
f 475/475/475 485/485/485 486/486/486 
f 485/485/485 487/487/487 486/486/486 
f 486/486/486 487/487/487 477/477/477 
f 487/487/487 488/488/488 477/477/477 
f 477/477/477 488/488/488 479/479/479 
f 488/488/488 489/489/489 479/479/479 
f 479/479/479 489/489/489 490/490/490 
f 489/489/489 491/491/491 490/490/490 
f 490/490/490 491/491/491 481/481/481 
f 491/491/491 492/492/492 481/481/481 
f 481/481/481 492/492/492 492/492/492 
f 492/492/492 485/485/485 492/492/492 
f 492/492/492 485/485/485 485/485/485 
f 485/485/485 493/493/493 485/485/485 
f 485/485/485 493/493/493 487/487/487 
f 493/493/493 494/494/494 487/487/487 
f 487/487/487 494/494/494 495/495/495 
f 494/494/494 496/496/496 495/495/495 
f 495/495/495 496/496/496 489/489/489 
f 496/496/496 497/497/497 489/489/489 
f 489/489/489 497/497/497 491/491/491 
f 497/497/497 498/498/498 491/491/491 
f 491/491/491 498/498/498 499/499/499 
f 498/498/498 500/500/500 499/499/499 
f 499/499/499 500/500/500 501/501/501 
f 500/500/500 502/502/502 501/501/501 
f 501/501/501 502/502/502 502/502/502 
f 502/502/502 494/494/494 502/502/502 
f 502/502/502 494/494/494 494/494/494 
f 494/494/494 503/503/503 494/494/494 
f 494/494/494 503/503/503 496/496/496 
f 503/503/503 504/504/504 496/496/496 
f 496/496/496 504/504/504 505/505/505 
f 504/504/504 506/506/506 505/505/505 
f 505/505/505 506/506/506 498/498/498 
f 506/506/506 507/507/507 498/498/498 
f 498/498/498 507/507/507 500/500/500 
f 507/507/507 508/508/508 500/500/500 
f 500/500/500 508/508/508 509/509/509 
f 508/508/508 510/510/510 509/509/509 
f 509/509/509 510/510/510 511/511/511 
f 510/510/510 512/512/512 511/511/511 
f 511/511/511 512/512/512 512/512/512 
f 512/512/512 504/504/504 512/512/512 
f 512/512/512 504/504/504 504/504/504 
f 504/504/504 513/513/513 504/504/504 
f 504/504/504 513/513/513 506/506/506 
f 513/513/513 514/514/514 506/506/506 
f 506/506/506 514/514/514 515/515/515 
f 514/514/514 516/516/516 515/515/515 
f 515/515/515 516/516/516 508/508/508 
f 516/516/516 517/517/517 508/508/508 
f 508/508/508 517/517/517 510/510/510 
f 517/517/517 518/518/518 510/510/510 
f 510/510/510 518/518/518 519/519/519 
f 518/518/518 520/520/520 519/519/519 
f 519/519/519 520/520/520 521/521/521 
f 520/520/520 522/522/522 521/521/521 
f 521/521/521 522/522/522 522/522/522 
f 522/522/522 514/514/514 522/522/522 
f 522/522/522 514/514/514 514/514/514 
f 514/514/514 523/523/523 514/514/514 
f 514/514/514 523/523/523 516/516/516 
f 523/523/523 524/524/524 516/516/516 
f 516/516/516 524/524/524 525/525/525 
f 524/524/524 526/526/526 525/525/525 
f 525/525/525 526/526/526 518/518/518 
f 526/526/526 527/527/527 518/518/518 
f 518/518/518 527/527/527 520/520/520 
f 527/527/527 528/528/528 520/520/520 
f 520/520/520 528/528/528 529/529/529 
f 528/528/528 530/530/530 529/529/529 
f 529/529/529 530/530/530 531/531/531 
f 530/530/530 532/532/532 531/531/531 
f 531/531/531 532/532/532 532/532/532 
f 532/532/532 524/524/524 532/532/532 
f 532/532/532 524/524/524 524/524/524 
f 524/524/524 533/533/533 524/524/524 
f 524/524/524 533/533/533 526/526/526 
f 533/533/533 534/534/534 526/526/526 
f 526/526/526 534/534/534 535/535/535 
f 534/534/534 536/536/536 535/535/535 
f 535/535/535 536/536/536 528/528/528 
f 536/536/536 537/537/537 528/528/528 
f 528/528/528 537/537/537 530/530/530 
f 537/537/537 538/538/538 530/530/530 
f 530/530/530 538/538/538 539/539/539 
f 538/538/538 540/540/540 539/539/539 
f 539/539/539 540/540/540 541/541/541 
f 540/540/540 542/542/542 541/541/541 
f 541/541/541 542/542/542 542/542/542 
f 542/542/542 534/534/534 542/542/542 
f 542/542/542 534/534/534 534/534/534 
f 534/534/534 543/543/543 534/534/534 
f 534/534/534 543/543/543 536/536/536 
f 543/543/543 544/544/544 536/536/536 
f 536/536/536 544/544/544 545/545/545 
f 544/544/544 546/546/546 545/545/545 
f 545/545/545 546/546/546 538/538/538 
f 546/546/546 547/547/547 538/538/538 
f 538/538/538 547/547/547 540/540/540 
f 547/547/547 548/548/548 540/540/540 
f 540/540/540 548/548/548 549/549/549 
f 548/548/548 550/550/550 549/549/549 
f 549/549/549 550/550/550 551/551/551 
f 550/550/550 552/552/552 551/551/551 
f 551/551/551 552/552/552 552/552/552 
f 552/552/552 544/544/544 552/552/552 
f 552/552/552 544/544/544 544/544/544 
f 544/544/544 553/553/553 544/544/544 
f 544/544/544 553/553/553 546/546/546 
f 553/553/553 554/554/554 546/546/546 
f 546/546/546 554/554/554 555/555/555 
f 554/554/554 556/556/556 555/555/555 
f 555/555/555 556/556/556 548/548/548 
f 556/556/556 557/557/557 548/548/548 
f 548/548/548 557/557/557 550/550/550 
f 557/557/557 550/550/550 550/550/550 
f 550/550/550 550/550/550 555/555/555 
f 550/550/550 555/555/555 555/555/555 
f 555/555/555 555/555/555 555/555/555 
f 555/555/555 548/548/548 555/555/555 
f 555/555/555 548/548/548 546/546/546 
f 548/548/548 547/547/547 546/546/546 
f 546/546/546 547/547/547 547/547/547 
f 547/547/547 470/470/470 547/547/547 
f 547/547/547 470/470/470 470/470/470 
f 470/470/470 558/558/558 470/470/470 
f 470/470/470 558/558/558 468/468/468 
f 558/558/558 559/559/559 468/468/468 
f 468/468/468 559/559/559 560/560/560 
f 559/559/559 561/561/561 560/560/560 
f 560/560/560 561/561/561 464/464/464 
f 561/561/561 562/562/562 464/464/464 
f 464/464/464 562/562/562 462/462/462 
f 562/562/562 462/462/462 462/462/462 
f 462/462/462 462/462/462 560/560/560 
f 462/462/462 560/560/560 560/560/560 
f 560/560/560 560/560/560 560/560/560 
f 560/560/560 464/464/464 560/560/560 
f 560/560/560 464/464/464 468/468/468 
f 464/464/464 466/466/466 468/468/468 
f 468/468/468 466/466/466 466/466/466 
f 466/466/466 476/476/476 466/466/466 
f 466/466/466 476/476/476 476/476/476 
f 476/476/476 471/471/471 476/476/476 
f 476/476/476 471/471/471 467/467/467 
f 471/471/471 469/469/469 467/467/467 
f 467/467/467 469/469/469 469/469/469 
f 469/469/469 488/488/488 469/469/469 
f 469/469/469 488/488/488 488/488/488 
f 488/488/488 487/487/487 488/488/488 
f 488/488/488 487/487/487 489/489/489 
f 487/487/487 495/495/495 489/489/489 
f 489/489/489 495/495/495 495/495/495 
f 495/495/495 529/529/529 495/495/495 
f 495/495/495 529/529/529 529/529/529 
f 529/529/529 531/531/531 529/529/529 
f 529/529/529 531/531/531 520/520/520 
f 531/531/531 522/522/522 520/520/520 
f 520/520/520 522/522/522 522/522/522 
f 522/522/522 492/492/492 522/522/522 
f 522/522/522 492/492/492 492/492/492 
f 492/492/492 491/491/491 492/492/492 
f 492/492/492 491/491/491 501/501/501 
f 491/491/491 499/499/499 501/501/501 
f 501/501/501 499/499/499 499/499/499 
f 499/499/499 519/519/519 499/499/499 
f 499/499/499 519/519/519 519/519/519 
f 519/519/519 521/521/521 519/519/519 
f 519/519/519 521/521/521 510/510/510 
f 521/521/521 512/512/512 510/510/510 
f 510/510/510 512/512/512 512/512/512 
f 512/512/512 502/502/502 512/512/512 
f 512/512/512 502/502/502 502/502/502 
f 502/502/502 500/500/500 502/502/502 
f 502/502/502 500/500/500 511/511/511 
f 500/500/500 509/509/509 511/511/511 
f 511/511/511 509/509/509 509/509/509 
f 509/509/509 431/431/431 509/509/509 
f 509/509/509 431/431/431 431/431/431 
f 431/431/431 430/430/430 431/431/431 
f 431/431/431 430/430/430 432/432/432 
f 430/430/430 448/448/448 432/432/432 
f 432/432/432 448/448/448 448/448/448 
f 448/448/448 542/542/542 448/448/448 
f 448/448/448 542/542/542 542/542/542 
f 542/542/542 540/540/540 542/542/542 
f 542/542/542 540/540/540 551/551/551 
f 540/540/540 549/549/549 551/551/551 
f 551/551/551 549/549/549 549/549/549 
f 549/549/549 563/563/563 549/549/549 
f 549/549/549 563/563/563 563/563/563 
f 563/563/563 564/564/564 563/563/563 
f 563/563/563 564/564/564 565/565/565 
f 564/564/564 566/566/566 565/565/565 
f 565/565/565 566/566/566 567/567/567 
f 566/566/566 568/568/568 567/567/567 
f 567/567/567 568/568/568 569/569/569 
f 568/568/568 570/570/570 569/569/569 
f 569/569/569 570/570/570 571/571/571 
f 570/570/570 572/572/572 571/571/571 
f 571/571/571 572/572/572 573/573/573 
f 572/572/572 574/574/574 573/573/573 
f 573/573/573 574/574/574 575/575/575 
f 574/574/574 576/576/576 575/575/575 
f 575/575/575 576/576/576 576/576/576 
f 576/576/576 568/568/568 576/576/576 
f 576/576/576 568/568/568 568/568/568 
f 568/568/568 577/577/577 568/568/568 
f 568/568/568 577/577/577 570/570/570 
f 577/577/577 578/578/578 570/570/570 
f 570/570/570 578/578/578 579/579/579 
f 578/578/578 580/580/580 579/579/579 
f 579/579/579 580/580/580 574/574/574 
f 580/580/580 581/581/581 574/574/574 
f 574/574/574 581/581/581 576/576/576 
f 581/581/581 582/582/582 576/576/576 
f 576/576/576 582/582/582 583/583/583 
f 582/582/582 584/584/584 583/583/583 
f 583/583/583 584/584/584 584/584/584 
f 584/584/584 578/578/578 584/584/584 
f 584/584/584 578/578/578 578/578/578 
f 578/578/578 577/577/577 578/578/578 
f 578/578/578 577/577/577 585/585/585 
f 577/577/577 568/568/568 585/585/585 
f 585/585/585 568/568/568 586/586/586 
f 568/568/568 564/564/564 586/586/586 
f 586/586/586 564/564/564 564/564/564 
f 564/564/564 585/585/585 564/564/564 
f 564/564/564 585/585/585 585/585/585 
f 585/585/585 587/587/587 585/585/585 
f 585/585/585 587/587/587 578/578/578 
f 587/587/587 588/588/588 578/578/578 
f 578/578/578 588/588/588 589/589/589 
f 588/588/588 590/590/590 589/589/589 
f 589/589/589 590/590/590 580/580/580 
f 590/590/590 591/591/591 580/580/580 
f 580/580/580 591/591/591 582/582/582 
f 591/591/591 592/592/592 582/582/582 
f 582/582/582 592/592/592 593/593/593 
f 592/592/592 594/594/594 593/593/593 
f 593/593/593 594/594/594 584/584/584 
f 594/594/594 595/595/595 584/584/584 
f 584/584/584 595/595/595 595/595/595 
f 595/595/595 588/588/588 595/595/595 
f 595/595/595 588/588/588 588/588/588 
f 588/588/588 596/596/596 588/588/588 
f 588/588/588 596/596/596 590/590/590 
f 596/596/596 597/597/597 590/590/590 
f 590/590/590 597/597/597 598/598/598 
f 597/597/597 599/599/599 598/598/598 
f 598/598/598 599/599/599 592/592/592 
f 599/599/599 600/600/600 592/592/592 
f 592/592/592 600/600/600 594/594/594 
f 600/600/600 601/601/601 594/594/594 
f 594/594/594 601/601/601 602/602/602 
f 601/601/601 603/603/603 602/602/602 
f 602/602/602 603/603/603 604/604/604 
f 603/603/603 605/605/605 604/604/604 
f 604/604/604 605/605/605 605/605/605 
f 605/605/605 597/597/597 605/605/605 
f 605/605/605 597/597/597 597/597/597 
f 597/597/597 606/606/606 597/597/597 
f 597/597/597 606/606/606 599/599/599 
f 606/606/606 607/607/607 599/599/599 
f 599/599/599 607/607/607 608/608/608 
f 607/607/607 609/609/609 608/608/608 
f 608/608/608 609/609/609 601/601/601 
f 609/609/609 610/610/610 601/601/601 
f 601/601/601 610/610/610 603/603/603 
f 610/610/610 611/611/611 603/603/603 
f 603/603/603 611/611/611 612/612/612 
f 611/611/611 613/613/613 612/612/612 
f 612/612/612 613/613/613 614/614/614 
f 613/613/613 615/615/615 614/614/614 
f 614/614/614 615/615/615 615/615/615 
f 615/615/615 607/607/607 615/615/615 
f 615/615/615 607/607/607 607/607/607 
f 607/607/607 616/616/616 607/607/607 
f 607/607/607 616/616/616 609/609/609 
f 616/616/616 617/617/617 609/609/609 
f 609/609/609 617/617/617 618/618/618 
f 617/617/617 619/619/619 618/618/618 
f 618/618/618 619/619/619 611/611/611 
f 619/619/619 620/620/620 611/611/611 
f 611/611/611 620/620/620 613/613/613 
f 620/620/620 621/621/621 613/613/613 
f 613/613/613 621/621/621 622/622/622 
f 621/621/621 623/623/623 622/622/622 
f 622/622/622 623/623/623 624/624/624 
f 623/623/623 625/625/625 624/624/624 
f 624/624/624 625/625/625 625/625/625 
f 625/625/625 617/617/617 625/625/625 
f 625/625/625 617/617/617 617/617/617 
f 617/617/617 626/626/626 617/617/617 
f 617/617/617 626/626/626 619/619/619 
f 626/626/626 627/627/627 619/619/619 
f 619/619/619 627/627/627 628/628/628 
f 627/627/627 629/629/629 628/628/628 
f 628/628/628 629/629/629 621/621/621 
f 629/629/629 630/630/630 621/621/621 
f 621/621/621 630/630/630 623/623/623 
f 630/630/630 631/631/631 623/623/623 
f 623/623/623 631/631/631 632/632/632 
f 631/631/631 633/633/633 632/632/632 
f 632/632/632 633/633/633 634/634/634 
f 633/633/633 635/635/635 634/634/634 
f 634/634/634 635/635/635 635/635/635 
f 635/635/635 627/627/627 635/635/635 
f 635/635/635 627/627/627 627/627/627 
f 627/627/627 636/636/636 627/627/627 
f 627/627/627 636/636/636 629/629/629 
f 636/636/636 637/637/637 629/629/629 
f 629/629/629 637/637/637 638/638/638 
f 637/637/637 639/639/639 638/638/638 
f 638/638/638 639/639/639 631/631/631 
f 639/639/639 640/640/640 631/631/631 
f 631/631/631 640/640/640 633/633/633 
f 640/640/640 641/641/641 633/633/633 
f 633/633/633 641/641/641 642/642/642 
f 641/641/641 643/643/643 642/642/642 
f 642/642/642 643/643/643 644/644/644 
f 643/643/643 645/645/645 644/644/644 
f 644/644/644 645/645/645 645/645/645 
f 645/645/645 637/637/637 645/645/645 
f 645/645/645 637/637/637 637/637/637 
f 637/637/637 646/646/646 637/637/637 
f 637/637/637 646/646/646 639/639/639 
f 646/646/646 647/647/647 639/639/639 
f 639/639/639 647/647/647 648/648/648 
f 647/647/647 649/649/649 648/648/648 
f 648/648/648 649/649/649 641/641/641 
f 649/649/649 650/650/650 641/641/641 
f 641/641/641 650/650/650 643/643/643 
f 650/650/650 35/35/35 643/643/643 
f 643/643/643 35/35/35 34/34/34 
f 35/35/35 34/34/34 34/34/34 
f 34/34/34 34/34/34 650/650/650 
f 34/34/34 650/650/650 650/650/650 
f 650/650/650 650/650/650 650/650/650 
f 650/650/650 649/649/649 650/650/650 
f 650/650/650 649/649/649 35/35/35 
f 649/649/649 651/651/651 35/35/35 
f 35/35/35 651/651/651 37/37/37 
f 651/651/651 652/652/652 37/37/37 
f 37/37/37 652/652/652 653/653/653 
f 652/652/652 653/653/653 653/653/653 
f 653/653/653 653/653/653 653/653/653 
f 653/653/653 39/39/39 653/653/653 
f 653/653/653 39/39/39 37/37/37 
f 39/39/39 38/38/38 37/37/37 
f 37/37/37 38/38/38 38/38/38 
f 38/38/38 654/654/654 38/38/38 
f 38/38/38 654/654/654 654/654/654 
f 654/654/654 655/655/655 654/654/654 
f 654/654/654 655/655/655 656/656/656 
f 655/655/655 657/657/657 656/656/656 
f 656/656/656 657/657/657 658/658/658 
f 657/657/657 659/659/659 658/658/658 
f 658/658/658 659/659/659 660/660/660 
f 659/659/659 661/661/661 660/660/660 
f 660/660/660 661/661/661 662/662/662 
f 661/661/661 663/663/663 662/662/662 
f 662/662/662 663/663/663 664/664/664 
f 663/663/663 665/665/665 664/664/664 
f 664/664/664 665/665/665 666/666/666 
f 665/665/665 666/666/666 666/666/666 
f 666/666/666 666/666/666 664/664/664 
f 666/666/666 664/664/664 664/664/664 
f 664/664/664 664/664/664 664/664/664 
f 664/664/664 667/667/667 664/664/664 
f 664/664/664 667/667/667 662/662/662 
f 667/667/667 668/668/668 662/662/662 
f 662/662/662 668/668/668 669/669/669 
f 668/668/668 670/670/670 669/669/669 
f 669/669/669 670/670/670 658/658/658 
f 670/670/670 671/671/671 658/658/658 
f 658/658/658 671/671/671 656/656/656 
f 671/671/671 656/656/656 656/656/656 
f 656/656/656 656/656/656 669/669/669 
f 656/656/656 669/669/669 669/669/669 
f 669/669/669 669/669/669 669/669/669 
f 669/669/669 658/658/658 669/669/669 
f 669/669/669 658/658/658 662/662/662 
f 658/658/658 660/660/660 662/662/662 
f 662/662/662 660/660/660 660/660/660 
f 660/660/660 595/595/595 660/660/660 
f 660/660/660 595/595/595 595/595/595 
f 595/595/595 594/594/594 595/595/595 
f 595/595/595 594/594/594 604/604/604 
f 594/594/594 602/602/602 604/604/604 
f 604/604/604 602/602/602 602/602/602 
f 602/602/602 618/618/618 602/602/602 
f 602/602/602 618/618/618 618/618/618 
f 618/618/618 611/611/611 618/618/618 
f 618/618/618 611/611/611 609/609/609 
f 611/611/611 610/610/610 609/609/609 
f 609/609/609 610/610/610 610/610/610 
f 610/610/610 666/666/666 610/610/610 
f 610/610/610 666/666/666 666/666/666 
f 666/666/666 672/672/672 666/666/666 
f 666/666/666 672/672/672 664/664/664 
f 672/672/672 673/673/673 664/664/664 
f 664/664/664 673/673/673 674/674/674 
f 673/673/673 675/675/675 674/674/674 
f 674/674/674 675/675/675 676/676/676 
f 675/675/675 677/677/677 676/676/676 
f 676/676/676 677/677/677 678/678/678 
f 677/677/677 679/679/679 678/678/678 
f 678/678/678 679/679/679 680/680/680 
f 679/679/679 681/681/681 680/680/680 
f 680/680/680 681/681/681 682/682/682 
f 681/681/681 683/683/683 682/682/682 
f 682/682/682 683/683/683 683/683/683 
f 683/683/683 680/680/680 683/683/683 
f 683/683/683 680/680/680 680/680/680 
f 680/680/680 684/684/684 680/680/680 
f 680/680/680 684/684/684 678/678/678 
f 684/684/684 685/685/685 678/678/678 
f 678/678/678 685/685/685 686/686/686 
f 685/685/685 668/668/668 686/686/686 
f 686/686/686 668/668/668 674/674/674 
f 668/668/668 667/667/667 674/674/674 
f 674/674/674 667/667/667 664/664/664 
f 667/667/667 664/664/664 664/664/664 
f 664/664/664 664/664/664 686/686/686 
f 664/664/664 686/686/686 686/686/686 
f 686/686/686 686/686/686 686/686/686 
f 686/686/686 674/674/674 686/686/686 
f 686/686/686 674/674/674 678/678/678 
f 674/674/674 676/676/676 678/678/678 
f 678/678/678 676/676/676 676/676/676 
f 676/676/676 625/625/625 676/676/676 
f 676/676/676 625/625/625 625/625/625 
f 625/625/625 623/623/623 625/625/625 
f 625/625/625 623/623/623 634/634/634 
f 623/623/623 632/632/632 634/634/634 
f 634/634/634 632/632/632 632/632/632 
f 632/632/632 642/642/642 632/632/632 
f 632/632/632 642/642/642 642/642/642 
f 642/642/642 644/644/644 642/642/642 
f 642/642/642 644/644/644 633/633/633 
f 644/644/644 635/635/635 633/633/633 
f 633/633/633 635/635/635 635/635/635 
f 635/635/635 673/673/673 635/635/635 
f 635/635/635 673/673/673 673/673/673 
f 673/673/673 672/672/672 673/673/673 
f 673/673/673 672/672/672 675/675/675 
f 672/672/672 687/687/687 675/675/675 
f 675/675/675 687/687/687 688/688/688 
f 687/687/687 688/688/688 688/688/688 
f 688/688/688 688/688/688 675/675/675 
f 688/688/688 675/675/675 675/675/675 
f 675/675/675 675/675/675 675/675/675 
f 675/675/675 688/688/688 675/675/675 
f 675/675/675 688/688/688 689/689/689 
f 688/688/688 690/690/690 689/689/689 
f 689/689/689 690/690/690 677/677/677 
f 690/690/690 691/691/691 677/677/677 
f 677/677/677 691/691/691 681/681/681 
f 691/691/691 692/692/692 681/681/681 
f 681/681/681 692/692/692 693/693/693 
f 692/692/692 694/694/694 693/693/693 
f 693/693/693 694/694/694 683/683/683 
f 694/694/694 695/695/695 683/683/683 
f 683/683/683 695/695/695 695/695/695 
f 695/695/695 688/688/688 695/695/695 
f 695/695/695 688/688/688 688/688/688 
f 688/688/688 696/696/696 688/688/688 
f 688/688/688 696/696/696 690/690/690 
f 696/696/696 697/697/697 690/690/690 
f 690/690/690 697/697/697 698/698/698 
f 697/697/697 699/699/699 698/698/698 
f 698/698/698 699/699/699 692/692/692 
f 699/699/699 700/700/700 692/692/692 
f 692/692/692 700/700/700 694/694/694 
f 700/700/700 701/701/701 694/694/694 
f 694/694/694 701/701/701 702/702/702 
f 701/701/701 703/703/703 702/702/702 
f 702/702/702 703/703/703 704/704/704 
f 703/703/703 705/705/705 704/704/704 
f 704/704/704 705/705/705 705/705/705 
f 705/705/705 697/697/697 705/705/705 
f 705/705/705 697/697/697 697/697/697 
f 697/697/697 706/706/706 697/697/697 
f 697/697/697 706/706/706 699/699/699 
f 706/706/706 707/707/707 699/699/699 
f 699/699/699 707/707/707 708/708/708 
f 707/707/707 709/709/709 708/708/708 
f 708/708/708 709/709/709 701/701/701 
f 709/709/709 710/710/710 701/701/701 
f 701/701/701 710/710/710 703/703/703 
f 710/710/710 711/711/711 703/703/703 
f 703/703/703 711/711/711 712/712/712 
f 711/711/711 713/713/713 712/712/712 
f 712/712/712 713/713/713 714/714/714 
f 713/713/713 715/715/715 714/714/714 
f 714/714/714 715/715/715 715/715/715 
f 715/715/715 707/707/707 715/715/715 
f 715/715/715 707/707/707 707/707/707 
f 707/707/707 716/716/716 707/707/707 
f 707/707/707 716/716/716 709/709/709 
f 716/716/716 717/717/717 709/709/709 
f 709/709/709 717/717/717 718/718/718 
f 717/717/717 719/719/719 718/718/718 
f 718/718/718 719/719/719 711/711/711 
f 719/719/719 720/720/720 711/711/711 
f 711/711/711 720/720/720 713/713/713 
f 720/720/720 721/721/721 713/713/713 
f 713/713/713 721/721/721 722/722/722 
f 721/721/721 723/723/723 722/722/722 
f 722/722/722 723/723/723 724/724/724 
f 723/723/723 725/725/725 724/724/724 
f 724/724/724 725/725/725 725/725/725 
f 725/725/725 717/717/717 725/725/725 
f 725/725/725 717/717/717 717/717/717 
f 717/717/717 726/726/726 717/717/717 
f 717/717/717 726/726/726 719/719/719 
f 726/726/726 727/727/727 719/719/719 
f 719/719/719 727/727/727 728/728/728 
f 727/727/727 729/729/729 728/728/728 
f 728/728/728 729/729/729 721/721/721 
f 729/729/729 730/730/730 721/721/721 
f 721/721/721 730/730/730 723/723/723 
f 730/730/730 731/731/731 723/723/723 
f 723/723/723 731/731/731 732/732/732 
f 731/731/731 733/733/733 732/732/732 
f 732/732/732 733/733/733 734/734/734 
f 733/733/733 735/735/735 734/734/734 
f 734/734/734 735/735/735 735/735/735 
f 735/735/735 727/727/727 735/735/735 
f 735/735/735 727/727/727 727/727/727 
f 727/727/727 736/736/736 727/727/727 
f 727/727/727 736/736/736 729/729/729 
f 736/736/736 737/737/737 729/729/729 
f 729/729/729 737/737/737 738/738/738 
f 737/737/737 739/739/739 738/738/738 
f 738/738/738 739/739/739 731/731/731 
f 739/739/739 740/740/740 731/731/731 
f 731/731/731 740/740/740 733/733/733 
f 740/740/740 741/741/741 733/733/733 
f 733/733/733 741/741/741 742/742/742 
f 741/741/741 743/743/743 742/742/742 
f 742/742/742 743/743/743 744/744/744 
f 743/743/743 745/745/745 744/744/744 
f 744/744/744 745/745/745 745/745/745 
f 745/745/745 737/737/737 745/745/745 
f 745/745/745 737/737/737 737/737/737 
f 737/737/737 746/746/746 737/737/737 
f 737/737/737 746/746/746 739/739/739 
f 746/746/746 747/747/747 739/739/739 
f 739/739/739 747/747/747 748/748/748 
f 747/747/747 749/749/749 748/748/748 
f 748/748/748 749/749/749 741/741/741 
f 749/749/749 750/750/750 741/741/741 
f 741/741/741 750/750/750 743/743/743 
f 750/750/750 751/751/751 743/743/743 
f 743/743/743 751/751/751 752/752/752 
f 751/751/751 753/753/753 752/752/752 
f 752/752/752 753/753/753 754/754/754 
f 753/753/753 755/755/755 754/754/754 
f 754/754/754 755/755/755 755/755/755 
f 755/755/755 753/753/753 755/755/755 
f 755/755/755 753/753/753 756/756/756 
f 753/753/753 757/757/757 756/756/756 
f 756/756/756 757/757/757 758/758/758 
f 757/757/757 759/759/759 758/758/758 
f 758/758/758 759/759/759 760/760/760 
f 759/759/759 761/761/761 760/760/760 
f 760/760/760 761/761/761 762/762/762 
f 761/761/761 763/763/763 762/762/762 
f 762/762/762 763/763/763 257/257/257 
f 763/763/763 761/761/761 257/257/257 
f 257/257/257 761/761/761 764/764/764 
f 761/761/761 765/765/765 764/764/764 
f 764/764/764 765/765/765 765/765/765 
f 765/765/765 257/257/257 765/765/765 
f 765/765/765 257/257/257 257/257/257 
f 257/257/257 258/258/258 257/257/257 
f 257/257/257 258/258/258 762/762/762 
f 258/258/258 259/259/259 762/762/762 
f 762/762/762 259/259/259 766/766/766 
f 259/259/259 767/767/767 766/766/766 
f 766/766/766 767/767/767 758/758/758 
f 767/767/767 768/768/768 758/758/758 
f 758/758/758 768/768/768 756/756/756 
f 768/768/768 756/756/756 756/756/756 
f 756/756/756 756/756/756 766/766/766 
f 756/756/756 766/766/766 766/766/766 
f 766/766/766 766/766/766 766/766/766 
f 766/766/766 758/758/758 766/766/766 
f 766/766/766 758/758/758 762/762/762 
f 758/758/758 760/760/760 762/762/762 
f 762/762/762 760/760/760 760/760/760 
f 760/760/760 34/34/34 760/760/760 
f 760/760/760 34/34/34 34/34/34 
f 34/34/34 33/33/33 34/34/34 
f 34/34/34 33/33/33 643/643/643 
f 33/33/33 645/645/645 643/643/643 
f 643/643/643 645/645/645 645/645/645 
f 645/645/645 535/535/535 645/645/645 
f 645/645/645 535/535/535 535/535/535 
f 535/535/535 528/528/528 535/535/535 
f 535/535/535 528/528/528 526/526/526 
f 528/528/528 527/527/527 526/526/526 
f 526/526/526 527/527/527 527/527/527 
f 527/527/527 700/700/700 527/527/527 
f 527/527/527 700/700/700 700/700/700 
f 700/700/700 699/699/699 700/700/700 
f 700/700/700 699/699/699 701/701/701 
f 699/699/699 708/708/708 701/701/701 
f 701/701/701 708/708/708 708/708/708 
f 708/708/708 715/715/715 708/708/708 
f 708/708/708 715/715/715 715/715/715 
f 715/715/715 713/713/713 715/715/715 
f 715/715/715 713/713/713 724/724/724 
f 713/713/713 722/722/722 724/724/724 
f 724/724/724 722/722/722 722/722/722 
f 722/722/722 757/757/757 722/722/722 
f 722/722/722 757/757/757 757/757/757 
f 757/757/757 753/753/753 757/757/757 
f 757/757/757 753/753/753 759/759/759 
f 753/753/753 769/769/769 759/759/759 
f 759/759/759 769/769/769 770/770/770 
f 769/769/769 751/751/751 770/770/770 
f 770/770/770 751/751/751 771/771/771 
f 751/751/751 749/749/749 771/771/771 
f 771/771/771 749/749/749 772/772/772 
f 749/749/749 773/773/773 772/772/772 
f 772/772/772 773/773/773 773/773/773 
f 773/773/773 771/771/771 773/773/773 
f 773/773/773 771/771/771 771/771/771 
f 771/771/771 772/772/772 771/771/771 
f 771/771/771 772/772/772 770/770/770 
f 772/772/772 774/774/774 770/770/770 
f 770/770/770 774/774/774 765/765/765 
f 774/774/774 765/765/765 765/765/765 
f 765/765/765 765/765/765 770/770/770 
f 765/765/765 770/770/770 770/770/770 
f 770/770/770 770/770/770 770/770/770 
f 770/770/770 765/765/765 770/770/770 
f 770/770/770 765/765/765 775/775/775 
f 765/765/765 761/761/761 775/775/775 
f 775/775/775 761/761/761 759/759/759 
f 761/761/761 759/759/759 759/759/759 
f 759/759/759 759/759/759 735/735/735 
f 759/759/759 735/735/735 735/735/735 
f 735/735/735 735/735/735 735/735/735 
f 735/735/735 733/733/733 735/735/735 
f 735/735/735 733/733/733 744/744/744 
f 733/733/733 742/742/742 744/744/744 
f 744/744/744 742/742/742 742/742/742 
f 742/742/742 600/600/600 742/742/742 
f 742/742/742 600/600/600 600/600/600 
f 600/600/600 599/599/599 600/600/600 
f 600/600/600 599/599/599 601/601/601 
f 599/599/599 608/608/608 601/601/601 
f 601/601/601 608/608/608 608/608/608 
f 608/608/608 525/525/525 608/608/608 
f 608/608/608 525/525/525 525/525/525 
f 525/525/525 518/518/518 525/525/525 
f 525/525/525 518/518/518 516/516/516 
f 518/518/518 517/517/517 516/516/516 
f 516/516/516 517/517/517 517/517/517 
f 517/517/517 572/572/572 517/517/517 
f 517/517/517 572/572/572 572/572/572 
f 572/572/572 570/570/570 572/572/572 
f 572/572/572 570/570/570 574/574/574 
f 570/570/570 579/579/579 574/574/574 
f 574/574/574 579/579/579 579/579/579 
f 579/579/579 565/565/565 579/579/579 
f 579/579/579 565/565/565 565/565/565 
f 565/565/565 567/567/567 565/565/565 
f 565/565/565 567/567/567 776/776/776 
f 567/567/567 777/777/777 776/776/776 
f 776/776/776 777/777/777 777/777/777 
f 777/777/777 567/567/567 777/777/777 
f 777/777/777 567/567/567 778/778/778 
f 567/567/567 571/571/571 778/778/778 
f 778/778/778 571/571/571 779/779/779 
f 571/571/571 780/780/780 779/779/779 
f 779/779/779 780/780/780 780/780/780 
f 780/780/780 778/778/778 780/780/780 
f 780/780/780 778/778/778 778/778/778 
f 778/778/778 779/779/779 778/778/778 
f 778/778/778 779/779/779 777/777/777 
f 779/779/779 781/781/781 777/777/777 
f 777/777/777 781/781/781 781/781/781 
f 781/781/781 598/598/598 781/781/781 
f 781/781/781 598/598/598 598/598/598 
f 598/598/598 592/592/592 598/598/598 
f 598/598/598 592/592/592 590/590/590 
f 592/592/592 591/591/591 590/590/590 
f 590/590/590 591/591/591 591/591/591 
f 591/591/591 657/657/657 591/591/591 
f 591/591/591 657/657/657 657/657/657 
f 657/657/657 655/655/655 657/657/657 
f 657/657/657 655/655/655 659/659/659 
f 655/655/655 782/782/782 659/659/659 
f 659/659/659 782/782/782 783/783/783 
f 782/782/782 783/783/783 783/783/783 
f 783/783/783 783/783/783 659/659/659 
f 783/783/783 659/659/659 659/659/659 
f 659/659/659 659/659/659 659/659/659 
f 659/659/659 783/783/783 659/659/659 
f 659/659/659 783/783/783 784/784/784 
f 783/783/783 785/785/785 784/784/784 
f 784/784/784 785/785/785 661/661/661 
f 785/785/785 786/786/786 661/661/661 
f 661/661/661 786/786/786 665/665/665 
f 786/786/786 665/665/665 665/665/665 
f 665/665/665 665/665/665 394/394/394 
f 665/665/665 394/394/394 394/394/394 
f 394/394/394 394/394/394 394/394/394 
f 394/394/394 373/373/373 394/394/394 
f 394/394/394 373/373/373 371/371/371 
f 373/373/373 372/372/372 371/371/371 
f 371/371/371 372/372/372 372/372/372 
f 372/372/372 612/612/612 372/372/372 
f 372/372/372 612/612/612 612/612/612 
f 612/612/612 614/614/614 612/612/612 
f 612/612/612 614/614/614 603/603/603 
f 614/614/614 605/605/605 603/603/603 
f 603/603/603 605/605/605 605/605/605 
f 605/605/605 44/44/44 605/605/605 
f 605/605/605 44/44/44 44/44/44 
f 44/44/44 42/42/42 44/44/44 
f 44/44/44 42/42/42 46/46/46 
f 42/42/42 787/787/787 46/46/46 
f 46/46/46 787/787/787 788/788/788 
f 787/787/787 788/788/788 788/788/788 
f 788/788/788 788/788/788 46/46/46 
f 788/788/788 46/46/46 46/46/46 
f 46/46/46 46/46/46 46/46/46 
f 46/46/46 788/788/788 46/46/46 
f 46/46/46 788/788/788 789/789/789 
f 788/788/788 790/790/790 789/789/789 
f 789/789/789 790/790/790 48/48/48 
f 790/790/790 791/791/791 48/48/48 
f 48/48/48 791/791/791 52/52/52 
f 791/791/791 792/792/792 52/52/52 
f 52/52/52 792/792/792 793/793/793 
f 792/792/792 794/794/794 793/793/793 
f 793/793/793 794/794/794 54/54/54 
f 794/794/794 795/795/795 54/54/54 
f 54/54/54 795/795/795 58/58/58 
f 795/795/795 58/58/58 58/58/58 
f 58/58/58 58/58/58 788/788/788 
f 58/58/58 788/788/788 788/788/788 
f 788/788/788 788/788/788 788/788/788 
f 788/788/788 796/796/796 788/788/788 
f 788/788/788 796/796/796 790/790/790 
f 796/796/796 797/797/797 790/790/790 
f 790/790/790 797/797/797 798/798/798 
f 797/797/797 799/799/799 798/798/798 
f 798/798/798 799/799/799 792/792/792 
f 799/799/799 800/800/800 792/792/792 
f 792/792/792 800/800/800 794/794/794 
f 800/800/800 794/794/794 794/794/794 
f 794/794/794 794/794/794 798/798/798 
f 794/794/794 798/798/798 798/798/798 
f 798/798/798 798/798/798 798/798/798 
f 798/798/798 792/792/792 798/798/798 
f 798/798/798 792/792/792 790/790/790 
f 792/792/792 791/791/791 790/790/790 
f 790/790/790 791/791/791 791/791/791 
f 791/791/791 342/342/342 791/791/791 
f 791/791/791 342/342/342 342/342/342 
f 342/342/342 344/344/344 342/342/342 
f 342/342/342 344/344/344 340/340/340 
f 344/344/344 801/801/801 340/340/340 
f 340/340/340 801/801/801 802/802/802 
f 801/801/801 803/803/803 802/802/802 
f 802/802/802 803/803/803 804/804/804 
f 803/803/803 805/805/805 804/804/804 
f 804/804/804 805/805/805 806/806/806 
f 805/805/805 807/807/807 806/806/806 
f 806/806/806 807/807/807 808/808/808 
f 807/807/807 809/809/809 808/808/808 
f 808/808/808 809/809/809 810/810/810 
f 809/809/809 811/811/811 810/810/810 
f 810/810/810 811/811/811 811/811/811 
f 811/811/811 801/801/801 811/811/811 
f 811/811/811 801/801/801 801/801/801 
f 801/801/801 344/344/344 801/801/801 
f 801/801/801 344/344/344 803/803/803 
f 344/344/344 812/812/812 803/803/803 
f 803/803/803 812/812/812 813/813/813 
f 812/812/812 346/346/346 813/813/813 
f 813/813/813 346/346/346 814/814/814 
f 346/346/346 350/350/350 814/814/814 
f 814/814/814 350/350/350 815/815/815 
f 350/350/350 816/816/816 815/815/815 
f 815/815/815 816/816/816 817/817/817 
f 816/816/816 352/352/352 817/817/817 
f 817/817/817 352/352/352 818/818/818 
f 352/352/352 356/356/356 818/818/818 
f 818/818/818 356/356/356 819/819/819 
f 356/356/356 820/820/820 819/819/819 
f 819/819/819 820/820/820 821/821/821 
f 820/820/820 358/358/358 821/821/821 
f 821/821/821 358/358/358 822/822/822 
f 358/358/358 362/362/362 822/822/822 
f 822/822/822 362/362/362 823/823/823 
f 362/362/362 824/824/824 823/823/823 
f 823/823/823 824/824/824 824/824/824 
f 824/824/824 821/821/821 824/824/824 
f 824/824/824 821/821/821 821/821/821 
f 821/821/821 825/825/825 821/821/821 
f 821/821/821 825/825/825 819/819/819 
f 825/825/825 826/826/826 819/819/819 
f 819/819/819 826/826/826 827/827/827 
f 826/826/826 828/828/828 827/827/827 
f 827/827/827 828/828/828 817/817/817 
f 828/828/828 829/829/829 817/817/817 
f 817/817/817 829/829/829 815/815/815 
f 829/829/829 830/830/830 815/815/815 
f 815/815/815 830/830/830 831/831/831 
f 830/830/830 832/832/832 831/831/831 
f 831/831/831 832/832/832 813/813/813 
f 832/832/832 833/833/833 813/813/813 
f 813/813/813 833/833/833 803/803/803 
f 833/833/833 805/805/805 803/803/803 
f 803/803/803 805/805/805 805/805/805 
f 805/805/805 826/826/826 805/805/805 
f 805/805/805 826/826/826 826/826/826 
f 826/826/826 834/834/834 826/826/826 
f 826/826/826 834/834/834 828/828/828 
f 834/834/834 835/835/835 828/828/828 
f 828/828/828 835/835/835 836/836/836 
f 835/835/835 837/837/837 836/836/836 
f 836/836/836 837/837/837 830/830/830 
f 837/837/837 838/838/838 830/830/830 
f 830/830/830 838/838/838 832/832/832 
f 838/838/838 839/839/839 832/832/832 
f 832/832/832 839/839/839 840/840/840 
f 839/839/839 809/809/809 840/840/840 
f 840/840/840 809/809/809 805/805/805 
f 809/809/809 807/807/807 805/805/805 
f 805/805/805 807/807/807 807/807/807 
f 807/807/807 835/835/835 807/807/807 
f 807/807/807 835/835/835 835/835/835 
f 835/835/835 841/841/841 835/835/835 
f 835/835/835 841/841/841 837/837/837 
f 841/841/841 842/842/842 837/837/837 
f 837/837/837 842/842/842 843/843/843 
f 842/842/842 844/844/844 843/843/843 
f 843/843/843 844/844/844 839/839/839 
f 844/844/844 845/845/845 839/839/839 
f 839/839/839 845/845/845 809/809/809 
f 845/845/845 811/811/811 809/809/809 
f 809/809/809 811/811/811 811/811/811 
f 811/811/811 843/843/843 811/811/811 
f 811/811/811 843/843/843 843/843/843 
f 843/843/843 839/839/839 843/843/843 
f 843/843/843 839/839/839 837/837/837 
f 839/839/839 838/838/838 837/837/837 
f 837/837/837 838/838/838 838/838/838 
f 838/838/838 846/846/846 838/838/838 
f 838/838/838 846/846/846 846/846/846 
f 846/846/846 847/847/847 846/846/846 
f 846/846/846 847/847/847 848/848/848 
f 847/847/847 849/849/849 848/848/848 
f 848/848/848 849/849/849 6/6/6 
f 849/849/849 8/8/8 6/6/6 
f 6/6/6 8/8/8 8/8/8 
f 8/8/8 849/849/849 8/8/8 
f 8/8/8 849/849/849 849/849/849 
f 849/849/849 847/847/847 849/849/849 
f 849/849/849 847/847/847 8/8/8 
f 847/847/847 850/850/850 8/8/8 
f 8/8/8 850/850/850 851/851/851 
f 850/850/850 851/851/851 851/851/851 
f 851/851/851 851/851/851 8/8/8 
f 851/851/851 8/8/8 8/8/8 
f 8/8/8 8/8/8 8/8/8 
f 8/8/8 851/851/851 8/8/8 
f 8/8/8 851/851/851 10/10/10 
f 851/851/851 12/12/12 10/10/10 
f 10/10/10 12/12/12 12/12/12 
f 12/12/12 833/833/833 12/12/12 
f 12/12/12 833/833/833 833/833/833 
f 833/833/833 832/832/832 833/833/833 
f 833/833/833 832/832/832 805/805/805 
f 832/832/832 840/840/840 805/805/805 
f 805/805/805 840/840/840 840/840/840 
f 840/840/840 380/380/380 840/840/840 
f 840/840/840 380/380/380 380/380/380 
f 380/380/380 379/379/379 380/380/380 
f 380/380/380 379/379/379 381/381/381 
f 379/379/379 402/402/402 381/381/381 
f 381/381/381 402/402/402 402/402/402 
f 402/402/402 831/831/831 402/402/402 
f 402/402/402 831/831/831 831/831/831 
f 831/831/831 813/813/813 831/831/831 
f 831/831/831 813/813/813 815/815/815 
f 813/813/813 814/814/814 815/815/815 
f 815/815/815 814/814/814 814/814/814 
f 814/814/814 345/345/345 814/814/814 
f 814/814/814 345/345/345 345/345/345 
f 345/345/345 343/343/343 345/345/345 
f 345/345/345 343/343/343 347/347/347 
f 343/343/343 374/374/374 347/347/347 
f 347/347/347 374/374/374 374/374/374 
f 374/374/374 376/376/376 374/374/374 
f 374/374/374 376/376/376 376/376/376 
f 376/376/376 375/375/375 376/376/376 
f 376/376/376 375/375/375 377/377/377 
f 375/375/375 398/398/398 377/377/377 
f 377/377/377 398/398/398 398/398/398 
f 398/398/398 446/446/446 398/398/398 
f 398/398/398 446/446/446 446/446/446 
f 446/446/446 445/445/445 446/446/446 
f 446/446/446 445/445/445 447/447/447 
f 445/445/445 459/459/459 447/447/447 
f 447/447/447 459/459/459 459/459/459 
f 459/459/459 404/404/404 459/459/459 
f 459/459/459 404/404/404 404/404/404 
f 404/404/404 403/403/403 404/404/404 
f 404/404/404 403/403/403 405/405/405 
f 403/403/403 425/425/425 405/405/405 
f 405/405/405 425/425/425 425/425/425 
f 425/425/425 400/400/400 425/425/425 
f 425/425/425 400/400/400 400/400/400 
f 400/400/400 399/399/399 400/400/400 
f 400/400/400 399/399/399 401/401/401 
f 399/399/399 421/421/421 401/401/401 
f 401/401/401 421/421/421 421/421/421 
f 421/421/421 702/702/702 421/421/421 
f 421/421/421 702/702/702 702/702/702 
f 702/702/702 704/704/704 702/702/702 
f 702/702/702 704/704/704 694/694/694 
f 704/704/704 695/695/695 694/694/694 
f 694/694/694 695/695/695 695/695/695 
f 695/695/695 748/748/748 695/695/695 
f 695/695/695 748/748/748 748/748/748 
f 748/748/748 741/741/741 748/748/748 
f 748/748/748 741/741/741 739/739/739 
f 741/741/741 740/740/740 739/739/739 
f 739/739/739 740/740/740 740/740/740 
f 740/740/740 351/351/351 740/740/740 
f 740/740/740 351/351/351 351/351/351 
f 351/351/351 349/349/349 351/351/351 
f 351/351/351 349/349/349 353/353/353 
f 349/349/349 378/378/378 353/353/353 
f 353/353/353 378/378/378 378/378/378 
f 378/378/378 852/852/852 378/378/378 
f 378/378/378 852/852/852 852/852/852 
f 852/852/852 853/853/853 852/852/852 
f 852/852/852 853/853/853 854/854/854 
f 853/853/853 855/855/855 854/854/854 
f 854/854/854 855/855/855 856/856/856 
f 855/855/855 857/857/857 856/856/856 
f 856/856/856 857/857/857 858/858/858 
f 857/857/857 859/859/859 858/858/858 
f 858/858/858 859/859/859 860/860/860 
f 859/859/859 861/861/861 860/860/860 
f 860/860/860 861/861/861 862/862/862 
f 861/861/861 863/863/863 862/862/862 
f 862/862/862 863/863/863 864/864/864 
f 863/863/863 865/865/865 864/864/864 
f 864/864/864 865/865/865 866/866/866 
f 865/865/865 867/867/867 866/866/866 
f 866/866/866 867/867/867 868/868/868 
f 867/867/867 869/869/869 868/868/868 
f 868/868/868 869/869/869 870/870/870 
f 869/869/869 871/871/871 870/870/870 
f 870/870/870 871/871/871 872/872/872 
f 871/871/871 873/873/873 872/872/872 
f 872/872/872 873/873/873 874/874/874 
f 873/873/873 875/875/875 874/874/874 
f 874/874/874 875/875/875 876/876/876 
f 875/875/875 877/877/877 876/876/876 
f 876/876/876 877/877/877 877/877/877 
f 877/877/877 857/857/857 877/877/877 
f 877/877/877 857/857/857 857/857/857 
f 857/857/857 878/878/878 857/857/857 
f 857/857/857 878/878/878 859/859/859 
f 878/878/878 879/879/879 859/859/859 
f 859/859/859 879/879/879 880/880/880 
f 879/879/879 881/881/881 880/880/880 
f 880/880/880 881/881/881 863/863/863 
f 881/881/881 882/882/882 863/863/863 
f 863/863/863 882/882/882 865/865/865 
f 882/882/882 883/883/883 865/865/865 
f 865/865/865 883/883/883 884/884/884 
f 883/883/883 885/885/885 884/884/884 
f 884/884/884 885/885/885 869/869/869 
f 885/885/885 886/886/886 869/869/869 
f 869/869/869 886/886/886 871/871/871 
f 886/886/886 887/887/887 871/871/871 
f 871/871/871 887/887/887 888/888/888 
f 887/887/887 889/889/889 888/888/888 
f 888/888/888 889/889/889 875/875/875 
f 889/889/889 890/890/890 875/875/875 
f 875/875/875 890/890/890 877/877/877 
f 890/890/890 891/891/891 877/877/877 
f 877/877/877 891/891/891 892/892/892 
f 891/891/891 893/893/893 892/892/892 
f 892/892/892 893/893/893 893/893/893 
f 893/893/893 879/879/879 893/893/893 
f 893/893/893 879/879/879 879/879/879 
f 879/879/879 894/894/894 879/879/879 
f 879/879/879 894/894/894 881/881/881 
f 894/894/894 895/895/895 881/881/881 
f 881/881/881 895/895/895 896/896/896 
f 895/895/895 897/897/897 896/896/896 
f 896/896/896 897/897/897 883/883/883 
f 897/897/897 898/898/898 883/883/883 
f 883/883/883 898/898/898 885/885/885 
f 898/898/898 899/899/899 885/885/885 
f 885/885/885 899/899/899 900/900/900 
f 899/899/899 901/901/901 900/900/900 
f 900/900/900 901/901/901 887/887/887 
f 901/901/901 902/902/902 887/887/887 
f 887/887/887 902/902/902 889/889/889 
f 902/902/902 903/903/903 889/889/889 
f 889/889/889 903/903/903 904/904/904 
f 903/903/903 905/905/905 904/904/904 
f 904/904/904 905/905/905 891/891/891 
f 905/905/905 906/906/906 891/891/891 
f 891/891/891 906/906/906 893/893/893 
f 906/906/906 907/907/907 893/893/893 
f 893/893/893 907/907/907 908/908/908 
f 907/907/907 909/909/909 908/908/908 
f 908/908/908 909/909/909 909/909/909 
f 909/909/909 895/895/895 909/909/909 
f 909/909/909 895/895/895 895/895/895 
f 895/895/895 910/910/910 895/895/895 
f 895/895/895 910/910/910 897/897/897 
f 910/910/910 911/911/911 897/897/897 
f 897/897/897 911/911/911 912/912/912 
f 911/911/911 913/913/913 912/912/912 
f 912/912/912 913/913/913 899/899/899 
f 913/913/913 914/914/914 899/899/899 
f 899/899/899 914/914/914 901/901/901 
f 914/914/914 915/915/915 901/901/901 
f 901/901/901 915/915/915 916/916/916 
f 915/915/915 917/917/917 916/916/916 
f 916/916/916 917/917/917 903/903/903 
f 917/917/917 918/918/918 903/903/903 
f 903/903/903 918/918/918 905/905/905 
f 918/918/918 919/919/919 905/905/905 
f 905/905/905 919/919/919 920/920/920 
f 919/919/919 921/921/921 920/920/920 
f 920/920/920 921/921/921 907/907/907 
f 921/921/921 922/922/922 907/907/907 
f 907/907/907 922/922/922 909/909/909 
f 922/922/922 923/923/923 909/909/909 
f 909/909/909 923/923/923 924/924/924 
f 923/923/923 925/925/925 924/924/924 
f 924/924/924 925/925/925 925/925/925 
f 925/925/925 911/911/911 925/925/925 
f 925/925/925 911/911/911 911/911/911 
f 911/911/911 926/926/926 911/911/911 
f 911/911/911 926/926/926 913/913/913 
f 926/926/926 927/927/927 913/913/913 
f 913/913/913 927/927/927 928/928/928 
f 927/927/927 929/929/929 928/928/928 
f 928/928/928 929/929/929 915/915/915 
f 929/929/929 930/930/930 915/915/915 
f 915/915/915 930/930/930 917/917/917 
f 930/930/930 931/931/931 917/917/917 
f 917/917/917 931/931/931 932/932/932 
f 931/931/931 933/933/933 932/932/932 
f 932/932/932 933/933/933 919/919/919 
f 933/933/933 934/934/934 919/919/919 
f 919/919/919 934/934/934 921/921/921 
f 934/934/934 935/935/935 921/921/921 
f 921/921/921 935/935/935 936/936/936 
f 935/935/935 937/937/937 936/936/936 
f 936/936/936 937/937/937 923/923/923 
f 937/937/937 938/938/938 923/923/923 
f 923/923/923 938/938/938 925/925/925 
f 938/938/938 939/939/939 925/925/925 
f 925/925/925 939/939/939 940/940/940 
f 939/939/939 941/941/941 940/940/940 
f 940/940/940 941/941/941 941/941/941 
f 941/941/941 927/927/927 941/941/941 
f 941/941/941 927/927/927 927/927/927 
f 927/927/927 942/942/942 927/927/927 
f 927/927/927 942/942/942 929/929/929 
f 942/942/942 943/943/943 929/929/929 
f 929/929/929 943/943/943 944/944/944 
f 943/943/943 945/945/945 944/944/944 
f 944/944/944 945/945/945 931/931/931 
f 945/945/945 946/946/946 931/931/931 
f 931/931/931 946/946/946 933/933/933 
f 946/946/946 947/947/947 933/933/933 
f 933/933/933 947/947/947 948/948/948 
f 947/947/947 949/949/949 948/948/948 
f 948/948/948 949/949/949 935/935/935 
f 949/949/949 950/950/950 935/935/935 
f 935/935/935 950/950/950 937/937/937 
f 950/950/950 951/951/951 937/937/937 
f 937/937/937 951/951/951 952/952/952 
f 951/951/951 953/953/953 952/952/952 
f 952/952/952 953/953/953 939/939/939 
f 953/953/953 954/954/954 939/939/939 
f 939/939/939 954/954/954 941/941/941 
f 954/954/954 955/955/955 941/941/941 
f 941/941/941 955/955/955 956/956/956 
f 955/955/955 957/957/957 956/956/956 
f 956/956/956 957/957/957 957/957/957 
f 957/957/957 943/943/943 957/957/957 
f 957/957/957 943/943/943 943/943/943 
f 943/943/943 958/958/958 943/943/943 
f 943/943/943 958/958/958 945/945/945 
f 958/958/958 959/959/959 945/945/945 
f 945/945/945 959/959/959 960/960/960 
f 959/959/959 961/961/961 960/960/960 
f 960/960/960 961/961/961 947/947/947 
f 961/961/961 962/962/962 947/947/947 
f 947/947/947 962/962/962 949/949/949 
f 962/962/962 963/963/963 949/949/949 
f 949/949/949 963/963/963 964/964/964 
f 963/963/963 965/965/965 964/964/964 
f 964/964/964 965/965/965 951/951/951 
f 965/965/965 966/966/966 951/951/951 
f 951/951/951 966/966/966 953/953/953 
f 966/966/966 967/967/967 953/953/953 
f 953/953/953 967/967/967 968/968/968 
f 967/967/967 969/969/969 968/968/968 
f 968/968/968 969/969/969 955/955/955 
f 969/969/969 970/970/970 955/955/955 
f 955/955/955 970/970/970 957/957/957 
f 970/970/970 971/971/971 957/957/957 
f 957/957/957 971/971/971 972/972/972 
f 971/971/971 972/972/972 972/972/972 
f 972/972/972 972/972/972 964/964/964 
f 972/972/972 964/964/964 964/964/964 
f 964/964/964 964/964/964 964/964/964 
f 964/964/964 951/951/951 964/964/964 
f 964/964/964 951/951/951 949/949/949 
f 951/951/951 950/950/950 949/949/949 
f 949/949/949 950/950/950 950/950/950 
f 950/950/950 244/244/244 950/950/950 
f 950/950/950 244/244/244 244/244/244 
f 244/244/244 242/242/242 244/244/244 
f 244/244/244 242/242/242 253/253/253 
f 242/242/242 251/251/251 253/253/253 
f 253/253/253 251/251/251 251/251/251 
f 251/251/251 855/855/855 251/251/251 
f 251/251/251 855/855/855 855/855/855 
f 855/855/855 853/853/853 855/855/855 
f 855/855/855 853/853/853 857/857/857 
f 853/853/853 973/973/973 857/857/857 
f 857/857/857 973/973/973 974/974/974 
f 973/973/973 974/974/974 974/974/974 
f 974/974/974 974/974/974 857/857/857 
f 974/974/974 857/857/857 857/857/857 
f 857/857/857 857/857/857 857/857/857 
f 857/857/857 974/974/974 857/857/857 
f 857/857/857 974/974/974 878/878/878 
f 974/974/974 879/879/879 878/878/878 
f 878/878/878 879/879/879 879/879/879 
f 879/879/879 974/974/974 879/879/879 
f 879/879/879 974/974/974 974/974/974 
f 974/974/974 975/975/975 974/974/974 
f 974/974/974 975/975/975 879/879/879 
f 975/975/975 976/976/976 879/879/879 
f 879/879/879 976/976/976 894/894/894 
f 976/976/976 895/895/895 894/894/894 
f 894/894/894 895/895/895 895/895/895 
f 895/895/895 976/976/976 895/895/895 
f 895/895/895 976/976/976 976/976/976 
f 976/976/976 977/977/977 976/976/976 
f 976/976/976 977/977/977 895/895/895 
f 977/977/977 978/978/978 895/895/895 
f 895/895/895 978/978/978 910/910/910 
f 978/978/978 911/911/911 910/910/910 
f 910/910/910 911/911/911 911/911/911 
f 911/911/911 978/978/978 911/911/911 
f 911/911/911 978/978/978 978/978/978 
f 978/978/978 979/979/979 978/978/978 
f 978/978/978 979/979/979 911/911/911 
f 979/979/979 980/980/980 911/911/911 
f 911/911/911 980/980/980 926/926/926 
f 980/980/980 927/927/927 926/926/926 
f 926/926/926 927/927/927 927/927/927 
f 927/927/927 980/980/980 927/927/927 
f 927/927/927 980/980/980 980/980/980 
f 980/980/980 981/981/981 980/980/980 
f 980/980/980 981/981/981 927/927/927 
f 981/981/981 982/982/982 927/927/927 
f 927/927/927 982/982/982 942/942/942 
f 982/982/982 943/943/943 942/942/942 
f 942/942/942 943/943/943 943/943/943 
f 943/943/943 982/982/982 943/943/943 
f 943/943/943 982/982/982 982/982/982 
f 982/982/982 983/983/983 982/982/982 
f 982/982/982 983/983/983 943/943/943 
f 983/983/983 984/984/984 943/943/943 
f 943/943/943 984/984/984 958/958/958 
f 984/984/984 959/959/959 958/958/958 
f 958/958/958 959/959/959 959/959/959 
f 959/959/959 984/984/984 959/959/959 
f 959/959/959 984/984/984 984/984/984 
f 984/984/984 985/985/985 984/984/984 
f 984/984/984 985/985/985 959/959/959 
f 985/985/985 986/986/986 959/959/959 
f 959/959/959 986/986/986 987/987/987 
f 986/986/986 988/988/988 987/987/987 
f 987/987/987 988/988/988 961/961/961 
f 988/988/988 989/989/989 961/961/961 
f 961/961/961 989/989/989 963/963/963 
f 989/989/989 990/990/990 963/963/963 
f 963/963/963 990/990/990 991/991/991 
f 990/990/990 992/992/992 991/991/991 
f 991/991/991 992/992/992 965/965/965 
f 992/992/992 993/993/993 965/965/965 
f 965/965/965 993/993/993 967/967/967 
f 993/993/993 994/994/994 967/967/967 
f 967/967/967 994/994/994 995/995/995 
f 994/994/994 996/996/996 995/995/995 
f 995/995/995 996/996/996 969/969/969 
f 996/996/996 997/997/997 969/969/969 
f 969/969/969 997/997/997 971/971/971 
f 997/997/997 971/971/971 971/971/971 
f 971/971/971 971/971/971 990/990/990 
f 971/971/971 990/990/990 990/990/990 
f 990/990/990 990/990/990 990/990/990 
f 990/990/990 998/998/998 990/990/990 
f 990/990/990 998/998/998 992/992/992 
f 998/998/998 999/999/999 992/992/992 
f 992/992/992 999/999/999 1000/1000/1000 
f 999/999/999 1001/1001/1001 1000/1000/1000 
f 1000/1000/1000 1001/1001/1001 994/994/994 
f 1001/1001/1001 1002/1002/1002 994/994/994 
f 994/994/994 1002/1002/1002 996/996/996 
f 1002/1002/1002 996/996/996 996/996/996 
f 996/996/996 996/996/996 1000/1000/1000 
f 996/996/996 1000/1000/1000 1000/1000/1000 
f 1000/1000/1000 1000/1000/1000 1000/1000/1000 
f 1000/1000/1000 994/994/994 1000/1000/1000 
f 1000/1000/1000 994/994/994 992/992/992 
f 994/994/994 993/993/993 992/992/992 
f 992/992/992 993/993/993 993/993/993 
f 993/993/993 890/890/890 993/993/993 
f 993/993/993 890/890/890 890/890/890 
f 890/890/890 889/889/889 890/890/890 
f 890/890/890 889/889/889 891/891/891 
f 889/889/889 904/904/904 891/891/891 
f 891/891/891 904/904/904 904/904/904 
f 904/904/904 886/886/886 904/904/904 
f 904/904/904 886/886/886 886/886/886 
f 886/886/886 885/885/885 886/886/886 
f 886/886/886 885/885/885 887/887/887 
f 885/885/885 900/900/900 887/887/887 
f 887/887/887 900/900/900 900/900/900 
f 900/900/900 944/944/944 900/900/900 
f 900/900/900 944/944/944 944/944/944 
f 944/944/944 931/931/931 944/944/944 
f 944/944/944 931/931/931 929/929/929 
f 931/931/931 930/930/930 929/929/929 
f 929/929/929 930/930/930 930/930/930 
f 930/930/930 960/960/960 930/930/930 
f 930/930/930 960/960/960 960/960/960 
f 960/960/960 947/947/947 960/960/960 
f 960/960/960 947/947/947 945/945/945 
f 947/947/947 946/946/946 945/945/945 
f 945/945/945 946/946/946 946/946/946 
f 946/946/946 898/898/898 946/946/946 
f 946/946/946 898/898/898 898/898/898 
f 898/898/898 897/897/897 898/898/898 
f 898/898/898 897/897/897 899/899/899 
f 897/897/897 912/912/912 899/899/899 
f 899/899/899 912/912/912 912/912/912 
f 912/912/912 333/333/333 912/912/912 
f 912/912/912 333/333/333 333/333/333 
f 333/333/333 331/331/331 333/333/333 
f 333/333/333 331/331/331 335/335/335 
f 331/331/331 1003/1003/1003 335/335/335 
f 335/335/335 1003/1003/1003 1004/1004/1004 
f 1003/1003/1003 1004/1004/1004 1004/1004/1004 
f 1004/1004/1004 1004/1004/1004 335/335/335 
f 1004/1004/1004 335/335/335 335/335/335 
f 335/335/335 335/335/335 335/335/335 
f 335/335/335 1004/1004/1004 335/335/335 
f 335/335/335 1004/1004/1004 368/368/368 
f 1004/1004/1004 369/369/369 368/368/368 
f 368/368/368 369/369/369 369/369/369 
f 369/369/369 1004/1004/1004 369/369/369 
f 369/369/369 1004/1004/1004 1004/1004/1004 
f 1004/1004/1004 1005/1005/1005 1004/1004/1004 
f 1004/1004/1004 1005/1005/1005 369/369/369 
f 1005/1005/1005 1006/1006/1006 369/369/369 
f 369/369/369 1006/1006/1006 392/392/392 
f 1006/1006/1006 393/393/393 392/392/392 
f 392/392/392 393/393/393 393/393/393 
f 393/393/393 1006/1006/1006 393/393/393 
f 393/393/393 1006/1006/1006 1006/1006/1006 
f 1006/1006/1006 1007/1007/1007 1006/1006/1006 
f 1006/1006/1006 1007/1007/1007 393/393/393 
f 1007/1007/1007 1008/1008/1008 393/393/393 
f 393/393/393 1008/1008/1008 415/415/415 
f 1008/1008/1008 416/416/416 415/415/415 
f 415/415/415 416/416/416 416/416/416 
f 416/416/416 1008/1008/1008 416/416/416 
f 416/416/416 1008/1008/1008 1008/1008/1008 
f 1008/1008/1008 1009/1009/1009 1008/1008/1008 
f 1008/1008/1008 1009/1009/1009 416/416/416 
f 1009/1009/1009 1010/1010/1010 416/416/416 
f 416/416/416 1010/1010/1010 434/434/434 
f 1010/1010/1010 435/435/435 434/434/434 
f 434/434/434 435/435/435 435/435/435 
f 435/435/435 1010/1010/1010 435/435/435 
f 435/435/435 1010/1010/1010 1010/1010/1010 
f 1010/1010/1010 1011/1011/1011 1010/1010/1010 
f 1010/1010/1010 1011/1011/1011 435/435/435 
f 1011/1011/1011 1012/1012/1012 435/435/435 
f 435/435/435 1012/1012/1012 449/449/449 
f 1012/1012/1012 450/450/450 449/449/449 
f 449/449/449 450/450/450 450/450/450 
f 450/450/450 1012/1012/1012 450/450/450 
f 450/450/450 1012/1012/1012 1012/1012/1012 
f 1012/1012/1012 1013/1013/1013 1012/1012/1012 
f 1012/1012/1012 1013/1013/1013 450/450/450 
f 1013/1013/1013 1014/1014/1014 450/450/450 
f 450/450/450 1014/1014/1014 1015/1015/1015 
f 1014/1014/1014 1016/1016/1016 1015/1015/1015 
f 1015/1015/1015 1016/1016/1016 452/452/452 
f 1016/1016/1016 1017/1017/1017 452/452/452 
f 452/452/452 1017/1017/1017 454/454/454 
f 1017/1017/1017 1018/1018/1018 454/454/454 
f 454/454/454 1018/1018/1018 1019/1019/1019 
f 1018/1018/1018 1020/1020/1020 1019/1019/1019 
f 1019/1019/1019 1020/1020/1020 456/456/456 
f 1020/1020/1020 1021/1021/1021 456/456/456 
f 456/456/456 1021/1021/1021 458/458/458 
f 1021/1021/1021 458/458/458 458/458/458 
f 458/458/458 458/458/458 1014/1014/1014 
f 458/458/458 1014/1014/1014 1014/1014/1014 
f 1014/1014/1014 1014/1014/1014 1014/1014/1014 
f 1014/1014/1014 1022/1022/1022 1014/1014/1014 
f 1014/1014/1014 1022/1022/1022 1016/1016/1016 
f 1022/1022/1022 1023/1023/1023 1016/1016/1016 
f 1016/1016/1016 1023/1023/1023 1024/1024/1024 
f 1023/1023/1023 1025/1025/1025 1024/1024/1024 
f 1024/1024/1024 1025/1025/1025 1018/1018/1018 
f 1025/1025/1025 1026/1026/1026 1018/1018/1018 
f 1018/1018/1018 1026/1026/1026 1020/1020/1020 
f 1026/1026/1026 1020/1020/1020 1020/1020/1020 
f 1020/1020/1020 1020/1020/1020 1024/1024/1024 
f 1020/1020/1020 1024/1024/1024 1024/1024/1024 
f 1024/1024/1024 1024/1024/1024 1024/1024/1024 
f 1024/1024/1024 1018/1018/1018 1024/1024/1024 
f 1024/1024/1024 1018/1018/1018 1016/1016/1016 
f 1018/1018/1018 1017/1017/1017 1016/1016/1016 
f 1016/1016/1016 1017/1017/1017 1017/1017/1017 
f 1017/1017/1017 916/916/916 1017/1017/1017 
f 1017/1017/1017 916/916/916 916/916/916 
f 916/916/916 903/903/903 916/916/916 
f 916/916/916 903/903/903 901/901/901 
f 903/903/903 902/902/902 901/901/901 
f 901/901/901 902/902/902 902/902/902 
f 902/902/902 880/880/880 902/902/902 
f 902/902/902 880/880/880 880/880/880 
f 880/880/880 863/863/863 880/880/880 
f 880/880/880 863/863/863 859/859/859 
f 863/863/863 861/861/861 859/859/859 
f 859/859/859 861/861/861 861/861/861 
f 861/861/861 384/384/384 861/861/861 
f 861/861/861 384/384/384 384/384/384 
f 384/384/384 383/383/383 384/384/384 
f 384/384/384 383/383/383 385/385/385 
f 383/383/383 406/406/406 385/385/385 
f 385/385/385 406/406/406 406/406/406 
f 406/406/406 906/906/906 406/406/406 
f 406/406/406 906/906/906 906/906/906 
f 906/906/906 905/905/905 906/906/906 
f 906/906/906 905/905/905 907/907/907 
f 905/905/905 920/920/920 907/907/907 
f 907/907/907 920/920/920 920/920/920 
f 920/920/920 867/867/867 920/920/920 
f 920/920/920 867/867/867 867/867/867 
f 867/867/867 865/865/865 867/867/867 
f 867/867/867 865/865/865 869/869/869 
f 865/865/865 884/884/884 869/869/869 
f 869/869/869 884/884/884 884/884/884 
f 884/884/884 870/870/870 884/884/884 
f 884/884/884 870/870/870 870/870/870 
f 870/870/870 872/872/872 870/870/870 
f 870/870/870 872/872/872 868/868/868 
f 872/872/872 1027/1027/1027 868/868/868 
f 868/868/868 1027/1027/1027 1028/1028/1028 
f 1027/1027/1027 1029/1029/1029 1028/1028/1028 
f 1028/1028/1028 1029/1029/1029 1030/1030/1030 
f 1029/1029/1029 1030/1030/1030 1030/1030/1030 
f 1030/1030/1030 1030/1030/1030 868/868/868 
f 1030/1030/1030 868/868/868 868/868/868 
f 868/868/868 868/868/868 868/868/868 
f 868/868/868 1028/1028/1028 868/868/868 
f 868/868/868 1028/1028/1028 1031/1031/1031 
f 1028/1028/1028 1032/1032/1032 1031/1031/1031 
f 1031/1031/1031 1032/1032/1032 866/866/866 
f 1032/1032/1032 1033/1033/1033 866/866/866 
f 866/866/866 1033/1033/1033 862/862/862 
f 1033/1033/1033 1034/1034/1034 862/862/862 
f 862/862/862 1034/1034/1034 1035/1035/1035 
f 1034/1034/1034 1036/1036/1036 1035/1035/1035 
f 1035/1035/1035 1036/1036/1036 860/860/860 
f 1036/1036/1036 1037/1037/1037 860/860/860 
f 860/860/860 1037/1037/1037 856/856/856 
f 1037/1037/1037 1038/1038/1038 856/856/856 
f 856/856/856 1038/1038/1038 1039/1039/1039 
f 1038/1038/1038 1039/1039/1039 1039/1039/1039 
f 1039/1039/1039 1039/1039/1039 1028/1028/1028 
f 1039/1039/1039 1028/1028/1028 1028/1028/1028 
f 1028/1028/1028 1028/1028/1028 1028/1028/1028 
f 1028/1028/1028 1040/1040/1040 1028/1028/1028 
f 1028/1028/1028 1040/1040/1040 1032/1032/1032 
f 1040/1040/1040 1041/1041/1041 1032/1032/1032 
f 1032/1032/1032 1041/1041/1041 1042/1042/1042 
f 1041/1041/1041 1043/1043/1043 1042/1042/1042 
f 1042/1042/1042 1043/1043/1043 1034/1034/1034 
f 1043/1043/1043 1044/1044/1044 1034/1034/1034 
f 1034/1034/1034 1044/1044/1044 1036/1036/1036 
f 1044/1044/1044 1045/1045/1045 1036/1036/1036 
f 1036/1036/1036 1045/1045/1045 1046/1046/1046 
f 1045/1045/1045 1046/1046/1046 1046/1046/1046 
f 1046/1046/1046 1046/1046/1046 1041/1041/1041 
f 1046/1046/1046 1041/1041/1041 1041/1041/1041 
f 1041/1041/1041 1041/1041/1041 1041/1041/1041 
f 1041/1041/1041 1040/1040/1040 1041/1041/1041 
f 1041/1041/1041 1040/1040/1040 1047/1047/1047 
f 1040/1040/1040 1028/1028/1028 1047/1047/1047 
f 1047/1047/1047 1028/1028/1028 1030/1030/1030 
f 1028/1028/1028 1030/1030/1030 1030/1030/1030 
f 1030/1030/1030 1030/1030/1030 1047/1047/1047 
f 1030/1030/1030 1047/1047/1047 1047/1047/1047 
f 1047/1047/1047 1047/1047/1047 1047/1047/1047 
f 1047/1047/1047 1048/1048/1048 1047/1047/1047 
f 1047/1047/1047 1048/1048/1048 1041/1041/1041 
f 1048/1048/1048 1049/1049/1049 1041/1041/1041 
f 1041/1041/1041 1049/1049/1049 1050/1050/1050 
f 1049/1049/1049 1051/1051/1051 1050/1050/1050 
f 1050/1050/1050 1051/1051/1051 1043/1043/1043 
f 1051/1051/1051 1052/1052/1052 1043/1043/1043 
f 1043/1043/1043 1052/1052/1052 1045/1045/1045 
f 1052/1052/1052 1045/1045/1045 1045/1045/1045 
f 1045/1045/1045 1045/1045/1045 896/896/896 
f 1045/1045/1045 896/896/896 896/896/896 
f 896/896/896 896/896/896 896/896/896 
f 896/896/896 883/883/883 896/896/896 
f 896/896/896 883/883/883 881/881/881 
f 883/883/883 882/882/882 881/881/881 
f 881/881/881 882/882/882 882/882/882 
f 882/882/882 1037/1037/1037 882/882/882 
f 882/882/882 1037/1037/1037 1037/1037/1037 
f 1037/1037/1037 1036/1036/1036 1037/1037/1037 
f 1037/1037/1037 1036/1036/1036 1038/1038/1038 
f 1036/1036/1036 1046/1046/1046 1038/1038/1038 
f 1038/1038/1038 1046/1046/1046 1046/1046/1046 
f 1046/1046/1046 1027/1027/1027 1046/1046/1046 
f 1046/1046/1046 1027/1027/1027 1027/1027/1027 
f 1027/1027/1027 872/872/872 1027/1027/1027 
f 1027/1027/1027 872/872/872 1029/1029/1029 
f 872/872/872 1053/1053/1053 1029/1029/1029 
f 1029/1029/1029 1053/1053/1053 1053/1053/1053 
f 1053/1053/1053 442/442/442 1053/1053/1053 
f 1053/1053/1053 442/442/442 442/442/442 
f 442/442/442 441/441/441 442/442/442 
f 442/442/442 441/441/441 443/443/443 
f 441/441/441 455/455/455 443/443/443 
f 443/443/443 455/455/455 455/455/455 
f 455/455/455 423/423/423 455/455/455 
f 455/455/455 423/423/423 423/423/423 
f 423/423/423 422/422/422 423/423/423 
f 423/423/423 422/422/422 424/424/424 
f 422/422/422 440/440/440 424/424/424 
f 424/424/424 440/440/440 440/440/440 
f 440/440/440 712/712/712 440/440/440 
f 440/440/440 712/712/712 712/712/712 
f 712/712/712 714/714/714 712/712/712 
f 712/712/712 714/714/714 703/703/703 
f 714/714/714 705/705/705 703/703/703 
f 703/703/703 705/705/705 705/705/705 
f 705/705/705 718/718/718 705/705/705 
f 705/705/705 718/718/718 718/718/718 
f 718/718/718 711/711/711 718/718/718 
f 718/718/718 711/711/711 709/709/709 
f 711/711/711 710/710/710 709/709/709 
f 709/709/709 710/710/710 710/710/710 
f 710/710/710 648/648/648 710/710/710 
f 710/710/710 648/648/648 648/648/648 
f 648/648/648 641/641/641 648/648/648 
f 648/648/648 641/641/641 639/639/639 
f 641/641/641 640/640/640 639/639/639 
f 639/639/639 640/640/640 640/640/640 
f 640/640/640 537/537/537 640/640/640 
f 640/640/640 537/537/537 537/537/537 
f 537/537/537 536/536/536 537/537/537 
f 537/537/537 536/536/536 538/538/538 
f 536/536/536 545/545/545 538/538/538 
f 538/538/538 545/545/545 545/545/545 
f 545/545/545 928/928/928 545/545/545 
f 545/545/545 928/928/928 928/928/928 
f 928/928/928 915/915/915 928/928/928 
f 928/928/928 915/915/915 913/913/913 
f 915/915/915 914/914/914 913/913/913 
f 913/913/913 914/914/914 914/914/914 
f 914/914/914 647/647/647 914/914/914 
f 914/914/914 647/647/647 647/647/647 
f 647/647/647 1054/1054/1054 647/647/647 
f 647/647/647 1054/1054/1054 649/649/649 
f 1054/1054/1054 652/652/652 649/649/649 
f 649/649/649 652/652/652 651/651/651 
f 652/652/652 651/651/651 651/651/651 
f 651/651/651 651/651/651 829/829/829 
f 651/651/651 829/829/829 829/829/829 
f 829/829/829 829/829/829 829/829/829 
f 829/829/829 828/828/828 829/829/829 
f 829/829/829 828/828/828 830/830/830 
f 828/828/828 836/836/836 830/830/830 
f 830/830/830 836/836/836 836/836/836 
f 836/836/836 64/64/64 836/836/836 
f 836/836/836 64/64/64 64/64/64 
f 64/64/64 63/63/63 64/64/64 
f 64/64/64 63/63/63 65/65/65 
f 63/63/63 1055/1055/1055 65/65/65 
f 65/65/65 1055/1055/1055 1056/1056/1056 
f 1055/1055/1055 1057/1057/1057 1056/1056/1056 
f 1056/1056/1056 1057/1057/1057 1058/1058/1058 
f 1057/1057/1057 1059/1059/1059 1058/1058/1058 
f 1058/1058/1058 1059/1059/1059 1059/1059/1059 
f 1059/1059/1059 1055/1055/1055 1059/1059/1059 
f 1059/1059/1059 1055/1055/1055 1055/1055/1055 
f 1055/1055/1055 63/63/63 1055/1055/1055 
f 1055/1055/1055 63/63/63 1057/1057/1057 
f 63/63/63 1060/1060/1060 1057/1057/1057 
f 1057/1057/1057 1060/1060/1060 1061/1061/1061 
f 1060/1060/1060 61/61/61 1061/1061/1061 
f 1061/1061/1061 61/61/61 1062/1062/1062 
f 61/61/61 1063/1063/1063 1062/1062/1062 
f 1062/1062/1062 1063/1063/1063 1064/1064/1064 
f 1063/1063/1063 1065/1065/1065 1064/1064/1064 
f 1064/1064/1064 1065/1065/1065 1066/1066/1066 
f 1065/1065/1065 1067/1067/1067 1066/1066/1066 
f 1066/1066/1066 1067/1067/1067 1068/1068/1068 
f 1067/1067/1067 1069/1069/1069 1068/1068/1068 
f 1068/1068/1068 1069/1069/1069 1070/1070/1070 
f 1069/1069/1069 1071/1071/1071 1070/1070/1070 
f 1070/1070/1070 1071/1071/1071 1072/1072/1072 
f 1071/1071/1071 1072/1072/1072 1072/1072/1072 
f 1072/1072/1072 1072/1072/1072 1072/1072/1072 
f 1072/1072/1072 1073/1073/1073 1072/1072/1072 
f 1072/1072/1072 1073/1073/1073 1070/1070/1070 
f 1073/1073/1073 1074/1074/1074 1070/1070/1070 
f 1070/1070/1070 1074/1074/1074 1075/1075/1075 
f 1074/1074/1074 1076/1076/1076 1075/1075/1075 
f 1075/1075/1075 1076/1076/1076 1066/1066/1066 
f 1076/1076/1076 1077/1077/1077 1066/1066/1066 
f 1066/1066/1066 1077/1077/1077 1064/1064/1064 
f 1077/1077/1077 1078/1078/1078 1064/1064/1064 
f 1064/1064/1064 1078/1078/1078 1079/1079/1079 
f 1078/1078/1078 1080/1080/1080 1079/1079/1079 
f 1079/1079/1079 1080/1080/1080 1061/1061/1061 
f 1080/1080/1080 1081/1081/1081 1061/1061/1061 
f 1061/1061/1061 1081/1081/1081 1057/1057/1057 
f 1081/1081/1081 1059/1059/1059 1057/1057/1057 
f 1057/1057/1057 1059/1059/1059 1059/1059/1059 
f 1059/1059/1059 1075/1075/1075 1059/1059/1059 
f 1059/1059/1059 1075/1075/1075 1075/1075/1075 
f 1075/1075/1075 1066/1066/1066 1075/1075/1075 
f 1075/1075/1075 1066/1066/1066 1070/1070/1070 
f 1066/1066/1066 1068/1068/1068 1070/1070/1070 
f 1070/1070/1070 1068/1068/1068 1068/1068/1068 
f 1068/1068/1068 154/154/154 1068/1068/1068 
f 1068/1068/1068 154/154/154 154/154/154 
f 154/154/154 1082/1082/1082 154/154/154 
f 154/154/154 1082/1082/1082 152/152/152 
f 1082/1082/1082 1083/1083/1083 152/152/152 
f 152/152/152 1083/1083/1083 1084/1084/1084 
f 1083/1083/1083 1085/1085/1085 1084/1084/1084 
f 1084/1084/1084 1085/1085/1085 1086/1086/1086 
f 1085/1085/1085 1086/1086/1086 1086/1086/1086 
f 1086/1086/1086 1086/1086/1086 1083/1083/1083 
f 1086/1086/1086 1083/1083/1083 1083/1083/1083 
f 1083/1083/1083 1083/1083/1083 1083/1083/1083 
f 1083/1083/1083 1082/1082/1082 1083/1083/1083 
f 1083/1083/1083 1082/1082/1082 1085/1085/1085 
f 1082/1082/1082 1087/1087/1087 1085/1085/1085 
f 1085/1085/1085 1087/1087/1087 1087/1087/1087 
f 1087/1087/1087 1062/1062/1062 1087/1087/1087 
f 1087/1087/1087 1062/1062/1062 1062/1062/1062 
f 1062/1062/1062 1064/1064/1064 1062/1062/1062 
f 1062/1062/1062 1064/1064/1064 1061/1061/1061 
f 1064/1064/1064 1079/1079/1079 1061/1061/1061 
f 1061/1061/1061 1079/1079/1079 1079/1079/1079 
f 1079/1079/1079 1056/1056/1056 1079/1079/1079 
f 1079/1079/1079 1056/1056/1056 1056/1056/1056 
f 1056/1056/1056 1088/1088/1088 1056/1056/1056 
f 1056/1056/1056 1088/1088/1088 65/65/65 
f 1088/1088/1088 67/67/67 65/65/65 
f 65/65/65 67/67/67 67/67/67 
f 67/67/67 730/730/730 67/67/67 
f 67/67/67 730/730/730 730/730/730 
f 730/730/730 729/729/729 730/730/730 
f 730/730/730 729/729/729 731/731/731 
f 729/729/729 738/738/738 731/731/731 
f 731/731/731 738/738/738 738/738/738 
f 738/738/738 1089/1089/1089 738/738/738 
f 738/738/738 1089/1089/1089 1089/1089/1089 
f 1089/1089/1089 319/319/319 1089/1089/1089 
f 1089/1089/1089 319/319/319 1090/1090/1090 
f 319/319/319 1091/1091/1091 1090/1090/1090 
f 1090/1090/1090 1091/1091/1091 321/321/321 
f 1091/1091/1091 317/317/317 321/321/321 
f 321/321/321 317/317/317 317/317/317 
f 317/317/317 1090/1090/1090 317/317/317 
f 317/317/317 1090/1090/1090 1090/1090/1090 
f 1090/1090/1090 321/321/321 1090/1090/1090 
f 1090/1090/1090 321/321/321 162/162/162 
f 321/321/321 160/160/160 162/162/162 
f 162/162/162 160/160/160 160/160/160 
f 160/160/160 936/936/936 160/160/160 
f 160/160/160 936/936/936 936/936/936 
f 936/936/936 923/923/923 936/936/936 
f 936/936/936 923/923/923 921/921/921 
f 923/923/923 922/922/922 921/921/921 
f 921/921/921 922/922/922 922/922/922 
f 922/922/922 133/133/133 922/922/922 
f 922/922/922 133/133/133 133/133/133 
f 133/133/133 132/132/132 133/133/133 
f 133/133/133 132/132/132 134/134/134 
f 132/132/132 143/143/143 134/134/134 
f 134/134/134 143/143/143 143/143/143 
f 143/143/143 539/539/539 143/143/143 
f 143/143/143 539/539/539 539/539/539 
f 539/539/539 541/541/541 539/539/539 
f 539/539/539 541/541/541 530/530/530 
f 541/541/541 532/532/532 530/530/530 
f 530/530/530 532/532/532 532/532/532 
f 532/532/532 620/620/620 532/532/532 
f 532/532/532 620/620/620 620/620/620 
f 620/620/620 619/619/619 620/620/620 
f 620/620/620 619/619/619 621/621/621 
f 619/619/619 628/628/628 621/621/621 
f 621/621/621 628/628/628 628/628/628 
f 628/628/628 336/336/336 628/628/628 
f 628/628/628 336/336/336 336/336/336 
f 336/336/336 338/338/338 336/336/336 
f 336/336/336 338/338/338 334/334/334 
f 338/338/338 1092/1092/1092 334/334/334 
f 334/334/334 1092/1092/1092 1093/1093/1093 
f 1092/1092/1092 1094/1094/1094 1093/1093/1093 
f 1093/1093/1093 1094/1094/1094 1095/1095/1095 
f 1094/1094/1094 1096/1096/1096 1095/1095/1095 
f 1095/1095/1095 1096/1096/1096 1096/1096/1096 
f 1096/1096/1096 1092/1092/1092 1096/1096/1096 
f 1096/1096/1096 1092/1092/1092 1092/1092/1092 
f 1092/1092/1092 338/338/338 1092/1092/1092 
f 1092/1092/1092 338/338/338 1094/1094/1094 
f 338/338/338 1097/1097/1097 1094/1094/1094 
f 1094/1094/1094 1097/1097/1097 802/802/802 
f 1097/1097/1097 340/340/340 802/802/802 
f 802/802/802 340/340/340 340/340/340 
f 340/340/340 1094/1094/1094 340/340/340 
f 340/340/340 1094/1094/1094 1094/1094/1094 
f 1094/1094/1094 802/802/802 1094/1094/1094 
f 1094/1094/1094 802/802/802 1098/1098/1098 
f 802/802/802 806/806/806 1098/1098/1098 
f 1098/1098/1098 806/806/806 1096/1096/1096 
f 806/806/806 1099/1099/1099 1096/1096/1096 
f 1096/1096/1096 1099/1099/1099 1099/1099/1099 
f 1099/1099/1099 1093/1093/1093 1099/1099/1099 
f 1099/1099/1099 1093/1093/1093 1093/1093/1093 
f 1093/1093/1093 1100/1100/1100 1093/1093/1093 
f 1093/1093/1093 1100/1100/1100 334/334/334 
f 1100/1100/1100 332/332/332 334/334/334 
f 334/334/334 332/332/332 332/332/332 
f 332/332/332 103/103/103 332/332/332 
f 332/332/332 103/103/103 103/103/103 
f 103/103/103 94/94/94 103/103/103 
f 103/103/103 94/94/94 92/92/92 
f 94/94/94 93/93/93 92/92/92 
f 92/92/92 93/93/93 93/93/93 
f 93/93/93 150/150/150 93/93/93 
f 93/93/93 150/150/150 150/150/150 
f 150/150/150 152/152/152 150/150/150 
f 150/150/150 152/152/152 1101/1101/1101 
f 152/152/152 1084/1084/1084 1101/1101/1101 
f 1101/1101/1101 1084/1084/1084 1102/1102/1102 
f 1084/1084/1084 1103/1103/1103 1102/1102/1102 
f 1102/1102/1102 1103/1103/1103 1104/1104/1104 
f 1103/1103/1103 1105/1105/1105 1104/1104/1104 
f 1104/1104/1104 1105/1105/1105 1106/1106/1106 
f 1105/1105/1105 1106/1106/1106 1106/1106/1106 
f 1106/1106/1106 1106/1106/1106 1103/1103/1103 
f 1106/1106/1106 1103/1103/1103 1103/1103/1103 
f 1103/1103/1103 1103/1103/1103 1103/1103/1103 
f 1103/1103/1103 1084/1084/1084 1103/1103/1103 
f 1103/1103/1103 1084/1084/1084 1105/1105/1105 
f 1084/1084/1084 1086/1086/1086 1105/1105/1105 
f 1105/1105/1105 1086/1086/1086 1086/1086/1086 
f 1086/1086/1086 316/316/316 1086/1086/1086 
f 1086/1086/1086 316/316/316 316/316/316 
f 316/316/316 1107/1107/1107 316/316/316 
f 316/316/316 1107/1107/1107 314/314/314 
f 1107/1107/1107 1108/1108/1108 314/314/314 
f 314/314/314 1108/1108/1108 1109/1109/1109 
f 1108/1108/1108 1110/1110/1110 1109/1109/1109 
f 1109/1109/1109 1110/1110/1110 310/310/310 
f 1110/1110/1110 1111/1111/1111 310/310/310 
f 310/310/310 1111/1111/1111 308/308/308 
f 1111/1111/1111 308/308/308 308/308/308 
f 308/308/308 308/308/308 1109/1109/1109 
f 308/308/308 1109/1109/1109 1109/1109/1109 
f 1109/1109/1109 1109/1109/1109 1109/1109/1109 
f 1109/1109/1109 310/310/310 1109/1109/1109 
f 1109/1109/1109 310/310/310 314/314/314 
f 310/310/310 312/312/312 314/314/314 
f 314/314/314 312/312/312 312/312/312 
f 312/312/312 1112/1112/1112 312/312/312 
f 312/312/312 1112/1112/1112 1112/1112/1112 
f 1112/1112/1112 1113/1113/1113 1112/1112/1112 
f 1112/1112/1112 1113/1113/1113 1114/1114/1114 
f 1113/1113/1113 1115/1115/1115 1114/1114/1114 
f 1114/1114/1114 1115/1115/1115 1116/1116/1116 
f 1115/1115/1115 1117/1117/1117 1116/1116/1116 
f 1116/1116/1116 1117/1117/1117 1118/1118/1118 
f 1117/1117/1117 1119/1119/1119 1118/1118/1118 
f 1118/1118/1118 1119/1119/1119 1120/1120/1120 
f 1119/1119/1119 1121/1121/1121 1120/1120/1120 
f 1120/1120/1120 1121/1121/1121 1122/1122/1122 
f 1121/1121/1121 1123/1123/1123 1122/1122/1122 
f 1122/1122/1122 1123/1123/1123 1124/1124/1124 
f 1123/1123/1123 1125/1125/1125 1124/1124/1124 
f 1124/1124/1124 1125/1125/1125 1125/1125/1125 
f 1125/1125/1125 1117/1117/1117 1125/1125/1125 
f 1125/1125/1125 1117/1117/1117 1117/1117/1117 
f 1117/1117/1117 1126/1126/1126 1117/1117/1117 
f 1117/1117/1117 1126/1126/1126 1119/1119/1119 
f 1126/1126/1126 1127/1127/1127 1119/1119/1119 
f 1119/1119/1119 1127/1127/1127 1128/1128/1128 
f 1127/1127/1127 1129/1129/1129 1128/1128/1128 
f 1128/1128/1128 1129/1129/1129 1123/1123/1123 
f 1129/1129/1129 1130/1130/1130 1123/1123/1123 
f 1123/1123/1123 1130/1130/1130 1125/1125/1125 
f 1130/1130/1130 1131/1131/1131 1125/1125/1125 
f 1125/1125/1125 1131/1131/1131 1132/1132/1132 
f 1131/1131/1131 1133/1133/1133 1132/1132/1132 
f 1132/1132/1132 1133/1133/1133 1133/1133/1133 
f 1133/1133/1133 1127/1127/1127 1133/1133/1133 
f 1133/1133/1133 1127/1127/1127 1127/1127/1127 
f 1127/1127/1127 1126/1126/1126 1127/1127/1127 
f 1127/1127/1127 1126/1126/1126 1134/1134/1134 
f 1126/1126/1126 1117/1117/1117 1134/1134/1134 
f 1134/1134/1134 1117/1117/1117 1135/1135/1135 
f 1117/1117/1117 1113/1113/1113 1135/1135/1135 
f 1135/1135/1135 1113/1113/1113 1113/1113/1113 
f 1113/1113/1113 1134/1134/1134 1113/1113/1113 
f 1113/1113/1113 1134/1134/1134 1134/1134/1134 
f 1134/1134/1134 1136/1136/1136 1134/1134/1134 
f 1134/1134/1134 1136/1136/1136 1127/1127/1127 
f 1136/1136/1136 1137/1137/1137 1127/1127/1127 
f 1127/1127/1127 1137/1137/1137 1138/1138/1138 
f 1137/1137/1137 1139/1139/1139 1138/1138/1138 
f 1138/1138/1138 1139/1139/1139 1129/1129/1129 
f 1139/1139/1139 1140/1140/1140 1129/1129/1129 
f 1129/1129/1129 1140/1140/1140 1131/1131/1131 
f 1140/1140/1140 1141/1141/1141 1131/1131/1131 
f 1131/1131/1131 1141/1141/1141 1142/1142/1142 
f 1141/1141/1141 1143/1143/1143 1142/1142/1142 
f 1142/1142/1142 1143/1143/1143 1133/1133/1133 
f 1143/1143/1143 1144/1144/1144 1133/1133/1133 
f 1133/1133/1133 1144/1144/1144 1144/1144/1144 
f 1144/1144/1144 1137/1137/1137 1144/1144/1144 
f 1144/1144/1144 1137/1137/1137 1137/1137/1137 
f 1137/1137/1137 1145/1145/1145 1137/1137/1137 
f 1137/1137/1137 1145/1145/1145 1139/1139/1139 
f 1145/1145/1145 1146/1146/1146 1139/1139/1139 
f 1139/1139/1139 1146/1146/1146 1147/1147/1147 
f 1146/1146/1146 1148/1148/1148 1147/1147/1147 
f 1147/1147/1147 1148/1148/1148 1141/1141/1141 
f 1148/1148/1148 1149/1149/1149 1141/1141/1141 
f 1141/1141/1141 1149/1149/1149 1143/1143/1143 
f 1149/1149/1149 1150/1150/1150 1143/1143/1143 
f 1143/1143/1143 1150/1150/1150 1151/1151/1151 
f 1150/1150/1150 1152/1152/1152 1151/1151/1151 
f 1151/1151/1151 1152/1152/1152 1153/1153/1153 
f 1152/1152/1152 1154/1154/1154 1153/1153/1153 
f 1153/1153/1153 1154/1154/1154 1154/1154/1154 
f 1154/1154/1154 1146/1146/1146 1154/1154/1154 
f 1154/1154/1154 1146/1146/1146 1146/1146/1146 
f 1146/1146/1146 1155/1155/1155 1146/1146/1146 
f 1146/1146/1146 1155/1155/1155 1148/1148/1148 
f 1155/1155/1155 1156/1156/1156 1148/1148/1148 
f 1148/1148/1148 1156/1156/1156 1157/1157/1157 
f 1156/1156/1156 1158/1158/1158 1157/1157/1157 
f 1157/1157/1157 1158/1158/1158 1150/1150/1150 
f 1158/1158/1158 1159/1159/1159 1150/1150/1150 
f 1150/1150/1150 1159/1159/1159 1152/1152/1152 
f 1159/1159/1159 1160/1160/1160 1152/1152/1152 
f 1152/1152/1152 1160/1160/1160 1161/1161/1161 
f 1160/1160/1160 1162/1162/1162 1161/1161/1161 
f 1161/1161/1161 1162/1162/1162 1163/1163/1163 
f 1162/1162/1162 1164/1164/1164 1163/1163/1163 
f 1163/1163/1163 1164/1164/1164 1164/1164/1164 
f 1164/1164/1164 1156/1156/1156 1164/1164/1164 
f 1164/1164/1164 1156/1156/1156 1156/1156/1156 
f 1156/1156/1156 1165/1165/1165 1156/1156/1156 
f 1156/1156/1156 1165/1165/1165 1158/1158/1158 
f 1165/1165/1165 1166/1166/1166 1158/1158/1158 
f 1158/1158/1158 1166/1166/1166 1167/1167/1167 
f 1166/1166/1166 1168/1168/1168 1167/1167/1167 
f 1167/1167/1167 1168/1168/1168 1160/1160/1160 
f 1168/1168/1168 1169/1169/1169 1160/1160/1160 
f 1160/1160/1160 1169/1169/1169 1162/1162/1162 
f 1169/1169/1169 1170/1170/1170 1162/1162/1162 
f 1162/1162/1162 1170/1170/1170 1171/1171/1171 
f 1170/1170/1170 1172/1172/1172 1171/1171/1171 
f 1171/1171/1171 1172/1172/1172 1173/1173/1173 
f 1172/1172/1172 1174/1174/1174 1173/1173/1173 
f 1173/1173/1173 1174/1174/1174 1174/1174/1174 
f 1174/1174/1174 1166/1166/1166 1174/1174/1174 
f 1174/1174/1174 1166/1166/1166 1166/1166/1166 
f 1166/1166/1166 1175/1175/1175 1166/1166/1166 
f 1166/1166/1166 1175/1175/1175 1168/1168/1168 
f 1175/1175/1175 1176/1176/1176 1168/1168/1168 
f 1168/1168/1168 1176/1176/1176 1177/1177/1177 
f 1176/1176/1176 1178/1178/1178 1177/1177/1177 
f 1177/1177/1177 1178/1178/1178 1170/1170/1170 
f 1178/1178/1178 1179/1179/1179 1170/1170/1170 
f 1170/1170/1170 1179/1179/1179 1172/1172/1172 
f 1179/1179/1179 1180/1180/1180 1172/1172/1172 
f 1172/1172/1172 1180/1180/1180 1181/1181/1181 
f 1180/1180/1180 1182/1182/1182 1181/1181/1181 
f 1181/1181/1181 1182/1182/1182 1183/1183/1183 
f 1182/1182/1182 1184/1184/1184 1183/1183/1183 
f 1183/1183/1183 1184/1184/1184 1184/1184/1184 
f 1184/1184/1184 1176/1176/1176 1184/1184/1184 
f 1184/1184/1184 1176/1176/1176 1176/1176/1176 
f 1176/1176/1176 1185/1185/1185 1176/1176/1176 
f 1176/1176/1176 1185/1185/1185 1178/1178/1178 
f 1185/1185/1185 1186/1186/1186 1178/1178/1178 
f 1178/1178/1178 1186/1186/1186 1187/1187/1187 
f 1186/1186/1186 1188/1188/1188 1187/1187/1187 
f 1187/1187/1187 1188/1188/1188 1180/1180/1180 
f 1188/1188/1188 1189/1189/1189 1180/1180/1180 
f 1180/1180/1180 1189/1189/1189 1182/1182/1182 
f 1189/1189/1189 1182/1182/1182 1182/1182/1182 
f 1182/1182/1182 1182/1182/1182 1187/1187/1187 
f 1182/1182/1182 1187/1187/1187 1187/1187/1187 
f 1187/1187/1187 1187/1187/1187 1187/1187/1187 
f 1187/1187/1187 1180/1180/1180 1187/1187/1187 
f 1187/1187/1187 1180/1180/1180 1178/1178/1178 
f 1180/1180/1180 1179/1179/1179 1178/1178/1178 
f 1178/1178/1178 1179/1179/1179 1179/1179/1179 
f 1179/1179/1179 1118/1118/1118 1179/1179/1179 
f 1179/1179/1179 1118/1118/1118 1118/1118/1118 
f 1118/1118/1118 1120/1120/1120 1118/1118/1118 
f 1118/1118/1118 1120/1120/1120 1116/1116/1116 
f 1120/1120/1120 1190/1190/1190 1116/1116/1116 
f 1116/1116/1116 1190/1190/1190 1191/1191/1191 
f 1190/1190/1190 1192/1192/1192 1191/1191/1191 
f 1191/1191/1191 1192/1192/1192 1193/1193/1193 
f 1192/1192/1192 1193/1193/1193 1193/1193/1193 
f 1193/1193/1193 1193/1193/1193 1190/1190/1190 
f 1193/1193/1193 1190/1190/1190 1190/1190/1190 
f 1190/1190/1190 1190/1190/1190 1190/1190/1190 
f 1190/1190/1190 1120/1120/1120 1190/1190/1190 
f 1190/1190/1190 1120/1120/1120 1192/1192/1192 
f 1120/1120/1120 1194/1194/1194 1192/1192/1192 
f 1192/1192/1192 1194/1194/1194 1194/1194/1194 
f 1194/1194/1194 1121/1121/1121 1194/1194/1194 
f 1194/1194/1194 1121/1121/1121 1121/1121/1121 
f 1121/1121/1121 1119/1119/1119 1121/1121/1121 
f 1121/1121/1121 1119/1119/1119 1123/1123/1123 
f 1119/1119/1119 1128/1128/1128 1123/1123/1123 
f 1123/1123/1123 1128/1128/1128 1128/1128/1128 
f 1128/1128/1128 1151/1151/1151 1128/1128/1128 
f 1128/1128/1128 1151/1151/1151 1151/1151/1151 
f 1151/1151/1151 1153/1153/1153 1151/1151/1151 
f 1151/1151/1151 1153/1153/1153 1143/1143/1143 
f 1153/1153/1153 1144/1144/1144 1143/1143/1143 
f 1143/1143/1143 1144/1144/1144 1144/1144/1144 
f 1144/1144/1144 66/66/66 1144/1144/1144 
f 1144/1144/1144 66/66/66 66/66/66 
f 66/66/66 45/45/45 66/66/66 
f 66/66/66 45/45/45 49/49/49 
f 45/45/45 47/47/47 49/49/49 
f 49/49/49 47/47/47 47/47/47 
f 47/47/47 1159/1159/1159 47/47/47 
f 47/47/47 1159/1159/1159 1159/1159/1159 
f 1159/1159/1159 1158/1158/1158 1159/1159/1159 
f 1159/1159/1159 1158/1158/1158 1160/1160/1160 
f 1158/1158/1158 1167/1167/1167 1160/1160/1160 
f 1160/1160/1160 1167/1167/1167 1167/1167/1167 
f 1167/1167/1167 685/685/685 1167/1167/1167 
f 1167/1167/1167 685/685/685 685/685/685 
f 685/685/685 1195/1195/1195 685/685/685 
f 685/685/685 1195/1195/1195 668/668/668 
f 1195/1195/1195 670/670/670 668/668/668 
f 668/668/668 670/670/670 670/670/670 
f 670/670/670 1196/1196/1196 670/670/670 
f 670/670/670 1196/1196/1196 1196/1196/1196 
f 1196/1196/1196 1197/1197/1197 1196/1196/1196 
f 1196/1196/1196 1197/1197/1197 1198/1198/1198 
f 1197/1197/1197 1199/1199/1199 1198/1198/1198 
f 1198/1198/1198 1199/1199/1199 1200/1200/1200 
f 1199/1199/1199 1201/1201/1201 1200/1200/1200 
f 1200/1200/1200 1201/1201/1201 1202/1202/1202 
f 1201/1201/1201 1203/1203/1203 1202/1202/1202 
f 1202/1202/1202 1203/1203/1203 1204/1204/1204 
f 1203/1203/1203 1205/1205/1205 1204/1204/1204 
f 1204/1204/1204 1205/1205/1205 1206/1206/1206 
f 1205/1205/1205 1207/1207/1207 1206/1206/1206 
f 1206/1206/1206 1207/1207/1207 1208/1208/1208 
f 1207/1207/1207 1209/1209/1209 1208/1208/1208 
f 1208/1208/1208 1209/1209/1209 1210/1210/1210 
f 1209/1209/1209 1211/1211/1211 1210/1210/1210 
f 1210/1210/1210 1211/1211/1211 1212/1212/1212 
f 1211/1211/1211 1213/1213/1213 1212/1212/1212 
f 1212/1212/1212 1213/1213/1213 1214/1214/1214 
f 1213/1213/1213 1214/1214/1214 1214/1214/1214 
f 1214/1214/1214 1214/1214/1214 1212/1212/1212 
f 1214/1214/1214 1212/1212/1212 1212/1212/1212 
f 1212/1212/1212 1212/1212/1212 1212/1212/1212 
f 1212/1212/1212 1215/1215/1215 1212/1212/1212 
f 1212/1212/1212 1215/1215/1215 1210/1210/1210 
f 1215/1215/1215 1216/1216/1216 1210/1210/1210 
f 1210/1210/1210 1216/1216/1216 1217/1217/1217 
f 1216/1216/1216 1218/1218/1218 1217/1217/1217 
f 1217/1217/1217 1218/1218/1218 1206/1206/1206 
f 1218/1218/1218 1219/1219/1219 1206/1206/1206 
f 1206/1206/1206 1219/1219/1219 1204/1204/1204 
f 1219/1219/1219 1220/1220/1220 1204/1204/1204 
f 1204/1204/1204 1220/1220/1220 1221/1221/1221 
f 1220/1220/1220 1222/1222/1222 1221/1221/1221 
f 1221/1221/1221 1222/1222/1222 1200/1200/1200 
f 1222/1222/1222 1223/1223/1223 1200/1200/1200 
f 1200/1200/1200 1223/1223/1223 1198/1198/1198 
f 1223/1223/1223 1198/1198/1198 1198/1198/1198 
f 1198/1198/1198 1198/1198/1198 1217/1217/1217 
f 1198/1198/1198 1217/1217/1217 1217/1217/1217 
f 1217/1217/1217 1217/1217/1217 1217/1217/1217 
f 1217/1217/1217 1206/1206/1206 1217/1217/1217 
f 1217/1217/1217 1206/1206/1206 1210/1210/1210 
f 1206/1206/1206 1208/1208/1208 1210/1210/1210 
f 1210/1210/1210 1208/1208/1208 1208/1208/1208 
f 1208/1208/1208 1202/1202/1202 1208/1208/1208 
f 1208/1208/1208 1202/1202/1202 1202/1202/1202 
f 1202/1202/1202 1204/1204/1204 1202/1202/1202 
f 1202/1202/1202 1204/1204/1204 1200/1200/1200 
f 1204/1204/1204 1221/1221/1221 1200/1200/1200 
f 1200/1200/1200 1221/1221/1221 1221/1221/1221 
f 1221/1221/1221 938/938/938 1221/1221/1221 
f 1221/1221/1221 938/938/938 938/938/938 
f 938/938/938 937/937/937 938/938/938 
f 938/938/938 937/937/937 939/939/939 
f 937/937/937 952/952/952 939/939/939 
f 939/939/939 952/952/952 952/952/952 
f 952/952/952 1211/1211/1211 952/952/952 
f 952/952/952 1211/1211/1211 1211/1211/1211 
f 1211/1211/1211 1209/1209/1209 1211/1211/1211 
f 1211/1211/1211 1209/1209/1209 1213/1213/1213 
f 1209/1209/1209 1224/1224/1224 1213/1213/1213 
f 1213/1213/1213 1224/1224/1224 1224/1224/1224 
f 1224/1224/1224 1209/1209/1209 1224/1224/1224 
f 1224/1224/1224 1209/1209/1209 1225/1225/1225 
f 1209/1209/1209 1226/1226/1226 1225/1225/1225 
f 1225/1225/1225 1226/1226/1226 1227/1227/1227 
f 1226/1226/1226 1207/1207/1207 1227/1227/1227 
f 1227/1227/1227 1207/1207/1207 1228/1228/1228 
f 1207/1207/1207 1203/1203/1203 1228/1228/1228 
f 1228/1228/1228 1203/1203/1203 1229/1229/1229 
f 1203/1203/1203 1230/1230/1230 1229/1229/1229 
f 1229/1229/1229 1230/1230/1230 1231/1231/1231 
f 1230/1230/1230 1201/1201/1201 1231/1231/1231 
f 1231/1231/1231 1201/1201/1201 1232/1232/1232 
f 1201/1201/1201 1197/1197/1197 1232/1232/1232 
f 1232/1232/1232 1197/1197/1197 1197/1197/1197 
f 1197/1197/1197 1231/1231/1231 1197/1197/1197 
f 1197/1197/1197 1231/1231/1231 1231/1231/1231 
f 1231/1231/1231 1233/1233/1233 1231/1231/1231 
f 1231/1231/1231 1233/1233/1233 1229/1229/1229 
f 1233/1233/1233 1234/1234/1234 1229/1229/1229 
f 1229/1229/1229 1234/1234/1234 1235/1235/1235 
f 1234/1234/1234 1236/1236/1236 1235/1235/1235 
f 1235/1235/1235 1236/1236/1236 1227/1227/1227 
f 1236/1236/1236 1237/1237/1237 1227/1227/1227 
f 1227/1227/1227 1237/1237/1237 1225/1225/1225 
f 1237/1237/1237 1225/1225/1225 1225/1225/1225 
f 1225/1225/1225 1225/1225/1225 1235/1235/1235 
f 1225/1225/1225 1235/1235/1235 1235/1235/1235 
f 1235/1235/1235 1235/1235/1235 1235/1235/1235 
f 1235/1235/1235 1227/1227/1227 1235/1235/1235 
f 1235/1235/1235 1227/1227/1227 1229/1229/1229 
f 1227/1227/1227 1228/1228/1228 1229/1229/1229 
f 1229/1229/1229 1228/1228/1228 1228/1228/1228 
f 1228/1228/1228 1238/1238/1238 1228/1228/1228 
f 1228/1228/1228 1238/1238/1238 1238/1238/1238 
f 1238/1238/1238 1239/1239/1239 1238/1238/1238 
f 1238/1238/1238 1239/1239/1239 1240/1240/1240 
f 1239/1239/1239 1241/1241/1241 1240/1240/1240 
f 1240/1240/1240 1241/1241/1241 224/224/224 
f 1241/1241/1241 1242/1242/1242 224/224/224 
f 224/224/224 1242/1242/1242 226/226/226 
f 1242/1242/1242 227/227/227 226/226/226 
f 226/226/226 227/227/227 227/227/227 
f 227/227/227 1241/1241/1241 227/227/227 
f 227/227/227 1241/1241/1241 1241/1241/1241 
f 1241/1241/1241 1239/1239/1239 1241/1241/1241 
f 1241/1241/1241 1239/1239/1239 1242/1242/1242 
f 1239/1239/1239 1243/1243/1243 1242/1242/1242 
f 1242/1242/1242 1243/1243/1243 1244/1244/1244 
f 1243/1243/1243 1244/1244/1244 1244/1244/1244 
f 1244/1244/1244 1244/1244/1244 1242/1242/1242 
f 1244/1244/1244 1242/1242/1242 1242/1242/1242 
f 1242/1242/1242 1242/1242/1242 1242/1242/1242 
f 1242/1242/1242 1244/1244/1244 1242/1242/1242 
f 1242/1242/1242 1244/1244/1244 1245/1245/1245 
f 1244/1244/1244 1246/1246/1246 1245/1245/1245 
f 1245/1245/1245 1246/1246/1246 227/227/227 
f 1246/1246/1246 235/235/235 227/227/227 
f 227/227/227 235/235/235 235/235/235 
f 235/235/235 1244/1244/1244 235/235/235 
f 235/235/235 1244/1244/1244 1244/1244/1244 
f 1244/1244/1244 1247/1247/1247 1244/1244/1244 
f 1244/1244/1244 1247/1247/1247 1246/1246/1246 
f 1247/1247/1247 1248/1248/1248 1246/1246/1246 
f 1246/1246/1246 1248/1248/1248 1249/1249/1249 
f 1248/1248/1248 1250/1250/1250 1249/1249/1249 
f 1249/1249/1249 1250/1250/1250 1250/1250/1250 
f 1250/1250/1250 1249/1249/1249 1250/1250/1250 
f 1250/1250/1250 1249/1249/1249 1249/1249/1249 
f 1249/1249/1249 236/236/236 1249/1249/1249 
f 1249/1249/1249 236/236/236 1246/1246/1246 
f 236/236/236 235/235/235 1246/1246/1246 
f 1246/1246/1246 235/235/235 235/235/235 
f 235/235/235 115/115/115 235/235/235 
f 235/235/235 115/115/115 115/115/115 
f 115/115/115 106/106/106 115/115/115 
f 115/115/115 106/106/106 104/104/104 
f 106/106/106 105/105/105 104/104/104 
f 104/104/104 105/105/105 105/105/105 
f 105/105/105 211/211/211 105/105/105 
f 105/105/105 211/211/211 211/211/211 
f 211/211/211 209/209/209 211/211/211 
f 211/211/211 209/209/209 213/213/213 
f 209/209/209 218/218/218 213/213/213 
f 213/213/213 218/218/218 218/218/218 
f 218/218/218 427/427/427 218/218/218 
f 218/218/218 427/427/427 427/427/427 
f 427/427/427 426/426/426 427/427/427 
f 427/427/427 426/426/426 428/428/428 
f 426/426/426 444/444/444 428/428/428 
f 428/428/428 444/444/444 444/444/444 
f 444/444/444 1251/1251/1251 444/444/444 
f 444/444/444 1251/1251/1251 1251/1251/1251 
f 1251/1251/1251 1252/1252/1252 1251/1251/1251 
f 1251/1251/1251 1252/1252/1252 1253/1253/1253 
f 1252/1252/1252 1254/1254/1254 1253/1253/1253 
f 1253/1253/1253 1254/1254/1254 1255/1255/1255 
f 1254/1254/1254 1256/1256/1256 1255/1255/1255 
f 1255/1255/1255 1256/1256/1256 1257/1257/1257 
f 1256/1256/1256 1258/1258/1258 1257/1257/1257 
f 1257/1257/1257 1258/1258/1258 1259/1259/1259 
f 1258/1258/1258 1260/1260/1260 1259/1259/1259 
f 1259/1259/1259 1260/1260/1260 1261/1261/1261 
f 1260/1260/1260 1262/1262/1262 1261/1261/1261 
f 1261/1261/1261 1262/1262/1262 1263/1263/1263 
f 1262/1262/1262 1264/1264/1264 1263/1263/1263 
f 1263/1263/1263 1264/1264/1264 1265/1265/1265 
f 1264/1264/1264 1266/1266/1266 1265/1265/1265 
f 1265/1265/1265 1266/1266/1266 1267/1267/1267 
f 1266/1266/1266 1268/1268/1268 1267/1267/1267 
f 1267/1267/1267 1268/1268/1268 1269/1269/1269 
f 1268/1268/1268 1270/1270/1270 1269/1269/1269 
f 1269/1269/1269 1270/1270/1270 1271/1271/1271 
f 1270/1270/1270 1272/1272/1272 1271/1271/1271 
f 1271/1271/1271 1272/1272/1272 1273/1273/1273 
f 1272/1272/1272 1274/1274/1274 1273/1273/1273 
f 1273/1273/1273 1274/1274/1274 1275/1275/1275 
f 1274/1274/1274 1276/1276/1276 1275/1275/1275 
f 1275/1275/1275 1276/1276/1276 1276/1276/1276 
f 1276/1276/1276 1256/1256/1256 1276/1276/1276 
f 1276/1276/1276 1256/1256/1256 1256/1256/1256 
f 1256/1256/1256 1277/1277/1277 1256/1256/1256 
f 1256/1256/1256 1277/1277/1277 1258/1258/1258 
f 1277/1277/1277 1278/1278/1278 1258/1258/1258 
f 1258/1258/1258 1278/1278/1278 1279/1279/1279 
f 1278/1278/1278 1280/1280/1280 1279/1279/1279 
f 1279/1279/1279 1280/1280/1280 1262/1262/1262 
f 1280/1280/1280 1281/1281/1281 1262/1262/1262 
f 1262/1262/1262 1281/1281/1281 1264/1264/1264 
f 1281/1281/1281 1282/1282/1282 1264/1264/1264 
f 1264/1264/1264 1282/1282/1282 1283/1283/1283 
f 1282/1282/1282 1284/1284/1284 1283/1283/1283 
f 1283/1283/1283 1284/1284/1284 1268/1268/1268 
f 1284/1284/1284 1285/1285/1285 1268/1268/1268 
f 1268/1268/1268 1285/1285/1285 1270/1270/1270 
f 1285/1285/1285 1286/1286/1286 1270/1270/1270 
f 1270/1270/1270 1286/1286/1286 1287/1287/1287 
f 1286/1286/1286 1288/1288/1288 1287/1287/1287 
f 1287/1287/1287 1288/1288/1288 1274/1274/1274 
f 1288/1288/1288 1289/1289/1289 1274/1274/1274 
f 1274/1274/1274 1289/1289/1289 1276/1276/1276 
f 1289/1289/1289 1290/1290/1290 1276/1276/1276 
f 1276/1276/1276 1290/1290/1290 1291/1291/1291 
f 1290/1290/1290 1292/1292/1292 1291/1291/1291 
f 1291/1291/1291 1292/1292/1292 1292/1292/1292 
f 1292/1292/1292 1278/1278/1278 1292/1292/1292 
f 1292/1292/1292 1278/1278/1278 1278/1278/1278 
f 1278/1278/1278 1293/1293/1293 1278/1278/1278 
f 1278/1278/1278 1293/1293/1293 1280/1280/1280 
f 1293/1293/1293 1294/1294/1294 1280/1280/1280 
f 1280/1280/1280 1294/1294/1294 1295/1295/1295 
f 1294/1294/1294 1296/1296/1296 1295/1295/1295 
f 1295/1295/1295 1296/1296/1296 1282/1282/1282 
f 1296/1296/1296 1297/1297/1297 1282/1282/1282 
f 1282/1282/1282 1297/1297/1297 1284/1284/1284 
f 1297/1297/1297 1298/1298/1298 1284/1284/1284 
f 1284/1284/1284 1298/1298/1298 1299/1299/1299 
f 1298/1298/1298 1300/1300/1300 1299/1299/1299 
f 1299/1299/1299 1300/1300/1300 1286/1286/1286 
f 1300/1300/1300 1301/1301/1301 1286/1286/1286 
f 1286/1286/1286 1301/1301/1301 1288/1288/1288 
f 1301/1301/1301 1302/1302/1302 1288/1288/1288 
f 1288/1288/1288 1302/1302/1302 1303/1303/1303 
f 1302/1302/1302 1304/1304/1304 1303/1303/1303 
f 1303/1303/1303 1304/1304/1304 1290/1290/1290 
f 1304/1304/1304 1305/1305/1305 1290/1290/1290 
f 1290/1290/1290 1305/1305/1305 1292/1292/1292 
f 1305/1305/1305 1306/1306/1306 1292/1292/1292 
f 1292/1292/1292 1306/1306/1306 1307/1307/1307 
f 1306/1306/1306 1308/1308/1308 1307/1307/1307 
f 1307/1307/1307 1308/1308/1308 1308/1308/1308 
f 1308/1308/1308 1294/1294/1294 1308/1308/1308 
f 1308/1308/1308 1294/1294/1294 1294/1294/1294 
f 1294/1294/1294 1309/1309/1309 1294/1294/1294 
f 1294/1294/1294 1309/1309/1309 1296/1296/1296 
f 1309/1309/1309 1310/1310/1310 1296/1296/1296 
f 1296/1296/1296 1310/1310/1310 1311/1311/1311 
f 1310/1310/1310 1312/1312/1312 1311/1311/1311 
f 1311/1311/1311 1312/1312/1312 1298/1298/1298 
f 1312/1312/1312 1313/1313/1313 1298/1298/1298 
f 1298/1298/1298 1313/1313/1313 1300/1300/1300 
f 1313/1313/1313 1314/1314/1314 1300/1300/1300 
f 1300/1300/1300 1314/1314/1314 1315/1315/1315 
f 1314/1314/1314 1316/1316/1316 1315/1315/1315 
f 1315/1315/1315 1316/1316/1316 1302/1302/1302 
f 1316/1316/1316 1317/1317/1317 1302/1302/1302 
f 1302/1302/1302 1317/1317/1317 1304/1304/1304 
f 1317/1317/1317 1318/1318/1318 1304/1304/1304 
f 1304/1304/1304 1318/1318/1318 1319/1319/1319 
f 1318/1318/1318 1320/1320/1320 1319/1319/1319 
f 1319/1319/1319 1320/1320/1320 1306/1306/1306 
f 1320/1320/1320 1321/1321/1321 1306/1306/1306 
f 1306/1306/1306 1321/1321/1321 1308/1308/1308 
f 1321/1321/1321 1322/1322/1322 1308/1308/1308 
f 1308/1308/1308 1322/1322/1322 1323/1323/1323 
f 1322/1322/1322 1324/1324/1324 1323/1323/1323 
f 1323/1323/1323 1324/1324/1324 1324/1324/1324 
f 1324/1324/1324 1310/1310/1310 1324/1324/1324 
f 1324/1324/1324 1310/1310/1310 1310/1310/1310 
f 1310/1310/1310 1325/1325/1325 1310/1310/1310 
f 1310/1310/1310 1325/1325/1325 1312/1312/1312 
f 1325/1325/1325 1326/1326/1326 1312/1312/1312 
f 1312/1312/1312 1326/1326/1326 1327/1327/1327 
f 1326/1326/1326 1328/1328/1328 1327/1327/1327 
f 1327/1327/1327 1328/1328/1328 1314/1314/1314 
f 1328/1328/1328 1329/1329/1329 1314/1314/1314 
f 1314/1314/1314 1329/1329/1329 1316/1316/1316 
f 1329/1329/1329 1330/1330/1330 1316/1316/1316 
f 1316/1316/1316 1330/1330/1330 1331/1331/1331 
f 1330/1330/1330 1332/1332/1332 1331/1331/1331 
f 1331/1331/1331 1332/1332/1332 1318/1318/1318 
f 1332/1332/1332 1333/1333/1333 1318/1318/1318 
f 1318/1318/1318 1333/1333/1333 1320/1320/1320 
f 1333/1333/1333 1334/1334/1334 1320/1320/1320 
f 1320/1320/1320 1334/1334/1334 1335/1335/1335 
f 1334/1334/1334 1336/1336/1336 1335/1335/1335 
f 1335/1335/1335 1336/1336/1336 1322/1322/1322 
f 1336/1336/1336 1337/1337/1337 1322/1322/1322 
f 1322/1322/1322 1337/1337/1337 1324/1324/1324 
f 1337/1337/1337 1338/1338/1338 1324/1324/1324 
f 1324/1324/1324 1338/1338/1338 1339/1339/1339 
f 1338/1338/1338 1339/1339/1339 1339/1339/1339 
f 1339/1339/1339 1339/1339/1339 1326/1326/1326 
f 1339/1339/1339 1326/1326/1326 1326/1326/1326 
f 1326/1326/1326 1326/1326/1326 1326/1326/1326 
f 1326/1326/1326 1340/1340/1340 1326/1326/1326 
f 1326/1326/1326 1340/1340/1340 1328/1328/1328 
f 1340/1340/1340 1341/1341/1341 1328/1328/1328 
f 1328/1328/1328 1341/1341/1341 1342/1342/1342 
f 1341/1341/1341 1343/1343/1343 1342/1342/1342 
f 1342/1342/1342 1343/1343/1343 1330/1330/1330 
f 1343/1343/1343 1344/1344/1344 1330/1330/1330 
f 1330/1330/1330 1344/1344/1344 1332/1332/1332 
f 1344/1344/1344 1345/1345/1345 1332/1332/1332 
f 1332/1332/1332 1345/1345/1345 1346/1346/1346 
f 1345/1345/1345 1347/1347/1347 1346/1346/1346 
f 1346/1346/1346 1347/1347/1347 1334/1334/1334 
f 1347/1347/1347 1348/1348/1348 1334/1334/1334 
f 1334/1334/1334 1348/1348/1348 1336/1336/1336 
f 1348/1348/1348 1349/1349/1349 1336/1336/1336 
f 1336/1336/1336 1349/1349/1349 1350/1350/1350 
f 1349/1349/1349 1350/1350/1350 1350/1350/1350 
f 1350/1350/1350 1350/1350/1350 1342/1342/1342 
f 1350/1350/1350 1342/1342/1342 1342/1342/1342 
f 1342/1342/1342 1342/1342/1342 1342/1342/1342 
f 1342/1342/1342 1330/1330/1330 1342/1342/1342 
f 1342/1342/1342 1330/1330/1330 1328/1328/1328 
f 1330/1330/1330 1329/1329/1329 1328/1328/1328 
f 1328/1328/1328 1329/1329/1329 1329/1329/1329 
f 1329/1329/1329 1263/1263/1263 1329/1329/1329 
f 1329/1329/1329 1263/1263/1263 1263/1263/1263 
f 1263/1263/1263 1265/1265/1265 1263/1263/1263 
f 1263/1263/1263 1265/1265/1265 1261/1261/1261 
f 1265/1265/1265 1351/1351/1351 1261/1261/1261 
f 1261/1261/1261 1351/1351/1351 1352/1352/1352 
f 1351/1351/1351 1353/1353/1353 1352/1352/1352 
f 1352/1352/1352 1353/1353/1353 1354/1354/1354 
f 1353/1353/1353 1355/1355/1355 1354/1354/1354 
f 1354/1354/1354 1355/1355/1355 1356/1356/1356 
f 1355/1355/1355 1357/1357/1357 1356/1356/1356 
f 1356/1356/1356 1357/1357/1357 1358/1358/1358 
f 1357/1357/1357 1359/1359/1359 1358/1358/1358 
f 1358/1358/1358 1359/1359/1359 1360/1360/1360 
f 1359/1359/1359 1360/1360/1360 1360/1360/1360 
f 1360/1360/1360 1360/1360/1360 1358/1358/1358 
f 1360/1360/1360 1358/1358/1358 1358/1358/1358 
f 1358/1358/1358 1358/1358/1358 1358/1358/1358 
f 1358/1358/1358 1361/1361/1361 1358/1358/1358 
f 1358/1358/1358 1361/1361/1361 1356/1356/1356 
f 1361/1361/1361 1362/1362/1362 1356/1356/1356 
f 1356/1356/1356 1362/1362/1362 1363/1363/1363 
f 1362/1362/1362 1364/1364/1364 1363/1363/1363 
f 1363/1363/1363 1364/1364/1364 1352/1352/1352 
f 1364/1364/1364 1365/1365/1365 1352/1352/1352 
f 1352/1352/1352 1365/1365/1365 1261/1261/1261 
f 1365/1365/1365 1259/1259/1259 1261/1261/1261 
f 1261/1261/1261 1259/1259/1259 1259/1259/1259 
f 1259/1259/1259 1362/1362/1362 1259/1259/1259 
f 1259/1259/1259 1362/1362/1362 1362/1362/1362 
f 1362/1362/1362 1366/1366/1366 1362/1362/1362 
f 1362/1362/1362 1366/1366/1366 1364/1364/1364 
f 1366/1366/1366 1367/1367/1367 1364/1364/1364 
f 1364/1364/1364 1367/1367/1367 1368/1368/1368 
f 1367/1367/1367 1255/1255/1255 1368/1368/1368 
f 1368/1368/1368 1255/1255/1255 1259/1259/1259 
f 1255/1255/1255 1257/1257/1257 1259/1259/1259 
f 1259/1259/1259 1257/1257/1257 1257/1257/1257 
f 1257/1257/1257 1368/1368/1368 1257/1257/1257 
f 1257/1257/1257 1368/1368/1368 1368/1368/1368 
f 1368/1368/1368 1259/1259/1259 1368/1368/1368 
f 1368/1368/1368 1259/1259/1259 1364/1364/1364 
f 1259/1259/1259 1365/1365/1365 1364/1364/1364 
f 1364/1364/1364 1365/1365/1365 1365/1365/1365 
f 1365/1365/1365 1279/1279/1279 1365/1365/1365 
f 1365/1365/1365 1279/1279/1279 1279/1279/1279 
f 1279/1279/1279 1262/1262/1262 1279/1279/1279 
f 1279/1279/1279 1262/1262/1262 1258/1258/1258 
f 1262/1262/1262 1260/1260/1260 1258/1258/1258 
f 1258/1258/1258 1260/1260/1260 1260/1260/1260 
f 1260/1260/1260 1283/1283/1283 1260/1260/1260 
f 1260/1260/1260 1283/1283/1283 1283/1283/1283 
f 1283/1283/1283 1268/1268/1268 1283/1283/1283 
f 1283/1283/1283 1268/1268/1268 1264/1264/1264 
f 1268/1268/1268 1266/1266/1266 1264/1264/1264 
f 1264/1264/1264 1266/1266/1266 1266/1266/1266 
f 1266/1266/1266 1311/1311/1311 1266/1266/1266 
f 1266/1266/1266 1311/1311/1311 1311/1311/1311 
f 1311/1311/1311 1298/1298/1298 1311/1311/1311 
f 1311/1311/1311 1298/1298/1298 1296/1296/1296 
f 1298/1298/1298 1297/1297/1297 1296/1296/1296 
f 1296/1296/1296 1297/1297/1297 1297/1297/1297 
f 1297/1297/1297 1281/1281/1281 1297/1297/1297 
f 1297/1297/1297 1281/1281/1281 1281/1281/1281 
f 1281/1281/1281 1280/1280/1280 1281/1281/1281 
f 1281/1281/1281 1280/1280/1280 1282/1282/1282 
f 1280/1280/1280 1295/1295/1295 1282/1282/1282 
f 1282/1282/1282 1295/1295/1295 1295/1295/1295 
f 1295/1295/1295 1305/1305/1305 1295/1295/1295 
f 1295/1295/1295 1305/1305/1305 1305/1305/1305 
f 1305/1305/1305 1304/1304/1304 1305/1305/1305 
f 1305/1305/1305 1304/1304/1304 1306/1306/1306 
f 1304/1304/1304 1319/1319/1319 1306/1306/1306 
f 1306/1306/1306 1319/1319/1319 1319/1319/1319 
f 1319/1319/1319 728/728/728 1319/1319/1319 
f 1319/1319/1319 728/728/728 728/728/728 
f 728/728/728 721/721/721 728/728/728 
f 728/728/728 721/721/721 719/719/719 
f 721/721/721 720/720/720 719/719/719 
f 719/719/719 720/720/720 720/720/720 
f 720/720/720 1321/1321/1321 720/720/720 
f 720/720/720 1321/1321/1321 1321/1321/1321 
f 1321/1321/1321 1320/1320/1320 1321/1321/1321 
f 1321/1321/1321 1320/1320/1320 1322/1322/1322 
f 1320/1320/1320 1335/1335/1335 1322/1322/1322 
f 1322/1322/1322 1335/1335/1335 1335/1335/1335 
f 1335/1335/1335 1350/1350/1350 1335/1335/1335 
f 1335/1335/1335 1350/1350/1350 1350/1350/1350 
f 1350/1350/1350 1338/1338/1338 1350/1350/1350 
f 1350/1350/1350 1338/1338/1338 1336/1336/1336 
f 1338/1338/1338 1337/1337/1337 1336/1336/1336 
f 1336/1336/1336 1337/1337/1337 1337/1337/1337 
f 1337/1337/1337 1346/1346/1346 1337/1337/1337 
f 1337/1337/1337 1346/1346/1346 1346/1346/1346 
f 1346/1346/1346 1334/1334/1334 1346/1346/1346 
f 1346/1346/1346 1334/1334/1334 1332/1332/1332 
f 1334/1334/1334 1333/1333/1333 1332/1332/1332 
f 1332/1332/1332 1333/1333/1333 1333/1333/1333 
f 1333/1333/1333 1351/1351/1351 1333/1333/1333 
f 1333/1333/1333 1351/1351/1351 1351/1351/1351 
f 1351/1351/1351 1265/1265/1265 1351/1351/1351 
f 1351/1351/1351 1265/1265/1265 1353/1353/1353 
f 1265/1265/1265 1369/1369/1369 1353/1353/1353 
f 1353/1353/1353 1369/1369/1369 1370/1370/1370 
f 1369/1369/1369 1267/1267/1267 1370/1370/1370 
f 1370/1370/1370 1267/1267/1267 1371/1371/1371 
f 1267/1267/1267 1271/1271/1271 1371/1371/1371 
f 1371/1371/1371 1271/1271/1271 1372/1372/1372 
f 1271/1271/1271 1373/1373/1373 1372/1372/1372 
f 1372/1372/1372 1373/1373/1373 1373/1373/1373 
f 1373/1373/1373 1353/1353/1353 1373/1373/1373 
f 1373/1373/1373 1353/1353/1353 1353/1353/1353 
f 1353/1353/1353 1370/1370/1370 1353/1353/1353 
f 1353/1353/1353 1370/1370/1370 1374/1374/1374 
f 1370/1370/1370 1375/1375/1375 1374/1374/1374 
f 1374/1374/1374 1375/1375/1375 1355/1355/1355 
f 1375/1375/1375 1376/1376/1376 1355/1355/1355 
f 1355/1355/1355 1376/1376/1376 1359/1359/1359 
f 1376/1376/1376 1359/1359/1359 1359/1359/1359 
f 1359/1359/1359 1359/1359/1359 1375/1375/1375 
f 1359/1359/1359 1375/1375/1375 1375/1375/1375 
f 1375/1375/1375 1375/1375/1375 1375/1375/1375 
f 1375/1375/1375 1370/1370/1370 1375/1375/1375 
f 1375/1375/1375 1370/1370/1370 1377/1377/1377 
f 1370/1370/1370 1372/1372/1372 1377/1377/1377 
f 1377/1377/1377 1372/1372/1372 1372/1372/1372 
f 1372/1372/1372 1254/1254/1254 1372/1372/1372 
f 1372/1372/1372 1254/1254/1254 1254/1254/1254 
f 1254/1254/1254 1252/1252/1252 1254/1254/1254 
f 1254/1254/1254 1252/1252/1252 1256/1256/1256 
f 1252/1252/1252 1378/1378/1378 1256/1256/1256 
f 1256/1256/1256 1378/1378/1378 1379/1379/1379 
f 1378/1378/1378 1379/1379/1379 1379/1379/1379 
f 1379/1379/1379 1379/1379/1379 1256/1256/1256 
f 1379/1379/1379 1256/1256/1256 1256/1256/1256 
f 1256/1256/1256 1256/1256/1256 1256/1256/1256 
f 1256/1256/1256 1379/1379/1379 1256/1256/1256 
f 1256/1256/1256 1379/1379/1379 1277/1277/1277 
f 1379/1379/1379 1278/1278/1278 1277/1277/1277 
f 1277/1277/1277 1278/1278/1278 1278/1278/1278 
f 1278/1278/1278 1379/1379/1379 1278/1278/1278 
f 1278/1278/1278 1379/1379/1379 1379/1379/1379 
f 1379/1379/1379 1380/1380/1380 1379/1379/1379 
f 1379/1379/1379 1380/1380/1380 1278/1278/1278 
f 1380/1380/1380 1381/1381/1381 1278/1278/1278 
f 1278/1278/1278 1381/1381/1381 1293/1293/1293 
f 1381/1381/1381 1294/1294/1294 1293/1293/1293 
f 1293/1293/1293 1294/1294/1294 1294/1294/1294 
f 1294/1294/1294 1381/1381/1381 1294/1294/1294 
f 1294/1294/1294 1381/1381/1381 1381/1381/1381 
f 1381/1381/1381 1382/1382/1382 1381/1381/1381 
f 1381/1381/1381 1382/1382/1382 1294/1294/1294 
f 1382/1382/1382 1383/1383/1383 1294/1294/1294 
f 1294/1294/1294 1383/1383/1383 1309/1309/1309 
f 1383/1383/1383 1310/1310/1310 1309/1309/1309 
f 1309/1309/1309 1310/1310/1310 1310/1310/1310 
f 1310/1310/1310 1383/1383/1383 1310/1310/1310 
f 1310/1310/1310 1383/1383/1383 1383/1383/1383 
f 1383/1383/1383 1384/1384/1384 1383/1383/1383 
f 1383/1383/1383 1384/1384/1384 1310/1310/1310 
f 1384/1384/1384 1385/1385/1385 1310/1310/1310 
f 1310/1310/1310 1385/1385/1385 1325/1325/1325 
f 1385/1385/1385 1326/1326/1326 1325/1325/1325 
f 1325/1325/1325 1326/1326/1326 1326/1326/1326 
f 1326/1326/1326 1385/1385/1385 1326/1326/1326 
f 1326/1326/1326 1385/1385/1385 1385/1385/1385 
f 1385/1385/1385 1386/1386/1386 1385/1385/1385 
f 1385/1385/1385 1386/1386/1386 1326/1326/1326 
f 1386/1386/1386 1387/1387/1387 1326/1326/1326 
f 1326/1326/1326 1387/1387/1387 1340/1340/1340 
f 1387/1387/1387 1341/1341/1341 1340/1340/1340 
f 1340/1340/1340 1341/1341/1341 1341/1341/1341 
f 1341/1341/1341 1387/1387/1387 1341/1341/1341 
f 1341/1341/1341 1387/1387/1387 1387/1387/1387 
f 1387/1387/1387 1388/1388/1388 1387/1387/1387 
f 1387/1387/1387 1388/1388/1388 1341/1341/1341 
f 1388/1388/1388 1389/1389/1389 1341/1341/1341 
f 1341/1341/1341 1389/1389/1389 1390/1390/1390 
f 1389/1389/1389 1391/1391/1391 1390/1390/1390 
f 1390/1390/1390 1391/1391/1391 1343/1343/1343 
f 1391/1391/1391 1392/1392/1392 1343/1343/1343 
f 1343/1343/1343 1392/1392/1392 1345/1345/1345 
f 1392/1392/1392 1393/1393/1393 1345/1345/1345 
f 1345/1345/1345 1393/1393/1393 1394/1394/1394 
f 1393/1393/1393 1395/1395/1395 1394/1394/1394 
f 1394/1394/1394 1395/1395/1395 1347/1347/1347 
f 1395/1395/1395 1396/1396/1396 1347/1347/1347 
f 1347/1347/1347 1396/1396/1396 1349/1349/1349 
f 1396/1396/1396 1349/1349/1349 1349/1349/1349 
f 1349/1349/1349 1349/1349/1349 1389/1389/1389 
f 1349/1349/1349 1389/1389/1389 1389/1389/1389 
f 1389/1389/1389 1389/1389/1389 1389/1389/1389 
f 1389/1389/1389 1397/1397/1397 1389/1389/1389 
f 1389/1389/1389 1397/1397/1397 1391/1391/1391 
f 1397/1397/1397 1398/1398/1398 1391/1391/1391 
f 1391/1391/1391 1398/1398/1398 1399/1399/1399 
f 1398/1398/1398 1400/1400/1400 1399/1399/1399 
f 1399/1399/1399 1400/1400/1400 1393/1393/1393 
f 1400/1400/1400 1401/1401/1401 1393/1393/1393 
f 1393/1393/1393 1401/1401/1401 1395/1395/1395 
f 1401/1401/1401 1395/1395/1395 1395/1395/1395 
f 1395/1395/1395 1395/1395/1395 1399/1399/1399 
f 1395/1395/1395 1399/1399/1399 1399/1399/1399 
f 1399/1399/1399 1399/1399/1399 1399/1399/1399 
f 1399/1399/1399 1393/1393/1393 1399/1399/1399 
f 1399/1399/1399 1393/1393/1393 1391/1391/1391 
f 1393/1393/1393 1392/1392/1392 1391/1391/1391 
f 1391/1391/1391 1392/1392/1392 1392/1392/1392 
f 1392/1392/1392 1400/1400/1400 1392/1392/1392 
f 1392/1392/1392 1400/1400/1400 1400/1400/1400 
f 1400/1400/1400 1398/1398/1398 1400/1400/1400 
f 1400/1400/1400 1398/1398/1398 1402/1402/1402 
f 1398/1398/1398 1403/1403/1403 1402/1402/1402 
f 1402/1402/1402 1403/1403/1403 1403/1403/1403 
f 1403/1403/1403 1398/1398/1398 1403/1403/1403 
f 1403/1403/1403 1398/1398/1398 1404/1404/1404 
f 1398/1398/1398 1405/1405/1405 1404/1404/1404 
f 1404/1404/1404 1405/1405/1405 1406/1406/1406 
f 1405/1405/1405 1407/1407/1407 1406/1406/1406 
f 1406/1406/1406 1407/1407/1407 1408/1408/1408 
f 1407/1407/1407 1409/1409/1409 1408/1408/1408 
f 1408/1408/1408 1409/1409/1409 1410/1410/1410 
f 1409/1409/1409 1411/1411/1411 1410/1410/1410 
f 1410/1410/1410 1411/1411/1411 1412/1412/1412 
f 1411/1411/1411 1413/1413/1413 1412/1412/1412 
f 1412/1412/1412 1413/1413/1413 1414/1414/1414 
f 1413/1413/1413 1415/1415/1415 1414/1414/1414 
f 1414/1414/1414 1415/1415/1415 1416/1416/1416 
f 1415/1415/1415 1417/1417/1417 1416/1416/1416 
f 1416/1416/1416 1417/1417/1417 1418/1418/1418 
f 1417/1417/1417 1419/1419/1419 1418/1418/1418 
f 1418/1418/1418 1419/1419/1419 1420/1420/1420 
f 1419/1419/1419 1420/1420/1420 1420/1420/1420 
f 1420/1420/1420 1420/1420/1420 1398/1398/1398 
f 1420/1420/1420 1398/1398/1398 1398/1398/1398 
f 1398/1398/1398 1398/1398/1398 1398/1398/1398 
f 1398/1398/1398 1397/1397/1397 1398/1398/1398 
f 1398/1398/1398 1397/1397/1397 1405/1405/1405 
f 1397/1397/1397 1389/1389/1389 1405/1405/1405 
f 1405/1405/1405 1389/1389/1389 1421/1421/1421 
f 1389/1389/1389 1422/1422/1422 1421/1421/1421 
f 1421/1421/1421 1422/1422/1422 1409/1409/1409 
f 1422/1422/1422 1423/1423/1423 1409/1409/1409 
f 1409/1409/1409 1423/1423/1423 1411/1411/1411 
f 1423/1423/1423 1424/1424/1424 1411/1411/1411 
f 1411/1411/1411 1424/1424/1424 1425/1425/1425 
f 1424/1424/1424 1426/1426/1426 1425/1425/1425 
f 1425/1425/1425 1426/1426/1426 1415/1415/1415 
f 1426/1426/1426 1427/1427/1427 1415/1415/1415 
f 1415/1415/1415 1427/1427/1427 1417/1417/1417 
f 1427/1427/1427 1417/1417/1417 1417/1417/1417 
f 1417/1417/1417 1417/1417/1417 1389/1389/1389 
f 1417/1417/1417 1389/1389/1389 1389/1389/1389 
f 1389/1389/1389 1389/1389/1389 1389/1389/1389 
f 1389/1389/1389 1388/1388/1388 1389/1389/1389 
f 1389/1389/1389 1388/1388/1388 1422/1422/1422 
f 1388/1388/1388 1387/1387/1387 1422/1422/1422 
f 1422/1422/1422 1387/1387/1387 1428/1428/1428 
f 1387/1387/1387 1429/1429/1429 1428/1428/1428 
f 1428/1428/1428 1429/1429/1429 1424/1424/1424 
f 1429/1429/1429 1430/1430/1430 1424/1424/1424 
f 1424/1424/1424 1430/1430/1430 1426/1426/1426 
f 1430/1430/1430 1426/1426/1426 1426/1426/1426 
f 1426/1426/1426 1426/1426/1426 1387/1387/1387 
f 1426/1426/1426 1387/1387/1387 1387/1387/1387 
f 1387/1387/1387 1387/1387/1387 1387/1387/1387 
f 1387/1387/1387 1386/1386/1386 1387/1387/1387 
f 1387/1387/1387 1386/1386/1386 1429/1429/1429 
f 1386/1386/1386 1385/1385/1385 1429/1429/1429 
f 1429/1429/1429 1385/1385/1385 1431/1431/1431 
f 1385/1385/1385 1432/1432/1432 1431/1431/1431 
f 1431/1431/1431 1432/1432/1432 1433/1433/1433 
f 1432/1432/1432 1434/1434/1434 1433/1433/1433 
f 1433/1433/1433 1434/1434/1434 1434/1434/1434 
f 1434/1434/1434 1431/1431/1431 1434/1434/1434 
f 1434/1434/1434 1431/1431/1431 1431/1431/1431 
f 1431/1431/1431 1433/1433/1433 1431/1431/1431 
f 1431/1431/1431 1433/1433/1433 1429/1429/1429 
f 1433/1433/1433 1430/1430/1430 1429/1429/1429 
f 1429/1429/1429 1430/1430/1430 1430/1430/1430 
f 1430/1430/1430 97/97/97 1430/1430/1430 
f 1430/1430/1430 97/97/97 97/97/97 
f 97/97/97 96/96/96 97/97/97 
f 97/97/97 96/96/96 98/98/98 
f 96/96/96 107/107/107 98/98/98 
f 98/98/98 107/107/107 107/107/107 
f 107/107/107 1404/1404/1404 107/107/107 
f 107/107/107 1404/1404/1404 1404/1404/1404 
f 1404/1404/1404 1406/1406/1406 1404/1404/1404 
f 1404/1404/1404 1406/1406/1406 1403/1403/1403 
f 1406/1406/1406 1435/1435/1435 1403/1403/1403 
f 1403/1403/1403 1435/1435/1435 1435/1435/1435 
f 1435/1435/1435 1406/1406/1406 1435/1435/1435 
f 1435/1435/1435 1406/1406/1406 1436/1436/1436 
f 1406/1406/1406 1437/1437/1437 1436/1436/1436 
f 1436/1436/1436 1437/1437/1437 1438/1438/1438 
f 1437/1437/1437 1408/1408/1408 1438/1438/1438 
f 1438/1438/1438 1408/1408/1408 1439/1439/1439 
f 1408/1408/1408 1412/1412/1412 1439/1439/1439 
f 1439/1439/1439 1412/1412/1412 1440/1440/1440 
f 1412/1412/1412 1441/1441/1441 1440/1440/1440 
f 1440/1440/1440 1441/1441/1441 1442/1442/1442 
f 1441/1441/1441 1414/1414/1414 1442/1442/1442 
f 1442/1442/1442 1414/1414/1414 1443/1443/1443 
f 1414/1414/1414 1418/1418/1418 1443/1443/1443 
f 1443/1443/1443 1418/1418/1418 1444/1444/1444 
f 1418/1418/1418 1445/1445/1445 1444/1444/1444 
f 1444/1444/1444 1445/1445/1445 1446/1446/1446 
f 1445/1445/1445 1420/1420/1420 1446/1446/1446 
f 1446/1446/1446 1420/1420/1420 1447/1447/1447 
f 1420/1420/1420 1447/1447/1447 1447/1447/1447 
f 1447/1447/1447 1447/1447/1447 1446/1446/1446 
f 1447/1447/1447 1446/1446/1446 1446/1446/1446 
f 1446/1446/1446 1446/1446/1446 1446/1446/1446 
f 1446/1446/1446 1448/1448/1448 1446/1446/1446 
f 1446/1446/1446 1448/1448/1448 1444/1444/1444 
f 1448/1448/1448 1449/1449/1449 1444/1444/1444 
f 1444/1444/1444 1449/1449/1449 1450/1450/1450 
f 1449/1449/1449 1451/1451/1451 1450/1450/1450 
f 1450/1450/1450 1451/1451/1451 1442/1442/1442 
f 1451/1451/1451 1452/1452/1452 1442/1442/1442 
f 1442/1442/1442 1452/1452/1452 1440/1440/1440 
f 1452/1452/1452 1453/1453/1453 1440/1440/1440 
f 1440/1440/1440 1453/1453/1453 1454/1454/1454 
f 1453/1453/1453 1455/1455/1455 1454/1454/1454 
f 1454/1454/1454 1455/1455/1455 1438/1438/1438 
f 1455/1455/1455 1456/1456/1456 1438/1438/1438 
f 1438/1438/1438 1456/1456/1456 1436/1436/1436 
f 1456/1456/1456 1436/1436/1436 1436/1436/1436 
f 1436/1436/1436 1436/1436/1436 1450/1450/1450 
f 1436/1436/1436 1450/1450/1450 1450/1450/1450 
f 1450/1450/1450 1450/1450/1450 1450/1450/1450 
f 1450/1450/1450 1442/1442/1442 1450/1450/1450 
f 1450/1450/1450 1442/1442/1442 1444/1444/1444 
f 1442/1442/1442 1443/1443/1443 1444/1444/1444 
f 1444/1444/1444 1443/1443/1443 1443/1443/1443 
f 1443/1443/1443 408/408/408 1443/1443/1443 
f 1443/1443/1443 408/408/408 408/408/408 
f 408/408/408 407/407/407 408/408/408 
f 408/408/408 407/407/407 409/409/409 
f 407/407/407 429/429/429 409/409/409 
f 409/409/409 429/429/429 429/429/429 
f 429/429/429 1421/1421/1421 429/429/429 
f 429/429/429 1421/1421/1421 1421/1421/1421 
f 1421/1421/1421 1409/1409/1409 1421/1421/1421 
f 1421/1421/1421 1409/1409/1409 1405/1405/1405 
f 1409/1409/1409 1407/1407/1407 1405/1405/1405 
f 1405/1405/1405 1407/1407/1407 1407/1407/1407 
f 1407/1407/1407 1367/1367/1367 1407/1407/1407 
f 1407/1407/1407 1367/1367/1367 1367/1367/1367 
f 1367/1367/1367 1457/1457/1457 1367/1367/1367 
f 1367/1367/1367 1457/1457/1457 1255/1255/1255 
f 1457/1457/1457 1253/1253/1253 1255/1255/1255 
f 1255/1255/1255 1253/1253/1253 1253/1253/1253 
f 1253/1253/1253 1439/1439/1439 1253/1253/1253 
f 1253/1253/1253 1439/1439/1439 1439/1439/1439 
f 1439/1439/1439 1440/1440/1440 1439/1439/1439 
f 1439/1439/1439 1440/1440/1440 1438/1438/1438 
f 1440/1440/1440 1454/1454/1454 1438/1438/1438 
f 1438/1438/1438 1454/1454/1454 1454/1454/1454 
f 1454/1454/1454 1327/1327/1327 1454/1454/1454 
f 1454/1454/1454 1327/1327/1327 1327/1327/1327 
f 1327/1327/1327 1314/1314/1314 1327/1327/1327 
f 1327/1327/1327 1314/1314/1314 1312/1312/1312 
f 1314/1314/1314 1313/1313/1313 1312/1312/1312 
f 1312/1312/1312 1313/1313/1313 1313/1313/1313 
f 1313/1313/1313 918/918/918 1313/1313/1313 
f 1313/1313/1313 918/918/918 918/918/918 
f 918/918/918 917/917/917 918/918/918 
f 918/918/918 917/917/917 919/919/919 
f 917/917/917 932/932/932 919/919/919 
f 919/919/919 932/932/932 932/932/932 
f 932/932/932 1458/1458/1458 932/932/932 
f 932/932/932 1458/1458/1458 1458/1458/1458 
f 1458/1458/1458 1459/1459/1459 1458/1458/1458 
f 1458/1458/1458 1459/1459/1459 1460/1460/1460 
f 1459/1459/1459 1461/1461/1461 1460/1460/1460 
f 1460/1460/1460 1461/1461/1461 1462/1462/1462 
f 1461/1461/1461 1463/1463/1463 1462/1462/1462 
f 1462/1462/1462 1463/1463/1463 1464/1464/1464 
f 1463/1463/1463 1465/1465/1465 1464/1464/1464 
f 1464/1464/1464 1465/1465/1465 1466/1466/1466 
f 1465/1465/1465 1467/1467/1467 1466/1466/1466 
f 1466/1466/1466 1467/1467/1467 1468/1468/1468 
f 1467/1467/1467 1469/1469/1469 1468/1468/1468 
f 1468/1468/1468 1469/1469/1469 1470/1470/1470 
f 1469/1469/1469 1471/1471/1471 1470/1470/1470 
f 1470/1470/1470 1471/1471/1471 1472/1472/1472 
f 1471/1471/1471 1473/1473/1473 1472/1472/1472 
f 1472/1472/1472 1473/1473/1473 1474/1474/1474 
f 1473/1473/1473 1475/1475/1475 1474/1474/1474 
f 1474/1474/1474 1475/1475/1475 1476/1476/1476 
f 1475/1475/1475 1477/1477/1477 1476/1476/1476 
f 1476/1476/1476 1477/1477/1477 1478/1478/1478 
f 1477/1477/1477 1479/1479/1479 1478/1478/1478 
f 1478/1478/1478 1479/1479/1479 1480/1480/1480 
f 1479/1479/1479 1481/1481/1481 1480/1480/1480 
f 1480/1480/1480 1481/1481/1481 1482/1482/1482 
f 1481/1481/1481 1483/1483/1483 1482/1482/1482 
f 1482/1482/1482 1483/1483/1483 1483/1483/1483 
f 1483/1483/1483 1463/1463/1463 1483/1483/1483 
f 1483/1483/1483 1463/1463/1463 1463/1463/1463 
f 1463/1463/1463 1484/1484/1484 1463/1463/1463 
f 1463/1463/1463 1484/1484/1484 1465/1465/1465 
f 1484/1484/1484 1485/1485/1485 1465/1465/1465 
f 1465/1465/1465 1485/1485/1485 1486/1486/1486 
f 1485/1485/1485 1487/1487/1487 1486/1486/1486 
f 1486/1486/1486 1487/1487/1487 1469/1469/1469 
f 1487/1487/1487 1488/1488/1488 1469/1469/1469 
f 1469/1469/1469 1488/1488/1488 1471/1471/1471 
f 1488/1488/1488 1489/1489/1489 1471/1471/1471 
f 1471/1471/1471 1489/1489/1489 1490/1490/1490 
f 1489/1489/1489 1491/1491/1491 1490/1490/1490 
f 1490/1490/1490 1491/1491/1491 1475/1475/1475 
f 1491/1491/1491 1492/1492/1492 1475/1475/1475 
f 1475/1475/1475 1492/1492/1492 1477/1477/1477 
f 1492/1492/1492 1493/1493/1493 1477/1477/1477 
f 1477/1477/1477 1493/1493/1493 1494/1494/1494 
f 1493/1493/1493 1495/1495/1495 1494/1494/1494 
f 1494/1494/1494 1495/1495/1495 1481/1481/1481 
f 1495/1495/1495 1496/1496/1496 1481/1481/1481 
f 1481/1481/1481 1496/1496/1496 1483/1483/1483 
f 1496/1496/1496 1497/1497/1497 1483/1483/1483 
f 1483/1483/1483 1497/1497/1497 1498/1498/1498 
f 1497/1497/1497 1499/1499/1499 1498/1498/1498 
f 1498/1498/1498 1499/1499/1499 1499/1499/1499 
f 1499/1499/1499 1485/1485/1485 1499/1499/1499 
f 1499/1499/1499 1485/1485/1485 1485/1485/1485 
f 1485/1485/1485 1500/1500/1500 1485/1485/1485 
f 1485/1485/1485 1500/1500/1500 1487/1487/1487 
f 1500/1500/1500 1501/1501/1501 1487/1487/1487 
f 1487/1487/1487 1501/1501/1501 1502/1502/1502 
f 1501/1501/1501 1503/1503/1503 1502/1502/1502 
f 1502/1502/1502 1503/1503/1503 1489/1489/1489 
f 1503/1503/1503 1504/1504/1504 1489/1489/1489 
f 1489/1489/1489 1504/1504/1504 1491/1491/1491 
f 1504/1504/1504 1505/1505/1505 1491/1491/1491 
f 1491/1491/1491 1505/1505/1505 1506/1506/1506 
f 1505/1505/1505 1507/1507/1507 1506/1506/1506 
f 1506/1506/1506 1507/1507/1507 1493/1493/1493 
f 1507/1507/1507 1508/1508/1508 1493/1493/1493 
f 1493/1493/1493 1508/1508/1508 1495/1495/1495 
f 1508/1508/1508 1509/1509/1509 1495/1495/1495 
f 1495/1495/1495 1509/1509/1509 1510/1510/1510 
f 1509/1509/1509 1511/1511/1511 1510/1510/1510 
f 1510/1510/1510 1511/1511/1511 1497/1497/1497 
f 1511/1511/1511 1512/1512/1512 1497/1497/1497 
f 1497/1497/1497 1512/1512/1512 1499/1499/1499 
f 1512/1512/1512 1513/1513/1513 1499/1499/1499 
f 1499/1499/1499 1513/1513/1513 1514/1514/1514 
f 1513/1513/1513 1515/1515/1515 1514/1514/1514 
f 1514/1514/1514 1515/1515/1515 1515/1515/1515 
f 1515/1515/1515 1501/1501/1501 1515/1515/1515 
f 1515/1515/1515 1501/1501/1501 1501/1501/1501 
f 1501/1501/1501 1516/1516/1516 1501/1501/1501 
f 1501/1501/1501 1516/1516/1516 1503/1503/1503 
f 1516/1516/1516 1517/1517/1517 1503/1503/1503 
f 1503/1503/1503 1517/1517/1517 1518/1518/1518 
f 1517/1517/1517 1519/1519/1519 1518/1518/1518 
f 1518/1518/1518 1519/1519/1519 1505/1505/1505 
f 1519/1519/1519 1520/1520/1520 1505/1505/1505 
f 1505/1505/1505 1520/1520/1520 1507/1507/1507 
f 1520/1520/1520 1521/1521/1521 1507/1507/1507 
f 1507/1507/1507 1521/1521/1521 1522/1522/1522 
f 1521/1521/1521 1523/1523/1523 1522/1522/1522 
f 1522/1522/1522 1523/1523/1523 1509/1509/1509 
f 1523/1523/1523 1524/1524/1524 1509/1509/1509 
f 1509/1509/1509 1524/1524/1524 1511/1511/1511 
f 1524/1524/1524 1525/1525/1525 1511/1511/1511 
f 1511/1511/1511 1525/1525/1525 1526/1526/1526 
f 1525/1525/1525 1527/1527/1527 1526/1526/1526 
f 1526/1526/1526 1527/1527/1527 1513/1513/1513 
f 1527/1527/1527 1528/1528/1528 1513/1513/1513 
f 1513/1513/1513 1528/1528/1528 1515/1515/1515 
f 1528/1528/1528 1529/1529/1529 1515/1515/1515 
f 1515/1515/1515 1529/1529/1529 1530/1530/1530 
f 1529/1529/1529 1531/1531/1531 1530/1530/1530 
f 1530/1530/1530 1531/1531/1531 1531/1531/1531 
f 1531/1531/1531 1517/1517/1517 1531/1531/1531 
f 1531/1531/1531 1517/1517/1517 1517/1517/1517 
f 1517/1517/1517 1532/1532/1532 1517/1517/1517 
f 1517/1517/1517 1532/1532/1532 1519/1519/1519 
f 1532/1532/1532 1533/1533/1533 1519/1519/1519 
f 1519/1519/1519 1533/1533/1533 1534/1534/1534 
f 1533/1533/1533 1535/1535/1535 1534/1534/1534 
f 1534/1534/1534 1535/1535/1535 1521/1521/1521 
f 1535/1535/1535 1536/1536/1536 1521/1521/1521 
f 1521/1521/1521 1536/1536/1536 1523/1523/1523 
f 1536/1536/1536 1537/1537/1537 1523/1523/1523 
f 1523/1523/1523 1537/1537/1537 1538/1538/1538 
f 1537/1537/1537 1539/1539/1539 1538/1538/1538 
f 1538/1538/1538 1539/1539/1539 1525/1525/1525 
f 1539/1539/1539 1540/1540/1540 1525/1525/1525 
f 1525/1525/1525 1540/1540/1540 1527/1527/1527 
f 1540/1540/1540 1541/1541/1541 1527/1527/1527 
f 1527/1527/1527 1541/1541/1541 1542/1542/1542 
f 1541/1541/1541 1543/1543/1543 1542/1542/1542 
f 1542/1542/1542 1543/1543/1543 1529/1529/1529 
f 1543/1543/1543 1544/1544/1544 1529/1529/1529 
f 1529/1529/1529 1544/1544/1544 1531/1531/1531 
f 1544/1544/1544 1545/1545/1545 1531/1531/1531 
f 1531/1531/1531 1545/1545/1545 1546/1546/1546 
f 1545/1545/1545 1546/1546/1546 1546/1546/1546 
f 1546/1546/1546 1546/1546/1546 1533/1533/1533 
f 1546/1546/1546 1533/1533/1533 1533/1533/1533 
f 1533/1533/1533 1533/1533/1533 1533/1533/1533 
f 1533/1533/1533 1547/1547/1547 1533/1533/1533 
f 1533/1533/1533 1547/1547/1547 1535/1535/1535 
f 1547/1547/1547 1548/1548/1548 1535/1535/1535 
f 1535/1535/1535 1548/1548/1548 1549/1549/1549 
f 1548/1548/1548 1550/1550/1550 1549/1549/1549 
f 1549/1549/1549 1550/1550/1550 1537/1537/1537 
f 1550/1550/1550 1551/1551/1551 1537/1537/1537 
f 1537/1537/1537 1551/1551/1551 1539/1539/1539 
f 1551/1551/1551 1552/1552/1552 1539/1539/1539 
f 1539/1539/1539 1552/1552/1552 1553/1553/1553 
f 1552/1552/1552 1554/1554/1554 1553/1553/1553 
f 1553/1553/1553 1554/1554/1554 1541/1541/1541 
f 1554/1554/1554 1555/1555/1555 1541/1541/1541 
f 1541/1541/1541 1555/1555/1555 1543/1543/1543 
f 1555/1555/1555 1556/1556/1556 1543/1543/1543 
f 1543/1543/1543 1556/1556/1556 1557/1557/1557 
f 1556/1556/1556 1557/1557/1557 1557/1557/1557 
f 1557/1557/1557 1557/1557/1557 1549/1549/1549 
f 1557/1557/1557 1549/1549/1549 1549/1549/1549 
f 1549/1549/1549 1549/1549/1549 1549/1549/1549 
f 1549/1549/1549 1537/1537/1537 1549/1549/1549 
f 1549/1549/1549 1537/1537/1537 1535/1535/1535 
f 1537/1537/1537 1536/1536/1536 1535/1535/1535 
f 1535/1535/1535 1536/1536/1536 1536/1536/1536 
f 1536/1536/1536 1467/1467/1467 1536/1536/1536 
f 1536/1536/1536 1467/1467/1467 1467/1467/1467 
f 1467/1467/1467 1465/1465/1465 1467/1467/1467 
f 1467/1467/1467 1465/1465/1465 1469/1469/1469 
f 1465/1465/1465 1486/1486/1486 1469/1469/1469 
f 1469/1469/1469 1486/1486/1486 1486/1486/1486 
f 1486/1486/1486 1558/1558/1558 1486/1486/1486 
f 1486/1486/1486 1558/1558/1558 1558/1558/1558 
f 1558/1558/1558 1559/1559/1559 1558/1558/1558 
f 1558/1558/1558 1559/1559/1559 1560/1560/1560 
f 1559/1559/1559 1561/1561/1561 1560/1560/1560 
f 1560/1560/1560 1561/1561/1561 1562/1562/1562 
f 1561/1561/1561 1563/1563/1563 1562/1562/1562 
f 1562/1562/1562 1563/1563/1563 1564/1564/1564 
f 1563/1563/1563 1564/1564/1564 1564/1564/1564 
f 1564/1564/1564 1564/1564/1564 1561/1561/1561 
f 1564/1564/1564 1561/1561/1561 1561/1561/1561 
f 1561/1561/1561 1561/1561/1561 1561/1561/1561 
f 1561/1561/1561 1559/1559/1559 1561/1561/1561 
f 1561/1561/1561 1559/1559/1559 1563/1563/1563 
f 1559/1559/1559 1565/1565/1565 1563/1563/1563 
f 1563/1563/1563 1565/1565/1565 1565/1565/1565 
f 1565/1565/1565 1538/1538/1538 1565/1565/1565 
f 1565/1565/1565 1538/1538/1538 1538/1538/1538 
f 1538/1538/1538 1525/1525/1525 1538/1538/1538 
f 1538/1538/1538 1525/1525/1525 1523/1523/1523 
f 1525/1525/1525 1524/1524/1524 1523/1523/1523 
f 1523/1523/1523 1524/1524/1524 1524/1524/1524 
f 1524/1524/1524 1512/1512/1512 1524/1524/1524 
f 1524/1524/1524 1512/1512/1512 1512/1512/1512 
f 1512/1512/1512 1511/1511/1511 1512/1512/1512 
f 1512/1512/1512 1511/1511/1511 1513/1513/1513 
f 1511/1511/1511 1526/1526/1526 1513/1513/1513 
f 1513/1513/1513 1526/1526/1526 1526/1526/1526 
f 1526/1526/1526 1522/1522/1522 1526/1526/1526 
f 1526/1526/1526 1522/1522/1522 1522/1522/1522 
f 1522/1522/1522 1509/1509/1509 1522/1522/1522 
f 1522/1522/1522 1509/1509/1509 1507/1507/1507 
f 1509/1509/1509 1508/1508/1508 1507/1507/1507 
f 1507/1507/1507 1508/1508/1508 1508/1508/1508 
f 1508/1508/1508 1528/1528/1528 1508/1508/1508 
f 1508/1508/1508 1528/1528/1528 1528/1528/1528 
f 1528/1528/1528 1527/1527/1527 1528/1528/1528 
f 1528/1528/1528 1527/1527/1527 1529/1529/1529 
f 1527/1527/1527 1542/1542/1542 1529/1529/1529 
f 1529/1529/1529 1542/1542/1542 1542/1542/1542 
f 1542/1542/1542 1490/1490/1490 1542/1542/1542 
f 1542/1542/1542 1490/1490/1490 1490/1490/1490 
f 1490/1490/1490 1475/1475/1475 1490/1490/1490 
f 1490/1490/1490 1475/1475/1475 1471/1471/1471 
f 1475/1475/1475 1473/1473/1473 1471/1471/1471 
f 1471/1471/1471 1473/1473/1473 1473/1473/1473 
f 1473/1473/1473 1520/1520/1520 1473/1473/1473 
f 1473/1473/1473 1520/1520/1520 1520/1520/1520 
f 1520/1520/1520 1519/1519/1519 1520/1520/1520 
f 1520/1520/1520 1519/1519/1519 1521/1521/1521 
f 1519/1519/1519 1534/1534/1534 1521/1521/1521 
f 1521/1521/1521 1534/1534/1534 1534/1534/1534 
f 1534/1534/1534 1496/1496/1496 1534/1534/1534 
f 1534/1534/1534 1496/1496/1496 1496/1496/1496 
f 1496/1496/1496 1495/1495/1495 1496/1496/1496 
f 1496/1496/1496 1495/1495/1495 1497/1497/1497 
f 1495/1495/1495 1510/1510/1510 1497/1497/1497 
f 1497/1497/1497 1510/1510/1510 1510/1510/1510 
f 1510/1510/1510 1555/1555/1555 1510/1510/1510 
f 1510/1510/1510 1555/1555/1555 1555/1555/1555 
f 1555/1555/1555 1554/1554/1554 1555/1555/1555 
f 1555/1555/1555 1554/1554/1554 1556/1556/1556 
f 1554/1554/1554 1566/1566/1566 1556/1556/1556 
f 1556/1556/1556 1566/1566/1566 1566/1566/1566 
f 1566/1566/1566 1554/1554/1554 1566/1566/1566 
f 1566/1566/1566 1554/1554/1554 1567/1567/1567 
f 1554/1554/1554 1568/1568/1568 1567/1567/1567 
f 1567/1567/1567 1568/1568/1568 1569/1569/1569 
f 1568/1568/1568 1552/1552/1552 1569/1569/1569 
f 1569/1569/1569 1552/1552/1552 1570/1570/1570 
f 1552/1552/1552 1550/1550/1550 1570/1570/1570 
f 1570/1570/1570 1550/1550/1550 1571/1571/1571 
f 1550/1550/1550 1572/1572/1572 1571/1571/1571 
f 1571/1571/1571 1572/1572/1572 1573/1573/1573 
f 1572/1572/1572 1548/1548/1548 1573/1573/1573 
f 1573/1573/1573 1548/1548/1548 1574/1574/1574 
f 1548/1548/1548 1575/1575/1575 1574/1574/1574 
f 1574/1574/1574 1575/1575/1575 1575/1575/1575 
f 1575/1575/1575 1573/1573/1573 1575/1575/1575 
f 1575/1575/1575 1573/1573/1573 1573/1573/1573 
f 1573/1573/1573 1576/1576/1576 1573/1573/1573 
f 1573/1573/1573 1576/1576/1576 1571/1571/1571 
f 1576/1576/1576 1577/1577/1577 1571/1571/1571 
f 1571/1571/1571 1577/1577/1577 1578/1578/1578 
f 1577/1577/1577 1579/1579/1579 1578/1578/1578 
f 1578/1578/1578 1579/1579/1579 1569/1569/1569 
f 1579/1579/1579 1580/1580/1580 1569/1569/1569 
f 1569/1569/1569 1580/1580/1580 1567/1567/1567 
f 1580/1580/1580 1567/1567/1567 1567/1567/1567 
f 1567/1567/1567 1567/1567/1567 1578/1578/1578 
f 1567/1567/1567 1578/1578/1578 1578/1578/1578 
f 1578/1578/1578 1578/1578/1578 1578/1578/1578 
f 1578/1578/1578 1569/1569/1569 1578/1578/1578 
f 1578/1578/1578 1569/1569/1569 1571/1571/1571 
f 1569/1569/1569 1570/1570/1570 1571/1571/1571 
f 1571/1571/1571 1570/1570/1570 1570/1570/1570 
f 1570/1570/1570 1488/1488/1488 1570/1570/1570 
f 1570/1570/1570 1488/1488/1488 1488/1488/1488 
f 1488/1488/1488 1487/1487/1487 1488/1488/1488 
f 1488/1488/1488 1487/1487/1487 1489/1489/1489 
f 1487/1487/1487 1502/1502/1502 1489/1489/1489 
f 1489/1489/1489 1502/1502/1502 1502/1502/1502 
f 1502/1502/1502 1540/1540/1540 1502/1502/1502 
f 1502/1502/1502 1540/1540/1540 1540/1540/1540 
f 1540/1540/1540 1539/1539/1539 1540/1540/1540 
f 1540/1540/1540 1539/1539/1539 1541/1541/1541 
f 1539/1539/1539 1553/1553/1553 1541/1541/1541 
f 1541/1541/1541 1553/1553/1553 1553/1553/1553 
f 1553/1553/1553 1494/1494/1494 1553/1553/1553 
f 1553/1553/1553 1494/1494/1494 1494/1494/1494 
f 1494/1494/1494 1481/1481/1481 1494/1494/1494 
f 1494/1494/1494 1481/1481/1481 1477/1477/1477 
f 1481/1481/1481 1479/1479/1479 1477/1477/1477 
f 1477/1477/1477 1479/1479/1479 1479/1479/1479 
f 1479/1479/1479 1504/1504/1504 1479/1479/1479 
f 1479/1479/1479 1504/1504/1504 1504/1504/1504 
f 1504/1504/1504 1503/1503/1503 1504/1504/1504 
f 1504/1504/1504 1503/1503/1503 1505/1505/1505 
f 1503/1503/1503 1518/1518/1518 1505/1505/1505 
f 1505/1505/1505 1518/1518/1518 1518/1518/1518 
f 1518/1518/1518 1492/1492/1492 1518/1518/1518 
f 1518/1518/1518 1492/1492/1492 1492/1492/1492 
f 1492/1492/1492 1491/1491/1491 1492/1492/1492 
f 1492/1492/1492 1491/1491/1491 1493/1493/1493 
f 1491/1491/1491 1506/1506/1506 1493/1493/1493 
f 1493/1493/1493 1506/1506/1506 1506/1506/1506 
f 1506/1506/1506 515/515/515 1506/1506/1506 
f 1506/1506/1506 515/515/515 515/515/515 
f 515/515/515 508/508/508 515/515/515 
f 515/515/515 508/508/508 506/506/506 
f 508/508/508 507/507/507 506/506/506 
f 506/506/506 507/507/507 507/507/507 
f 507/507/507 1460/1460/1460 507/507/507 
f 507/507/507 1460/1460/1460 1460/1460/1460 
f 1460/1460/1460 1462/1462/1462 1460/1460/1460 
f 1460/1460/1460 1462/1462/1462 1581/1581/1581 
f 1462/1462/1462 1582/1582/1582 1581/1581/1581 
f 1581/1581/1581 1582/1582/1582 1582/1582/1582 
f 1582/1582/1582 1462/1462/1462 1582/1582/1582 
f 1582/1582/1582 1462/1462/1462 1583/1583/1583 
f 1462/1462/1462 1466/1466/1466 1583/1583/1583 
f 1583/1583/1583 1466/1466/1466 1584/1584/1584 
f 1466/1466/1466 1585/1585/1585 1584/1584/1584 
f 1584/1584/1584 1585/1585/1585 1586/1586/1586 
f 1585/1585/1585 1468/1468/1468 1586/1586/1586 
f 1586/1586/1586 1468/1468/1468 1587/1587/1587 
f 1468/1468/1468 1472/1472/1472 1587/1587/1587 
f 1587/1587/1587 1472/1472/1472 1588/1588/1588 
f 1472/1472/1472 1589/1589/1589 1588/1588/1588 
f 1588/1588/1588 1589/1589/1589 1590/1590/1590 
f 1589/1589/1589 1474/1474/1474 1590/1590/1590 
f 1590/1590/1590 1474/1474/1474 1591/1591/1591 
f 1474/1474/1474 1478/1478/1478 1591/1591/1591 
f 1591/1591/1591 1478/1478/1478 1592/1592/1592 
f 1478/1478/1478 1593/1593/1593 1592/1592/1592 
f 1592/1592/1592 1593/1593/1593 1593/1593/1593 
f 1593/1593/1593 1590/1590/1590 1593/1593/1593 
f 1593/1593/1593 1590/1590/1590 1590/1590/1590 
f 1590/1590/1590 1594/1594/1594 1590/1590/1590 
f 1590/1590/1590 1594/1594/1594 1588/1588/1588 
f 1594/1594/1594 1595/1595/1595 1588/1588/1588 
f 1588/1588/1588 1595/1595/1595 1596/1596/1596 
f 1595/1595/1595 1597/1597/1597 1596/1596/1596 
f 1596/1596/1596 1597/1597/1597 1586/1586/1586 
f 1597/1597/1597 1598/1598/1598 1586/1586/1586 
f 1586/1586/1586 1598/1598/1598 1584/1584/1584 
f 1598/1598/1598 1599/1599/1599 1584/1584/1584 
f 1584/1584/1584 1599/1599/1599 1600/1600/1600 
f 1599/1599/1599 1600/1600/1600 1600/1600/1600 
f 1600/1600/1600 1600/1600/1600 1595/1595/1595 
f 1600/1600/1600 1595/1595/1595 1595/1595/1595 
f 1595/1595/1595 1595/1595/1595 1595/1595/1595 
f 1595/1595/1595 1594/1594/1594 1595/1595/1595 
f 1595/1595/1595 1594/1594/1594 1601/1601/1601 
f 1594/1594/1594 1590/1590/1590 1601/1601/1601 
f 1601/1601/1601 1590/1590/1590 1602/1602/1602 
f 1590/1590/1590 1592/1592/1592 1602/1602/1602 
f 1602/1602/1602 1592/1592/1592 1592/1592/1592 
f 1592/1592/1592 1601/1601/1601 1592/1592/1592 
f 1592/1592/1592 1601/1601/1601 1601/1601/1601 
f 1601/1601/1601 1603/1603/1603 1601/1601/1601 
f 1601/1601/1601 1603/1603/1603 1595/1595/1595 
f 1603/1603/1603 1604/1604/1604 1595/1595/1595 
f 1595/1595/1595 1604/1604/1604 1605/1605/1605 
f 1604/1604/1604 1606/1606/1606 1605/1605/1605 
f 1605/1605/1605 1606/1606/1606 1597/1597/1597 
f 1606/1606/1606 1607/1607/1607 1597/1597/1597 
f 1597/1597/1597 1607/1607/1607 1599/1599/1599 
f 1607/1607/1607 1599/1599/1599 1599/1599/1599 
f 1599/1599/1599 1599/1599/1599 1596/1596/1596 
f 1599/1599/1599 1596/1596/1596 1596/1596/1596 
f 1596/1596/1596 1596/1596/1596 1596/1596/1596 
f 1596/1596/1596 1586/1586/1586 1596/1596/1596 
f 1596/1596/1596 1586/1586/1586 1588/1588/1588 
f 1586/1586/1586 1587/1587/1587 1588/1588/1588 
f 1588/1588/1588 1587/1587/1587 1587/1587/1587 
f 1587/1587/1587 1583/1583/1583 1587/1587/1587 
f 1587/1587/1587 1583/1583/1583 1583/1583/1583 
f 1583/1583/1583 1584/1584/1584 1583/1583/1583 
f 1583/1583/1583 1584/1584/1584 1582/1582/1582 
f 1584/1584/1584 1600/1600/1600 1582/1582/1582 
f 1582/1582/1582 1600/1600/1600 1600/1600/1600 
f 1600/1600/1600 1608/1608/1608 1600/1600/1600 
f 1600/1600/1600 1608/1608/1608 1608/1608/1608 
f 1608/1608/1608 1609/1609/1609 1608/1608/1608 
f 1608/1608/1608 1609/1609/1609 1610/1610/1610 
f 1609/1609/1609 1611/1611/1611 1610/1610/1610 
f 1610/1610/1610 1611/1611/1611 1612/1612/1612 
f 1611/1611/1611 1613/1613/1613 1612/1612/1612 
f 1612/1612/1612 1613/1613/1613 1614/1614/1614 
f 1613/1613/1613 1615/1615/1615 1614/1614/1614 
f 1614/1614/1614 1615/1615/1615 1616/1616/1616 
f 1615/1615/1615 1617/1617/1617 1616/1616/1616 
f 1616/1616/1616 1617/1617/1617 1618/1618/1618 
f 1617/1617/1617 1619/1619/1619 1618/1618/1618 
f 1618/1618/1618 1619/1619/1619 1620/1620/1620 
f 1619/1619/1619 1620/1620/1620 1620/1620/1620 
f 1620/1620/1620 1620/1620/1620 1618/1618/1618 
f 1620/1620/1620 1618/1618/1618 1618/1618/1618 
f 1618/1618/1618 1618/1618/1618 1618/1618/1618 
f 1618/1618/1618 1621/1621/1621 1618/1618/1618 
f 1618/1618/1618 1621/1621/1621 1616/1616/1616 
f 1621/1621/1621 1622/1622/1622 1616/1616/1616 
f 1616/1616/1616 1622/1622/1622 1623/1623/1623 
f 1622/1622/1622 1624/1624/1624 1623/1623/1623 
f 1623/1623/1623 1624/1624/1624 1612/1612/1612 
f 1624/1624/1624 1625/1625/1625 1612/1612/1612 
f 1612/1612/1612 1625/1625/1625 1610/1610/1610 
f 1625/1625/1625 1610/1610/1610 1610/1610/1610 
f 1610/1610/1610 1610/1610/1610 1623/1623/1623 
f 1610/1610/1610 1623/1623/1623 1623/1623/1623 
f 1623/1623/1623 1623/1623/1623 1623/1623/1623 
f 1623/1623/1623 1612/1612/1612 1623/1623/1623 
f 1623/1623/1623 1612/1612/1612 1616/1616/1616 
f 1612/1612/1612 1614/1614/1614 1616/1616/1616 
f 1616/1616/1616 1614/1614/1614 1614/1614/1614 
f 1614/1614/1614 1617/1617/1617 1614/1614/1614 
f 1614/1614/1614 1617/1617/1617 1617/1617/1617 
f 1617/1617/1617 1615/1615/1615 1617/1617/1617 
f 1617/1617/1617 1615/1615/1615 1619/1619/1619 
f 1615/1615/1615 1626/1626/1626 1619/1619/1619 
f 1619/1619/1619 1626/1626/1626 1626/1626/1626 
f 1626/1626/1626 1615/1615/1615 1626/1626/1626 
f 1626/1626/1626 1615/1615/1615 1627/1627/1627 
f 1615/1615/1615 1628/1628/1628 1627/1627/1627 
f 1627/1627/1627 1628/1628/1628 1629/1629/1629 
f 1628/1628/1628 1613/1613/1613 1629/1629/1629 
f 1629/1629/1629 1613/1613/1613 1630/1630/1630 
f 1613/1613/1613 1609/1609/1609 1630/1630/1630 
f 1630/1630/1630 1609/1609/1609 1609/1609/1609 
f 1609/1609/1609 1413/1413/1413 1609/1609/1609 
f 1609/1609/1609 1413/1413/1413 1413/1413/1413 
f 1413/1413/1413 1411/1411/1411 1413/1413/1413 
f 1413/1413/1413 1411/1411/1411 1415/1415/1415 
f 1411/1411/1411 1425/1425/1425 1415/1415/1415 
f 1415/1415/1415 1425/1425/1425 1425/1425/1425 
f 1425/1425/1425 91/91/91 1425/1425/1425 
f 1425/1425/1425 91/91/91 91/91/91 
f 91/91/91 80/80/80 91/91/91 
f 91/91/91 80/80/80 76/76/76 
f 80/80/80 78/78/78 76/76/76 
f 76/76/76 78/78/78 78/78/78 
f 78/78/78 622/622/622 78/78/78 
f 78/78/78 622/622/622 622/622/622 
f 622/622/622 624/624/624 622/622/622 
f 622/622/622 624/624/624 613/613/613 
f 624/624/624 615/615/615 613/613/613 
f 613/613/613 615/615/615 615/615/615 
f 615/615/615 412/412/412 615/615/615 
f 615/615/615 412/412/412 412/412/412 
f 412/412/412 411/411/411 412/412/412 
f 412/412/412 411/411/411 413/413/413 
f 411/411/411 433/433/433 413/413/413 
f 413/413/413 433/433/433 433/433/433 
f 433/433/433 117/117/117 433/433/433 
f 433/433/433 117/117/117 117/117/117 
f 117/117/117 116/116/116 117/117/117 
f 117/117/117 116/116/116 118/118/118 
f 116/116/116 127/127/127 118/118/118 
f 118/118/118 127/127/127 127/127/127 
f 127/127/127 119/119/119 127/127/127 
f 127/127/127 119/119/119 119/119/119 
f 119/119/119 110/110/110 119/119/119 
f 119/119/119 110/110/110 108/108/108 
f 110/110/110 109/109/109 108/108/108 
f 108/108/108 109/109/109 109/109/109 
f 109/109/109 419/419/419 109/109/109 
f 109/109/109 419/419/419 419/419/419 
f 419/419/419 418/418/418 419/419/419 
f 419/419/419 418/418/418 420/420/420 
f 418/418/418 436/436/436 420/420/420 
f 420/420/420 436/436/436 436/436/436 
f 436/436/436 767/767/767 436/436/436 
f 436/436/436 767/767/767 767/767/767 
f 767/767/767 259/259/259 767/767/767 
f 767/767/767 259/259/259 1631/1631/1631 
f 259/259/259 261/261/261 1631/1631/1631 
f 1631/1631/1631 261/261/261 261/261/261 
f 261/261/261 1632/1632/1632 261/261/261 
f 261/261/261 1632/1632/1632 1632/1632/1632 
f 1632/1632/1632 1633/1633/1633 1632/1632/1632 
f 1632/1632/1632 1633/1633/1633 1634/1634/1634 
f 1633/1633/1633 1635/1635/1635 1634/1634/1634 
f 1634/1634/1634 1635/1635/1635 1636/1636/1636 
f 1635/1635/1635 1637/1637/1637 1636/1636/1636 
f 1636/1636/1636 1637/1637/1637 1638/1638/1638 
f 1637/1637/1637 1639/1639/1639 1638/1638/1638 
f 1638/1638/1638 1639/1639/1639 1640/1640/1640 
f 1639/1639/1639 1641/1641/1641 1640/1640/1640 
f 1640/1640/1640 1641/1641/1641 1642/1642/1642 
f 1641/1641/1641 1643/1643/1643 1642/1642/1642 
f 1642/1642/1642 1643/1643/1643 1644/1644/1644 
f 1643/1643/1643 1645/1645/1645 1644/1644/1644 
f 1644/1644/1644 1645/1645/1645 1646/1646/1646 
f 1645/1645/1645 1647/1647/1647 1646/1646/1646 
f 1646/1646/1646 1647/1647/1647 1648/1648/1648 
f 1647/1647/1647 1649/1649/1649 1648/1648/1648 
f 1648/1648/1648 1649/1649/1649 1650/1650/1650 
f 1649/1649/1649 1650/1650/1650 1650/1650/1650 
f 1650/1650/1650 1650/1650/1650 1648/1648/1648 
f 1650/1650/1650 1648/1648/1648 1648/1648/1648 
f 1648/1648/1648 1648/1648/1648 1648/1648/1648 
f 1648/1648/1648 1651/1651/1651 1648/1648/1648 
f 1648/1648/1648 1651/1651/1651 1646/1646/1646 
f 1651/1651/1651 1076/1076/1076 1646/1646/1646 
f 1646/1646/1646 1076/1076/1076 1652/1652/1652 
f 1076/1076/1076 1074/1074/1074 1652/1652/1652 
f 1652/1652/1652 1074/1074/1074 1642/1642/1642 
f 1074/1074/1074 1653/1653/1653 1642/1642/1642 
f 1642/1642/1642 1653/1653/1653 1640/1640/1640 
f 1653/1653/1653 1654/1654/1654 1640/1640/1640 
f 1640/1640/1640 1654/1654/1654 1655/1655/1655 
f 1654/1654/1654 1656/1656/1656 1655/1655/1655 
f 1655/1655/1655 1656/1656/1656 1636/1636/1636 
f 1656/1656/1656 1657/1657/1657 1636/1636/1636 
f 1636/1636/1636 1657/1657/1657 1634/1634/1634 
f 1657/1657/1657 1634/1634/1634 1634/1634/1634 
f 1634/1634/1634 1634/1634/1634 1655/1655/1655 
f 1634/1634/1634 1655/1655/1655 1655/1655/1655 
f 1655/1655/1655 1655/1655/1655 1655/1655/1655 
f 1655/1655/1655 1636/1636/1636 1655/1655/1655 
f 1655/1655/1655 1636/1636/1636 1640/1640/1640 
f 1636/1636/1636 1638/1638/1638 1640/1640/1640 
f 1640/1640/1640 1638/1638/1638 1638/1638/1638 
f 1638/1638/1638 1635/1635/1635 1638/1638/1638 
f 1638/1638/1638 1635/1635/1635 1635/1635/1635 
f 1635/1635/1635 1633/1633/1633 1635/1635/1635 
f 1635/1635/1635 1633/1633/1633 1637/1637/1637 
f 1633/1633/1633 1658/1658/1658 1637/1637/1637 
f 1637/1637/1637 1658/1658/1658 1659/1659/1659 
f 1658/1658/1658 1659/1659/1659 1659/1659/1659 
f 1659/1659/1659 1659/1659/1659 1637/1637/1637 
f 1659/1659/1659 1637/1637/1637 1637/1637/1637 
f 1637/1637/1637 1637/1637/1637 1637/1637/1637 
f 1637/1637/1637 1659/1659/1659 1637/1637/1637 
f 1637/1637/1637 1659/1659/1659 1660/1660/1660 
f 1659/1659/1659 1661/1661/1661 1660/1660/1660 
f 1660/1660/1660 1661/1661/1661 1639/1639/1639 
f 1661/1661/1661 1662/1662/1662 1639/1639/1639 
f 1639/1639/1639 1662/1662/1662 1643/1643/1643 
f 1662/1662/1662 1663/1663/1663 1643/1643/1643 
f 1643/1643/1643 1663/1663/1663 1664/1664/1664 
f 1663/1663/1663 1665/1665/1665 1664/1664/1664 
f 1664/1664/1664 1665/1665/1665 1645/1645/1645 
f 1665/1665/1665 1666/1666/1666 1645/1645/1645 
f 1645/1645/1645 1666/1666/1666 1649/1649/1649 
f 1666/1666/1666 1649/1649/1649 1649/1649/1649 
f 1649/1649/1649 1649/1649/1649 1659/1659/1659 
f 1649/1649/1649 1659/1659/1659 1659/1659/1659 
f 1659/1659/1659 1659/1659/1659 1659/1659/1659 
f 1659/1659/1659 1667/1667/1667 1659/1659/1659 
f 1659/1659/1659 1667/1667/1667 1661/1661/1661 
f 1667/1667/1667 1668/1668/1668 1661/1661/1661 
f 1661/1661/1661 1668/1668/1668 1669/1669/1669 
f 1668/1668/1668 1670/1670/1670 1669/1669/1669 
f 1669/1669/1669 1670/1670/1670 1663/1663/1663 
f 1670/1670/1670 1671/1671/1671 1663/1663/1663 
f 1663/1663/1663 1671/1671/1671 1665/1665/1665 
f 1671/1671/1671 1665/1665/1665 1665/1665/1665 
f 1665/1665/1665 1665/1665/1665 1669/1669/1669 
f 1665/1665/1665 1669/1669/1669 1669/1669/1669 
f 1669/1669/1669 1669/1669/1669 1669/1669/1669 
f 1669/1669/1669 1663/1663/1663 1669/1669/1669 
f 1669/1669/1669 1663/1663/1663 1661/1661/1661 
f 1663/1663/1663 1662/1662/1662 1661/1661/1661 
f 1661/1661/1661 1662/1662/1662 1662/1662/1662 
f 1662/1662/1662 1656/1656/1656 1662/1662/1662 
f 1662/1662/1662 1656/1656/1656 1656/1656/1656 
f 1656/1656/1656 1654/1654/1654 1656/1656/1656 
f 1656/1656/1656 1654/1654/1654 1672/1672/1672 
f 1654/1654/1654 1072/1072/1072 1672/1672/1672 
f 1672/1672/1672 1072/1072/1072 1072/1072/1072 
f 1072/1072/1072 1654/1654/1654 1072/1072/1072 
f 1072/1072/1072 1654/1654/1654 1073/1073/1073 
f 1654/1654/1654 1074/1074/1074 1073/1073/1073 
f 1073/1073/1073 1074/1074/1074 1074/1074/1074 
f 1074/1074/1074 1652/1652/1652 1074/1074/1074 
f 1074/1074/1074 1652/1652/1652 1652/1652/1652 
f 1652/1652/1652 1642/1642/1642 1652/1652/1652 
f 1652/1652/1652 1642/1642/1642 1646/1646/1646 
f 1642/1642/1642 1644/1644/1644 1646/1646/1646 
f 1646/1646/1646 1644/1644/1644 1644/1644/1644 
f 1644/1644/1644 1560/1560/1560 1644/1644/1644 
f 1644/1644/1644 1560/1560/1560 1560/1560/1560 
f 1560/1560/1560 1562/1562/1562 1560/1560/1560 
f 1560/1560/1560 1562/1562/1562 1673/1673/1673 
f 1562/1562/1562 1674/1674/1674 1673/1673/1673 
f 1673/1673/1673 1674/1674/1674 1674/1674/1674 
f 1674/1674/1674 1562/1562/1562 1674/1674/1674 
f 1674/1674/1674 1562/1562/1562 1675/1675/1675 
f 1562/1562/1562 1676/1676/1676 1675/1675/1675 
f 1675/1675/1675 1676/1676/1676 1677/1677/1677 
f 1676/1676/1676 1678/1678/1678 1677/1677/1677 
f 1677/1677/1677 1678/1678/1678 1679/1679/1679 
f 1678/1678/1678 1679/1679/1679 1679/1679/1679 
f 1679/1679/1679 1679/1679/1679 1675/1675/1675 
f 1679/1679/1679 1675/1675/1675 1675/1675/1675 
f 1675/1675/1675 1675/1675/1675 1675/1675/1675 
f 1675/1675/1675 1677/1677/1677 1675/1675/1675 
f 1675/1675/1675 1677/1677/1677 1674/1674/1674 
f 1677/1677/1677 1680/1680/1680 1674/1674/1674 
f 1674/1674/1674 1680/1680/1680 1680/1680/1680 
f 1680/1680/1680 1677/1677/1677 1680/1680/1680 
f 1680/1680/1680 1677/1677/1677 1681/1681/1681 
f 1677/1677/1677 1682/1682/1682 1681/1681/1681 
f 1681/1681/1681 1682/1682/1682 1683/1683/1683 
f 1682/1682/1682 1679/1679/1679 1683/1683/1683 
f 1683/1683/1683 1679/1679/1679 1684/1684/1684 
f 1679/1679/1679 1684/1684/1684 1684/1684/1684 
f 1684/1684/1684 1684/1684/1684 1684/1684/1684 
f 1684/1684/1684 1685/1685/1685 1684/1684/1684 
f 1684/1684/1684 1685/1685/1685 1683/1683/1683 
f 1685/1685/1685 1686/1686/1686 1683/1683/1683 
f 1683/1683/1683 1686/1686/1686 1687/1687/1687 
f 1686/1686/1686 1688/1688/1688 1687/1687/1687 
f 1687/1687/1687 1688/1688/1688 1689/1689/1689 
f 1688/1688/1688 1690/1690/1690 1689/1689/1689 
f 1689/1689/1689 1690/1690/1690 1690/1690/1690 
f 1690/1690/1690 1686/1686/1686 1690/1690/1690 
f 1690/1690/1690 1686/1686/1686 1686/1686/1686 
f 1686/1686/1686 1685/1685/1685 1686/1686/1686 
f 1686/1686/1686 1685/1685/1685 1688/1688/1688 
f 1685/1685/1685 1691/1691/1691 1688/1688/1688 
f 1688/1688/1688 1691/1691/1691 1692/1692/1692 
f 1691/1691/1691 1692/1692/1692 1692/1692/1692 
f 1692/1692/1692 1692/1692/1692 1688/1688/1688 
f 1692/1692/1692 1688/1688/1688 1688/1688/1688 
f 1688/1688/1688 1688/1688/1688 1688/1688/1688 
f 1688/1688/1688 1692/1692/1692 1688/1688/1688 
f 1688/1688/1688 1692/1692/1692 1693/1693/1693 
f 1692/1692/1692 1694/1694/1694 1693/1693/1693 
f 1693/1693/1693 1694/1694/1694 1690/1690/1690 
f 1694/1694/1694 1695/1695/1695 1690/1690/1690 
f 1690/1690/1690 1695/1695/1695 1695/1695/1695 
f 1695/1695/1695 1692/1692/1692 1695/1695/1695 
f 1695/1695/1695 1692/1692/1692 1692/1692/1692 
f 1692/1692/1692 1696/1696/1696 1692/1692/1692 
f 1692/1692/1692 1696/1696/1696 1694/1694/1694 
f 1696/1696/1696 1697/1697/1697 1694/1694/1694 
f 1694/1694/1694 1697/1697/1697 1698/1698/1698 
f 1697/1697/1697 1699/1699/1699 1698/1698/1698 
f 1698/1698/1698 1699/1699/1699 1700/1700/1700 
f 1699/1699/1699 1701/1701/1701 1700/1700/1700 
f 1700/1700/1700 1701/1701/1701 1701/1701/1701 
f 1701/1701/1701 1698/1698/1698 1701/1701/1701 
f 1701/1701/1701 1698/1698/1698 1698/1698/1698 
f 1698/1698/1698 1700/1700/1700 1698/1698/1698 
f 1698/1698/1698 1700/1700/1700 1694/1694/1694 
f 1700/1700/1700 1695/1695/1695 1694/1694/1694 
f 1694/1694/1694 1695/1695/1695 1695/1695/1695 
f 1695/1695/1695 370/370/370 1695/1695/1695 
f 1695/1695/1695 370/370/370 370/370/370 
f 370/370/370 341/341/341 370/370/370 
f 370/370/370 341/341/341 337/337/337 
f 341/341/341 339/339/339 337/337/337 
f 337/337/337 339/339/339 339/339/339 
f 339/339/339 1681/1681/1681 339/339/339 
f 339/339/339 1681/1681/1681 1681/1681/1681 
f 1681/1681/1681 1683/1683/1683 1681/1681/1681 
f 1681/1681/1681 1683/1683/1683 1702/1702/1702 
f 1683/1683/1683 1687/1687/1687 1702/1702/1702 
f 1702/1702/1702 1687/1687/1687 1687/1687/1687 
f 1687/1687/1687 1042/1042/1042 1687/1687/1687 
f 1687/1687/1687 1042/1042/1042 1042/1042/1042 
f 1042/1042/1042 1034/1034/1034 1042/1042/1042 
f 1042/1042/1042 1034/1034/1034 1032/1032/1032 
f 1034/1034/1034 1033/1033/1033 1032/1032/1032 
f 1032/1032/1032 1033/1033/1033 1033/1033/1033 
f 1033/1033/1033 745/745/745 1033/1033/1033 
f 1033/1033/1033 745/745/745 745/745/745 
f 745/745/745 743/743/743 745/745/745 
f 745/745/745 743/743/743 754/754/754 
f 743/743/743 752/752/752 754/754/754 
f 754/754/754 752/752/752 752/752/752 
f 752/752/752 1701/1701/1701 752/752/752 
f 752/752/752 1701/1701/1701 1701/1701/1701 
f 1701/1701/1701 1699/1699/1699 1701/1701/1701 
f 1701/1701/1701 1699/1699/1699 1703/1703/1703 
f 1699/1699/1699 1704/1704/1704 1703/1703/1703 
f 1703/1703/1703 1704/1704/1704 1705/1705/1705 
f 1704/1704/1704 1706/1706/1706 1705/1705/1705 
f 1705/1705/1705 1706/1706/1706 1707/1707/1707 
f 1706/1706/1706 1707/1707/1707 1707/1707/1707 
f 1707/1707/1707 1707/1707/1707 1704/1704/1704 
f 1707/1707/1707 1704/1704/1704 1704/1704/1704 
f 1704/1704/1704 1704/1704/1704 1704/1704/1704 
f 1704/1704/1704 1699/1699/1699 1704/1704/1704 
f 1704/1704/1704 1699/1699/1699 1706/1706/1706 
f 1699/1699/1699 1708/1708/1708 1706/1706/1706 
f 1706/1706/1706 1708/1708/1708 1708/1708/1708 
f 1708/1708/1708 1703/1703/1703 1708/1708/1708 
f 1708/1708/1708 1703/1703/1703 1703/1703/1703 
f 1703/1703/1703 1705/1705/1705 1703/1703/1703 
f 1703/1703/1703 1705/1705/1705 1709/1709/1709 
f 1705/1705/1705 1710/1710/1710 1709/1709/1709 
f 1709/1709/1709 1710/1710/1710 1710/1710/1710 
f 1710/1710/1710 1705/1705/1705 1710/1710/1710 
f 1710/1710/1710 1705/1705/1705 1711/1711/1711 
f 1705/1705/1705 1712/1712/1712 1711/1711/1711 
f 1711/1711/1711 1712/1712/1712 1713/1713/1713 
f 1712/1712/1712 1714/1714/1714 1713/1713/1713 
f 1713/1713/1713 1714/1714/1714 1714/1714/1714 
f 1714/1714/1714 1711/1711/1711 1714/1714/1714 
f 1714/1714/1714 1711/1711/1711 1711/1711/1711 
f 1711/1711/1711 1713/1713/1713 1711/1711/1711 
f 1711/1711/1711 1713/1713/1713 1710/1710/1710 
f 1713/1713/1713 1715/1715/1715 1710/1710/1710 
f 1710/1710/1710 1715/1715/1715 1715/1715/1715 
f 1715/1715/1715 1171/1171/1171 1715/1715/1715 
f 1715/1715/1715 1171/1171/1171 1171/1171/1171 
f 1171/1171/1171 1173/1173/1173 1171/1171/1171 
f 1171/1171/1171 1173/1173/1173 1162/1162/1162 
f 1173/1173/1173 1164/1164/1164 1162/1162/1162 
f 1162/1162/1162 1164/1164/1164 1164/1164/1164 
f 1164/1164/1164 1363/1363/1363 1164/1164/1164 
f 1164/1164/1164 1363/1363/1363 1363/1363/1363 
f 1363/1363/1363 1352/1352/1352 1363/1363/1363 
f 1363/1363/1363 1352/1352/1352 1356/1356/1356 
f 1352/1352/1352 1354/1354/1354 1356/1356/1356 
f 1356/1356/1356 1354/1354/1354 1354/1354/1354 
f 1354/1354/1354 208/208/208 1354/1354/1354 
f 1354/1354/1354 208/208/208 208/208/208 
f 208/208/208 210/210/210 208/208/208 
f 208/208/208 210/210/210 206/206/206 
f 210/210/210 1716/1716/1716 206/206/206 
f 206/206/206 1716/1716/1716 1717/1717/1717 
f 1716/1716/1716 1718/1718/1718 1717/1717/1717 
f 1717/1717/1717 1718/1718/1718 1719/1719/1719 
f 1718/1718/1718 1719/1719/1719 1719/1719/1719 
f 1719/1719/1719 1719/1719/1719 1716/1716/1716 
f 1719/1719/1719 1716/1716/1716 1716/1716/1716 
f 1716/1716/1716 1716/1716/1716 1716/1716/1716 
f 1716/1716/1716 210/210/210 1716/1716/1716 
f 1716/1716/1716 210/210/210 1718/1718/1718 
f 210/210/210 1720/1720/1720 1718/1718/1718 
f 1718/1718/1718 1720/1720/1720 1720/1720/1720 
f 1720/1720/1720 1236/1236/1236 1720/1720/1720 
f 1720/1720/1720 1236/1236/1236 1236/1236/1236 
f 1236/1236/1236 1234/1234/1234 1236/1236/1236 
f 1236/1236/1236 1234/1234/1234 1721/1721/1721 
f 1234/1234/1234 1722/1722/1722 1721/1721/1721 
f 1721/1721/1721 1722/1722/1722 1722/1722/1722 
f 1722/1722/1722 1234/1234/1234 1722/1722/1722 
f 1722/1722/1722 1234/1234/1234 1723/1723/1723 
f 1234/1234/1234 1724/1724/1724 1723/1723/1723 
f 1723/1723/1723 1724/1724/1724 1725/1725/1725 
f 1724/1724/1724 1726/1726/1726 1725/1725/1725 
f 1725/1725/1725 1726/1726/1726 1726/1726/1726 
f 1726/1726/1726 1723/1723/1723 1726/1726/1726 
f 1726/1726/1726 1723/1723/1723 1723/1723/1723 
f 1723/1723/1723 1725/1725/1725 1723/1723/1723 
f 1723/1723/1723 1725/1725/1725 1722/1722/1722 
f 1725/1725/1725 1727/1727/1727 1722/1722/1722 
f 1722/1722/1722 1727/1727/1727 1727/1727/1727 
f 1727/1727/1727 1717/1717/1717 1727/1727/1727 
f 1727/1727/1727 1717/1717/1717 1717/1717/1717 
f 1717/1717/1717 1728/1728/1728 1717/1717/1717 
f 1717/1717/1717 1728/1728/1728 206/206/206 
f 1728/1728/1728 204/204/204 206/206/206 
f 206/206/206 204/204/204 204/204/204 
f 204/204/204 1544/1544/1544 204/204/204 
f 204/204/204 1544/1544/1544 1544/1544/1544 
f 1544/1544/1544 1543/1543/1543 1544/1544/1544 
f 1544/1544/1544 1543/1543/1543 1545/1545/1545 
f 1543/1543/1543 1557/1557/1557 1545/1545/1545 
f 1545/1545/1545 1557/1557/1557 1557/1557/1557 
f 1557/1557/1557 732/732/732 1557/1557/1557 
f 1557/1557/1557 732/732/732 732/732/732 
f 732/732/732 734/734/734 732/732/732 
f 732/732/732 734/734/734 723/723/723 
f 734/734/734 725/725/725 723/723/723 
f 723/723/723 725/725/725 725/725/725 
f 725/725/725 1729/1729/1729 725/725/725 
f 725/725/725 1729/1729/1729 1729/1729/1729 
f 1729/1729/1729 1730/1730/1730 1729/1729/1729 
f 1729/1729/1729 1730/1730/1730 1731/1731/1731 
f 1730/1730/1730 1732/1732/1732 1731/1731/1731 
f 1731/1731/1731 1732/1732/1732 1733/1733/1733 
f 1732/1732/1732 1734/1734/1734 1733/1733/1733 
f 1733/1733/1733 1734/1734/1734 1735/1735/1735 
f 1734/1734/1734 1736/1736/1736 1735/1735/1735 
f 1735/1735/1735 1736/1736/1736 1737/1737/1737 
f 1736/1736/1736 1738/1738/1738 1737/1737/1737 
f 1737/1737/1737 1738/1738/1738 1739/1739/1739 
f 1738/1738/1738 1740/1740/1740 1739/1739/1739 
f 1739/1739/1739 1740/1740/1740 1741/1741/1741 
f 1740/1740/1740 1742/1742/1742 1741/1741/1741 
f 1741/1741/1741 1742/1742/1742 1743/1743/1743 
f 1742/1742/1742 1744/1744/1744 1743/1743/1743 
f 1743/1743/1743 1744/1744/1744 1745/1745/1745 
f 1744/1744/1744 1746/1746/1746 1745/1745/1745 
f 1745/1745/1745 1746/1746/1746 1747/1747/1747 
f 1746/1746/1746 1748/1748/1748 1747/1747/1747 
f 1747/1747/1747 1748/1748/1748 1749/1749/1749 
f 1748/1748/1748 1750/1750/1750 1749/1749/1749 
f 1749/1749/1749 1750/1750/1750 1751/1751/1751 
f 1750/1750/1750 1752/1752/1752 1751/1751/1751 
f 1751/1751/1751 1752/1752/1752 1753/1753/1753 
f 1752/1752/1752 1754/1754/1754 1753/1753/1753 
f 1753/1753/1753 1754/1754/1754 1755/1755/1755 
f 1754/1754/1754 1756/1756/1756 1755/1755/1755 
f 1755/1755/1755 1756/1756/1756 1757/1757/1757 
f 1756/1756/1756 1758/1758/1758 1757/1757/1757 
f 1757/1757/1757 1758/1758/1758 1759/1759/1759 
f 1758/1758/1758 1760/1760/1760 1759/1759/1759 
f 1759/1759/1759 1760/1760/1760 1761/1761/1761 
f 1760/1760/1760 1762/1762/1762 1761/1761/1761 
f 1761/1761/1761 1762/1762/1762 1763/1763/1763 
f 1762/1762/1762 1764/1764/1764 1763/1763/1763 
f 1763/1763/1763 1764/1764/1764 1765/1765/1765 
f 1764/1764/1764 1765/1765/1765 1765/1765/1765 
f 1765/1765/1765 1765/1765/1765 1763/1763/1763 
f 1765/1765/1765 1763/1763/1763 1763/1763/1763 
f 1763/1763/1763 1763/1763/1763 1763/1763/1763 
f 1763/1763/1763 1766/1766/1766 1763/1763/1763 
f 1763/1763/1763 1766/1766/1766 1761/1761/1761 
f 1766/1766/1766 1767/1767/1767 1761/1761/1761 
f 1761/1761/1761 1767/1767/1767 1768/1768/1768 
f 1767/1767/1767 1769/1769/1769 1768/1768/1768 
f 1768/1768/1768 1769/1769/1769 1757/1757/1757 
f 1769/1769/1769 1770/1770/1770 1757/1757/1757 
f 1757/1757/1757 1770/1770/1770 1755/1755/1755 
f 1770/1770/1770 1771/1771/1771 1755/1755/1755 
f 1755/1755/1755 1771/1771/1771 1772/1772/1772 
f 1771/1771/1771 1773/1773/1773 1772/1772/1772 
f 1772/1772/1772 1773/1773/1773 1751/1751/1751 
f 1773/1773/1773 1774/1774/1774 1751/1751/1751 
f 1751/1751/1751 1774/1774/1774 1749/1749/1749 
f 1774/1774/1774 1775/1775/1775 1749/1749/1749 
f 1749/1749/1749 1775/1775/1775 1776/1776/1776 
f 1775/1775/1775 1777/1777/1777 1776/1776/1776 
f 1776/1776/1776 1777/1777/1777 1745/1745/1745 
f 1777/1777/1777 1778/1778/1778 1745/1745/1745 
f 1745/1745/1745 1778/1778/1778 1743/1743/1743 
f 1778/1778/1778 1779/1779/1779 1743/1743/1743 
f 1743/1743/1743 1779/1779/1779 1780/1780/1780 
f 1779/1779/1779 1781/1781/1781 1780/1780/1780 
f 1780/1780/1780 1781/1781/1781 1739/1739/1739 
f 1781/1781/1781 1782/1782/1782 1739/1739/1739 
f 1739/1739/1739 1782/1782/1782 1737/1737/1737 
f 1782/1782/1782 1783/1783/1783 1737/1737/1737 
f 1737/1737/1737 1783/1783/1783 1784/1784/1784 
f 1783/1783/1783 1785/1785/1785 1784/1784/1784 
f 1784/1784/1784 1785/1785/1785 1733/1733/1733 
f 1785/1785/1785 1786/1786/1786 1733/1733/1733 
f 1733/1733/1733 1786/1786/1786 1731/1731/1731 
f 1786/1786/1786 1731/1731/1731 1731/1731/1731 
f 1731/1731/1731 1731/1731/1731 1767/1767/1767 
f 1731/1731/1731 1767/1767/1767 1767/1767/1767 
f 1767/1767/1767 1767/1767/1767 1767/1767/1767 
f 1767/1767/1767 1787/1787/1787 1767/1767/1767 
f 1767/1767/1767 1787/1787/1787 1769/1769/1769 
f 1787/1787/1787 1788/1788/1788 1769/1769/1769 
f 1769/1769/1769 1788/1788/1788 1789/1789/1789 
f 1788/1788/1788 1790/1790/1790 1789/1789/1789 
f 1789/1789/1789 1790/1790/1790 1771/1771/1771 
f 1790/1790/1790 1791/1791/1791 1771/1771/1771 
f 1771/1771/1771 1791/1791/1791 1773/1773/1773 
f 1791/1791/1791 1792/1792/1792 1773/1773/1773 
f 1773/1773/1773 1792/1792/1792 1793/1793/1793 
f 1792/1792/1792 1794/1794/1794 1793/1793/1793 
f 1793/1793/1793 1794/1794/1794 1775/1775/1775 
f 1794/1794/1794 1795/1795/1795 1775/1775/1775 
f 1775/1775/1775 1795/1795/1795 1777/1777/1777 
f 1795/1795/1795 1796/1796/1796 1777/1777/1777 
f 1777/1777/1777 1796/1796/1796 1797/1797/1797 
f 1796/1796/1796 1798/1798/1798 1797/1797/1797 
f 1797/1797/1797 1798/1798/1798 1779/1779/1779 
f 1798/1798/1798 1799/1799/1799 1779/1779/1779 
f 1779/1779/1779 1799/1799/1799 1781/1781/1781 
f 1799/1799/1799 1800/1800/1800 1781/1781/1781 
f 1781/1781/1781 1800/1800/1800 1801/1801/1801 
f 1800/1800/1800 1802/1802/1802 1801/1801/1801 
f 1801/1801/1801 1802/1802/1802 1783/1783/1783 
f 1802/1802/1802 1803/1803/1803 1783/1783/1783 
f 1783/1783/1783 1803/1803/1803 1785/1785/1785 
f 1803/1803/1803 1785/1785/1785 1785/1785/1785 
f 1785/1785/1785 1785/1785/1785 1788/1788/1788 
f 1785/1785/1785 1788/1788/1788 1788/1788/1788 
f 1788/1788/1788 1788/1788/1788 1788/1788/1788 
f 1788/1788/1788 1804/1804/1804 1788/1788/1788 
f 1788/1788/1788 1804/1804/1804 1790/1790/1790 
f 1804/1804/1804 1805/1805/1805 1790/1790/1790 
f 1790/1790/1790 1805/1805/1805 1806/1806/1806 
f 1805/1805/1805 1807/1807/1807 1806/1806/1806 
f 1806/1806/1806 1807/1807/1807 1792/1792/1792 
f 1807/1807/1807 1808/1808/1808 1792/1792/1792 
f 1792/1792/1792 1808/1808/1808 1794/1794/1794 
f 1808/1808/1808 1809/1809/1809 1794/1794/1794 
f 1794/1794/1794 1809/1809/1809 1810/1810/1810 
f 1809/1809/1809 1811/1811/1811 1810/1810/1810 
f 1810/1810/1810 1811/1811/1811 1796/1796/1796 
f 1811/1811/1811 1812/1812/1812 1796/1796/1796 
f 1796/1796/1796 1812/1812/1812 1798/1798/1798 
f 1812/1812/1812 1813/1813/1813 1798/1798/1798 
f 1798/1798/1798 1813/1813/1813 1814/1814/1814 
f 1813/1813/1813 1815/1815/1815 1814/1814/1814 
f 1814/1814/1814 1815/1815/1815 1800/1800/1800 
f 1815/1815/1815 1816/1816/1816 1800/1800/1800 
f 1800/1800/1800 1816/1816/1816 1802/1802/1802 
f 1816/1816/1816 1802/1802/1802 1802/1802/1802 
f 1802/1802/1802 1802/1802/1802 1805/1805/1805 
f 1802/1802/1802 1805/1805/1805 1805/1805/1805 
f 1805/1805/1805 1805/1805/1805 1805/1805/1805 
f 1805/1805/1805 1817/1817/1817 1805/1805/1805 
f 1805/1805/1805 1817/1817/1817 1807/1807/1807 
f 1817/1817/1817 1818/1818/1818 1807/1807/1807 
f 1807/1807/1807 1818/1818/1818 1819/1819/1819 
f 1818/1818/1818 1820/1820/1820 1819/1819/1819 
f 1819/1819/1819 1820/1820/1820 1809/1809/1809 
f 1820/1820/1820 1821/1821/1821 1809/1809/1809 
f 1809/1809/1809 1821/1821/1821 1811/1811/1811 
f 1821/1821/1821 1822/1822/1822 1811/1811/1811 
f 1811/1811/1811 1822/1822/1822 1823/1823/1823 
f 1822/1822/1822 1824/1824/1824 1823/1823/1823 
f 1823/1823/1823 1824/1824/1824 1813/1813/1813 
f 1824/1824/1824 1825/1825/1825 1813/1813/1813 
f 1813/1813/1813 1825/1825/1825 1815/1815/1815 
f 1825/1825/1825 1815/1815/1815 1815/1815/1815 
f 1815/1815/1815 1815/1815/1815 1819/1819/1819 
f 1815/1815/1815 1819/1819/1819 1819/1819/1819 
f 1819/1819/1819 1819/1819/1819 1819/1819/1819 
f 1819/1819/1819 1809/1809/1809 1819/1819/1819 
f 1819/1819/1819 1809/1809/1809 1807/1807/1807 
f 1809/1809/1809 1808/1808/1808 1807/1807/1807 
f 1807/1807/1807 1808/1808/1808 1808/1808/1808 
f 1808/1808/1808 1744/1744/1744 1808/1808/1808 
f 1808/1808/1808 1744/1744/1744 1744/1744/1744 
f 1744/1744/1744 1742/1742/1742 1744/1744/1744 
f 1744/1744/1744 1742/1742/1742 1746/1746/1746 
f 1742/1742/1742 1826/1826/1826 1746/1746/1746 
f 1746/1746/1746 1826/1826/1826 1827/1827/1827 
f 1826/1826/1826 1828/1828/1828 1827/1827/1827 
f 1827/1827/1827 1828/1828/1828 1829/1829/1829 
f 1828/1828/1828 1830/1830/1830 1829/1829/1829 
f 1829/1829/1829 1830/1830/1830 1831/1831/1831 
f 1830/1830/1830 1832/1832/1832 1831/1831/1831 
f 1831/1831/1831 1832/1832/1832 1833/1833/1833 
f 1832/1832/1832 1834/1834/1834 1833/1833/1833 
f 1833/1833/1833 1834/1834/1834 1835/1835/1835 
f 1834/1834/1834 1836/1836/1836 1835/1835/1835 
f 1835/1835/1835 1836/1836/1836 1837/1837/1837 
f 1836/1836/1836 1838/1838/1838 1837/1837/1837 
f 1837/1837/1837 1838/1838/1838 1839/1839/1839 
f 1838/1838/1838 1839/1839/1839 1839/1839/1839 
f 1839/1839/1839 1839/1839/1839 1746/1746/1746 
f 1839/1839/1839 1746/1746/1746 1746/1746/1746 
f 1746/1746/1746 1746/1746/1746 1746/1746/1746 
f 1746/1746/1746 1827/1827/1827 1746/1746/1746 
f 1746/1746/1746 1827/1827/1827 1840/1840/1840 
f 1827/1827/1827 1841/1841/1841 1840/1840/1840 
f 1840/1840/1840 1841/1841/1841 1748/1748/1748 
f 1841/1841/1841 1842/1842/1842 1748/1748/1748 
f 1748/1748/1748 1842/1842/1842 1752/1752/1752 
f 1842/1842/1842 1843/1843/1843 1752/1752/1752 
f 1752/1752/1752 1843/1843/1843 1844/1844/1844 
f 1843/1843/1843 1845/1845/1845 1844/1844/1844 
f 1844/1844/1844 1845/1845/1845 1754/1754/1754 
f 1845/1845/1845 1846/1846/1846 1754/1754/1754 
f 1754/1754/1754 1846/1846/1846 1758/1758/1758 
f 1846/1846/1846 1847/1847/1847 1758/1758/1758 
f 1758/1758/1758 1847/1847/1847 1848/1848/1848 
f 1847/1847/1847 1849/1849/1849 1848/1848/1848 
f 1848/1848/1848 1849/1849/1849 1760/1760/1760 
f 1849/1849/1849 1850/1850/1850 1760/1760/1760 
f 1760/1760/1760 1850/1850/1850 1764/1764/1764 
f 1850/1850/1850 1764/1764/1764 1764/1764/1764 
f 1764/1764/1764 1764/1764/1764 1827/1827/1827 
f 1764/1764/1764 1827/1827/1827 1827/1827/1827 
f 1827/1827/1827 1827/1827/1827 1827/1827/1827 
f 1827/1827/1827 1851/1851/1851 1827/1827/1827 
f 1827/1827/1827 1851/1851/1851 1841/1841/1841 
f 1851/1851/1851 1852/1852/1852 1841/1841/1841 
f 1841/1841/1841 1852/1852/1852 1853/1853/1853 
f 1852/1852/1852 1854/1854/1854 1853/1853/1853 
f 1853/1853/1853 1854/1854/1854 1843/1843/1843 
f 1854/1854/1854 1855/1855/1855 1843/1843/1843 
f 1843/1843/1843 1855/1855/1855 1845/1845/1845 
f 1855/1855/1855 1856/1856/1856 1845/1845/1845 
f 1845/1845/1845 1856/1856/1856 1857/1857/1857 
f 1856/1856/1856 1858/1858/1858 1857/1857/1857 
f 1857/1857/1857 1858/1858/1858 1847/1847/1847 
f 1858/1858/1858 1859/1859/1859 1847/1847/1847 
f 1847/1847/1847 1859/1859/1859 1849/1849/1849 
f 1859/1859/1859 1849/1849/1849 1849/1849/1849 
f 1849/1849/1849 1849/1849/1849 1851/1851/1851 
f 1849/1849/1849 1851/1851/1851 1851/1851/1851 
f 1851/1851/1851 1851/1851/1851 1851/1851/1851 
f 1851/1851/1851 1831/1831/1831 1851/1851/1851 
f 1851/1851/1851 1831/1831/1831 1852/1852/1852 
f 1831/1831/1831 1860/1860/1860 1852/1852/1852 
f 1852/1852/1852 1860/1860/1860 1861/1861/1861 
f 1860/1860/1860 1833/1833/1833 1861/1861/1861 
f 1861/1861/1861 1833/1833/1833 1862/1862/1862 
f 1833/1833/1833 1837/1837/1837 1862/1862/1862 
f 1862/1862/1862 1837/1837/1837 1863/1863/1863 
f 1837/1837/1837 1864/1864/1864 1863/1863/1863 
f 1863/1863/1863 1864/1864/1864 1865/1865/1865 
f 1864/1864/1864 1839/1839/1839 1865/1865/1865 
f 1865/1865/1865 1839/1839/1839 1866/1866/1866 
f 1839/1839/1839 1866/1866/1866 1866/1866/1866 
f 1866/1866/1866 1866/1866/1866 1865/1865/1865 
f 1866/1866/1866 1865/1865/1865 1865/1865/1865 
f 1865/1865/1865 1865/1865/1865 1865/1865/1865 
f 1865/1865/1865 1867/1867/1867 1865/1865/1865 
f 1865/1865/1865 1867/1867/1867 1863/1863/1863 
f 1867/1867/1867 1868/1868/1868 1863/1863/1863 
f 1863/1863/1863 1868/1868/1868 1869/1869/1869 
f 1868/1868/1868 1870/1870/1870 1869/1869/1869 
f 1869/1869/1869 1870/1870/1870 1861/1861/1861 
f 1870/1870/1870 1871/1871/1871 1861/1861/1861 
f 1861/1861/1861 1871/1871/1871 1852/1852/1852 
f 1871/1871/1871 1854/1854/1854 1852/1852/1852 
f 1852/1852/1852 1854/1854/1854 1854/1854/1854 
f 1854/1854/1854 1868/1868/1868 1854/1854/1854 
f 1854/1854/1854 1868/1868/1868 1868/1868/1868 
f 1868/1868/1868 1872/1872/1872 1868/1868/1868 
f 1868/1868/1868 1872/1872/1872 1870/1870/1870 
f 1872/1872/1872 1873/1873/1873 1870/1870/1870 
f 1870/1870/1870 1873/1873/1873 1874/1874/1874 
f 1873/1873/1873 1856/1856/1856 1874/1874/1874 
f 1874/1874/1874 1856/1856/1856 1854/1854/1854 
f 1856/1856/1856 1855/1855/1855 1854/1854/1854 
f 1854/1854/1854 1855/1855/1855 1855/1855/1855 
f 1855/1855/1855 1874/1874/1874 1855/1855/1855 
f 1855/1855/1855 1874/1874/1874 1874/1874/1874 
f 1874/1874/1874 1854/1854/1854 1874/1874/1874 
f 1874/1874/1874 1854/1854/1854 1870/1870/1870 
f 1854/1854/1854 1871/1871/1871 1870/1870/1870 
f 1870/1870/1870 1871/1871/1871 1871/1871/1871 
f 1871/1871/1871 1797/1797/1797 1871/1871/1871 
f 1871/1871/1871 1797/1797/1797 1797/1797/1797 
f 1797/1797/1797 1779/1779/1779 1797/1797/1797 
f 1797/1797/1797 1779/1779/1779 1777/1777/1777 
f 1779/1779/1779 1778/1778/1778 1777/1777/1777 
f 1777/1777/1777 1778/1778/1778 1778/1778/1778 
f 1778/1778/1778 1832/1832/1832 1778/1778/1778 
f 1778/1778/1778 1832/1832/1832 1832/1832/1832 
f 1832/1832/1832 1830/1830/1830 1832/1832/1832 
f 1832/1832/1832 1830/1830/1830 1834/1834/1834 
f 1830/1830/1830 1875/1875/1875 1834/1834/1834 
f 1834/1834/1834 1875/1875/1875 1876/1876/1876 
f 1875/1875/1875 1877/1877/1877 1876/1876/1876 
f 1876/1876/1876 1877/1877/1877 1878/1878/1878 
f 1877/1877/1877 1879/1879/1879 1878/1878/1878 
f 1878/1878/1878 1879/1879/1879 1879/1879/1879 
f 1879/1879/1879 1875/1875/1875 1879/1879/1879 
f 1879/1879/1879 1875/1875/1875 1875/1875/1875 
f 1875/1875/1875 1830/1830/1830 1875/1875/1875 
f 1875/1875/1875 1830/1830/1830 1877/1877/1877 
f 1830/1830/1830 1880/1880/1880 1877/1877/1877 
f 1877/1877/1877 1880/1880/1880 1881/1881/1881 
f 1880/1880/1880 1828/1828/1828 1881/1881/1881 
f 1881/1881/1881 1828/1828/1828 1882/1882/1882 
f 1828/1828/1828 1742/1742/1742 1882/1882/1882 
f 1882/1882/1882 1742/1742/1742 1740/1740/1740 
f 1742/1742/1742 1740/1740/1740 1740/1740/1740 
f 1740/1740/1740 1740/1740/1740 1882/1882/1882 
f 1740/1740/1740 1882/1882/1882 1882/1882/1882 
f 1882/1882/1882 1882/1882/1882 1882/1882/1882 
f 1882/1882/1882 1740/1740/1740 1882/1882/1882 
f 1882/1882/1882 1740/1740/1740 1881/1881/1881 
f 1740/1740/1740 1883/1883/1883 1881/1881/1881 
f 1881/1881/1881 1883/1883/1883 1884/1884/1884 
f 1883/1883/1883 1736/1736/1736 1884/1884/1884 
f 1884/1884/1884 1736/1736/1736 1885/1885/1885 
f 1736/1736/1736 1734/1734/1734 1885/1885/1885 
f 1885/1885/1885 1734/1734/1734 1886/1886/1886 
f 1734/1734/1734 1887/1887/1887 1886/1886/1886 
f 1886/1886/1886 1887/1887/1887 1887/1887/1887 
f 1887/1887/1887 1885/1885/1885 1887/1887/1887 
f 1887/1887/1887 1885/1885/1885 1885/1885/1885 
f 1885/1885/1885 1886/1886/1886 1885/1885/1885 
f 1885/1885/1885 1886/1886/1886 1884/1884/1884 
f 1886/1886/1886 1888/1888/1888 1884/1884/1884 
f 1884/1884/1884 1888/1888/1888 1879/1879/1879 
f 1888/1888/1888 1879/1879/1879 1879/1879/1879 
f 1879/1879/1879 1879/1879/1879 1884/1884/1884 
f 1879/1879/1879 1884/1884/1884 1884/1884/1884 
f 1884/1884/1884 1884/1884/1884 1884/1884/1884 
f 1884/1884/1884 1879/1879/1879 1884/1884/1884 
f 1884/1884/1884 1879/1879/1879 1889/1889/1889 
f 1879/1879/1879 1877/1877/1877 1889/1889/1889 
f 1889/1889/1889 1877/1877/1877 1881/1881/1881 
f 1877/1877/1877 1881/1881/1881 1881/1881/1881 
f 1881/1881/1881 1881/1881/1881 1846/1846/1846 
f 1881/1881/1881 1846/1846/1846 1846/1846/1846 
f 1846/1846/1846 1846/1846/1846 1846/1846/1846 
f 1846/1846/1846 1845/1845/1845 1846/1846/1846 
f 1846/1846/1846 1845/1845/1845 1847/1847/1847 
f 1845/1845/1845 1857/1857/1857 1847/1847/1847 
f 1847/1847/1847 1857/1857/1857 1857/1857/1857 
f 1857/1857/1857 1853/1853/1853 1857/1857/1857 
f 1857/1857/1857 1853/1853/1853 1853/1853/1853 
f 1853/1853/1853 1843/1843/1843 1853/1853/1853 
f 1853/1853/1853 1843/1843/1843 1841/1841/1841 
f 1843/1843/1843 1842/1842/1842 1841/1841/1841 
f 1841/1841/1841 1842/1842/1842 1842/1842/1842 
f 1842/1842/1842 1801/1801/1801 1842/1842/1842 
f 1842/1842/1842 1801/1801/1801 1801/1801/1801 
f 1801/1801/1801 1783/1783/1783 1801/1801/1801 
f 1801/1801/1801 1783/1783/1783 1781/1781/1781 
f 1783/1783/1783 1782/1782/1782 1781/1781/1781 
f 1781/1781/1781 1782/1782/1782 1782/1782/1782 
f 1782/1782/1782 1768/1768/1768 1782/1782/1782 
f 1782/1782/1782 1768/1768/1768 1768/1768/1768 
f 1768/1768/1768 1757/1757/1757 1768/1768/1768 
f 1768/1768/1768 1757/1757/1757 1761/1761/1761 
f 1757/1757/1757 1759/1759/1759 1761/1761/1761 
f 1761/1761/1761 1759/1759/1759 1759/1759/1759 
f 1759/1759/1759 1784/1784/1784 1759/1759/1759 
f 1759/1759/1759 1784/1784/1784 1784/1784/1784 
f 1784/1784/1784 1733/1733/1733 1784/1784/1784 
f 1784/1784/1784 1733/1733/1733 1737/1737/1737 
f 1733/1733/1733 1735/1735/1735 1737/1737/1737 
f 1737/1737/1737 1735/1735/1735 1735/1735/1735 
f 1735/1735/1735 1806/1806/1806 1735/1735/1735 
f 1735/1735/1735 1806/1806/1806 1806/1806/1806 
f 1806/1806/1806 1792/1792/1792 1806/1806/1806 
f 1806/1806/1806 1792/1792/1792 1790/1790/1790 
f 1792/1792/1792 1791/1791/1791 1790/1790/1790 
f 1790/1790/1790 1791/1791/1791 1791/1791/1791 
f 1791/1791/1791 1829/1829/1829 1791/1791/1791 
f 1791/1791/1791 1829/1829/1829 1829/1829/1829 
f 1829/1829/1829 1831/1831/1831 1829/1829/1829 
f 1829/1829/1829 1831/1831/1831 1827/1827/1827 
f 1831/1831/1831 1851/1851/1851 1827/1827/1827 
f 1827/1827/1827 1851/1851/1851 1851/1851/1851 
f 1851/1851/1851 1873/1873/1873 1851/1851/1851 
f 1851/1851/1851 1873/1873/1873 1873/1873/1873 
f 1873/1873/1873 1890/1890/1890 1873/1873/1873 
f 1873/1873/1873 1890/1890/1890 1856/1856/1856 
f 1890/1890/1890 1858/1858/1858 1856/1856/1856 
f 1856/1856/1856 1858/1858/1858 1858/1858/1858 
f 1858/1858/1858 1774/1774/1774 1858/1858/1858 
f 1858/1858/1858 1774/1774/1774 1774/1774/1774 
f 1774/1774/1774 1773/1773/1773 1774/1774/1774 
f 1774/1774/1774 1773/1773/1773 1775/1775/1775 
f 1773/1773/1773 1793/1793/1793 1775/1775/1775 
f 1775/1775/1775 1793/1793/1793 1793/1793/1793 
f 1793/1793/1793 1741/1741/1741 1793/1793/1793 
f 1793/1793/1793 1741/1741/1741 1741/1741/1741 
f 1741/1741/1741 1743/1743/1743 1741/1741/1741 
f 1741/1741/1741 1743/1743/1743 1739/1739/1739 
f 1743/1743/1743 1780/1780/1780 1739/1739/1739 
f 1739/1739/1739 1780/1780/1780 1780/1780/1780 
f 1780/1780/1780 1770/1770/1770 1780/1780/1780 
f 1780/1780/1780 1770/1770/1770 1770/1770/1770 
f 1770/1770/1770 1769/1769/1769 1770/1770/1770 
f 1770/1770/1770 1769/1769/1769 1771/1771/1771 
f 1769/1769/1769 1789/1789/1789 1771/1771/1771 
f 1771/1771/1771 1789/1789/1789 1789/1789/1789 
f 1789/1789/1789 1823/1823/1823 1789/1789/1789 
f 1789/1789/1789 1823/1823/1823 1823/1823/1823 
f 1823/1823/1823 1813/1813/1813 1823/1823/1823 
f 1823/1823/1823 1813/1813/1813 1811/1811/1811 
f 1813/1813/1813 1812/1812/1812 1811/1811/1811 
f 1811/1811/1811 1812/1812/1812 1812/1812/1812 
f 1812/1812/1812 1799/1799/1799 1812/1812/1812 
f 1812/1812/1812 1799/1799/1799 1799/1799/1799 
f 1799/1799/1799 1798/1798/1798 1799/1799/1799 
f 1799/1799/1799 1798/1798/1798 1800/1800/1800 
f 1798/1798/1798 1814/1814/1814 1800/1800/1800 
f 1800/1800/1800 1814/1814/1814 1814/1814/1814 
f 1814/1814/1814 1836/1836/1836 1814/1814/1814 
f 1814/1814/1814 1836/1836/1836 1836/1836/1836 
f 1836/1836/1836 1834/1834/1834 1836/1836/1836 
f 1836/1836/1836 1834/1834/1834 1891/1891/1891 
f 1834/1834/1834 1876/1876/1876 1891/1891/1891 
f 1891/1891/1891 1876/1876/1876 1876/1876/1876 
f 1876/1876/1876 1869/1869/1869 1876/1876/1876 
f 1876/1876/1876 1869/1869/1869 1869/1869/1869 
f 1869/1869/1869 1861/1861/1861 1869/1869/1869 
f 1869/1869/1869 1861/1861/1861 1863/1863/1863 
f 1861/1861/1861 1862/1862/1862 1863/1863/1863 
f 1863/1863/1863 1862/1862/1862 1862/1862/1862 
f 1862/1862/1862 1738/1738/1738 1862/1862/1862 
f 1862/1862/1862 1738/1738/1738 1738/1738/1738 
f 1738/1738/1738 1736/1736/1736 1738/1738/1738 
f 1738/1738/1738 1736/1736/1736 1740/1740/1740 
f 1736/1736/1736 1883/1883/1883 1740/1740/1740 
f 1740/1740/1740 1883/1883/1883 1883/1883/1883 
f 1883/1883/1883 1821/1821/1821 1883/1883/1883 
f 1883/1883/1883 1821/1821/1821 1821/1821/1821 
f 1821/1821/1821 1820/1820/1820 1821/1821/1821 
f 1821/1821/1821 1820/1820/1820 1822/1822/1822 
f 1820/1820/1820 1892/1892/1892 1822/1822/1822 
f 1822/1822/1822 1892/1892/1892 1893/1893/1893 
f 1892/1892/1892 1894/1894/1894 1893/1893/1893 
f 1893/1893/1893 1894/1894/1894 1895/1895/1895 
f 1894/1894/1894 1896/1896/1896 1895/1895/1895 
f 1895/1895/1895 1896/1896/1896 1896/1896/1896 
f 1896/1896/1896 1892/1892/1892 1896/1896/1896 
f 1896/1896/1896 1892/1892/1892 1892/1892/1892 
f 1892/1892/1892 1820/1820/1820 1892/1892/1892 
f 1892/1892/1892 1820/1820/1820 1894/1894/1894 
f 1820/1820/1820 1897/1897/1897 1894/1894/1894 
f 1894/1894/1894 1897/1897/1897 1898/1898/1898 
f 1897/1897/1897 1818/1818/1818 1898/1898/1898 
f 1898/1898/1898 1818/1818/1818 1899/1899/1899 
f 1818/1818/1818 1900/1900/1900 1899/1899/1899 
f 1899/1899/1899 1900/1900/1900 1901/1901/1901 
f 1900/1900/1900 1902/1902/1902 1901/1901/1901 
f 1901/1901/1901 1902/1902/1902 1903/1903/1903 
f 1902/1902/1902 1904/1904/1904 1903/1903/1903 
f 1903/1903/1903 1904/1904/1904 1905/1905/1905 
f 1904/1904/1904 1906/1906/1906 1905/1905/1905 
f 1905/1905/1905 1906/1906/1906 1907/1907/1907 
f 1906/1906/1906 1908/1908/1908 1907/1907/1907 
f 1907/1907/1907 1908/1908/1908 1908/1908/1908 
f 1908/1908/1908 1818/1818/1818 1908/1908/1908 
f 1908/1908/1908 1818/1818/1818 1818/1818/1818 
f 1818/1818/1818 1817/1817/1817 1818/1818/1818 
f 1818/1818/1818 1817/1817/1817 1900/1900/1900 
f 1817/1817/1817 1805/1805/1805 1900/1900/1900 
f 1900/1900/1900 1805/1805/1805 1909/1909/1909 
f 1805/1805/1805 1910/1910/1910 1909/1909/1909 
f 1909/1909/1909 1910/1910/1910 1904/1904/1904 
f 1910/1910/1910 1911/1911/1911 1904/1904/1904 
f 1904/1904/1904 1911/1911/1911 1906/1906/1906 
f 1911/1911/1911 1912/1912/1912 1906/1906/1906 
f 1906/1906/1906 1912/1912/1912 1913/1913/1913 
f 1912/1912/1912 1914/1914/1914 1913/1913/1913 
f 1913/1913/1913 1914/1914/1914 1915/1915/1915 
f 1914/1914/1914 1916/1916/1916 1915/1915/1915 
f 1915/1915/1915 1916/1916/1916 1916/1916/1916 
f 1916/1916/1916 1805/1805/1805 1916/1916/1916 
f 1916/1916/1916 1805/1805/1805 1805/1805/1805 
f 1805/1805/1805 1804/1804/1804 1805/1805/1805 
f 1805/1805/1805 1804/1804/1804 1910/1910/1910 
f 1804/1804/1804 1788/1788/1788 1910/1910/1910 
f 1910/1910/1910 1788/1788/1788 1917/1917/1917 
f 1788/1788/1788 1918/1918/1918 1917/1917/1917 
f 1917/1917/1917 1918/1918/1918 1912/1912/1912 
f 1918/1918/1918 1919/1919/1919 1912/1912/1912 
f 1912/1912/1912 1919/1919/1919 1914/1914/1914 
f 1919/1919/1919 1920/1920/1920 1914/1914/1914 
f 1914/1914/1914 1920/1920/1920 1921/1921/1921 
f 1920/1920/1920 1922/1922/1922 1921/1921/1921 
f 1921/1921/1921 1922/1922/1922 1923/1923/1923 
f 1922/1922/1922 1924/1924/1924 1923/1923/1923 
f 1923/1923/1923 1924/1924/1924 1924/1924/1924 
f 1924/1924/1924 1788/1788/1788 1924/1924/1924 
f 1924/1924/1924 1788/1788/1788 1788/1788/1788 
f 1788/1788/1788 1787/1787/1787 1788/1788/1788 
f 1788/1788/1788 1787/1787/1787 1918/1918/1918 
f 1787/1787/1787 1767/1767/1767 1918/1918/1918 
f 1918/1918/1918 1767/1767/1767 1925/1925/1925 
f 1767/1767/1767 1926/1926/1926 1925/1925/1925 
f 1925/1925/1925 1926/1926/1926 1920/1920/1920 
f 1926/1926/1926 1927/1927/1927 1920/1920/1920 
f 1920/1920/1920 1927/1927/1927 1922/1922/1922 
f 1927/1927/1927 1928/1928/1928 1922/1922/1922 
f 1922/1922/1922 1928/1928/1928 1929/1929/1929 
f 1928/1928/1928 1930/1930/1930 1929/1929/1929 
f 1929/1929/1929 1930/1930/1930 1931/1931/1931 
f 1930/1930/1930 1932/1932/1932 1931/1931/1931 
f 1931/1931/1931 1932/1932/1932 1932/1932/1932 
f 1932/1932/1932 1767/1767/1767 1932/1932/1932 
f 1932/1932/1932 1767/1767/1767 1767/1767/1767 
f 1767/1767/1767 1766/1766/1766 1767/1767/1767 
f 1767/1767/1767 1766/1766/1766 1926/1926/1926 
f 1766/1766/1766 1763/1763/1763 1926/1926/1926 
f 1926/1926/1926 1763/1763/1763 1933/1933/1933 
f 1763/1763/1763 1934/1934/1934 1933/1933/1933 
f 1933/1933/1933 1934/1934/1934 1928/1928/1928 
f 1934/1934/1934 1935/1935/1935 1928/1928/1928 
f 1928/1928/1928 1935/1935/1935 1930/1930/1930 
f 1935/1935/1935 1930/1930/1930 1930/1930/1930 
f 1930/1930/1930 1930/1930/1930 1933/1933/1933 
f 1930/1930/1930 1933/1933/1933 1933/1933/1933 
f 1933/1933/1933 1933/1933/1933 1933/1933/1933 
f 1933/1933/1933 1928/1928/1928 1933/1933/1933 
f 1933/1933/1933 1928/1928/1928 1926/1926/1926 
f 1928/1928/1928 1927/1927/1927 1926/1926/1926 
f 1926/1926/1926 1927/1927/1927 1927/1927/1927 
f 1927/1927/1927 1795/1795/1795 1927/1927/1927 
f 1927/1927/1927 1795/1795/1795 1795/1795/1795 
f 1795/1795/1795 1794/1794/1794 1795/1795/1795 
f 1795/1795/1795 1794/1794/1794 1796/1796/1796 
f 1794/1794/1794 1810/1810/1810 1796/1796/1796 
f 1796/1796/1796 1810/1810/1810 1810/1810/1810 
f 1810/1810/1810 1919/1919/1919 1810/1810/1810 
f 1810/1810/1810 1919/1919/1919 1919/1919/1919 
f 1919/1919/1919 1918/1918/1918 1919/1919/1919 
f 1919/1919/1919 1918/1918/1918 1920/1920/1920 
f 1918/1918/1918 1925/1925/1925 1920/1920/1920 
f 1920/1920/1920 1925/1925/1925 1925/1925/1925 
f 1925/1925/1925 1921/1921/1921 1925/1925/1925 
f 1925/1925/1925 1921/1921/1921 1921/1921/1921 
f 1921/1921/1921 1923/1923/1923 1921/1921/1921 
f 1921/1921/1921 1923/1923/1923 1914/1914/1914 
f 1923/1923/1923 1916/1916/1916 1914/1914/1914 
f 1914/1914/1914 1916/1916/1916 1916/1916/1916 
f 1916/1916/1916 1301/1301/1301 1916/1916/1916 
f 1916/1916/1916 1301/1301/1301 1301/1301/1301 
f 1301/1301/1301 1300/1300/1300 1301/1301/1301 
f 1301/1301/1301 1300/1300/1300 1302/1302/1302 
f 1300/1300/1300 1315/1315/1315 1302/1302/1302 
f 1302/1302/1302 1315/1315/1315 1315/1315/1315 
f 1315/1315/1315 934/934/934 1315/1315/1315 
f 1315/1315/1315 934/934/934 934/934/934 
f 934/934/934 933/933/933 934/934/934 
f 934/934/934 933/933/933 935/935/935 
f 933/933/933 948/948/948 935/935/935 
f 935/935/935 948/948/948 948/948/948 
f 948/948/948 1913/1913/1913 948/948/948 
f 948/948/948 1913/1913/1913 1913/1913/1913 
f 1913/1913/1913 1915/1915/1915 1913/1913/1913 
f 1913/1913/1913 1915/1915/1915 1906/1906/1906 
f 1915/1915/1915 1908/1908/1908 1906/1906/1906 
f 1906/1906/1906 1908/1908/1908 1908/1908/1908 
f 1908/1908/1908 1929/1929/1929 1908/1908/1908 
f 1908/1908/1908 1929/1929/1929 1929/1929/1929 
f 1929/1929/1929 1931/1931/1931 1929/1929/1929 
f 1929/1929/1929 1931/1931/1931 1922/1922/1922 
f 1931/1931/1931 1924/1924/1924 1922/1922/1922 
f 1922/1922/1922 1924/1924/1924 1924/1924/1924 
f 1924/1924/1924 1911/1911/1911 1924/1924/1924 
f 1924/1924/1924 1911/1911/1911 1911/1911/1911 
f 1911/1911/1911 1910/1910/1910 1911/1911/1911 
f 1911/1911/1911 1910/1910/1910 1912/1912/1912 
f 1910/1910/1910 1917/1917/1917 1912/1912/1912 
f 1912/1912/1912 1917/1917/1917 1917/1917/1917 
f 1917/1917/1917 1936/1936/1936 1917/1917/1917 
f 1917/1917/1917 1936/1936/1936 1936/1936/1936 
f 1936/1936/1936 1937/1937/1937 1936/1936/1936 
f 1936/1936/1936 1937/1937/1937 1938/1938/1938 
f 1937/1937/1937 1939/1939/1939 1938/1938/1938 
f 1938/1938/1938 1939/1939/1939 1940/1940/1940 
f 1939/1939/1939 1941/1941/1941 1940/1940/1940 
f 1940/1940/1940 1941/1941/1941 1942/1942/1942 
f 1941/1941/1941 1943/1943/1943 1942/1942/1942 
f 1942/1942/1942 1943/1943/1943 1943/1943/1943 
f 1943/1943/1943 1939/1939/1939 1943/1943/1943 
f 1943/1943/1943 1939/1939/1939 1939/1939/1939 
f 1939/1939/1939 1937/1937/1937 1939/1939/1939 
f 1939/1939/1939 1937/1937/1937 1941/1941/1941 
f 1937/1937/1937 1944/1944/1944 1941/1941/1941 
f 1941/1941/1941 1944/1944/1944 1945/1945/1945 
f 1944/1944/1944 1945/1945/1945 1945/1945/1945 
f 1945/1945/1945 1945/1945/1945 1941/1941/1941 
f 1945/1945/1945 1941/1941/1941 1941/1941/1941 
f 1941/1941/1941 1941/1941/1941 1941/1941/1941 
f 1941/1941/1941 1945/1945/1945 1941/1941/1941 
f 1941/1941/1941 1945/1945/1945 1946/1946/1946 
f 1945/1945/1945 1947/1947/1947 1946/1946/1946 
f 1946/1946/1946 1947/1947/1947 1943/1943/1943 
f 1947/1947/1947 1948/1948/1948 1943/1943/1943 
f 1943/1943/1943 1948/1948/1948 1948/1948/1948 
f 1948/1948/1948 1945/1945/1945 1948/1948/1948 
f 1948/1948/1948 1945/1945/1945 1945/1945/1945 
f 1945/1945/1945 1949/1949/1949 1945/1945/1945 
f 1945/1945/1945 1949/1949/1949 1947/1947/1947 
f 1949/1949/1949 1950/1950/1950 1947/1947/1947 
f 1947/1947/1947 1950/1950/1950 1951/1951/1951 
f 1950/1950/1950 1952/1952/1952 1951/1951/1951 
f 1951/1951/1951 1952/1952/1952 1953/1953/1953 
f 1952/1952/1952 1954/1954/1954 1953/1953/1953 
f 1953/1953/1953 1954/1954/1954 1954/1954/1954 
f 1954/1954/1954 1951/1951/1951 1954/1954/1954 
f 1954/1954/1954 1951/1951/1951 1951/1951/1951 
f 1951/1951/1951 1953/1953/1953 1951/1951/1951 
f 1951/1951/1951 1953/1953/1953 1947/1947/1947 
f 1953/1953/1953 1948/1948/1948 1947/1947/1947 
f 1947/1947/1947 1948/1948/1948 1948/1948/1948 
f 1948/1948/1948 1077/1077/1077 1948/1948/1948 
f 1948/1948/1948 1077/1077/1077 1077/1077/1077 
f 1077/1077/1077 1076/1076/1076 1077/1077/1077 
f 1077/1077/1077 1076/1076/1076 1078/1078/1078 
f 1076/1076/1076 1651/1651/1651 1078/1078/1078 
f 1078/1078/1078 1651/1651/1651 1648/1648/1648 
f 1651/1651/1651 1648/1648/1648 1648/1648/1648 
f 1648/1648/1648 1648/1648/1648 1078/1078/1078 
f 1648/1648/1648 1078/1078/1078 1078/1078/1078 
f 1078/1078/1078 1078/1078/1078 1078/1078/1078 
f 1078/1078/1078 1648/1648/1648 1078/1078/1078 
f 1078/1078/1078 1648/1648/1648 1955/1955/1955 
f 1648/1648/1648 1956/1956/1956 1955/1955/1955 
f 1955/1955/1955 1956/1956/1956 1080/1080/1080 
f 1956/1956/1956 1957/1957/1957 1080/1080/1080 
f 1080/1080/1080 1957/1957/1957 1059/1059/1059 
f 1957/1957/1957 1059/1059/1059 1059/1059/1059 
f 1059/1059/1059 1059/1059/1059 1958/1958/1958 
f 1059/1059/1059 1958/1958/1958 1958/1958/1958 
f 1958/1958/1958 1958/1958/1958 1958/1958/1958 
f 1958/1958/1958 1959/1959/1959 1958/1958/1958 
f 1958/1958/1958 1959/1959/1959 1960/1960/1960 
f 1959/1959/1959 1249/1249/1249 1960/1960/1960 
f 1960/1960/1960 1249/1249/1249 1249/1249/1249 
f 1249/1249/1249 1902/1902/1902 1249/1249/1249 
f 1249/1249/1249 1902/1902/1902 1902/1902/1902 
f 1902/1902/1902 1900/1900/1900 1902/1902/1902 
f 1902/1902/1902 1900/1900/1900 1904/1904/1904 
f 1900/1900/1900 1909/1909/1909 1904/1904/1904 
f 1904/1904/1904 1909/1909/1909 1909/1909/1909 
f 1909/1909/1909 1428/1428/1428 1909/1909/1909 
f 1909/1909/1909 1428/1428/1428 1428/1428/1428 
f 1428/1428/1428 1424/1424/1424 1428/1428/1428 
f 1428/1428/1428 1424/1424/1424 1422/1422/1422 
f 1424/1424/1424 1423/1423/1423 1422/1422/1422 
f 1422/1422/1422 1423/1423/1423 1423/1423/1423 
f 1423/1423/1423 1174/1174/1174 1423/1423/1423 
f 1423/1423/1423 1174/1174/1174 1174/1174/1174 
f 1174/1174/1174 1172/1172/1172 1174/1174/1174 
f 1174/1174/1174 1172/1172/1172 1183/1183/1183 
f 1172/1172/1172 1181/1181/1181 1183/1183/1183 
f 1183/1183/1183 1181/1181/1181 1181/1181/1181 
f 1181/1181/1181 1776/1776/1776 1181/1181/1181 
f 1181/1181/1181 1776/1776/1776 1776/1776/1776 
f 1776/1776/1776 1745/1745/1745 1776/1776/1776 
f 1776/1776/1776 1745/1745/1745 1749/1749/1749 
f 1745/1745/1745 1747/1747/1747 1749/1749/1749 
f 1749/1749/1749 1747/1747/1747 1747/1747/1747 
f 1747/1747/1747 1161/1161/1161 1747/1747/1747 
f 1747/1747/1747 1161/1161/1161 1161/1161/1161 
f 1161/1161/1161 1163/1163/1163 1161/1161/1161 
f 1161/1161/1161 1163/1163/1163 1152/1152/1152 
f 1163/1163/1163 1154/1154/1154 1152/1152/1152 
f 1152/1152/1152 1154/1154/1154 1154/1154/1154 
f 1154/1154/1154 1285/1285/1285 1154/1154/1154 
f 1154/1154/1154 1285/1285/1285 1285/1285/1285 
f 1285/1285/1285 1284/1284/1284 1285/1285/1285 
f 1285/1285/1285 1284/1284/1284 1286/1286/1286 
f 1284/1284/1284 1299/1299/1299 1286/1286/1286 
f 1286/1286/1286 1299/1299/1299 1299/1299/1299 
f 1299/1299/1299 888/888/888 1299/1299/1299 
f 1299/1299/1299 888/888/888 888/888/888 
f 888/888/888 875/875/875 888/888/888 
f 888/888/888 875/875/875 871/871/871 
f 875/875/875 873/873/873 871/871/871 
f 871/871/871 873/873/873 873/873/873 
f 873/873/873 1214/1214/1214 873/873/873 
f 873/873/873 1214/1214/1214 1214/1214/1214 
f 1214/1214/1214 1961/1961/1961 1214/1214/1214 
f 1214/1214/1214 1961/1961/1961 1212/1212/1212 
f 1961/1961/1961 1962/1962/1962 1212/1212/1212 
f 1212/1212/1212 1962/1962/1962 1963/1963/1963 
f 1962/1962/1962 1964/1964/1964 1963/1963/1963 
f 1963/1963/1963 1964/1964/1964 1965/1965/1965 
f 1964/1964/1964 1966/1966/1966 1965/1965/1965 
f 1965/1965/1965 1966/1966/1966 1967/1967/1967 
f 1966/1966/1966 1968/1968/1968 1967/1967/1967 
f 1967/1967/1967 1968/1968/1968 1969/1969/1969 
f 1968/1968/1968 1970/1970/1970 1969/1969/1969 
f 1969/1969/1969 1970/1970/1970 1971/1971/1971 
f 1970/1970/1970 1972/1972/1972 1971/1971/1971 
f 1971/1971/1971 1972/1972/1972 1973/1973/1973 
f 1972/1972/1972 1974/1974/1974 1973/1973/1973 
f 1973/1973/1973 1974/1974/1974 1975/1975/1975 
f 1974/1974/1974 1976/1976/1976 1975/1975/1975 
f 1975/1975/1975 1976/1976/1976 1977/1977/1977 
f 1976/1976/1976 1978/1978/1978 1977/1977/1977 
f 1977/1977/1977 1978/1978/1978 1979/1979/1979 
f 1978/1978/1978 1980/1980/1980 1979/1979/1979 
f 1979/1979/1979 1980/1980/1980 1981/1981/1981 
f 1980/1980/1980 1982/1982/1982 1981/1981/1981 
f 1981/1981/1981 1982/1982/1982 1983/1983/1983 
f 1982/1982/1982 1983/1983/1983 1983/1983/1983 
f 1983/1983/1983 1983/1983/1983 1981/1981/1981 
f 1983/1983/1983 1981/1981/1981 1981/1981/1981 
f 1981/1981/1981 1981/1981/1981 1981/1981/1981 
f 1981/1981/1981 1984/1984/1984 1981/1981/1981 
f 1981/1981/1981 1984/1984/1984 1979/1979/1979 
f 1984/1984/1984 1985/1985/1985 1979/1979/1979 
f 1979/1979/1979 1985/1985/1985 1986/1986/1986 
f 1985/1985/1985 1987/1987/1987 1986/1986/1986 
f 1986/1986/1986 1987/1987/1987 1975/1975/1975 
f 1987/1987/1987 1988/1988/1988 1975/1975/1975 
f 1975/1975/1975 1988/1988/1988 1973/1973/1973 
f 1988/1988/1988 1989/1989/1989 1973/1973/1973 
f 1973/1973/1973 1989/1989/1989 1990/1990/1990 
f 1989/1989/1989 1991/1991/1991 1990/1990/1990 
f 1990/1990/1990 1991/1991/1991 1969/1969/1969 
f 1991/1991/1991 1992/1992/1992 1969/1969/1969 
f 1969/1969/1969 1992/1992/1992 1967/1967/1967 
f 1992/1992/1992 1993/1993/1993 1967/1967/1967 
f 1967/1967/1967 1993/1993/1993 1994/1994/1994 
f 1993/1993/1993 1216/1216/1216 1994/1994/1994 
f 1994/1994/1994 1216/1216/1216 1963/1963/1963 
f 1216/1216/1216 1215/1215/1215 1963/1963/1963 
f 1963/1963/1963 1215/1215/1215 1212/1212/1212 
f 1215/1215/1215 1212/1212/1212 1212/1212/1212 
f 1212/1212/1212 1212/1212/1212 1985/1985/1985 
f 1212/1212/1212 1985/1985/1985 1985/1985/1985 
f 1985/1985/1985 1985/1985/1985 1985/1985/1985 
f 1985/1985/1985 1995/1995/1995 1985/1985/1985 
f 1985/1985/1985 1995/1995/1995 1987/1987/1987 
f 1995/1995/1995 1996/1996/1996 1987/1987/1987 
f 1987/1987/1987 1996/1996/1996 1997/1997/1997 
f 1996/1996/1996 1998/1998/1998 1997/1997/1997 
f 1997/1997/1997 1998/1998/1998 1989/1989/1989 
f 1998/1998/1998 1999/1999/1999 1989/1989/1989 
f 1989/1989/1989 1999/1999/1999 1991/1991/1991 
f 1999/1999/1999 2000/2000/2000 1991/1991/1991 
f 1991/1991/1991 2000/2000/2000 2001/2001/2001 
f 2000/2000/2000 2002/2002/2002 2001/2001/2001 
f 2001/2001/2001 2002/2002/2002 1993/1993/1993 
f 2002/2002/2002 2003/2003/2003 1993/1993/1993 
f 1993/1993/1993 2003/2003/2003 1216/1216/1216 
f 2003/2003/2003 1218/1218/1218 1216/1216/1216 
f 1216/1216/1216 1218/1218/1218 1218/1218/1218 
f 1218/1218/1218 2001/2001/2001 1218/1218/1218 
f 1218/1218/1218 2001/2001/2001 2001/2001/2001 
f 2001/2001/2001 1993/1993/1993 2001/2001/2001 
f 2001/2001/2001 1993/1993/1993 1991/1991/1991 
f 1993/1993/1993 1992/1992/1992 1991/1991/1991 
f 1991/1991/1991 1992/1992/1992 1992/1992/1992 
f 1992/1992/1992 1962/1962/1962 1992/1992/1992 
f 1992/1992/1992 1962/1962/1962 1962/1962/1962 
f 1962/1962/1962 1961/1961/1961 1962/1962/1962 
f 1962/1962/1962 1961/1961/1961 1964/1964/1964 
f 1961/1961/1961 2004/2004/2004 1964/1964/1964 
f 1964/1964/1964 2004/2004/2004 2005/2005/2005 
f 2004/2004/2004 2005/2005/2005 2005/2005/2005 
f 2005/2005/2005 2005/2005/2005 1964/1964/1964 
f 2005/2005/2005 1964/1964/1964 1964/1964/1964 
f 1964/1964/1964 1964/1964/1964 1964/1964/1964 
f 1964/1964/1964 2005/2005/2005 1964/1964/1964 
f 1964/1964/1964 2005/2005/2005 2006/2006/2006 
f 2005/2005/2005 2007/2007/2007 2006/2006/2006 
f 2006/2006/2006 2007/2007/2007 1966/1966/1966 
f 2007/2007/2007 2008/2008/2008 1966/1966/1966 
f 1966/1966/1966 2008/2008/2008 1970/1970/1970 
f 2008/2008/2008 2009/2009/2009 1970/1970/1970 
f 1970/1970/1970 2009/2009/2009 2010/2010/2010 
f 2009/2009/2009 2011/2011/2011 2010/2010/2010 
f 2010/2010/2010 2011/2011/2011 1972/1972/1972 
f 2011/2011/2011 2012/2012/2012 1972/1972/1972 
f 1972/1972/1972 2012/2012/2012 1976/1976/1976 
f 2012/2012/2012 2013/2013/2013 1976/1976/1976 
f 1976/1976/1976 2013/2013/2013 2014/2014/2014 
f 2013/2013/2013 2015/2015/2015 2014/2014/2014 
f 2014/2014/2014 2015/2015/2015 1978/1978/1978 
f 2015/2015/2015 2016/2016/2016 1978/1978/1978 
f 1978/1978/1978 2016/2016/2016 1982/1982/1982 
f 2016/2016/2016 1982/1982/1982 1982/1982/1982 
f 1982/1982/1982 1982/1982/1982 2005/2005/2005 
f 1982/1982/1982 2005/2005/2005 2005/2005/2005 
f 2005/2005/2005 2005/2005/2005 2005/2005/2005 
f 2005/2005/2005 2017/2017/2017 2005/2005/2005 
f 2005/2005/2005 2017/2017/2017 2007/2007/2007 
f 2017/2017/2017 2018/2018/2018 2007/2007/2007 
f 2007/2007/2007 2018/2018/2018 2019/2019/2019 
f 2018/2018/2018 2020/2020/2020 2019/2019/2019 
f 2019/2019/2019 2020/2020/2020 2009/2009/2009 
f 2020/2020/2020 2021/2021/2021 2009/2009/2009 
f 2009/2009/2009 2021/2021/2021 2011/2011/2011 
f 2021/2021/2021 2022/2022/2022 2011/2011/2011 
f 2011/2011/2011 2022/2022/2022 2023/2023/2023 
f 2022/2022/2022 2024/2024/2024 2023/2023/2023 
f 2023/2023/2023 2024/2024/2024 2013/2013/2013 
f 2024/2024/2024 2025/2025/2025 2013/2013/2013 
f 2013/2013/2013 2025/2025/2025 2015/2015/2015 
f 2025/2025/2025 2015/2015/2015 2015/2015/2015 
f 2015/2015/2015 2015/2015/2015 2018/2018/2018 
f 2015/2015/2015 2018/2018/2018 2018/2018/2018 
f 2018/2018/2018 2018/2018/2018 2018/2018/2018 
f 2018/2018/2018 2026/2026/2026 2018/2018/2018 
f 2018/2018/2018 2026/2026/2026 2020/2020/2020 
f 2026/2026/2026 2027/2027/2027 2020/2020/2020 
f 2020/2020/2020 2027/2027/2027 2028/2028/2028 
f 2027/2027/2027 2029/2029/2029 2028/2028/2028 
f 2028/2028/2028 2029/2029/2029 2022/2022/2022 
f 2029/2029/2029 2030/2030/2030 2022/2022/2022 
f 2022/2022/2022 2030/2030/2030 2024/2024/2024 
f 2030/2030/2030 2024/2024/2024 2024/2024/2024 
f 2024/2024/2024 2024/2024/2024 2028/2028/2028 
f 2024/2024/2024 2028/2028/2028 2028/2028/2028 
f 2028/2028/2028 2028/2028/2028 2028/2028/2028 
f 2028/2028/2028 2022/2022/2022 2028/2028/2028 
f 2028/2028/2028 2022/2022/2022 2020/2020/2020 
f 2022/2022/2022 2021/2021/2021 2020/2020/2020 
f 2020/2020/2020 2021/2021/2021 2021/2021/2021 
f 2021/2021/2021 1988/1988/1988 2021/2021/2021 
f 2021/2021/2021 1988/1988/1988 1988/1988/1988 
f 1988/1988/1988 1987/1987/1987 1988/1988/1988 
f 1988/1988/1988 1987/1987/1987 1989/1989/1989 
f 1987/1987/1987 1997/1997/1997 1989/1989/1989 
f 1989/1989/1989 1997/1997/1997 1997/1997/1997 
f 1997/1997/1997 1977/1977/1977 1997/1997/1997 
f 1997/1997/1997 1977/1977/1977 1977/1977/1977 
f 1977/1977/1977 1979/1979/1979 1977/1977/1977 
f 1977/1977/1977 1979/1979/1979 1975/1975/1975 
f 1979/1979/1979 1986/1986/1986 1975/1975/1975 
f 1975/1975/1975 1986/1986/1986 1986/1986/1986 
f 1986/1986/1986 1998/1998/1998 1986/1986/1986 
f 1986/1986/1986 1998/1998/1998 1998/1998/1998 
f 1998/1998/1998 1996/1996/1996 1998/1998/1998 
f 1998/1998/1998 1996/1996/1996 2031/2031/2031 
f 1996/1996/1996 2032/2032/2032 2031/2031/2031 
f 2031/2031/2031 2032/2032/2032 2032/2032/2032 
f 2032/2032/2032 1996/1996/1996 2032/2032/2032 
f 2032/2032/2032 1996/1996/1996 2033/2033/2033 
f 1996/1996/1996 2034/2034/2034 2033/2033/2033 
f 2033/2033/2033 2034/2034/2034 2035/2035/2035 
f 2034/2034/2034 2036/2036/2036 2035/2035/2035 
f 2035/2035/2035 2036/2036/2036 2037/2037/2037 
f 2036/2036/2036 2038/2038/2038 2037/2037/2037 
f 2037/2037/2037 2038/2038/2038 2039/2039/2039 
f 2038/2038/2038 2040/2040/2040 2039/2039/2039 
f 2039/2039/2039 2040/2040/2040 2041/2041/2041 
f 2040/2040/2040 2042/2042/2042 2041/2041/2041 
f 2041/2041/2041 2042/2042/2042 2043/2043/2043 
f 2042/2042/2042 2044/2044/2044 2043/2043/2043 
f 2043/2043/2043 2044/2044/2044 2045/2045/2045 
f 2044/2044/2044 2046/2046/2046 2045/2045/2045 
f 2045/2045/2045 2046/2046/2046 2047/2047/2047 
f 2046/2046/2046 2048/2048/2048 2047/2047/2047 
f 2047/2047/2047 2048/2048/2048 2049/2049/2049 
f 2048/2048/2048 2049/2049/2049 2049/2049/2049 
f 2049/2049/2049 2049/2049/2049 1996/1996/1996 
f 2049/2049/2049 1996/1996/1996 1996/1996/1996 
f 1996/1996/1996 1996/1996/1996 1996/1996/1996 
f 1996/1996/1996 1995/1995/1995 1996/1996/1996 
f 1996/1996/1996 1995/1995/1995 2034/2034/2034 
f 1995/1995/1995 1985/1985/1985 2034/2034/2034 
f 2034/2034/2034 1985/1985/1985 2050/2050/2050 
f 1985/1985/1985 2051/2051/2051 2050/2050/2050 
f 2050/2050/2050 2051/2051/2051 2038/2038/2038 
f 2051/2051/2051 2052/2052/2052 2038/2038/2038 
f 2038/2038/2038 2052/2052/2052 2040/2040/2040 
f 2052/2052/2052 2053/2053/2053 2040/2040/2040 
f 2040/2040/2040 2053/2053/2053 2054/2054/2054 
f 2053/2053/2053 2055/2055/2055 2054/2054/2054 
f 2054/2054/2054 2055/2055/2055 2044/2044/2044 
f 2055/2055/2055 2056/2056/2056 2044/2044/2044 
f 2044/2044/2044 2056/2056/2056 2046/2046/2046 
f 2056/2056/2056 2046/2046/2046 2046/2046/2046 
f 2046/2046/2046 2046/2046/2046 1985/1985/1985 
f 2046/2046/2046 1985/1985/1985 1985/1985/1985 
f 1985/1985/1985 1985/1985/1985 1985/1985/1985 
f 1985/1985/1985 1984/1984/1984 1985/1985/1985 
f 1985/1985/1985 1984/1984/1984 2051/2051/2051 
f 1984/1984/1984 1981/1981/1981 2051/2051/2051 
f 2051/2051/2051 1981/1981/1981 2057/2057/2057 
f 1981/1981/1981 2058/2058/2058 2057/2057/2057 
f 2057/2057/2057 2058/2058/2058 2053/2053/2053 
f 2058/2058/2058 2059/2059/2059 2053/2053/2053 
f 2053/2053/2053 2059/2059/2059 2055/2055/2055 
f 2059/2059/2059 2055/2055/2055 2055/2055/2055 
f 2055/2055/2055 2055/2055/2055 2057/2057/2057 
f 2055/2055/2055 2057/2057/2057 2057/2057/2057 
f 2057/2057/2057 2057/2057/2057 2057/2057/2057 
f 2057/2057/2057 2053/2053/2053 2057/2057/2057 
f 2057/2057/2057 2053/2053/2053 2051/2051/2051 
f 2053/2053/2053 2052/2052/2052 2051/2051/2051 
f 2051/2051/2051 2052/2052/2052 2052/2052/2052 
f 2052/2052/2052 2054/2054/2054 2052/2052/2052 
f 2052/2052/2052 2054/2054/2054 2054/2054/2054 
f 2054/2054/2054 2044/2044/2044 2054/2054/2054 
f 2054/2054/2054 2044/2044/2044 2040/2040/2040 
f 2044/2044/2044 2042/2042/2042 2040/2040/2040 
f 2040/2040/2040 2042/2042/2042 2042/2042/2042 
f 2042/2042/2042 2039/2039/2039 2042/2042/2042 
f 2042/2042/2042 2039/2039/2039 2039/2039/2039 
f 2039/2039/2039 2041/2041/2041 2039/2039/2039 
f 2039/2039/2039 2041/2041/2041 2037/2037/2037 
f 2041/2041/2041 2060/2060/2060 2037/2037/2037 
f 2037/2037/2037 2060/2060/2060 2061/2061/2061 
f 2060/2060/2060 2062/2062/2062 2061/2061/2061 
f 2061/2061/2061 2062/2062/2062 2063/2063/2063 
f 2062/2062/2062 2064/2064/2064 2063/2063/2063 
f 2063/2063/2063 2064/2064/2064 2065/2065/2065 
f 2064/2064/2064 2066/2066/2066 2065/2065/2065 
f 2065/2065/2065 2066/2066/2066 2066/2066/2066 
f 2066/2066/2066 2060/2060/2060 2066/2066/2066 
f 2066/2066/2066 2060/2060/2060 2060/2060/2060 
f 2060/2060/2060 2041/2041/2041 2060/2060/2060 
f 2060/2060/2060 2041/2041/2041 2062/2062/2062 
f 2041/2041/2041 2067/2067/2067 2062/2062/2062 
f 2062/2062/2062 2067/2067/2067 2068/2068/2068 
f 2067/2067/2067 2043/2043/2043 2068/2068/2068 
f 2068/2068/2068 2043/2043/2043 2069/2069/2069 
f 2043/2043/2043 2047/2047/2047 2069/2069/2069 
f 2069/2069/2069 2047/2047/2047 2070/2070/2070 
f 2047/2047/2047 2071/2071/2071 2070/2070/2070 
f 2070/2070/2070 2071/2071/2071 2072/2072/2072 
f 2071/2071/2071 2049/2049/2049 2072/2072/2072 
f 2072/2072/2072 2049/2049/2049 2073/2073/2073 
f 2049/2049/2049 2073/2073/2073 2073/2073/2073 
f 2073/2073/2073 2073/2073/2073 2072/2072/2072 
f 2073/2073/2073 2072/2072/2072 2072/2072/2072 
f 2072/2072/2072 2072/2072/2072 2072/2072/2072 
f 2072/2072/2072 2074/2074/2074 2072/2072/2072 
f 2072/2072/2072 2074/2074/2074 2070/2070/2070 
f 2074/2074/2074 2075/2075/2075 2070/2070/2070 
f 2070/2070/2070 2075/2075/2075 2076/2076/2076 
f 2075/2075/2075 2077/2077/2077 2076/2076/2076 
f 2076/2076/2076 2077/2077/2077 2068/2068/2068 
f 2077/2077/2077 2078/2078/2078 2068/2068/2068 
f 2068/2068/2068 2078/2078/2078 2062/2062/2062 
f 2078/2078/2078 2064/2064/2064 2062/2062/2062 
f 2062/2062/2062 2064/2064/2064 2064/2064/2064 
f 2064/2064/2064 2076/2076/2076 2064/2064/2064 
f 2064/2064/2064 2076/2076/2076 2076/2076/2076 
f 2076/2076/2076 2068/2068/2068 2076/2076/2076 
f 2076/2076/2076 2068/2068/2068 2070/2070/2070 
f 2068/2068/2068 2069/2069/2069 2070/2070/2070 
f 2070/2070/2070 2069/2069/2069 2069/2069/2069 
f 2069/2069/2069 2012/2012/2012 2069/2069/2069 
f 2069/2069/2069 2012/2012/2012 2012/2012/2012 
f 2012/2012/2012 2011/2011/2011 2012/2012/2012 
f 2012/2012/2012 2011/2011/2011 2013/2013/2013 
f 2011/2011/2011 2023/2023/2023 2013/2013/2013 
f 2013/2013/2013 2023/2023/2023 2023/2023/2023 
f 2023/2023/2023 2036/2036/2036 2023/2023/2023 
f 2023/2023/2023 2036/2036/2036 2036/2036/2036 
f 2036/2036/2036 2034/2034/2034 2036/2036/2036 
f 2036/2036/2036 2034/2034/2034 2038/2038/2038 
f 2034/2034/2034 2050/2050/2050 2038/2038/2038 
f 2038/2038/2038 2050/2050/2050 2050/2050/2050 
f 2050/2050/2050 2063/2063/2063 2050/2050/2050 
f 2050/2050/2050 2063/2063/2063 2063/2063/2063 
f 2063/2063/2063 2065/2065/2065 2063/2063/2063 
f 2063/2063/2063 2065/2065/2065 2061/2061/2061 
f 2065/2065/2065 2079/2079/2079 2061/2061/2061 
f 2061/2061/2061 2079/2079/2079 2080/2080/2080 
f 2079/2079/2079 2080/2080/2080 2080/2080/2080 
f 2080/2080/2080 2080/2080/2080 2061/2061/2061 
f 2080/2080/2080 2061/2061/2061 2061/2061/2061 
f 2061/2061/2061 2061/2061/2061 2061/2061/2061 
f 2061/2061/2061 2080/2080/2080 2061/2061/2061 
f 2061/2061/2061 2080/2080/2080 2081/2081/2081 
f 2080/2080/2080 2035/2035/2035 2081/2081/2081 
f 2081/2081/2081 2035/2035/2035 2037/2037/2037 
f 2035/2035/2035 2037/2037/2037 2037/2037/2037 
f 2037/2037/2037 2037/2037/2037 2080/2080/2080 
f 2037/2037/2037 2080/2080/2080 2080/2080/2080 
f 2080/2080/2080 2080/2080/2080 2080/2080/2080 
f 2080/2080/2080 2082/2082/2082 2080/2080/2080 
f 2080/2080/2080 2082/2082/2082 2035/2035/2035 
f 2082/2082/2082 2032/2032/2032 2035/2035/2035 
f 2035/2035/2035 2032/2032/2032 2033/2033/2033 
f 2032/2032/2032 2033/2033/2033 2033/2033/2033 
f 2033/2033/2033 2033/2033/2033 1990/1990/1990 
f 2033/2033/2033 1990/1990/1990 1990/1990/1990 
f 1990/1990/1990 1990/1990/1990 1990/1990/1990 
f 1990/1990/1990 1969/1969/1969 1990/1990/1990 
f 1990/1990/1990 1969/1969/1969 1973/1973/1973 
f 1969/1969/1969 1971/1971/1971 1973/1973/1973 
f 1973/1973/1973 1971/1971/1971 1971/1971/1971 
f 1971/1971/1971 2078/2078/2078 1971/1971/1971 
f 1971/1971/1971 2078/2078/2078 2078/2078/2078 
f 2078/2078/2078 2077/2077/2077 2078/2078/2078 
f 2078/2078/2078 2077/2077/2077 2064/2064/2064 
f 2077/2077/2077 2083/2083/2083 2064/2064/2064 
f 2064/2064/2064 2083/2083/2083 2084/2084/2084 
f 2083/2083/2083 2085/2085/2085 2084/2084/2084 
f 2084/2084/2084 2085/2085/2085 2086/2086/2086 
f 2085/2085/2085 2087/2087/2087 2086/2086/2086 
f 2086/2086/2086 2087/2087/2087 2087/2087/2087 
f 2087/2087/2087 2083/2083/2083 2087/2087/2087 
f 2087/2087/2087 2083/2083/2083 2083/2083/2083 
f 2083/2083/2083 2077/2077/2077 2083/2083/2083 
f 2083/2083/2083 2077/2077/2077 2085/2085/2085 
f 2077/2077/2077 2088/2088/2088 2085/2085/2085 
f 2085/2085/2085 2088/2088/2088 2089/2089/2089 
f 2088/2088/2088 2075/2075/2075 2089/2089/2089 
f 2089/2089/2089 2075/2075/2075 2090/2090/2090 
f 2075/2075/2075 2091/2091/2091 2090/2090/2090 
f 2090/2090/2090 2091/2091/2091 2092/2092/2092 
f 2091/2091/2091 2093/2093/2093 2092/2092/2092 
f 2092/2092/2092 2093/2093/2093 2094/2094/2094 
f 2093/2093/2093 2095/2095/2095 2094/2094/2094 
f 2094/2094/2094 2095/2095/2095 2096/2096/2096 
f 2095/2095/2095 2097/2097/2097 2096/2096/2096 
f 2096/2096/2096 2097/2097/2097 2098/2098/2098 
f 2097/2097/2097 2099/2099/2099 2098/2098/2098 
f 2098/2098/2098 2099/2099/2099 2100/2100/2100 
f 2099/2099/2099 2100/2100/2100 2100/2100/2100 
f 2100/2100/2100 2100/2100/2100 2100/2100/2100 
f 2100/2100/2100 2101/2101/2101 2100/2100/2100 
f 2100/2100/2100 2101/2101/2101 2098/2098/2098 
f 2101/2101/2101 2102/2102/2102 2098/2098/2098 
f 2098/2098/2098 2102/2102/2102 2103/2103/2103 
f 2102/2102/2102 2104/2104/2104 2103/2103/2103 
f 2103/2103/2103 2104/2104/2104 2094/2094/2094 
f 2104/2104/2104 2105/2105/2105 2094/2094/2094 
f 2094/2094/2094 2105/2105/2105 2092/2092/2092 
f 2105/2105/2105 2106/2106/2106 2092/2092/2092 
f 2092/2092/2092 2106/2106/2106 2107/2107/2107 
f 2106/2106/2106 2108/2108/2108 2107/2107/2107 
f 2107/2107/2107 2108/2108/2108 2089/2089/2089 
f 2108/2108/2108 2109/2109/2109 2089/2089/2089 
f 2089/2089/2089 2109/2109/2109 2085/2085/2085 
f 2109/2109/2109 2087/2087/2087 2085/2085/2085 
f 2085/2085/2085 2087/2087/2087 2087/2087/2087 
f 2087/2087/2087 2103/2103/2103 2087/2087/2087 
f 2087/2087/2087 2103/2103/2103 2103/2103/2103 
f 2103/2103/2103 2094/2094/2094 2103/2103/2103 
f 2103/2103/2103 2094/2094/2094 2098/2098/2098 
f 2094/2094/2094 2096/2096/2096 2098/2098/2098 
f 2098/2098/2098 2096/2096/2096 2096/2096/2096 
f 2096/2096/2096 2075/2075/2075 2096/2096/2096 
f 2096/2096/2096 2075/2075/2075 2075/2075/2075 
f 2075/2075/2075 2074/2074/2074 2075/2075/2075 
f 2075/2075/2075 2074/2074/2074 2091/2091/2091 
f 2074/2074/2074 2072/2072/2072 2091/2091/2091 
f 2091/2091/2091 2072/2072/2072 2110/2110/2110 
f 2072/2072/2072 2111/2111/2111 2110/2110/2110 
f 2110/2110/2110 2111/2111/2111 2095/2095/2095 
f 2111/2111/2111 2112/2112/2112 2095/2095/2095 
f 2095/2095/2095 2112/2112/2112 2097/2097/2097 
f 2112/2112/2112 2097/2097/2097 2097/2097/2097 
f 2097/2097/2097 2097/2097/2097 2110/2110/2110 
f 2097/2097/2097 2110/2110/2110 2110/2110/2110 
f 2110/2110/2110 2110/2110/2110 2110/2110/2110 
f 2110/2110/2110 2095/2095/2095 2110/2110/2110 
f 2110/2110/2110 2095/2095/2095 2091/2091/2091 
f 2095/2095/2095 2093/2093/2093 2091/2091/2091 
f 2091/2091/2091 2093/2093/2093 2093/2093/2093 
f 2093/2093/2093 2090/2090/2090 2093/2093/2093 
f 2093/2093/2093 2090/2090/2090 2090/2090/2090 
f 2090/2090/2090 2092/2092/2092 2090/2090/2090 
f 2090/2090/2090 2092/2092/2092 2089/2089/2089 
f 2092/2092/2092 2107/2107/2107 2089/2089/2089 
f 2089/2089/2089 2107/2107/2107 2107/2107/2107 
f 2107/2107/2107 2019/2019/2019 2107/2107/2107 
f 2107/2107/2107 2019/2019/2019 2019/2019/2019 
f 2019/2019/2019 2009/2009/2009 2019/2019/2019 
f 2019/2019/2019 2009/2009/2009 2007/2007/2007 
f 2009/2009/2009 2008/2008/2008 2007/2007/2007 
f 2007/2007/2007 2008/2008/2008 2008/2008/2008 
f 2008/2008/2008 2003/2003/2003 2008/2008/2008 
f 2008/2008/2008 2003/2003/2003 2003/2003/2003 
f 2003/2003/2003 2002/2002/2002 2003/2003/2003 
f 2003/2003/2003 2002/2002/2002 1218/1218/1218 
f 2002/2002/2002 2113/2113/2113 1218/1218/1218 
f 1218/1218/1218 2113/2113/2113 1220/1220/1220 
f 2113/2113/2113 2114/2114/2114 1220/1220/1220 
f 1220/1220/1220 2114/2114/2114 2115/2115/2115 
f 2114/2114/2114 2115/2115/2115 2115/2115/2115 
f 2115/2115/2115 2115/2115/2115 2113/2113/2113 
f 2115/2115/2115 2113/2113/2113 2113/2113/2113 
f 2113/2113/2113 2113/2113/2113 2113/2113/2113 
f 2113/2113/2113 2002/2002/2002 2113/2113/2113 
f 2113/2113/2113 2002/2002/2002 2114/2114/2114 
f 2002/2002/2002 2116/2116/2116 2114/2114/2114 
f 2114/2114/2114 2116/2116/2116 2116/2116/2116 
f 2116/2116/2116 1994/1994/1994 2116/2116/2116 
f 2116/2116/2116 1994/1994/1994 1994/1994/1994 
f 1994/1994/1994 1963/1963/1963 1994/1994/1994 
f 1994/1994/1994 1963/1963/1963 1967/1967/1967 
f 1963/1963/1963 1965/1965/1965 1967/1967/1967 
f 1967/1967/1967 1965/1965/1965 1965/1965/1965 
f 1965/1965/1965 84/84/84 1965/1965/1965 
f 1965/1965/1965 84/84/84 84/84/84 
f 84/84/84 82/82/82 84/84/84 
f 84/84/84 82/82/82 86/86/86 
f 82/82/82 95/95/95 86/86/86 
f 86/86/86 95/95/95 95/95/95 
f 95/95/95 2109/2109/2109 95/95/95 
f 95/95/95 2109/2109/2109 2109/2109/2109 
f 2109/2109/2109 2108/2108/2108 2109/2109/2109 
f 2109/2109/2109 2108/2108/2108 2087/2087/2087 
f 2108/2108/2108 2117/2117/2117 2087/2087/2087 
f 2087/2087/2087 2117/2117/2117 2117/2117/2117 
f 2117/2117/2117 2108/2108/2108 2117/2117/2117 
f 2117/2117/2117 2108/2108/2108 2118/2118/2118 
f 2108/2108/2108 2119/2119/2119 2118/2118/2118 
f 2118/2118/2118 2119/2119/2119 2120/2120/2120 
f 2119/2119/2119 2106/2106/2106 2120/2120/2120 
f 2120/2120/2120 2106/2106/2106 2121/2121/2121 
f 2106/2106/2106 2104/2104/2104 2121/2121/2121 
f 2121/2121/2121 2104/2104/2104 2122/2122/2122 
f 2104/2104/2104 2123/2123/2123 2122/2122/2122 
f 2122/2122/2122 2123/2123/2123 1449/1449/1449 
f 2123/2123/2123 2102/2102/2102 1449/1449/1449 
f 1449/1449/1449 2102/2102/2102 2124/2124/2124 
f 2102/2102/2102 2125/2125/2125 2124/2124/2124 
f 2124/2124/2124 2125/2125/2125 1451/1451/1451 
f 2125/2125/2125 2126/2126/2126 1451/1451/1451 
f 1451/1451/1451 2126/2126/2126 1453/1453/1453 
f 2126/2126/2126 2127/2127/2127 1453/1453/1453 
f 1453/1453/1453 2127/2127/2127 2128/2128/2128 
f 2127/2127/2127 2128/2128/2128 2128/2128/2128 
f 2128/2128/2128 2128/2128/2128 1449/1449/1449 
f 2128/2128/2128 1449/1449/1449 1449/1449/1449 
f 1449/1449/1449 1449/1449/1449 1449/1449/1449 
f 1449/1449/1449 1448/1448/1448 1449/1449/1449 
f 1449/1449/1449 1448/1448/1448 2122/2122/2122 
f 1448/1448/1448 1446/1446/1446 2122/2122/2122 
f 2122/2122/2122 1446/1446/1446 2129/2129/2129 
f 1446/1446/1446 2130/2130/2130 2129/2129/2129 
f 2129/2129/2129 2130/2130/2130 2120/2120/2120 
f 2130/2130/2130 2131/2131/2131 2120/2120/2120 
f 2120/2120/2120 2131/2131/2131 2118/2118/2118 
f 2131/2131/2131 2118/2118/2118 2118/2118/2118 
f 2118/2118/2118 2118/2118/2118 2129/2129/2129 
f 2118/2118/2118 2129/2129/2129 2129/2129/2129 
f 2129/2129/2129 2129/2129/2129 2129/2129/2129 
f 2129/2129/2129 2120/2120/2120 2129/2129/2129 
f 2129/2129/2129 2120/2120/2120 2122/2122/2122 
f 2120/2120/2120 2121/2121/2121 2122/2122/2122 
f 2122/2122/2122 2121/2121/2121 2121/2121/2121 
f 2121/2121/2121 1893/1893/1893 2121/2121/2121 
f 2121/2121/2121 1893/1893/1893 1893/1893/1893 
f 1893/1893/1893 2132/2132/2132 1893/1893/1893 
f 1893/1893/1893 2132/2132/2132 1822/1822/1822 
f 2132/2132/2132 1824/1824/1824 1822/1822/1822 
f 1822/1822/1822 1824/1824/1824 1824/1824/1824 
f 1824/1824/1824 2102/2102/2102 1824/1824/1824 
f 1824/1824/1824 2102/2102/2102 2102/2102/2102 
f 2102/2102/2102 2101/2101/2101 2102/2102/2102 
f 2102/2102/2102 2101/2101/2101 2125/2125/2125 
f 2101/2101/2101 2100/2100/2100 2125/2125/2125 
f 2125/2125/2125 2100/2100/2100 2133/2133/2133 
f 2100/2100/2100 2133/2133/2133 2133/2133/2133 
f 2133/2133/2133 2133/2133/2133 2133/2133/2133 
f 2133/2133/2133 2127/2127/2127 2133/2133/2133 
f 2133/2133/2133 2127/2127/2127 2125/2125/2125 
f 2127/2127/2127 2126/2126/2126 2125/2125/2125 
f 2125/2125/2125 2126/2126/2126 2126/2126/2126 
f 2126/2126/2126 691/691/691 2126/2126/2126 
f 2126/2126/2126 691/691/691 691/691/691 
f 691/691/691 690/690/690 691/691/691 
f 691/691/691 690/690/690 692/692/692 
f 690/690/690 698/698/698 692/692/692 
f 692/692/692 698/698/698 698/698/698 
f 698/698/698 845/845/845 698/698/698 
f 698/698/698 845/845/845 845/845/845 
f 845/845/845 844/844/844 845/845/845 
f 845/845/845 844/844/844 811/811/811 
f 844/844/844 2134/2134/2134 811/811/811 
f 811/811/811 2134/2134/2134 2134/2134/2134 
f 2134/2134/2134 844/844/844 2134/2134/2134 
f 2134/2134/2134 844/844/844 2135/2135/2135 
f 844/844/844 2136/2136/2136 2135/2135/2135 
f 2135/2135/2135 2136/2136/2136 2137/2137/2137 
f 2136/2136/2136 842/842/842 2137/2137/2137 
f 2137/2137/2137 842/842/842 2138/2138/2138 
f 842/842/842 2139/2139/2139 2138/2138/2138 
f 2138/2138/2138 2139/2139/2139 2139/2139/2139 
f 2139/2139/2139 842/842/842 2139/2139/2139 
f 2139/2139/2139 842/842/842 842/842/842 
f 842/842/842 841/841/841 842/842/842 
f 842/842/842 841/841/841 2139/2139/2139 
f 841/841/841 835/835/835 2139/2139/2139 
f 2139/2139/2139 835/835/835 2140/2140/2140 
f 835/835/835 2141/2141/2141 2140/2140/2140 
f 2140/2140/2140 2141/2141/2141 2141/2141/2141 
f 2141/2141/2141 835/835/835 2141/2141/2141 
f 2141/2141/2141 835/835/835 835/835/835 
f 835/835/835 834/834/834 835/835/835 
f 835/835/835 834/834/834 2141/2141/2141 
f 834/834/834 826/826/826 2141/2141/2141 
f 2141/2141/2141 826/826/826 2142/2142/2142 
f 826/826/826 2143/2143/2143 2142/2142/2142 
f 2142/2142/2142 2143/2143/2143 2143/2143/2143 
f 2143/2143/2143 826/826/826 2143/2143/2143 
f 2143/2143/2143 826/826/826 826/826/826 
f 826/826/826 825/825/825 826/826/826 
f 826/826/826 825/825/825 2143/2143/2143 
f 825/825/825 821/821/821 2143/2143/2143 
f 2143/2143/2143 821/821/821 2144/2144/2144 
f 821/821/821 823/823/823 2144/2144/2144 
f 2144/2144/2144 823/823/823 823/823/823 
f 823/823/823 2145/2145/2145 823/823/823 
f 823/823/823 2145/2145/2145 2145/2145/2145 
f 2145/2145/2145 2146/2146/2146 2145/2145/2145 
f 2145/2145/2145 2146/2146/2146 2147/2147/2147 
f 2146/2146/2146 2148/2148/2148 2147/2147/2147 
f 2147/2147/2147 2148/2148/2148 287/287/287 
f 2148/2148/2148 289/289/289 287/287/287 
f 287/287/287 289/289/289 289/289/289 
f 289/289/289 2148/2148/2148 289/289/289 
f 289/289/289 2148/2148/2148 2148/2148/2148 
f 2148/2148/2148 2146/2146/2146 2148/2148/2148 
f 2148/2148/2148 2146/2146/2146 289/289/289 
f 2146/2146/2146 2149/2149/2149 289/289/289 
f 289/289/289 2149/2149/2149 293/293/293 
f 2149/2149/2149 293/293/293 293/293/293 
f 293/293/293 293/293/293 1287/1287/1287 
f 293/293/293 1287/1287/1287 1287/1287/1287 
f 1287/1287/1287 1287/1287/1287 1287/1287/1287 
f 1287/1287/1287 1274/1274/1274 1287/1287/1287 
f 1287/1287/1287 1274/1274/1274 1270/1270/1270 
f 1274/1274/1274 1272/1272/1272 1270/1270/1270 
f 1270/1270/1270 1272/1272/1272 1272/1272/1272 
f 1272/1272/1272 1331/1331/1331 1272/1272/1272 
f 1272/1272/1272 1331/1331/1331 1331/1331/1331 
f 1331/1331/1331 1318/1318/1318 1331/1331/1331 
f 1331/1331/1331 1318/1318/1318 1316/1316/1316 
f 1318/1318/1318 1317/1317/1317 1316/1316/1316 
f 1316/1316/1316 1317/1317/1317 1317/1317/1317 
f 1317/1317/1317 285/285/285 1317/1317/1317 
f 1317/1317/1317 285/285/285 285/285/285 
f 285/285/285 283/283/283 285/285/285 
f 285/285/285 283/283/283 287/287/287 
f 283/283/283 2150/2150/2150 287/287/287 
f 287/287/287 2150/2150/2150 2147/2147/2147 
f 2150/2150/2150 2147/2147/2147 2147/2147/2147 
f 2147/2147/2147 2147/2147/2147 2151/2151/2151 
f 2147/2147/2147 2151/2151/2151 2151/2151/2151 
f 2151/2151/2151 2151/2151/2151 2151/2151/2151 
f 2151/2151/2151 2152/2152/2152 2151/2151/2151 
f 2151/2151/2151 2152/2152/2152 2153/2153/2153 
f 2152/2152/2152 2154/2154/2154 2153/2153/2153 
f 2153/2153/2153 2154/2154/2154 2155/2155/2155 
f 2154/2154/2154 2156/2156/2156 2155/2155/2155 
f 2155/2155/2155 2156/2156/2156 2157/2157/2157 
f 2156/2156/2156 2158/2158/2158 2157/2157/2157 
f 2157/2157/2157 2158/2158/2158 2158/2158/2158 
f 2158/2158/2158 2154/2154/2154 2158/2158/2158 
f 2158/2158/2158 2154/2154/2154 2154/2154/2154 
f 2154/2154/2154 2152/2152/2152 2154/2154/2154 
f 2154/2154/2154 2152/2152/2152 2156/2156/2156 
f 2152/2152/2152 2159/2159/2159 2156/2156/2156 
f 2156/2156/2156 2159/2159/2159 2160/2160/2160 
f 2159/2159/2159 2160/2160/2160 2160/2160/2160 
f 2160/2160/2160 2160/2160/2160 2156/2156/2156 
f 2160/2160/2160 2156/2156/2156 2156/2156/2156 
f 2156/2156/2156 2156/2156/2156 2156/2156/2156 
f 2156/2156/2156 2160/2160/2160 2156/2156/2156 
f 2156/2156/2156 2160/2160/2160 2161/2161/2161 
f 2160/2160/2160 2162/2162/2162 2161/2161/2161 
f 2161/2161/2161 2162/2162/2162 2158/2158/2158 
f 2162/2162/2162 2163/2163/2163 2158/2158/2158 
f 2158/2158/2158 2163/2163/2163 2163/2163/2163 
f 2163/2163/2163 2160/2160/2160 2163/2163/2163 
f 2163/2163/2163 2160/2160/2160 2160/2160/2160 
f 2160/2160/2160 2164/2164/2164 2160/2160/2160 
f 2160/2160/2160 2164/2164/2164 2162/2162/2162 
f 2164/2164/2164 2165/2165/2165 2162/2162/2162 
f 2162/2162/2162 2165/2165/2165 2166/2166/2166 
f 2165/2165/2165 2167/2167/2167 2166/2166/2166 
f 2166/2166/2166 2167/2167/2167 2168/2168/2168 
f 2167/2167/2167 2169/2169/2169 2168/2168/2168 
f 2168/2168/2168 2169/2169/2169 2169/2169/2169 
f 2169/2169/2169 2166/2166/2166 2169/2169/2169 
f 2169/2169/2169 2166/2166/2166 2166/2166/2166 
f 2166/2166/2166 2168/2168/2168 2166/2166/2166 
f 2166/2166/2166 2168/2168/2168 2162/2162/2162 
f 2168/2168/2168 2163/2163/2163 2162/2162/2162 
f 2162/2162/2162 2163/2163/2163 2163/2163/2163 
f 2163/2163/2163 2165/2165/2165 2163/2163/2163 
f 2163/2163/2163 2165/2165/2165 2165/2165/2165 
f 2165/2165/2165 2170/2170/2170 2165/2165/2165 
f 2165/2165/2165 2170/2170/2170 2167/2167/2167 
f 2170/2170/2170 2171/2171/2171 2167/2167/2167 
f 2167/2167/2167 2171/2171/2171 2172/2172/2172 
f 2171/2171/2171 2173/2173/2173 2172/2172/2172 
f 2172/2172/2172 2173/2173/2173 2174/2174/2174 
f 2173/2173/2173 2175/2175/2175 2174/2174/2174 
f 2174/2174/2174 2175/2175/2175 2175/2175/2175 
f 2175/2175/2175 2172/2172/2172 2175/2175/2175 
f 2175/2175/2175 2172/2172/2172 2172/2172/2172 
f 2172/2172/2172 2174/2174/2174 2172/2172/2172 
f 2172/2172/2172 2174/2174/2174 2167/2167/2167 
f 2174/2174/2174 2169/2169/2169 2167/2167/2167 
f 2167/2167/2167 2169/2169/2169 2169/2169/2169 
f 2169/2169/2169 1753/1753/1753 2169/2169/2169 
f 2169/2169/2169 1753/1753/1753 1753/1753/1753 
f 1753/1753/1753 1755/1755/1755 1753/1753/1753 
f 1753/1753/1753 1755/1755/1755 1751/1751/1751 
f 1755/1755/1755 1772/1772/1772 1751/1751/1751 
f 1751/1751/1751 1772/1772/1772 1772/1772/1772 
f 1772/1772/1772 2171/2171/2171 1772/1772/1772 
f 1772/1772/1772 2171/2171/2171 2171/2171/2171 
f 2171/2171/2171 2176/2176/2176 2171/2171/2171 
f 2171/2171/2171 2176/2176/2176 2173/2173/2173 
f 2176/2176/2176 2177/2177/2177 2173/2173/2173 
f 2173/2173/2173 2177/2177/2177 2178/2178/2178 
f 2177/2177/2177 2179/2179/2179 2178/2178/2178 
f 2178/2178/2178 2179/2179/2179 2180/2180/2180 
f 2179/2179/2179 2181/2181/2181 2180/2180/2180 
f 2180/2180/2180 2181/2181/2181 2181/2181/2181 
f 2181/2181/2181 2178/2178/2178 2181/2181/2181 
f 2181/2181/2181 2178/2178/2178 2178/2178/2178 
f 2178/2178/2178 2180/2180/2180 2178/2178/2178 
f 2178/2178/2178 2180/2180/2180 2173/2173/2173 
f 2180/2180/2180 2175/2175/2175 2173/2173/2173 
f 2173/2173/2173 2175/2175/2175 2175/2175/2175 
f 2175/2175/2175 1065/1065/1065 2175/2175/2175 
f 2175/2175/2175 1065/1065/1065 1065/1065/1065 
f 1065/1065/1065 1063/1063/1063 1065/1065/1065 
f 1065/1065/1065 1063/1063/1063 1067/1067/1067 
f 1063/1063/1063 2182/2182/2182 1067/1067/1067 
f 1067/1067/1067 2182/2182/2182 2183/2183/2183 
f 2182/2182/2182 57/57/57 2183/2183/2183 
f 2183/2183/2183 57/57/57 59/59/59 
f 57/57/57 59/59/59 59/59/59 
f 59/59/59 59/59/59 2182/2182/2182 
f 59/59/59 2182/2182/2182 2182/2182/2182 
f 2182/2182/2182 2182/2182/2182 2182/2182/2182 
f 2182/2182/2182 1063/1063/1063 2182/2182/2182 
f 2182/2182/2182 1063/1063/1063 57/57/57 
f 1063/1063/1063 60/60/60 57/57/57 
f 57/57/57 60/60/60 60/60/60 
f 60/60/60 1905/1905/1905 60/60/60 
f 60/60/60 1905/1905/1905 1905/1905/1905 
f 1905/1905/1905 1907/1907/1907 1905/1905/1905 
f 1905/1905/1905 1907/1907/1907 1903/1903/1903 
f 1907/1907/1907 2184/2184/2184 1903/1903/1903 
f 1903/1903/1903 2184/2184/2184 2185/2185/2185 
f 2184/2184/2184 2185/2185/2185 2185/2185/2185 
f 2185/2185/2185 2185/2185/2185 1903/1903/1903 
f 2185/2185/2185 1903/1903/1903 1903/1903/1903 
f 1903/1903/1903 1903/1903/1903 1903/1903/1903 
f 1903/1903/1903 2185/2185/2185 1903/1903/1903 
f 1903/1903/1903 2185/2185/2185 2186/2186/2186 
f 2185/2185/2185 2187/2187/2187 2186/2186/2186 
f 2186/2186/2186 2187/2187/2187 1901/1901/1901 
f 2187/2187/2187 2188/2188/2188 1901/1901/1901 
f 1901/1901/1901 2188/2188/2188 1898/1898/1898 
f 2188/2188/2188 2189/2189/2189 1898/1898/1898 
f 1898/1898/1898 2189/2189/2189 2190/2190/2190 
f 2189/2189/2189 1896/1896/1896 2190/2190/2190 
f 2190/2190/2190 1896/1896/1896 1894/1894/1894 
f 1896/1896/1896 1894/1894/1894 1894/1894/1894 
f 1894/1894/1894 1894/1894/1894 2185/2185/2185 
f 1894/1894/1894 2185/2185/2185 2185/2185/2185 
f 2185/2185/2185 2185/2185/2185 2185/2185/2185 
f 2185/2185/2185 2191/2191/2191 2185/2185/2185 
f 2185/2185/2185 2191/2191/2191 2187/2187/2187 
f 2191/2191/2191 2192/2192/2192 2187/2187/2187 
f 2187/2187/2187 2192/2192/2192 2193/2193/2193 
f 2192/2192/2192 2194/2194/2194 2193/2193/2193 
f 2193/2193/2193 2194/2194/2194 2189/2189/2189 
f 2194/2194/2194 2195/2195/2195 2189/2189/2189 
f 2189/2189/2189 2195/2195/2195 1896/1896/1896 
f 2195/2195/2195 1896/1896/1896 1896/1896/1896 
f 1896/1896/1896 1896/1896/1896 2193/2193/2193 
f 1896/1896/1896 2193/2193/2193 2193/2193/2193 
f 2193/2193/2193 2193/2193/2193 2193/2193/2193 
f 2193/2193/2193 2189/2189/2189 2193/2193/2193 
f 2193/2193/2193 2189/2189/2189 2187/2187/2187 
f 2189/2189/2189 2188/2188/2188 2187/2187/2187 
f 2187/2187/2187 2188/2188/2188 2188/2188/2188 
f 2188/2188/2188 417/417/417 2188/2188/2188 
f 2188/2188/2188 417/417/417 417/417/417 
f 417/417/417 397/397/397 417/417/417 
f 417/417/417 397/397/397 395/395/395 
f 397/397/397 396/396/396 395/395/395 
f 395/395/395 396/396/396 396/396/396 
f 396/396/396 1191/1191/1191 396/396/396 
f 396/396/396 1191/1191/1191 1191/1191/1191 
f 1191/1191/1191 2196/2196/2196 1191/1191/1191 
f 1191/1191/1191 2196/2196/2196 1116/1116/1116 
f 2196/2196/2196 1114/1114/1114 1116/1116/1116 
f 1116/1116/1116 1114/1114/1114 1114/1114/1114 
f 1114/1114/1114 1732/1732/1732 1114/1114/1114 
f 1114/1114/1114 1732/1732/1732 1732/1732/1732 
f 1732/1732/1732 1730/1730/1730 1732/1732/1732 
f 1732/1732/1732 1730/1730/1730 1734/1734/1734 
f 1730/1730/1730 1887/1887/1887 1734/1734/1734 
f 1734/1734/1734 1887/1887/1887 1887/1887/1887 
f 1887/1887/1887 1303/1303/1303 1887/1887/1887 
f 1887/1887/1887 1303/1303/1303 1303/1303/1303 
f 1303/1303/1303 1290/1290/1290 1303/1303/1303 
f 1303/1303/1303 1290/1290/1290 1288/1288/1288 
f 1290/1290/1290 1289/1289/1289 1288/1288/1288 
f 1288/1288/1288 1289/1289/1289 1289/1289/1289 
f 1289/1289/1289 630/630/630 1289/1289/1289 
f 1289/1289/1289 630/630/630 630/630/630 
f 630/630/630 629/629/629 630/630/630 
f 630/630/630 629/629/629 631/631/631 
f 629/629/629 638/638/638 631/631/631 
f 631/631/631 638/638/638 638/638/638 
f 638/638/638 1169/1169/1169 638/638/638 
f 638/638/638 1169/1169/1169 1169/1169/1169 
f 1169/1169/1169 1168/1168/1168 1169/1169/1169 
f 1169/1169/1169 1168/1168/1168 1170/1170/1170 
f 1168/1168/1168 1177/1177/1177 1170/1170/1170 
f 1170/1170/1170 1177/1177/1177 1177/1177/1177 
f 1177/1177/1177 2181/2181/2181 1177/1177/1177 
f 1177/1177/1177 2181/2181/2181 2181/2181/2181 
f 2181/2181/2181 2179/2179/2179 2181/2181/2181 
f 2181/2181/2181 2179/2179/2179 2197/2197/2197 
f 2179/2179/2179 2198/2198/2198 2197/2197/2197 
f 2197/2197/2197 2198/2198/2198 2199/2199/2199 
f 2198/2198/2198 2200/2200/2200 2199/2199/2199 
f 2199/2199/2199 2200/2200/2200 2201/2201/2201 
f 2200/2200/2200 2201/2201/2201 2201/2201/2201 
f 2201/2201/2201 2201/2201/2201 2198/2198/2198 
f 2201/2201/2201 2198/2198/2198 2198/2198/2198 
f 2198/2198/2198 2198/2198/2198 2198/2198/2198 
f 2198/2198/2198 2179/2179/2179 2198/2198/2198 
f 2198/2198/2198 2179/2179/2179 2200/2200/2200 
f 2179/2179/2179 2202/2202/2202 2200/2200/2200 
f 2200/2200/2200 2202/2202/2202 2202/2202/2202 
f 2202/2202/2202 2197/2197/2197 2202/2202/2202 
f 2202/2202/2202 2197/2197/2197 2197/2197/2197 
f 2197/2197/2197 2199/2199/2199 2197/2197/2197 
f 2197/2197/2197 2199/2199/2199 2203/2203/2203 
f 2199/2199/2199 2204/2204/2204 2203/2203/2203 
f 2203/2203/2203 2204/2204/2204 2204/2204/2204 
f 2204/2204/2204 2199/2199/2199 2204/2204/2204 
f 2204/2204/2204 2199/2199/2199 2205/2205/2205 
f 2199/2199/2199 2206/2206/2206 2205/2205/2205 
f 2205/2205/2205 2206/2206/2206 2207/2207/2207 
f 2206/2206/2206 2208/2208/2208 2207/2207/2207 
f 2207/2207/2207 2208/2208/2208 2209/2209/2209 
f 2208/2208/2208 2209/2209/2209 2209/2209/2209 
f 2209/2209/2209 2209/2209/2209 2205/2205/2205 
f 2209/2209/2209 2205/2205/2205 2205/2205/2205 
f 2205/2205/2205 2205/2205/2205 2205/2205/2205 
f 2205/2205/2205 2207/2207/2207 2205/2205/2205 
f 2205/2205/2205 2207/2207/2207 2204/2204/2204 
f 2207/2207/2207 2210/2210/2210 2204/2204/2204 
f 2204/2204/2204 2210/2210/2210 2210/2210/2210 
f 2210/2210/2210 2207/2207/2207 2210/2210/2210 
f 2210/2210/2210 2207/2207/2207 2211/2211/2211 
f 2207/2207/2207 2212/2212/2212 2211/2211/2211 
f 2211/2211/2211 2212/2212/2212 2213/2213/2213 
f 2212/2212/2212 2209/2209/2209 2213/2213/2213 
f 2213/2213/2213 2209/2209/2209 2214/2214/2214 
f 2209/2209/2209 2214/2214/2214 2214/2214/2214 
f 2214/2214/2214 2214/2214/2214 2214/2214/2214 
f 2214/2214/2214 2215/2215/2215 2214/2214/2214 
f 2214/2214/2214 2215/2215/2215 2213/2213/2213 
f 2215/2215/2215 2216/2216/2216 2213/2213/2213 
f 2213/2213/2213 2216/2216/2216 2217/2217/2217 
f 2216/2216/2216 2218/2218/2218 2217/2217/2217 
f 2217/2217/2217 2218/2218/2218 2219/2219/2219 
f 2218/2218/2218 2220/2220/2220 2219/2219/2219 
f 2219/2219/2219 2220/2220/2220 2221/2221/2221 
f 2220/2220/2220 2222/2222/2222 2221/2221/2221 
f 2221/2221/2221 2222/2222/2222 2223/2223/2223 
f 2222/2222/2222 2224/2224/2224 2223/2223/2223 
f 2223/2223/2223 2224/2224/2224 2225/2225/2225 
f 2224/2224/2224 2226/2226/2226 2225/2225/2225 
f 2225/2225/2225 2226/2226/2226 2226/2226/2226 
f 2226/2226/2226 2218/2218/2218 2226/2226/2226 
f 2226/2226/2226 2218/2218/2218 2218/2218/2218 
f 2218/2218/2218 2227/2227/2227 2218/2218/2218 
f 2218/2218/2218 2227/2227/2227 2220/2220/2220 
f 2227/2227/2227 2228/2228/2228 2220/2220/2220 
f 2220/2220/2220 2228/2228/2228 2229/2229/2229 
f 2228/2228/2228 2230/2230/2230 2229/2229/2229 
f 2229/2229/2229 2230/2230/2230 2224/2224/2224 
f 2230/2230/2230 2231/2231/2231 2224/2224/2224 
f 2224/2224/2224 2231/2231/2231 2226/2226/2226 
f 2231/2231/2231 2232/2232/2232 2226/2226/2226 
f 2226/2226/2226 2232/2232/2232 2233/2233/2233 
f 2232/2232/2232 2233/2233/2233 2233/2233/2233 
f 2233/2233/2233 2233/2233/2233 2228/2228/2228 
f 2233/2233/2233 2228/2228/2228 2228/2228/2228 
f 2228/2228/2228 2228/2228/2228 2228/2228/2228 
f 2228/2228/2228 2227/2227/2227 2228/2228/2228 
f 2228/2228/2228 2227/2227/2227 2234/2234/2234 
f 2227/2227/2227 2218/2218/2218 2234/2234/2234 
f 2234/2234/2234 2218/2218/2218 2235/2235/2235 
f 2218/2218/2218 2215/2215/2215 2235/2235/2235 
f 2235/2235/2235 2215/2215/2215 2215/2215/2215 
f 2215/2215/2215 2234/2234/2234 2215/2215/2215 
f 2215/2215/2215 2234/2234/2234 2234/2234/2234 
f 2234/2234/2234 2236/2236/2236 2234/2234/2234 
f 2234/2234/2234 2236/2236/2236 2228/2228/2228 
f 2236/2236/2236 2237/2237/2237 2228/2228/2228 
f 2228/2228/2228 2237/2237/2237 2238/2238/2238 
f 2237/2237/2237 2239/2239/2239 2238/2238/2238 
f 2238/2238/2238 2239/2239/2239 2230/2230/2230 
f 2239/2239/2239 2240/2240/2240 2230/2230/2230 
f 2230/2230/2230 2240/2240/2240 2232/2232/2232 
f 2240/2240/2240 2232/2232/2232 2232/2232/2232 
f 2232/2232/2232 2232/2232/2232 2222/2222/2222 
f 2232/2232/2232 2222/2222/2222 2222/2222/2222 
f 2222/2222/2222 2222/2222/2222 2222/2222/2222 
f 2222/2222/2222 2220/2220/2220 2222/2222/2222 
f 2222/2222/2222 2220/2220/2220 2224/2224/2224 
f 2220/2220/2220 2229/2229/2229 2224/2224/2224 
f 2224/2224/2224 2229/2229/2229 2229/2229/2229 
f 2229/2229/2229 2217/2217/2217 2229/2229/2229 
f 2229/2229/2229 2217/2217/2217 2217/2217/2217 
f 2217/2217/2217 2241/2241/2241 2217/2217/2217 
f 2217/2217/2217 2241/2241/2241 2213/2213/2213 
f 2241/2241/2241 2211/2211/2211 2213/2213/2213 
f 2213/2213/2213 2211/2211/2211 2211/2211/2211 
f 2211/2211/2211 1140/1140/1140 2211/2211/2211 
f 2211/2211/2211 1140/1140/1140 1140/1140/1140 
f 1140/1140/1140 1139/1139/1139 1140/1140/1140 
f 1140/1140/1140 1139/1139/1139 1141/1141/1141 
f 1139/1139/1139 1147/1147/1147 1141/1141/1141 
f 1141/1141/1141 1147/1147/1147 1147/1147/1147 
f 1147/1147/1147 497/497/497 1147/1147/1147 
f 1147/1147/1147 497/497/497 497/497/497 
f 497/497/497 496/496/496 497/497/497 
f 497/497/497 496/496/496 498/498/498 
f 496/496/496 505/505/505 498/498/498 
f 498/498/498 505/505/505 505/505/505 
f 505/505/505 388/388/388 505/505/505 
f 505/505/505 388/388/388 388/388/388 
f 388/388/388 387/387/387 388/388/388 
f 388/388/388 387/387/387 389/389/389 
f 387/387/387 410/410/410 389/389/389 
f 389/389/389 410/410/410 410/410/410 
f 410/410/410 382/382/382 410/410/410 
f 410/410/410 382/382/382 382/382/382 
f 382/382/382 359/359/359 382/382/382 
f 382/382/382 359/359/359 355/355/355 
f 359/359/359 357/357/357 355/355/355 
f 355/355/355 357/357/357 357/357/357 
f 357/357/357 2183/2183/2183 357/357/357 
f 357/357/357 2183/2183/2183 2183/2183/2183 
f 2183/2183/2183 2242/2242/2242 2183/2183/2183 
f 2183/2183/2183 2242/2242/2242 1067/1067/1067 
f 2242/2242/2242 1069/1069/1069 1067/1067/1067 
f 1067/1067/1067 1069/1069/1069 1069/1069/1069 
f 1069/1069/1069 954/954/954 1069/1069/1069 
f 1069/1069/1069 954/954/954 954/954/954 
f 954/954/954 953/953/953 954/954/954 
f 954/954/954 953/953/953 955/955/955 
f 953/953/953 968/968/968 955/955/955 
f 955/955/955 968/968/968 968/968/968 
f 968/968/968 1157/1157/1157 968/968/968 
f 968/968/968 1157/1157/1157 1157/1157/1157 
f 1157/1157/1157 1150/1150/1150 1157/1157/1157 
f 1157/1157/1157 1150/1150/1150 1148/1148/1148 
f 1150/1150/1150 1149/1149/1149 1148/1148/1148 
f 1148/1148/1148 1149/1149/1149 1149/1149/1149 
f 1149/1149/1149 1461/1461/1461 1149/1149/1149 
f 1149/1149/1149 1461/1461/1461 1461/1461/1461 
f 1461/1461/1461 1459/1459/1459 1461/1461/1461 
f 1461/1461/1461 1459/1459/1459 1463/1463/1463 
f 1459/1459/1459 2243/2243/2243 1463/1463/1463 
f 1463/1463/1463 2243/2243/2243 2244/2244/2244 
f 2243/2243/2243 2244/2244/2244 2244/2244/2244 
f 2244/2244/2244 2244/2244/2244 1463/1463/1463 
f 2244/2244/2244 1463/1463/1463 1463/1463/1463 
f 1463/1463/1463 1463/1463/1463 1463/1463/1463 
f 1463/1463/1463 2244/2244/2244 1463/1463/1463 
f 1463/1463/1463 2244/2244/2244 1484/1484/1484 
f 2244/2244/2244 1485/1485/1485 1484/1484/1484 
f 1484/1484/1484 1485/1485/1485 1485/1485/1485 
f 1485/1485/1485 2244/2244/2244 1485/1485/1485 
f 1485/1485/1485 2244/2244/2244 2244/2244/2244 
f 2244/2244/2244 2245/2245/2245 2244/2244/2244 
f 2244/2244/2244 2245/2245/2245 1485/1485/1485 
f 2245/2245/2245 2246/2246/2246 1485/1485/1485 
f 1485/1485/1485 2246/2246/2246 1500/1500/1500 
f 2246/2246/2246 1501/1501/1501 1500/1500/1500 
f 1500/1500/1500 1501/1501/1501 1501/1501/1501 
f 1501/1501/1501 2246/2246/2246 1501/1501/1501 
f 1501/1501/1501 2246/2246/2246 2246/2246/2246 
f 2246/2246/2246 2247/2247/2247 2246/2246/2246 
f 2246/2246/2246 2247/2247/2247 1501/1501/1501 
f 2247/2247/2247 2248/2248/2248 1501/1501/1501 
f 1501/1501/1501 2248/2248/2248 1516/1516/1516 
f 2248/2248/2248 1517/1517/1517 1516/1516/1516 
f 1516/1516/1516 1517/1517/1517 1517/1517/1517 
f 1517/1517/1517 2248/2248/2248 1517/1517/1517 
f 1517/1517/1517 2248/2248/2248 2248/2248/2248 
f 2248/2248/2248 2249/2249/2249 2248/2248/2248 
f 2248/2248/2248 2249/2249/2249 1517/1517/1517 
f 2249/2249/2249 2250/2250/2250 1517/1517/1517 
f 1517/1517/1517 2250/2250/2250 1532/1532/1532 
f 2250/2250/2250 1533/1533/1533 1532/1532/1532 
f 1532/1532/1532 1533/1533/1533 1533/1533/1533 
f 1533/1533/1533 2250/2250/2250 1533/1533/1533 
f 1533/1533/1533 2250/2250/2250 2250/2250/2250 
f 2250/2250/2250 2251/2251/2251 2250/2250/2250 
f 2250/2250/2250 2251/2251/2251 1533/1533/1533 
f 2251/2251/2251 1575/1575/1575 1533/1533/1533 
f 1533/1533/1533 1575/1575/1575 1547/1547/1547 
f 1575/1575/1575 1548/1548/1548 1547/1547/1547 
f 1547/1547/1547 1548/1548/1548 1548/1548/1548 
f 1548/1548/1548 363/363/363 1548/1548/1548 
f 1548/1548/1548 363/363/363 363/363/363 
f 363/363/363 361/361/361 363/363/363 
f 363/363/363 361/361/361 365/365/365 
f 361/361/361 386/386/386 365/365/365 
f 365/365/365 386/386/386 386/386/386 
f 386/386/386 4/4/4 386/386/386 
f 386/386/386 4/4/4 4/4/4 
f 4/4/4 2/2/2 4/4/4 
f 4/4/4 2/2/2 6/6/6 
f 2/2/2 2252/2252/2252 6/6/6 
f 6/6/6 2252/2252/2252 848/848/848 
f 2252/2252/2252 848/848/848 848/848/848 
f 848/848/848 848/848/848 827/827/827 
f 848/848/848 827/827/827 827/827/827 
f 827/827/827 827/827/827 827/827/827 
f 827/827/827 817/817/817 827/827/827 
f 827/827/827 817/817/817 819/819/819 
f 817/817/817 818/818/818 819/819/819 
f 819/819/819 818/818/818 818/818/818 
f 818/818/818 2253/2253/2253 818/818/818 
f 818/818/818 2253/2253/2253 2253/2253/2253 
f 2253/2253/2253 2254/2254/2254 2253/2253/2253 
f 2253/2253/2253 2254/2254/2254 2255/2255/2255 
f 2254/2254/2254 2256/2256/2256 2255/2255/2255 
f 2255/2255/2255 2256/2256/2256 2257/2257/2257 
f 2256/2256/2256 2258/2258/2258 2257/2257/2257 
f 2257/2257/2257 2258/2258/2258 2259/2259/2259 
f 2258/2258/2258 2260/2260/2260 2259/2259/2259 
f 2259/2259/2259 2260/2260/2260 2257/2257/2257 
f 2260/2260/2260 2261/2261/2261 2257/2257/2257 
f 2257/2257/2257 2261/2261/2261 2262/2262/2262 
f 2261/2261/2261 2263/2263/2263 2262/2262/2262 
f 2262/2262/2262 2263/2263/2263 2264/2264/2264 
f 2263/2263/2263 2265/2265/2265 2264/2264/2264 
f 2264/2264/2264 2265/2265/2265 2262/2262/2262 
f 2265/2265/2265 2266/2266/2266 2262/2262/2262 
f 2262/2262/2262 2266/2266/2266 2255/2255/2255 
f 2266/2266/2266 2267/2267/2267 2255/2255/2255 
f 2255/2255/2255 2267/2267/2267 2253/2253/2253 
f 2267/2267/2267 2253/2253/2253 2253/2253/2253 
f 2253/2253/2253 2253/2253/2253 2261/2261/2261 
f 2253/2253/2253 2261/2261/2261 2261/2261/2261 
f 2261/2261/2261 2261/2261/2261 2261/2261/2261 
f 2261/2261/2261 2260/2260/2260 2261/2261/2261 
f 2261/2261/2261 2260/2260/2260 2268/2268/2268 
f 2260/2260/2260 2269/2269/2269 2268/2268/2268 
f 2268/2268/2268 2269/2269/2269 2270/2270/2270 
f 2269/2269/2269 2260/2260/2260 2270/2270/2270 
f 2270/2270/2270 2260/2260/2260 2271/2271/2271 
f 2260/2260/2260 2258/2258/2258 2271/2271/2271 
f 2271/2271/2271 2258/2258/2258 2272/2272/2272 
f 2258/2258/2258 2273/2273/2273 2272/2272/2272 
f 2272/2272/2272 2273/2273/2273 2273/2273/2273 
f 2273/2273/2273 2261/2261/2261 2273/2273/2273 
f 2273/2273/2273 2261/2261/2261 2261/2261/2261 
f 2261/2261/2261 2268/2268/2268 2261/2261/2261 
f 2261/2261/2261 2268/2268/2268 2274/2274/2274 
f 2268/2268/2268 2275/2275/2275 2274/2274/2274 
f 2274/2274/2274 2275/2275/2275 2276/2276/2276 
f 2275/2275/2275 2268/2268/2268 2276/2276/2276 
f 2276/2276/2276 2268/2268/2268 2277/2277/2277 
f 2268/2268/2268 2270/2270/2270 2277/2277/2277 
f 2277/2277/2277 2270/2270/2270 2278/2278/2278 
f 2270/2270/2270 2279/2279/2279 2278/2278/2278 
f 2278/2278/2278 2279/2279/2279 2279/2279/2279 
f 2279/2279/2279 2261/2261/2261 2279/2279/2279 
f 2279/2279/2279 2261/2261/2261 2261/2261/2261 
f 2261/2261/2261 2274/2274/2274 2261/2261/2261 
f 2261/2261/2261 2274/2274/2274 2280/2280/2280 
f 2274/2274/2274 2281/2281/2281 2280/2280/2280 
f 2280/2280/2280 2281/2281/2281 2282/2282/2282 
f 2281/2281/2281 2274/2274/2274 2282/2282/2282 
f 2282/2282/2282 2274/2274/2274 2283/2283/2283 
f 2274/2274/2274 2276/2276/2276 2283/2283/2283 
f 2283/2283/2283 2276/2276/2276 2284/2284/2284 
f 2276/2276/2276 2285/2285/2285 2284/2284/2284 
f 2284/2284/2284 2285/2285/2285 2285/2285/2285 
f 2285/2285/2285 2261/2261/2261 2285/2285/2285 
f 2285/2285/2285 2261/2261/2261 2261/2261/2261 
f 2261/2261/2261 2280/2280/2280 2261/2261/2261 
f 2261/2261/2261 2280/2280/2280 2286/2286/2286 
f 2280/2280/2280 2287/2287/2287 2286/2286/2286 
f 2286/2286/2286 2287/2287/2287 2288/2288/2288 
f 2287/2287/2287 2280/2280/2280 2288/2288/2288 
f 2288/2288/2288 2280/2280/2280 2289/2289/2289 
f 2280/2280/2280 2282/2282/2282 2289/2289/2289 
f 2289/2289/2289 2282/2282/2282 2290/2290/2290 
f 2282/2282/2282 2291/2291/2291 2290/2290/2290 
f 2290/2290/2290 2291/2291/2291 2291/2291/2291 
f 2291/2291/2291 2261/2261/2261 2291/2291/2291 
f 2291/2291/2291 2261/2261/2261 2261/2261/2261 
f 2261/2261/2261 2286/2286/2286 2261/2261/2261 
f 2261/2261/2261 2286/2286/2286 2292/2292/2292 
f 2286/2286/2286 2293/2293/2293 2292/2292/2292 
f 2292/2292/2292 2293/2293/2293 2294/2294/2294 
f 2293/2293/2293 2286/2286/2286 2294/2294/2294 
f 2294/2294/2294 2286/2286/2286 2295/2295/2295 
f 2286/2286/2286 2288/2288/2288 2295/2295/2295 
f 2295/2295/2295 2288/2288/2288 2296/2296/2296 
f 2288/2288/2288 2297/2297/2297 2296/2296/2296 
f 2296/2296/2296 2297/2297/2297 2297/2297/2297 
f 2297/2297/2297 2261/2261/2261 2297/2297/2297 
f 2297/2297/2297 2261/2261/2261 2261/2261/2261 
f 2261/2261/2261 2292/2292/2292 2261/2261/2261 
f 2261/2261/2261 2292/2292/2292 2298/2298/2298 
f 2292/2292/2292 2299/2299/2299 2298/2298/2298 
f 2298/2298/2298 2299/2299/2299 2300/2300/2300 
f 2299/2299/2299 2292/2292/2292 2300/2300/2300 
f 2300/2300/2300 2292/2292/2292 2301/2301/2301 
f 2292/2292/2292 2294/2294/2294 2301/2301/2301 
f 2301/2301/2301 2294/2294/2294 2302/2302/2302 
f 2294/2294/2294 2303/2303/2303 2302/2302/2302 
f 2302/2302/2302 2303/2303/2303 2303/2303/2303 
f 2303/2303/2303 2261/2261/2261 2303/2303/2303 
f 2303/2303/2303 2261/2261/2261 2261/2261/2261 
f 2261/2261/2261 2298/2298/2298 2261/2261/2261 
f 2261/2261/2261 2298/2298/2298 2304/2304/2304 
f 2298/2298/2298 2305/2305/2305 2304/2304/2304 
f 2304/2304/2304 2305/2305/2305 2306/2306/2306 
f 2305/2305/2305 2298/2298/2298 2306/2306/2306 
f 2306/2306/2306 2298/2298/2298 2307/2307/2307 
f 2298/2298/2298 2300/2300/2300 2307/2307/2307 
f 2307/2307/2307 2300/2300/2300 2308/2308/2308 
f 2300/2300/2300 2309/2309/2309 2308/2308/2308 
f 2308/2308/2308 2309/2309/2309 2309/2309/2309 
f 2309/2309/2309 2261/2261/2261 2309/2309/2309 
f 2309/2309/2309 2261/2261/2261 2261/2261/2261 
f 2261/2261/2261 2304/2304/2304 2261/2261/2261 
f 2261/2261/2261 2304/2304/2304 2310/2310/2310 
f 2304/2304/2304 2311/2311/2311 2310/2310/2310 
f 2310/2310/2310 2311/2311/2311 2312/2312/2312 
f 2311/2311/2311 2304/2304/2304 2312/2312/2312 
f 2312/2312/2312 2304/2304/2304 2313/2313/2313 
f 2304/2304/2304 2306/2306/2306 2313/2313/2313 
f 2313/2313/2313 2306/2306/2306 2314/2314/2314 
f 2306/2306/2306 2315/2315/2315 2314/2314/2314 
f 2314/2314/2314 2315/2315/2315 2315/2315/2315 
f 2315/2315/2315 2261/2261/2261 2315/2315/2315 
f 2315/2315/2315 2261/2261/2261 2261/2261/2261 
f 2261/2261/2261 2310/2310/2310 2261/2261/2261 
f 2261/2261/2261 2310/2310/2310 2316/2316/2316 
f 2310/2310/2310 2317/2317/2317 2316/2316/2316 
f 2316/2316/2316 2317/2317/2317 2318/2318/2318 
f 2317/2317/2317 2310/2310/2310 2318/2318/2318 
f 2318/2318/2318 2310/2310/2310 2319/2319/2319 
f 2310/2310/2310 2312/2312/2312 2319/2319/2319 
f 2319/2319/2319 2312/2312/2312 2320/2320/2320 
f 2312/2312/2312 2321/2321/2321 2320/2320/2320 
f 2320/2320/2320 2321/2321/2321 2321/2321/2321 
f 2321/2321/2321 2261/2261/2261 2321/2321/2321 
f 2321/2321/2321 2261/2261/2261 2261/2261/2261 
f 2261/2261/2261 2316/2316/2316 2261/2261/2261 
f 2261/2261/2261 2316/2316/2316 2322/2322/2322 
f 2316/2316/2316 2323/2323/2323 2322/2322/2322 
f 2322/2322/2322 2323/2323/2323 2324/2324/2324 
f 2323/2323/2323 2316/2316/2316 2324/2324/2324 
f 2324/2324/2324 2316/2316/2316 2325/2325/2325 
f 2316/2316/2316 2318/2318/2318 2325/2325/2325 
f 2325/2325/2325 2318/2318/2318 2326/2326/2326 
f 2318/2318/2318 2327/2327/2327 2326/2326/2326 
f 2326/2326/2326 2327/2327/2327 2327/2327/2327 
f 2327/2327/2327 2261/2261/2261 2327/2327/2327 
f 2327/2327/2327 2261/2261/2261 2261/2261/2261 
f 2261/2261/2261 2322/2322/2322 2261/2261/2261 
f 2261/2261/2261 2322/2322/2322 2328/2328/2328 
f 2322/2322/2322 2329/2329/2329 2328/2328/2328 
f 2328/2328/2328 2329/2329/2329 2330/2330/2330 
f 2329/2329/2329 2322/2322/2322 2330/2330/2330 
f 2330/2330/2330 2322/2322/2322 2331/2331/2331 
f 2322/2322/2322 2324/2324/2324 2331/2331/2331 
f 2331/2331/2331 2324/2324/2324 2332/2332/2332 
f 2324/2324/2324 2333/2333/2333 2332/2332/2332 
f 2332/2332/2332 2333/2333/2333 2333/2333/2333 
f 2333/2333/2333 2261/2261/2261 2333/2333/2333 
f 2333/2333/2333 2261/2261/2261 2261/2261/2261 
f 2261/2261/2261 2328/2328/2328 2261/2261/2261 
f 2261/2261/2261 2328/2328/2328 2334/2334/2334 
f 2328/2328/2328 2335/2335/2335 2334/2334/2334 
f 2334/2334/2334 2335/2335/2335 2336/2336/2336 
f 2335/2335/2335 2328/2328/2328 2336/2336/2336 
f 2336/2336/2336 2328/2328/2328 2337/2337/2337 
f 2328/2328/2328 2330/2330/2330 2337/2337/2337 
f 2337/2337/2337 2330/2330/2330 2338/2338/2338 
f 2330/2330/2330 2339/2339/2339 2338/2338/2338 
f 2338/2338/2338 2339/2339/2339 2339/2339/2339 
f 2339/2339/2339 2261/2261/2261 2339/2339/2339 
f 2339/2339/2339 2261/2261/2261 2261/2261/2261 
f 2261/2261/2261 2334/2334/2334 2261/2261/2261 
f 2261/2261/2261 2334/2334/2334 2340/2340/2340 
f 2334/2334/2334 2341/2341/2341 2340/2340/2340 
f 2340/2340/2340 2341/2341/2341 2342/2342/2342 
f 2341/2341/2341 2334/2334/2334 2342/2342/2342 
f 2342/2342/2342 2334/2334/2334 2343/2343/2343 
f 2334/2334/2334 2336/2336/2336 2343/2343/2343 
f 2343/2343/2343 2336/2336/2336 2344/2344/2344 
f 2336/2336/2336 2345/2345/2345 2344/2344/2344 
f 2344/2344/2344 2345/2345/2345 2345/2345/2345 
f 2345/2345/2345 2261/2261/2261 2345/2345/2345 
f 2345/2345/2345 2261/2261/2261 2261/2261/2261 
f 2261/2261/2261 2340/2340/2340 2261/2261/2261 
f 2261/2261/2261 2340/2340/2340 2346/2346/2346 
f 2340/2340/2340 2347/2347/2347 2346/2346/2346 
f 2346/2346/2346 2347/2347/2347 2348/2348/2348 
f 2347/2347/2347 2340/2340/2340 2348/2348/2348 
f 2348/2348/2348 2340/2340/2340 2349/2349/2349 
f 2340/2340/2340 2342/2342/2342 2349/2349/2349 
f 2349/2349/2349 2342/2342/2342 2350/2350/2350 
f 2342/2342/2342 2351/2351/2351 2350/2350/2350 
f 2350/2350/2350 2351/2351/2351 2351/2351/2351 
f 2351/2351/2351 2346/2346/2346 2351/2351/2351 
f 2351/2351/2351 2346/2346/2346 2346/2346/2346 
f 2346/2346/2346 2352/2352/2352 2346/2346/2346 
f 2346/2346/2346 2352/2352/2352 2261/2261/2261 
f 2352/2352/2352 2353/2353/2353 2261/2261/2261 
f 2261/2261/2261 2353/2353/2353 2263/2263/2263 
f 2353/2353/2353 2354/2354/2354 2263/2263/2263 
f 2263/2263/2263 2354/2354/2354 2355/2355/2355 
f 2354/2354/2354 2353/2353/2353 2355/2355/2355 
f 2355/2355/2355 2353/2353/2353 2356/2356/2356 
f 2353/2353/2353 2357/2357/2357 2356/2356/2356 
f 2356/2356/2356 2357/2357/2357 2358/2358/2358 
f 2357/2357/2357 2359/2359/2359 2358/2358/2358 
f 2358/2358/2358 2359/2359/2359 2359/2359/2359 
f 2359/2359/2359 2357/2357/2357 2359/2359/2359 
f 2359/2359/2359 2357/2357/2357 2360/2360/2360 
f 2357/2357/2357 2361/2361/2361 2360/2360/2360 
f 2360/2360/2360 2361/2361/2361 2362/2362/2362 
f 2361/2361/2361 2352/2352/2352 2362/2362/2362 
f 2362/2362/2362 2352/2352/2352 2363/2363/2363 
f 2352/2352/2352 2346/2346/2346 2363/2363/2363 
f 2363/2363/2363 2346/2346/2346 2362/2362/2362 
f 2346/2346/2346 2364/2364/2364 2362/2362/2362 
f 2362/2362/2362 2364/2364/2364 2365/2365/2365 
f 2364/2364/2364 2348/2348/2348 2365/2365/2365 
f 2365/2365/2365 2348/2348/2348 2366/2366/2366 
f 2348/2348/2348 2350/2350/2350 2366/2366/2366 
f 2366/2366/2366 2350/2350/2350 2350/2350/2350 
f 2350/2350/2350 2361/2361/2361 2350/2350/2350 
f 2350/2350/2350 2361/2361/2361 2361/2361/2361 
f 2361/2361/2361 2357/2357/2357 2361/2361/2361 
f 2361/2361/2361 2357/2357/2357 2352/2352/2352 
f 2357/2357/2357 2367/2367/2367 2352/2352/2352 
f 2352/2352/2352 2367/2367/2367 2353/2353/2353 
f 2367/2367/2367 2357/2357/2357 2353/2353/2353 
f 2353/2353/2353 2357/2357/2357 2357/2357/2357 
f 2357/2357/2357 2266/2266/2266 2357/2357/2357 
f 2357/2357/2357 2266/2266/2266 2266/2266/2266 
f 2266/2266/2266 2265/2265/2265 2266/2266/2266 
f 2266/2266/2266 2265/2265/2265 2267/2267/2267 
f 2265/2265/2265 2368/2368/2368 2267/2267/2267 
f 2267/2267/2267 2368/2368/2368 2368/2368/2368 
f 2368/2368/2368 2265/2265/2265 2368/2368/2368 
f 2368/2368/2368 2265/2265/2265 2369/2369/2369 
f 2265/2265/2265 2370/2370/2370 2369/2369/2369 
f 2369/2369/2369 2370/2370/2370 2355/2355/2355 
f 2370/2370/2370 2263/2263/2263 2355/2355/2355 
f 2355/2355/2355 2263/2263/2263 2263/2263/2263 
f 2263/2263/2263 2369/2369/2369 2263/2263/2263 
f 2263/2263/2263 2369/2369/2369 2369/2369/2369 
f 2369/2369/2369 2355/2355/2355 2369/2369/2369 
f 2369/2369/2369 2355/2355/2355 2371/2371/2371 
f 2355/2355/2355 2358/2358/2358 2371/2371/2371 
f 2371/2371/2371 2358/2358/2358 2358/2358/2358 
f 2358/2358/2358 2283/2283/2283 2358/2358/2358 
f 2358/2358/2358 2283/2283/2283 2283/2283/2283 
f 2283/2283/2283 2284/2284/2284 2283/2283/2283 
f 2283/2283/2283 2284/2284/2284 2282/2282/2282 
f 2284/2284/2284 2291/2291/2291 2282/2282/2282 
f 2282/2282/2282 2291/2291/2291 2291/2291/2291 
f 2291/2291/2291 2313/2313/2313 2291/2291/2291 
f 2291/2291/2291 2313/2313/2313 2313/2313/2313 
f 2313/2313/2313 2314/2314/2314 2313/2313/2313 
f 2313/2313/2313 2314/2314/2314 2312/2312/2312 
f 2314/2314/2314 2321/2321/2321 2312/2312/2312 
f 2312/2312/2312 2321/2321/2321 2321/2321/2321 
f 2321/2321/2321 2319/2319/2319 2321/2321/2321 
f 2321/2321/2321 2319/2319/2319 2319/2319/2319 
f 2319/2319/2319 2320/2320/2320 2319/2319/2319 
f 2319/2319/2319 2320/2320/2320 2318/2318/2318 
f 2320/2320/2320 2327/2327/2327 2318/2318/2318 
f 2318/2318/2318 2327/2327/2327 2327/2327/2327 
f 2327/2327/2327 2343/2343/2343 2327/2327/2327 
f 2327/2327/2327 2343/2343/2343 2343/2343/2343 
f 2343/2343/2343 2344/2344/2344 2343/2343/2343 
f 2343/2343/2343 2344/2344/2344 2342/2342/2342 
f 2344/2344/2344 2351/2351/2351 2342/2342/2342 
f 2342/2342/2342 2351/2351/2351 2351/2351/2351 
f 2351/2351/2351 2333/2333/2333 2351/2351/2351 
f 2351/2351/2351 2333/2333/2333 2333/2333/2333 
f 2333/2333/2333 2324/2324/2324 2333/2333/2333 
f 2333/2333/2333 2324/2324/2324 2326/2326/2326 
f 2324/2324/2324 2325/2325/2325 2326/2326/2326 
f 2326/2326/2326 2325/2325/2325 2325/2325/2325 
f 2325/2325/2325 2360/2360/2360 2325/2325/2325 
f 2325/2325/2325 2360/2360/2360 2360/2360/2360 
f 2360/2360/2360 2362/2362/2362 2360/2360/2360 
f 2360/2360/2360 2362/2362/2362 2372/2372/2372 
f 2362/2362/2362 2365/2365/2365 2372/2372/2372 
f 2372/2372/2372 2365/2365/2365 2365/2365/2365 
f 2365/2365/2365 2315/2315/2315 2365/2365/2365 
f 2365/2365/2365 2315/2315/2315 2315/2315/2315 
f 2315/2315/2315 2306/2306/2306 2315/2315/2315 
f 2315/2315/2315 2306/2306/2306 2308/2308/2308 
f 2306/2306/2306 2307/2307/2307 2308/2308/2308 
f 2308/2308/2308 2307/2307/2307 2307/2307/2307 
f 2307/2307/2307 2345/2345/2345 2307/2307/2307 
f 2307/2307/2307 2345/2345/2345 2345/2345/2345 
f 2345/2345/2345 2336/2336/2336 2345/2345/2345 
f 2345/2345/2345 2336/2336/2336 2338/2338/2338 
f 2336/2336/2336 2337/2337/2337 2338/2338/2338 
f 2338/2338/2338 2337/2337/2337 2337/2337/2337 
f 2337/2337/2337 2285/2285/2285 2337/2337/2337 
f 2337/2337/2337 2285/2285/2285 2285/2285/2285 
f 2285/2285/2285 2276/2276/2276 2285/2285/2285 
f 2285/2285/2285 2276/2276/2276 2278/2278/2278 
f 2276/2276/2276 2277/2277/2277 2278/2278/2278 
f 2278/2278/2278 2277/2277/2277 2277/2277/2277 
f 2277/2277/2277 2279/2279/2279 2277/2277/2277 
f 2277/2277/2277 2279/2279/2279 2279/2279/2279 
f 2279/2279/2279 2270/2270/2270 2279/2279/2279 
f 2279/2279/2279 2270/2270/2270 2272/2272/2272 
f 2270/2270/2270 2271/2271/2271 2272/2272/2272 
f 2272/2272/2272 2271/2271/2271 2271/2271/2271 
f 2271/2271/2271 2309/2309/2309 2271/2271/2271 
f 2271/2271/2271 2309/2309/2309 2309/2309/2309 
f 2309/2309/2309 2300/2300/2300 2309/2309/2309 
f 2309/2309/2309 2300/2300/2300 2302/2302/2302 
f 2300/2300/2300 2301/2301/2301 2302/2302/2302 
f 2302/2302/2302 2301/2301/2301 2301/2301/2301 
f 2301/2301/2301 2339/2339/2339 2301/2301/2301 
f 2301/2301/2301 2339/2339/2339 2339/2339/2339 
f 2339/2339/2339 2330/2330/2330 2339/2339/2339 
f 2339/2339/2339 2330/2330/2330 2332/2332/2332 
f 2330/2330/2330 2331/2331/2331 2332/2332/2332 
f 2332/2332/2332 2331/2331/2331 2331/2331/2331 
f 2331/2331/2331 2256/2256/2256 2331/2331/2331 
f 2331/2331/2331 2256/2256/2256 2256/2256/2256 
f 2256/2256/2256 2254/2254/2254 2256/2256/2256 
f 2256/2256/2256 2254/2254/2254 2258/2258/2258 
f 2254/2254/2254 2273/2273/2273 2258/2258/2258 
f 2258/2258/2258 2273/2273/2273 2273/2273/2273 
f 2273/2273/2273 2297/2297/2297 2273/2273/2273 
f 2273/2273/2273 2297/2297/2297 2297/2297/2297 
f 2297/2297/2297 2288/2288/2288 2297/2297/2297 
f 2297/2297/2297 2288/2288/2288 2290/2290/2290 
f 2288/2288/2288 2289/2289/2289 2290/2290/2290 
f 2290/2290/2290 2289/2289/2289 2289/2289/2289 
f 2289/2289/2289 2295/2295/2295 2289/2289/2289 
f 2289/2289/2289 2295/2295/2295 2295/2295/2295 
f 2295/2295/2295 2296/2296/2296 2295/2295/2295 
f 2295/2295/2295 2296/2296/2296 2294/2294/2294 
f 2296/2296/2296 2303/2303/2303 2294/2294/2294 
f 2294/2294/2294 2303/2303/2303 2303/2303/2303 
f 2303/2303/2303 2373/2373/2373 2303/2303/2303 
f 2303/2303/2303 2373/2373/2373 2373/2373/2373 
f 2373/2373/2373 2374/2374/2374 2373/2373/2373 
f 2373/2373/2373 2374/2374/2374 2375/2375/2375 
f 2374/2374/2374 2376/2376/2376 2375/2375/2375 
f 2375/2375/2375 2376/2376/2376 2377/2377/2377 
f 2376/2376/2376 2378/2378/2378 2377/2377/2377 
f 2377/2377/2377 2378/2378/2378 2379/2379/2379 
f 2378/2378/2378 2380/2380/2380 2379/2379/2379 
f 2379/2379/2379 2380/2380/2380 2380/2380/2380 
f 2380/2380/2380 2377/2377/2377 2380/2380/2380 
f 2380/2380/2380 2377/2377/2377 2377/2377/2377 
f 2377/2377/2377 2379/2379/2379 2377/2377/2377 
f 2377/2377/2377 2379/2379/2379 2375/2375/2375 
f 2379/2379/2379 2381/2381/2381 2375/2375/2375 
f 2375/2375/2375 2381/2381/2381 2382/2382/2382 
f 2381/2381/2381 2382/2382/2382 2382/2382/2382 
f 2382/2382/2382 2382/2382/2382 2375/2375/2375 
f 2382/2382/2382 2375/2375/2375 2375/2375/2375 
f 2375/2375/2375 2375/2375/2375 2375/2375/2375 
f 2375/2375/2375 2382/2382/2382 2375/2375/2375 
f 2375/2375/2375 2382/2382/2382 2383/2383/2383 
f 2382/2382/2382 2384/2384/2384 2383/2383/2383 
f 2383/2383/2383 2384/2384/2384 2373/2373/2373 
f 2384/2384/2384 2385/2385/2385 2373/2373/2373 
f 2373/2373/2373 2385/2385/2385 2385/2385/2385 
f 2385/2385/2385 2382/2382/2382 2385/2385/2385 
f 2385/2385/2385 2382/2382/2382 2382/2382/2382 
f 2382/2382/2382 2386/2386/2386 2382/2382/2382 
f 2382/2382/2382 2386/2386/2386 2384/2384/2384 
f 2386/2386/2386 2387/2387/2387 2384/2384/2384 
f 2384/2384/2384 2387/2387/2387 2388/2388/2388 
f 2387/2387/2387 2389/2389/2389 2388/2388/2388 
f 2388/2388/2388 2389/2389/2389 2390/2390/2390 
f 2389/2389/2389 2391/2391/2391 2390/2390/2390 
f 2390/2390/2390 2391/2391/2391 2391/2391/2391 
f 2391/2391/2391 2388/2388/2388 2391/2391/2391 
f 2391/2391/2391 2388/2388/2388 2388/2388/2388 
f 2388/2388/2388 2390/2390/2390 2388/2388/2388 
f 2388/2388/2388 2390/2390/2390 2384/2384/2384 
f 2390/2390/2390 2385/2385/2385 2384/2384/2384 
f 2384/2384/2384 2385/2385/2385 2385/2385/2385 
f 2385/2385/2385 2376/2376/2376 2385/2385/2385 
f 2385/2385/2385 2376/2376/2376 2376/2376/2376 
f 2376/2376/2376 2392/2392/2392 2376/2376/2376 
f 2376/2376/2376 2392/2392/2392 2378/2378/2378 
f 2392/2392/2392 2393/2393/2393 2378/2378/2378 
f 2378/2378/2378 2393/2393/2393 2394/2394/2394 
f 2393/2393/2393 2395/2395/2395 2394/2394/2394 
f 2394/2394/2394 2395/2395/2395 2396/2396/2396 
f 2395/2395/2395 2397/2397/2397 2396/2396/2396 
f 2396/2396/2396 2397/2397/2397 2397/2397/2397 
f 2397/2397/2397 2394/2394/2394 2397/2397/2397 
f 2397/2397/2397 2394/2394/2394 2394/2394/2394 
f 2394/2394/2394 2396/2396/2396 2394/2394/2394 
f 2394/2394/2394 2396/2396/2396 2378/2378/2378 
f 2396/2396/2396 2380/2380/2380 2378/2378/2378 
f 2378/2378/2378 2380/2380/2380 2380/2380/2380 
f 2380/2380/2380 2391/2391/2391 2380/2380/2380 
f 2380/2380/2380 2391/2391/2391 2391/2391/2391 
f 2391/2391/2391 2389/2389/2389 2391/2391/2391 
f 2391/2391/2391 2389/2389/2389 2398/2398/2398 
f 2389/2389/2389 2399/2399/2399 2398/2398/2398 
f 2398/2398/2398 2399/2399/2399 2400/2400/2400 
f 2399/2399/2399 2401/2401/2401 2400/2400/2400 
f 2400/2400/2400 2401/2401/2401 2402/2402/2402 
f 2401/2401/2401 2402/2402/2402 2402/2402/2402 
f 2402/2402/2402 2402/2402/2402 2399/2399/2399 
f 2402/2402/2402 2399/2399/2399 2399/2399/2399 
f 2399/2399/2399 2399/2399/2399 2399/2399/2399 
f 2399/2399/2399 2389/2389/2389 2399/2399/2399 
f 2399/2399/2399 2389/2389/2389 2401/2401/2401 
f 2389/2389/2389 2403/2403/2403 2401/2401/2401 
f 2401/2401/2401 2403/2403/2403 2403/2403/2403 
f 2403/2403/2403 2393/2393/2393 2403/2403/2403 
f 2403/2403/2403 2393/2393/2393 2393/2393/2393 
f 2393/2393/2393 2404/2404/2404 2393/2393/2393 
f 2393/2393/2393 2404/2404/2404 2395/2395/2395 
f 2404/2404/2404 2405/2405/2405 2395/2395/2395 
f 2395/2395/2395 2405/2405/2405 2406/2406/2406 
f 2405/2405/2405 2407/2407/2407 2406/2406/2406 
f 2406/2406/2406 2407/2407/2407 2408/2408/2408 
f 2407/2407/2407 2409/2409/2409 2408/2408/2408 
f 2408/2408/2408 2409/2409/2409 2409/2409/2409 
f 2409/2409/2409 2406/2406/2406 2409/2409/2409 
f 2409/2409/2409 2406/2406/2406 2406/2406/2406 
f 2406/2406/2406 2408/2408/2408 2406/2406/2406 
f 2406/2406/2406 2408/2408/2408 2395/2395/2395 
f 2408/2408/2408 2397/2397/2397 2395/2395/2395 
f 2395/2395/2395 2397/2397/2397 2397/2397/2397 
f 2397/2397/2397 2398/2398/2398 2397/2397/2397 
f 2397/2397/2397 2398/2398/2398 2398/2398/2398 
f 2398/2398/2398 2400/2400/2400 2398/2398/2398 
f 2398/2398/2398 2400/2400/2400 2410/2410/2410 
f 2400/2400/2400 2411/2411/2411 2410/2410/2410 
f 2410/2410/2410 2411/2411/2411 2411/2411/2411 
f 2411/2411/2411 2400/2400/2400 2411/2411/2411 
f 2411/2411/2411 2400/2400/2400 2412/2412/2412 
f 2400/2400/2400 2413/2413/2413 2412/2412/2412 
f 2412/2412/2412 2413/2413/2413 2414/2414/2414 
f 2413/2413/2413 2415/2415/2415 2414/2414/2414 
f 2414/2414/2414 2415/2415/2415 2416/2416/2416 
f 2415/2415/2415 2416/2416/2416 2416/2416/2416 
f 2416/2416/2416 2416/2416/2416 2412/2412/2412 
f 2416/2416/2416 2412/2412/2412 2412/2412/2412 
f 2412/2412/2412 2412/2412/2412 2412/2412/2412 
f 2412/2412/2412 2414/2414/2414 2412/2412/2412 
f 2412/2412/2412 2414/2414/2414 2411/2411/2411 
f 2414/2414/2414 2417/2417/2417 2411/2411/2411 
f 2411/2411/2411 2417/2417/2417 2417/2417/2417 
f 2417/2417/2417 2414/2414/2414 2417/2417/2417 
f 2417/2417/2417 2414/2414/2414 2418/2418/2418 
f 2414/2414/2414 2419/2419/2419 2418/2418/2418 
f 2418/2418/2418 2419/2419/2419 2420/2420/2420 
f 2419/2419/2419 2416/2416/2416 2420/2420/2420 
f 2420/2420/2420 2416/2416/2416 2421/2421/2421 
f 2416/2416/2416 2421/2421/2421 2421/2421/2421 
f 2421/2421/2421 2421/2421/2421 2421/2421/2421 
f 2421/2421/2421 2422/2422/2422 2421/2421/2421 
f 2421/2421/2421 2422/2422/2422 2420/2420/2420 
f 2422/2422/2422 2423/2423/2423 2420/2420/2420 
f 2420/2420/2420 2423/2423/2423 2424/2424/2424 
f 2423/2423/2423 2425/2425/2425 2424/2424/2424 
f 2424/2424/2424 2425/2425/2425 2426/2426/2426 
f 2425/2425/2425 2427/2427/2427 2426/2426/2426 
f 2426/2426/2426 2427/2427/2427 2427/2427/2427 
f 2427/2427/2427 2423/2423/2423 2427/2427/2427 
f 2427/2427/2427 2423/2423/2423 2423/2423/2423 
f 2423/2423/2423 2422/2422/2422 2423/2423/2423 
f 2423/2423/2423 2422/2422/2422 2425/2425/2425 
f 2422/2422/2422 2428/2428/2428 2425/2425/2425 
f 2425/2425/2425 2428/2428/2428 2429/2429/2429 
f 2428/2428/2428 2429/2429/2429 2429/2429/2429 
f 2429/2429/2429 2429/2429/2429 2425/2425/2425 
f 2429/2429/2429 2425/2425/2425 2425/2425/2425 
f 2425/2425/2425 2425/2425/2425 2425/2425/2425 
f 2425/2425/2425 2429/2429/2429 2425/2425/2425 
f 2425/2425/2425 2429/2429/2429 2430/2430/2430 
f 2429/2429/2429 2431/2431/2431 2430/2430/2430 
f 2430/2430/2430 2431/2431/2431 2427/2427/2427 
f 2431/2431/2431 2432/2432/2432 2427/2427/2427 
f 2427/2427/2427 2432/2432/2432 2432/2432/2432 
f 2432/2432/2432 2429/2429/2429 2432/2432/2432 
f 2432/2432/2432 2429/2429/2429 2429/2429/2429 
f 2429/2429/2429 2433/2433/2433 2429/2429/2429 
f 2429/2429/2429 2433/2433/2433 2431/2431/2431 
f 2433/2433/2433 2434/2434/2434 2431/2431/2431 
f 2431/2431/2431 2434/2434/2434 2435/2435/2435 
f 2434/2434/2434 2436/2436/2436 2435/2435/2435 
f 2435/2435/2435 2436/2436/2436 2437/2437/2437 
f 2436/2436/2436 2438/2438/2438 2437/2437/2437 
f 2437/2437/2437 2438/2438/2438 2438/2438/2438 
f 2438/2438/2438 2435/2435/2435 2438/2438/2438 
f 2438/2438/2438 2435/2435/2435 2435/2435/2435 
f 2435/2435/2435 2437/2437/2437 2435/2435/2435 
f 2435/2435/2435 2437/2437/2437 2431/2431/2431 
f 2437/2437/2437 2432/2432/2432 2431/2431/2431 
f 2431/2431/2431 2432/2432/2432 2432/2432/2432 
f 2432/2432/2432 2418/2418/2418 2432/2432/2432 
f 2432/2432/2432 2418/2418/2418 2418/2418/2418 
f 2418/2418/2418 2420/2420/2420 2418/2418/2418 
f 2418/2418/2418 2420/2420/2420 2439/2439/2439 
f 2420/2420/2420 2424/2424/2424 2439/2439/2439 
f 2439/2439/2439 2424/2424/2424 2424/2424/2424 
f 2424/2424/2424 2434/2434/2434 2424/2424/2424 
f 2424/2424/2424 2434/2434/2434 2434/2434/2434 
f 2434/2434/2434 2440/2440/2440 2434/2434/2434 
f 2434/2434/2434 2440/2440/2440 2436/2436/2436 
f 2440/2440/2440 2441/2441/2441 2436/2436/2436 
f 2436/2436/2436 2441/2441/2441 2442/2442/2442 
f 2441/2441/2441 2443/2443/2443 2442/2442/2442 
f 2442/2442/2442 2443/2443/2443 2444/2444/2444 
f 2443/2443/2443 2445/2445/2445 2444/2444/2444 
f 2444/2444/2444 2445/2445/2445 2445/2445/2445 
f 2445/2445/2445 2442/2442/2442 2445/2445/2445 
f 2445/2445/2445 2442/2442/2442 2442/2442/2442 
f 2442/2442/2442 2444/2444/2444 2442/2442/2442 
f 2442/2442/2442 2444/2444/2444 2436/2436/2436 
f 2444/2444/2444 2438/2438/2438 2436/2436/2436 
f 2436/2436/2436 2438/2438/2438 2438/2438/2438 
f 2438/2438/2438 2441/2441/2441 2438/2438/2438 
f 2438/2438/2438 2441/2441/2441 2441/2441/2441 
f 2441/2441/2441 2446/2446/2446 2441/2441/2441 
f 2441/2441/2441 2446/2446/2446 2443/2443/2443 
f 2446/2446/2446 2447/2447/2447 2443/2443/2443 
f 2443/2443/2443 2447/2447/2447 2448/2448/2448 
f 2447/2447/2447 2449/2449/2449 2448/2448/2448 
f 2448/2448/2448 2449/2449/2449 2450/2450/2450 
f 2449/2449/2449 2451/2451/2451 2450/2450/2450 
f 2450/2450/2450 2451/2451/2451 2451/2451/2451 
f 2451/2451/2451 2448/2448/2448 2451/2451/2451 
f 2451/2451/2451 2448/2448/2448 2448/2448/2448 
f 2448/2448/2448 2450/2450/2450 2448/2448/2448 
f 2448/2448/2448 2450/2450/2450 2443/2443/2443 
f 2450/2450/2450 2445/2445/2445 2443/2443/2443 
f 2443/2443/2443 2445/2445/2445 2445/2445/2445 
f 2445/2445/2445 2451/2451/2451 2445/2445/2445 
f 2445/2445/2445 2451/2451/2451 2451/2451/2451 
f 2451/2451/2451 2449/2449/2449 2451/2451/2451 
f 2451/2451/2451 2449/2449/2449 2452/2452/2452 
f 2449/2449/2449 2453/2453/2453 2452/2452/2452 
f 2452/2452/2452 2453/2453/2453 2454/2454/2454 
f 2453/2453/2453 2455/2455/2455 2454/2454/2454 
f 2454/2454/2454 2455/2455/2455 2456/2456/2456 
f 2455/2455/2455 2456/2456/2456 2456/2456/2456 
f 2456/2456/2456 2456/2456/2456 2453/2453/2453 
f 2456/2456/2456 2453/2453/2453 2453/2453/2453 
f 2453/2453/2453 2453/2453/2453 2453/2453/2453 
f 2453/2453/2453 2449/2449/2449 2453/2453/2453 
f 2453/2453/2453 2449/2449/2449 2455/2455/2455 
f 2449/2449/2449 2457/2457/2457 2455/2455/2455 
f 2455/2455/2455 2457/2457/2457 2457/2457/2457 
f 2457/2457/2457 2456/2456/2456 2457/2457/2457 
f 2457/2457/2457 2456/2456/2456 2456/2456/2456 
f 2456/2456/2456 2458/2458/2458 2456/2456/2456 
f 2456/2456/2456 2458/2458/2458 2454/2454/2454 
f 2458/2458/2458 2459/2459/2459 2454/2454/2454 
f 2454/2454/2454 2459/2459/2459 2460/2460/2460 
f 2459/2459/2459 2461/2461/2461 2460/2460/2460 
f 2460/2460/2460 2461/2461/2461 2462/2462/2462 
f 2461/2461/2461 2463/2463/2463 2462/2462/2462 
f 2462/2462/2462 2463/2463/2463 2463/2463/2463 
f 2463/2463/2463 2459/2459/2459 2463/2463/2463 
f 2463/2463/2463 2459/2459/2459 2459/2459/2459 
f 2459/2459/2459 2458/2458/2458 2459/2459/2459 
f 2459/2459/2459 2458/2458/2458 2461/2461/2461 
f 2458/2458/2458 2464/2464/2464 2461/2461/2461 
f 2461/2461/2461 2464/2464/2464 2465/2465/2465 
f 2464/2464/2464 2465/2465/2465 2465/2465/2465 
f 2465/2465/2465 2465/2465/2465 2461/2461/2461 
f 2465/2465/2465 2461/2461/2461 2461/2461/2461 
f 2461/2461/2461 2461/2461/2461 2461/2461/2461 
f 2461/2461/2461 2465/2465/2465 2461/2461/2461 
f 2461/2461/2461 2465/2465/2465 2466/2466/2466 
f 2465/2465/2465 2467/2467/2467 2466/2466/2466 
f 2466/2466/2466 2467/2467/2467 2463/2463/2463 
f 2467/2467/2467 2468/2468/2468 2463/2463/2463 
f 2463/2463/2463 2468/2468/2468 2468/2468/2468 
f 2468/2468/2468 2465/2465/2465 2468/2468/2468 
f 2468/2468/2468 2465/2465/2465 2465/2465/2465 
f 2465/2465/2465 2469/2469/2469 2465/2465/2465 
f 2465/2465/2465 2469/2469/2469 2467/2467/2467 
f 2469/2469/2469 2470/2470/2470 2467/2467/2467 
f 2467/2467/2467 2470/2470/2470 2471/2471/2471 
f 2470/2470/2470 2472/2472/2472 2471/2471/2471 
f 2471/2471/2471 2472/2472/2472 2473/2473/2473 
f 2472/2472/2472 2474/2474/2474 2473/2473/2473 
f 2473/2473/2473 2474/2474/2474 2474/2474/2474 
f 2474/2474/2474 2471/2471/2471 2474/2474/2474 
f 2474/2474/2474 2471/2471/2471 2471/2471/2471 
f 2471/2471/2471 2473/2473/2473 2471/2471/2471 
f 2471/2471/2471 2473/2473/2473 2467/2467/2467 
f 2473/2473/2473 2468/2468/2468 2467/2467/2467 
f 2467/2467/2467 2468/2468/2468 2468/2468/2468 
f 2468/2468/2468 2460/2460/2460 2468/2468/2468 
f 2468/2468/2468 2460/2460/2460 2460/2460/2460 
f 2460/2460/2460 2475/2475/2475 2460/2460/2460 
f 2460/2460/2460 2475/2475/2475 2454/2454/2454 
f 2475/2475/2475 2452/2452/2452 2454/2454/2454 
f 2454/2454/2454 2452/2452/2452 2452/2452/2452 
f 2452/2452/2452 2470/2470/2470 2452/2452/2452 
f 2452/2452/2452 2470/2470/2470 2470/2470/2470 
f 2470/2470/2470 2476/2476/2476 2470/2470/2470 
f 2470/2470/2470 2476/2476/2476 2472/2472/2472 
f 2476/2476/2476 2477/2477/2477 2472/2472/2472 
f 2472/2472/2472 2477/2477/2477 2478/2478/2478 
f 2477/2477/2477 2479/2479/2479 2478/2478/2478 
f 2478/2478/2478 2479/2479/2479 2480/2480/2480 
f 2479/2479/2479 2481/2481/2481 2480/2480/2480 
f 2480/2480/2480 2481/2481/2481 2481/2481/2481 
f 2481/2481/2481 2478/2478/2478 2481/2481/2481 
f 2481/2481/2481 2478/2478/2478 2478/2478/2478 
f 2478/2478/2478 2480/2480/2480 2478/2478/2478 
f 2478/2478/2478 2480/2480/2480 2472/2472/2472 
f 2480/2480/2480 2474/2474/2474 2472/2472/2472 
f 2472/2472/2472 2474/2474/2474 2474/2474/2474 
f 2474/2474/2474 2477/2477/2477 2474/2474/2474 
f 2474/2474/2474 2477/2477/2477 2477/2477/2477 
f 2477/2477/2477 2482/2482/2482 2477/2477/2477 
f 2477/2477/2477 2482/2482/2482 2479/2479/2479 
f 2482/2482/2482 2483/2483/2483 2479/2479/2479 
f 2479/2479/2479 2483/2483/2483 2484/2484/2484 
f 2483/2483/2483 2485/2485/2485 2484/2484/2484 
f 2484/2484/2484 2485/2485/2485 2486/2486/2486 
f 2485/2485/2485 2487/2487/2487 2486/2486/2486 
f 2486/2486/2486 2487/2487/2487 2487/2487/2487 
f 2487/2487/2487 2485/2485/2485 2487/2487/2487 
f 2487/2487/2487 2485/2485/2485 2488/2488/2488 
f 2485/2485/2485 2489/2489/2489 2488/2488/2488 
f 2488/2488/2488 2489/2489/2489 2407/2407/2407 
f 2489/2489/2489 2490/2490/2490 2407/2407/2407 
f 2407/2407/2407 2490/2490/2490 2409/2409/2409 
f 2490/2490/2490 2409/2409/2409 2409/2409/2409 
f 2409/2409/2409 2409/2409/2409 2489/2489/2489 
f 2409/2409/2409 2489/2489/2489 2489/2489/2489 
f 2489/2489/2489 2489/2489/2489 2489/2489/2489 
f 2489/2489/2489 2485/2485/2485 2489/2489/2489 
f 2489/2489/2489 2485/2485/2485 2490/2490/2490 
f 2485/2485/2485 2491/2491/2491 2490/2490/2490 
f 2490/2490/2490 2491/2491/2491 2491/2491/2491 
f 2491/2491/2491 2484/2484/2484 2491/2491/2491 
f 2491/2491/2491 2484/2484/2484 2484/2484/2484 
f 2484/2484/2484 2486/2486/2486 2484/2484/2484 
f 2484/2484/2484 2486/2486/2486 2479/2479/2479 
f 2486/2486/2486 2481/2481/2481 2479/2479/2479 
f 2479/2479/2479 2481/2481/2481 2481/2481/2481 
f 2481/2481/2481 2405/2405/2405 2481/2481/2481 
f 2481/2481/2481 2405/2405/2405 2405/2405/2405 
f 2405/2405/2405 2492/2492/2492 2405/2405/2405 
f 2405/2405/2405 2492/2492/2492 2407/2407/2407 
f 2492/2492/2492 2488/2488/2488 2407/2407/2407 
f 2407/2407/2407 2488/2488/2488 2488/2488/2488 
f 2488/2488/2488 2257/2257/2257 2488/2488/2488 
f 2488/2488/2488 2257/2257/2257 2257/2257/2257 
f 2257/2257/2257 2262/2262/2262 2257/2257/2257 
f 2257/2257/2257 2262/2262/2262 2493/2493/2493 
f 2262/2262/2262 2255/2255/2255 2493/2493/2493 
f 2493/2493/2493 2255/2255/2255 2257/2257/2257 
f 681/681/681 679/679/679 677/677/677 
f 5/5/5 20/20/20 3/3/3 
f 1345/1345/1345 1394/1394/1394 1347/1347/1347 
f 1349/1349/1349 1348/1348/1348 1347/1347/1347 
f 573/573/573 780/780/780 571/571/571 
f 2447/2447/2447 2457/2457/2457 2449/2449/2449 
f 783/783/783 2494/2494/2494 785/785/785 
f 659/659/659 784/784/784 661/661/661 
f 567/567/567 569/569/569 571/571/571 
f 2375/2375/2375 2383/2383/2383 2373/2373/2373 
f 174/174/174 2495/2495/2495 176/176/176 
f 169/169/169 175/175/175 167/167/167 
f 559/559/559 2496/2496/2496 561/561/561 
f 1613/1613/1613 1611/1611/1611 1609/1609/1609 
f 554/554/554 2497/2497/2497 556/556/556 
f 296/296/296 2498/2498/2498 298/298/298 
f 46/46/46 789/789/789 48/48/48 
f 797/797/797 2499/2499/2499 799/799/799 
f 165/165/165 166/166/166 167/167/167 
f 73/73/73 75/75/75 77/77/77 
f 267/267/267 2500/2500/2500 265/265/265 
f 1552/1552/1552 1568/1568/1568 1554/1554/1554 
f 747/747/747 773/773/773 749/749/749 
f 1577/1577/1577 2501/2501/2501 1579/1579/1579 
f 1117/1117/1117 1115/1115/1115 1113/1113/1113 
f 1420/1420/1420 1445/1445/1445 1418/1418/1418 
f 1446/1446/1446 1447/1447/1447 2130/2130/2130 
f 2106/2106/2106 2119/2119/2119 2108/2108/2108 
f 358/358/358 820/820/820 356/356/356 
f 61/61/61 60/60/60 1063/1063/1063 
f 2483/2483/2483 2491/2491/2491 2485/2485/2485 
f 2400/2400/2400 2402/2402/2402 2413/2413/2413 
f 1059/1059/1059 1081/1081/1081 1080/1080/1080 
f 2061/2061/2061 2081/2081/2081 2037/2037/2037 
f 346/346/346 348/348/348 350/350/350 
f 1267/1267/1267 1369/1369/1369 1265/1265/1265 
f 1649/1649/1649 1647/1647/1647 1645/1645/1645 
f 1267/1267/1267 1269/1269/1269 1271/1271/1271 
f 1370/1370/1370 1371/1371/1371 1372/1372/1372 
f 1654/1654/1654 1653/1653/1653 1074/1074/1074 
f 986/986/986 2502/2502/2502 988/988/988 
f 959/959/959 987/987/987 961/961/961 
f 301/301/301 2503/2503/2503 303/303/303 
f 2416/2416/2416 2419/2419/2419 2414/2414/2414 
f 1385/1385/1385 1384/1384/1384 1432/1432/1432 
f 2199/2199/2199 2201/2201/2201 2206/2206/2206 
f 2209/2209/2209 2212/2212/2212 2207/2207/2207 
f 2218/2218/2218 2216/2216/2216 2215/2215/2215 
f 352/352/352 816/816/816 350/350/350 
f 1648/1648/1648 1650/1650/1650 1956/1956/1956 
f 1078/1078/1078 1955/1955/1955 1080/1080/1080 
f 1273/1273/1273 1373/1373/1373 1271/1271/1271 
f 352/352/352 354/354/354 356/356/356 
f 1468/1468/1468 1585/1585/1585 1466/1466/1466 
f 1643/1643/1643 1641/1641/1641 1639/1639/1639 
f 1353/1353/1353 1374/1374/1374 1355/1355/1355 
f 2461/2461/2461 2466/2466/2466 2463/2463/2463 
f 1643/1643/1643 1664/1664/1664 1645/1645/1645 
f 1898/1898/1898 2190/2190/2190 1894/1894/1894 
f 963/963/963 962/962/962 961/961/961 
f 2425/2425/2425 2430/2430/2430 2427/2427/2427 
f 85/85/85 172/172/172 83/83/83 
f 862/862/862 1035/1035/1035 860/860/860 
f 346/346/346 812/812/812 344/344/344 
f 458/458/458 457/457/457 456/456/456 
f 578/578/578 589/589/589 580/580/580 
f 1341/1341/1341 1390/1390/1390 1343/1343/1343 
f 454/454/454 1019/1019/1019 456/456/456 
f 146/146/146 145/145/145 144/144/144 
f 1023/1023/1023 2504/2504/2504 1025/1025/1025 
f 2387/2387/2387 2403/2403/2403 2389/2389/2389 
f 142/142/142 194/194/194 144/144/144 
f 198/198/198 2505/2505/2505 200/200/200 
f 1453/1453/1453 1452/1452/1452 1451/1451/1451 
f 1548/1548/1548 1572/1572/1572 1550/1550/1550 
f 1552/1552/1552 1551/1551/1551 1550/1550/1550 
f 52/52/52 793/793/793 54/54/54 
f 52/52/52 50/50/50 48/48/48 
f 1345/1345/1345 1344/1344/1344 1343/1343/1343 
f 1094/1094/1094 1098/1098/1098 1096/1096/1096 
f 802/802/802 804/804/804 806/806/806 
f 808/808/808 1099/1099/1099 806/806/806 
f 2192/2192/2192 2506/2506/2506 2194/2194/2194 
f 1668/1668/1668 2507/2507/2507 1670/1670/1670 
f 1359/1359/1359 1357/1357/1357 1355/1355/1355 
f 1637/1637/1637 1660/1660/1660 1639/1639/1639 
f 1462/1462/1462 1464/1464/1464 1466/1466/1466 
f 1186/1186/1186 2508/2508/2508 1188/1188/1188 
f 268/268/268 273/273/273 270/270/270 
f 79/79/79 168/168/168 77/77/77 
f 79/79/79 81/81/81 83/83/83 
f 340/340/340 1097/1097/1097 338/338/338 
f 862/862/862 864/864/864 866/866/866 
f 1234/1234/1234 1233/1233/1233 1724/1724/1724 
f 2027/2027/2027 2509/2509/2509 2029/2029/2029 
f 1964/1964/1964 2006/2006/2006 1966/1966/1966 
f 1839/1839/1839 1864/1864/1864 1837/1837/1837 
f 1207/1207/1207 1226/1226/1226 1209/1209/1209 
f 1764/1764/1764 1762/1762/1762 1760/1760/1760 
f 1763/1763/1763 1765/1765/1765 1934/1934/1934 
f 1108/1108/1108 2510/2510/2510 1110/1110/1110 
f 1758/1758/1758 1848/1848/1848 1760/1760/1760 
f 2155/2155/2155 2511/2511/2511 2153/2153/2153 
f 1248/1248/1248 2512/2512/2512 1250/1250/1250 
f 1950/1950/1950 2513/2513/2513 1952/1952/1952 
f 1941/1941/1941 1946/1946/1946 1943/1943/1943 
f 221/221/221 232/232/232 223/223/223 
f 1104/1104/1104 2514/2514/2514 1102/1102/1102 
f 1828/1828/1828 1826/1826/1826 1742/1742/1742 
f 1940/1940/1940 2515/2515/2515 1938/1938/1938 
f 1884/1884/1884 1889/1889/1889 1881/1881/1881 
f 1982/1982/1982 1980/1980/1980 1978/1978/1978 
f 1981/1981/1981 1983/1983/1983 2058/2058/2058 
f 1045/1045/1045 1044/1044/1044 1043/1043/1043 
f 1898/1898/1898 1899/1899/1899 1901/1901/1901 
f 1903/1903/1903 2186/2186/2186 1901/1901/1901 
f 856/856/856 858/858/858 860/860/860 
f 1818/1818/1818 1897/1897/1897 1820/1820/1820 
f 856/856/856 1039/1039/1039 854/854/854 
f 1041/1041/1041 1050/1050/1050 1043/1043/1043 
f 1049/1049/1049 2516/2516/2516 1051/1051/1051 
f 2156/2156/2156 2161/2161/2161 2158/2158/2158 
f 311/311/311 309/309/309 307/307/307 
f 207/207/207 205/205/205 203/203/203 
f 582/582/582 581/581/581 580/580/580 
f 479/479/479 490/490/490 481/481/481 
f 681/681/681 693/693/693 683/683/683 
f 293/293/293 291/291/291 289/289/289 
f 1622/1622/1622 2517/2517/2517 1624/1624/1624 
f 1629/1629/1629 2518/2518/2518 1627/1627/1627 
f 1613/1613/1613 1628/1628/1628 1615/1615/1615 
f 465/465/465 463/463/463 461/461/461 
f 568/568/568 566/566/566 564/564/564 
f 665/665/665 663/663/663 661/661/661 
f 582/582/582 593/593/593 584/584/584 
f 675/675/675 689/689/689 677/677/677 
f 479/479/479 478/478/478 477/477/477 
f 61/61/61 1060/1060/1060 63/63/63 
f 58/58/58 56/56/56 54/54/54 
f 1127/1127/1127 1138/1138/1138 1129/1129/1129 
f 454/454/454 453/453/453 452/452/452 
f 475/475/475 486/486/486 477/477/477 
f 450/450/450 1015/1015/1015 452/452/452 
f 142/142/142 141/141/141 140/140/140 
f 138/138/138 190/190/190 140/140/140 
f 2106/2106/2106 2105/2105/2105 2104/2104/2104 
f 2102/2102/2102 2123/2123/2123 2104/2104/2104 
f 1449/1449/1449 2124/2124/2124 1451/1451/1451 
f 1976/1976/1976 1974/1974/1974 1972/1972/1972 
f 1746/1746/1746 1840/1840/1840 1748/1748/1748 
f 217/217/217 228/228/228 219/219/219 
f 321/321/321 323/323/323 160/160/160 
f 1752/1752/1752 1750/1750/1750 1748/1748/1748 
f 317/317/317 1091/1091/1091 319/319/319 
f 1220/1220/1220 2115/2115/2115 1222/1222/1222 
f 2000/2000/2000 2116/2116/2116 2002/2002/2002 
f 1828/1828/1828 1880/1880/1880 1830/1830/1830 
f 1976/1976/1976 2014/2014/2014 1978/1978/1978 
f 1242/1242/1242 1245/1245/1245 227/227/227 
f 1201/1201/1201 1199/1199/1199 1197/1197/1197 
f 221/221/221 220/220/220 219/219/219 
f 1220/1220/1220 1219/1219/1219 1218/1218/1218 
f 1970/1970/1970 2010/2010/2010 1972/1972/1972 
f 311/311/311 326/326/326 313/313/313 
f 1758/1758/1758 1756/1756/1756 1754/1754/1754 
f 1752/1752/1752 1844/1844/1844 1754/1754/1754 
f 1207/1207/1207 1205/1205/1205 1203/1203/1203 
f 1833/1833/1833 1860/1860/1860 1831/1831/1831 
f 1833/1833/1833 1835/1835/1835 1837/1837/1837 
f 1970/1970/1970 1968/1968/1968 1966/1966/1966 
f 224/224/224 225/225/225 1240/1240/1240 
f 1201/1201/1201 1230/1230/1230 1203/1203/1203 
f 212/212/212 1720/1720/1720 210/210/210 
f 2263/2263/2263 2370/2370/2370 2265/2265/2265 
f 2348/2348/2348 2349/2349/2349 2350/2350/2350 
f 2348/2348/2348 2364/2364/2364 2346/2346/2346 
f 2355/2355/2355 2356/2356/2356 2358/2358/2358 
f 1408/1408/1408 1410/1410/1410 1412/1412/1412 
f 364/364/364 824/824/824 362/362/362 
f 967/967/967 995/995/995 969/969/969 
f 842/842/842 2136/2136/2136 844/844/844 
f 2137/2137/2137 2519/2519/2519 2135/2135/2135 
f 1408/1408/1408 1437/1437/1437 1406/1406/1406 
f 999/999/999 2520/2520/2520 1001/1001/1001 
f 2237/2237/2237 2521/2521/2521 2239/2239/2239 
f 2228/2228/2228 2238/2238/2238 2230/2230/2230 
f 2232/2232/2232 2231/2231/2231 2230/2230/2230 
f 358/358/358 360/360/360 362/362/362 
f 821/821/821 822/822/822 823/823/823 
f 971/971/971 970/970/970 969/969/969 
f 2043/2043/2043 2067/2067/2067 2041/2041/2041 
f 1697/1697/1697 1708/1708/1708 1699/1699/1699 
f 11/11/11 16/16/16 9/9/9 
f 868/868/868 1031/1031/1031 866/866/866 
f 2043/2043/2043 2045/2045/2045 2047/2047/2047 
f 1562/1562/1562 1564/1564/1564 1676/1676/1676 
f 1679/1679/1679 1682/1682/1682 1677/1677/1677 
f 1688/1688/1688 1693/1693/1693 1690/1690/1690 
f 1705/1705/1705 1707/1707/1707 1712/1712/1712 
f 19/19/19 18/18/18 17/17/17 
f 5/5/5 7/7/7 9/9/9 
f 24/24/24 40/40/40 26/26/26 
f 15/15/15 25/25/25 17/17/17 
f 770/770/770 775/775/775 759/759/759 
f 874/874/874 1053/1053/1053 872/872/872 
f 2084/2084/2084 2066/2066/2066 2064/2064/2064 
f 1474/1474/1474 1476/1476/1476 1478/1478/1478 
f 1590/1590/1590 1591/1591/1591 1592/1592/1592 
f 2177/2177/2177 2202/2202/2202 2179/2179/2179 
f 1480/1480/1480 1593/1593/1593 1478/1478/1478 
f 2049/2049/2049 2071/2071/2071 2047/2047/2047 
f 1595/1595/1595 1605/1605/1605 1597/1597/1597 
f 1604/1604/1604 2522/2522/2522 1606/1606/1606 
f 2075/2075/2075 2088/2088/2088 2077/2077/2077 
f 257/257/257 764/764/764 255/255/255 
f 21/21/21 22/22/22 30/30/30 
f 751/751/751 769/769/769 753/753/753 
f 1599/1599/1599 1598/1598/1598 1597/1597/1597 
f 2072/2072/2072 2073/2073/2073 2111/2111/2111 
f 1468/1468/1468 1470/1470/1470 1472/1472/1472 
f 1474/1474/1474 1589/1589/1589 1472/1472/1472 
f 751/751/751 750/750/750 749/749/749 
f 1414/1414/1414 1441/1441/1441 1412/1412/1412 
f 1131/1131/1131 1130/1130/1130 1129/1129/1129 
f 967/967/967 966/966/966 965/965/965 
f 1122/1122/1122 1194/1194/1194 1120/1120/1120 
f 1453/1453/1453 2128/2128/2128 1455/1455/1455 
f 963/963/963 991/991/991 965/965/965 
f 2223/2223/2223 2523/2523/2523 2221/2221/2221 
f 1131/1131/1131 1142/1142/1142 1133/1133/1133 
f 1414/1414/1414 1416/1416/1416 1418/1418/1418 

