mtllib model_1.mtl
o model_1
v -0.012033840641379356 0.06114959344267845 0.004137392155826092 
v -0.07440914213657379 0.061470143496990204 0.004137392155826092 
v -0.02550472319126129 0.055484019219875336 0.004137392155826092 
v -0.07011210173368454 0.054999466985464096 0.004137392155826092 
v -0.031097697094082832 0.049386076629161835 0.004137392155826092 
v -0.05701635777950287 0.04986317828297615 0.004137392155826092 
v -0.03324621915817261 0.044443611055612564 0.0011780346976593137 
v -0.04937717318534851 0.04512944445014 0.0011780346976593137 
v -0.035428840667009354 0.03944896161556244 0.0011780346976593137 
v -0.04606913402676582 0.0397396944463253 0.0011780346976593137 
v -0.03747505322098732 0.03127861022949219 0.0011780346976593137 
v -0.04606913402676582 0.030287135392427444 0.0011780346976593137 
v -0.03795250132679939 0.02003692276775837 0.0011780346976593137 
v -0.044057026505470276 0.019239269196987152 0.0011780346976593137 
v -0.03508780524134636 0.010703638195991516 0.0011780346976593137 
v -0.03825943171977997 0.009779254905879498 0.0011780346976593137 
v -0.03171155974268913 0.005716443993151188 0.0011780346976593137 
v -0.03386007994413376 0.005090248771011829 0.0011780346976593137 
v -0.026493724435567856 0.0009528904920443892 0.0011780346976593137 
v -0.027619140222668648 0.0006248836871236563 0.0011780346976593137 
v -0.030279213562607765 0.00611899746581912 -0.00021615151490550488 
v -0.03368956223130226 0.011106192134320736 -0.00021615151490550488 
v -0.5250186920166016 0.17465485632419586 -0.0004055504105053842 
v -0.5088536143302917 0.17465485632419586 -0.0004055504105053842 
v -0.5250186920166016 0.17602652311325073 -0.0021916870027780533 
v -0.5088536143302917 0.17602652311325073 -0.0021916870027780533 
v -0.5250186920166016 0.1768912672996521 -0.004272444173693657 
v -0.5088536143302917 0.1768912672996521 -0.004272444173693657 
v -0.5250186920166016 0.17718200385570526 -0.0065057724714279175 
v -0.5088536143302917 0.17718200385570526 -0.0065057724714279175 
v -0.5250186920166016 0.1768912672996521 -0.008739100769162178 
v -0.5088536143302917 0.1768912672996521 -0.008739100769162178 
v -0.5250186920166016 0.17602652311325073 -0.010819857940077782 
v -0.5088536143302917 0.17602652311325073 -0.010819857940077782 
v -0.5250186920166016 0.17465485632419586 -0.012605994939804077 
v -0.5088536143302917 0.17465485632419586 -0.012605994939804077 
v -0.5261099934577942 0.1760787069797516 -0.0065057724714279175 
v -0.5261099934577942 0.17582523822784424 -0.004556542728096247 
v -0.10145321488380432 0.08272349834442139 0.032323628664016724 
v -0.10131680220365524 0.08264148980379105 0.03311542049050331 
v -0.09971393644809723 0.08445298671722412 0.032323628664016724 
v -0.09964573383331299 0.084311343729496 0.03311542049050331 
v -0.09736079722642899 0.0850866362452507 0.032323628664016724 
v -0.09736079722642899 0.08492263406515121 0.03311542049050331 
v -0.09497355669736862 0.08445298671722412 0.032323628664016724 
v -0.09507586061954498 0.084311343729496 0.03311542049050331 
v -0.10090756416320801 0.08240294456481934 0.033851973712444305 
v -0.09940700978040695 0.08390133827924728 0.033851973712444305 
v -0.09736079722642899 0.08445298671722412 0.033851973712444305 
v -0.09531458467245102 0.08390133827924728 0.033851973712444305 
v -0.4816049337387085 0.21406786143779755 -0.029451973736286163 
v -0.4816049337387085 0.21406786143779755 0.018710583448410034 
v -0.48027488589286804 0.21275582909584045 -0.029451973736286163 
v -0.48027488589286804 0.21275582909584045 0.018710583448410034 
v -0.47979745268821716 0.21096670627593994 -0.029451973736286163 
v -0.47979745268821716 0.21096670627593994 0.018710583448410034 
v -0.48027488589286804 0.20917756855487823 -0.029451973736286163 
v -0.48027488589286804 0.20917756855487823 0.018710583448410034 
v -0.02178744226694107 0.08602592349052429 0.034906819462776184 
v -0.022196684032678604 0.08534754812717438 0.033683616667985916 
v -0.018411194905638695 0.08511645346879959 0.034906819462776184 
v -0.018411194905638695 0.08433371037244797 0.033683616667985916 
v -0.015000845305621624 0.08602592349052429 0.034906819462776184 
v -0.01462570670992136 0.08534754812717438 0.033683616667985916 
v -0.012511289678514004 0.08850834518671036 0.034906819462776184 
v -0.01182921975851059 0.08812069892883301 0.033683616667985916 
v -0.022298995405435562 0.08511645346879959 0.03237360715866089 
v -0.018411194905638695 0.08406534045934677 0.03237360715866089 
v -0.014489293098449707 0.08511645346879959 0.03237360715866089 
v -0.011624598875641823 0.08798651397228241 0.03237360715866089 
v -0.48027488589286804 0.20917756855487823 -0.029451973736286163 
v -0.48027488589286804 0.20917756855487823 0.018710583448410034 
v -0.4816049337387085 0.20786555111408234 -0.029451973736286163 
v -0.4816049337387085 0.20786555111408234 0.018710583448410034 
v -0.4833783209323883 0.2073809951543808 -0.029451973736286163 
v -0.4833783209323883 0.2073809951543808 0.018710583448410034 
v -0.1343630999326706 0.0990343764424324 0.034854207187891006 
v -0.13398796319961548 0.09966802597045898 0.033709924668073654 
v -0.1375347226858139 0.09988421201705933 0.034854207187891006 
v -0.1375347226858139 0.10062222927808762 0.033709924668073654 
v -0.14070634543895721 0.0990343764424324 0.034854207187891006 
v -0.1410473883152008 0.09966802597045898 0.033709924668073654 
v -0.14302538335323334 0.09671596437692642 0.034854207187891006 
v -0.14363925158977509 0.0970812439918518 0.033709924668073654 
v -0.1338515430688858 0.09988421201705933 0.03248146176338196 
v -0.1375347226858139 0.10086823254823685 0.03248146176338196 
v -0.1411837935447693 0.09988421201705933 0.03248146176338196 
v -0.14387796819210052 0.09720797836780548 0.03248146176338196 
v -0.4833783209323883 0.2073809951543808 -0.029451973736286163 
v -0.4833783209323883 0.2073809951543808 0.018710583448410034 
v -0.48518580198287964 0.20786555111408234 -0.029451973736286163 
v -0.48518580198287964 0.20786555111408234 0.018710583448410034 
v -0.48518580198287964 0.20786555111408234 -0.029451973736286163 
v -0.48518580198287964 0.20786555111408234 0.018710583448410034 
v -0.4864817261695862 0.20917756855487823 -0.029451973736286163 
v -0.4864817261695862 0.20917756855487823 0.018710583448410034 
v -0.48695918917655945 0.21096670627593994 -0.029451973736286163 
v -0.48695918917655945 0.21096670627593994 0.018710583448410034 
v -0.4864817261695862 0.21275582909584045 -0.029451973736286163 
v -0.4864817261695862 0.21275582909584045 0.018710583448410034 
v -0.1338515430688858 0.09988421201705933 0.03248146176338196 
v -0.13398796319961548 0.09966802597045898 0.033709924668073654 
v -0.13119147717952728 0.09720797836780548 0.03248146176338196 
v -0.13139608502388 0.0970812439918518 0.033709924668073654 
v -0.13020247220993042 0.0935402661561966 0.03248146176338196 
v -0.13044118881225586 0.0935402661561966 0.033709924668073654 
v -0.13119147717952728 0.08988000452518463 0.03248146176338196 
v -0.13139608502388 0.08999928086996078 0.033709924668073654 
v -0.1343630999326706 0.0990343764424324 0.034854207187891006 
v -0.13200995326042175 0.09671596437692642 0.034854207187891006 
v -0.13119147717952728 0.0935402661561966 0.034854207187891006 
v -0.13200995326042175 0.09036456048488617 0.034854207187891006 
v -0.1881784200668335 0.0885903462767601 0.03162653371691704 
v -0.18845124542713165 0.08875434845685959 0.033225905150175095 
v -0.1916910856962204 0.08509408682584763 0.03162653371691704 
v -0.19182749092578888 0.08536991477012634 0.033225905150175095 
v -0.19646556675434113 0.08381187915802002 0.03162653371691704 
v -0.19646556675434113 0.08413243293762207 0.033225905150175095 
v -0.20124006271362305 0.08509408682584763 0.03162653371691704 
v -0.20106954872608185 0.08536991477012634 0.033225905150175095 
v -0.18926973640918732 0.0892314463853836 0.03471741825342178 
v -0.19230493903160095 0.0861973837018013 0.03471741825342178 
v -0.19646556675434113 0.08509408682584763 0.03471741825342178 
v -0.20059208571910858 0.0861973837018013 0.03471741825342178 
v -0.07011210173368454 0.09784907847642899 -0.04222061485052109 
v -0.06956644356250763 0.09834109246730804 -0.04107895866036415 
v -0.06857744604349136 0.09494175016880035 -0.04222061485052109 
v -0.06786127388477325 0.09509829431772232 -0.04107895866036415 
v -0.06871385872364044 0.0916542261838913 -0.04222061485052109 
v -0.06799768656492233 0.09143804013729095 -0.04107895866036415 
v -0.07045313715934753 0.08888107538223267 -0.04222061485052109 
v -0.06994158029556274 0.08834433555603027 -0.04107895866036415 
v -0.06939592957496643 0.09851255267858505 -0.03985049948096275 
v -0.06762254238128662 0.0951579362154007 -0.03985049948096275 
v -0.0677589625120163 0.09136348962783813 -0.03985049948096275 
v -0.06980516761541367 0.08815797418355942 -0.03985049948096275 
v -0.030279213562607765 0.00611899746581912 -0.00021615151490550488 
v -0.030279213562607765 0.00611899746581912 -0.008036746643483639 
v -0.03368956223130226 0.011106192134320736 -0.00021615151490550488 
v -0.03368956223130226 0.011106192134320736 -0.008036746643483639 
v -0.036486051976680756 0.020230744034051895 -0.00021615151490550488 
v -0.036486051976680756 0.020230744034051895 -0.008036746643483639 
v -0.036008600145578384 0.0314500667154789 -0.00021615151490550488 
v -0.036008600145578384 0.0314500667154789 -0.008036746643483639 
v -0.033996496349573135 0.03941168636083603 -0.00021615151490550488 
v -0.033996496349573135 0.03941168636083603 -0.008036746643483639 
v -0.03184797614812851 0.04438397288322449 -0.00021615151490550488 
v -0.03184797614812851 0.04438397288322449 -0.008036746643483639 
v -0.029699454084038734 0.04936371371150017 0.002743205986917019 
v -0.029699454084038734 0.04936371371150017 -0.010996104218065739 
v -0.035428840667009354 0.03944896161556244 0.0011780346976593137 
v -0.03747505322098732 0.03127861022949219 0.0011780346976593137 
v -0.03795250132679939 0.02003692276775837 0.0011780346976593137 
v -0.03508780524134636 0.010703638195991516 0.0011780346976593137 
v -0.5250186920166016 0.16245150566101074 -0.0004055504105053842 
v -0.5088536143302917 0.16245150566101074 -0.0004055504105053842 
v -0.5250186920166016 0.16424064338207245 0.0009649609564803541 
v -0.5088536143302917 0.16424064338207245 0.0009649609564803541 
v -0.5250186920166016 0.16632050275802612 0.001827778061851859 
v -0.5088536143302917 0.16632050275802612 0.001827778061851859 
v -0.5250186920166016 0.16855691373348236 0.002122398465871811 
v -0.5088536143302917 0.16855691373348236 0.002122398465871811 
v -0.5250186920166016 0.17078585922718048 0.001827778061851859 
v -0.5088536143302917 0.17078585922718048 0.001827778061851859 
v -0.5250186920166016 0.17286573350429535 0.0009649609564803541 
v -0.5088536143302917 0.17286573350429535 0.0009649609564803541 
v -0.5250186920166016 0.17465485632419586 -0.0004055504105053842 
v -0.5088536143302917 0.17465485632419586 -0.0004055504105053842 
v -0.47979745268821716 0.21096670627593994 0.018710583448410034 
v -0.48027488589286804 0.21275582909584045 0.018710583448410034 
v -0.48027488589286804 0.20917756855487823 0.018710583448410034 
v -0.4816049337387085 0.20786555111408234 0.018710583448410034 
v -0.4833783209323883 0.2073809951543808 0.018710583448410034 
v -0.48518580198287964 0.20786555111408234 0.018710583448410034 
v -0.4864817261695862 0.20917756855487823 0.018710583448410034 
v -0.48695918917655945 0.21096670627593994 0.018710583448410034 
v -0.4864817261695862 0.21275582909584045 0.018710583448410034 
v -0.48518580198287964 0.21406786143779755 0.018710583448410034 
v -0.4833783209323883 0.21454495191574097 0.018710583448410034 
v -0.4816049337387085 0.21406786143779755 0.018710583448410034 
v -0.13119147717952728 0.08988000452518463 0.03248146176338196 
v -0.13139608502388 0.08999928086996078 0.033709924668073654 
v -0.1338515430688858 0.08719631284475327 0.03248146176338196 
v -0.13398796319961548 0.08741249889135361 0.033709924668073654 
v -0.1375347226858139 0.08621229231357574 0.03248146176338196 
v -0.1375347226858139 0.0864657536149025 0.033709924668073654 
v -0.1411837935447693 0.08719631284475327 0.03248146176338196 
v -0.1410473883152008 0.08741249889135361 0.033709924668073654 
v -0.13200995326042175 0.09036456048488617 0.034854207187891006 
v -0.1343630999326706 0.08804614841938019 0.034854207187891006 
v -0.1375347226858139 0.08719631284475327 0.034854207187891006 
v -0.14070634543895721 0.08804614841938019 0.034854207187891006 
v -0.1916910856962204 0.10164352506399155 0.03162653371691704 
v -0.19182749092578888 0.1013602465391159 0.033225905150175095 
v -0.1881784200668335 0.09814726561307907 0.03162653371691704 
v -0.18845124542713165 0.09798326343297958 0.033225905150175095 
v -0.18688248097896576 0.09336880594491959 0.03162653371691704 
v -0.18722352385520935 0.09336880594491959 0.033225905150175095 
v -0.1881784200668335 0.0885903462767601 0.03162653371691704 
v -0.18845124542713165 0.08875434845685959 0.033225905150175095 
v -0.19230493903160095 0.10053277015686035 0.03471741825342178 
v -0.18926973640918732 0.09750616550445557 0.03471741825342178 
v -0.1881784200668335 0.09336880594491959 0.03471741825342178 
v -0.18926973640918732 0.0892314463853836 0.03471741825342178 
v -0.4833783209323883 0.21454495191574097 -0.029451973736286163 
v -0.4816049337387085 0.21406786143779755 -0.029451973736286163 
v -0.48518580198287964 0.21406786143779755 -0.029451973736286163 
v -0.48027488589286804 0.21275582909584045 -0.029451973736286163 
v -0.47979745268821716 0.21096670627593994 -0.029451973736286163 
v -0.48027488589286804 0.20917756855487823 -0.029451973736286163 
v -0.4816049337387085 0.20786555111408234 -0.029451973736286163 
v -0.4833783209323883 0.2073809951543808 -0.029451973736286163 
v -0.48518580198287964 0.20786555111408234 -0.029451973736286163 
v -0.4864817261695862 0.20917756855487823 -0.029451973736286163 
v -0.48695918917655945 0.21096670627593994 -0.029451973736286163 
v -0.19230493903160095 0.10053277015686035 0.03471741825342178 
v -0.19182749092578888 0.1013602465391159 0.033225905150175095 
v -0.19646556675434113 0.10164352506399155 0.03471741825342178 
v -0.19646556675434113 0.10259772837162018 0.033225905150175095 
v -0.20059208571910858 0.10053277015686035 0.03471741825342178 
v -0.20106954872608185 0.1013602465391159 0.033225905150175095 
v -0.2036273032426834 0.09750616550445557 0.03471741825342178 
v -0.20444579422473907 0.09798326343297958 0.033225905150175095 
v -0.1916910856962204 0.10164352506399155 0.03162653371691704 
v -0.19646556675434113 0.10292573273181915 0.03162653371691704 
v -0.20124006271362305 0.10164352506399155 0.03162653371691704 
v -0.20471861958503723 0.09814726561307907 0.03162653371691704 
v -0.5250186920166016 0.15992437303066254 -0.0065057724714279175 
v -0.5088536143302917 0.15992437303066254 -0.0065057724714279175 
v -0.5250186920166016 0.16022256016731262 -0.004272444173693657 
v -0.5088536143302917 0.16022256016731262 -0.004272444173693657 
v -0.5250186920166016 0.16107985377311707 -0.0021916870027780533 
v -0.5088536143302917 0.16107985377311707 -0.0021916870027780533 
v -0.5250186920166016 0.16245150566101074 -0.0004055504105053842 
v -0.5088536143302917 0.16245150566101074 -0.0004055504105053842 
v -0.07440914213657379 0.061470143496990204 0.004137392155826092 
v -0.07440914213657379 0.061470143496990204 -0.012442901730537415 
v -0.07011210173368454 0.054999466985464096 0.004137392155826092 
v -0.07011210173368454 0.054999466985464096 -0.012442901730537415 
v -0.02506137825548649 0.0013554443139582872 -0.00021615151490550488 
v -0.026493724435567856 0.0009528904920443892 0.0011780346976593137 
v -0.02506137825548649 0.0013554443139582872 -0.008036746643483639 
v -0.026527827605605125 0.0009379811235703528 -0.009483544155955315 
v -0.027619140222668648 0.0006248836871236563 -0.009483544155955315 
v -0.027619140222668648 0.0006248836871236563 0.0011780346976593137 
v -0.03386007994413376 0.005090248771011829 -0.009483544155955315 
v -0.03386007994413376 0.005090248771011829 0.0011780346976593137 
v -0.1411837935447693 0.08719631284475327 0.03248146176338196 
v -0.1410473883152008 0.08741249889135361 0.033709924668073654 
v -0.14387796819210052 0.08988000452518463 0.03248146176338196 
v -0.14363925158977509 0.08999928086996078 0.033709924668073654 
v -0.14483286440372467 0.0935402661561966 0.03248146176338196 
v -0.14459414780139923 0.0935402661561966 0.033709924668073654 
v -0.14070634543895721 0.08804614841938019 0.034854207187891006 
v -0.14302538335323334 0.09036456048488617 0.034854207187891006 
v -0.14387796819210052 0.0935402661561966 0.034854207187891006 
v -0.20601454377174377 0.09336880594491959 0.03162653371691704 
v -0.20567351579666138 0.09336880594491959 0.033225905150175095 
v -0.20471861958503723 0.09814726561307907 0.03162653371691704 
v -0.20444579422473907 0.09798326343297958 0.033225905150175095 
v -0.20471861958503723 0.09336880594491959 0.03471741825342178 
v -0.2036273032426834 0.09750616550445557 0.03471741825342178 
v -0.5250186920166016 0.16245150566101074 -0.012605994939804077 
v -0.5088536143302917 0.16245150566101074 -0.012605994939804077 
v -0.5250186920166016 0.16107985377311707 -0.010819857940077782 
v -0.5088536143302917 0.16107985377311707 -0.010819857940077782 
v -0.5250186920166016 0.16022256016731262 -0.008739100769162178 
v -0.5088536143302917 0.16022256016731262 -0.008739100769162178 
v -0.5250186920166016 0.15992437303066254 -0.0065057724714279175 
v -0.5088536143302917 0.15992437303066254 -0.0065057724714279175 
v -0.07972928881645203 0.09892255812883377 -0.03985049948096275 
v -0.07955876737833023 0.09873618930578232 -0.04107895866036415 
v -0.08174139261245728 0.09571703523397446 -0.03985049948096275 
v -0.08153677731752396 0.09564249217510223 -0.04107895866036415 
v -0.08191191405057907 0.09192259609699249 -0.03985049948096275 
v -0.08167318999767303 0.09198223054409027 -0.04107895866036415 
v -0.07908131927251816 0.09819944947957993 -0.04222061485052109 
v -0.08082059770822525 0.09542630612850189 -0.04222061485052109 
v -0.08095701783895493 0.09213878214359283 -0.04222061485052109 
v -0.14483286440372467 0.0935402661561966 0.03248146176338196 
v -0.14459414780139923 0.0935402661561966 0.033709924668073654 
v -0.14387796819210052 0.09720797836780548 0.03248146176338196 
v -0.14363925158977509 0.0970812439918518 0.033709924668073654 
v -0.14387796819210052 0.0935402661561966 0.034854207187891006 
v -0.14302538335323334 0.09671596437692642 0.034854207187891006 
v -0.1393081098794937 0.07424004375934601 -0.03899294137954712 
v -0.13906937837600708 0.07445622980594635 -0.04059493914246559 
v -0.13511337339878082 0.07159362733364105 -0.03899294137954712 
v -0.13501106202602386 0.07190672308206558 -0.04059493914246559 
v -0.1301683634519577 0.07139980792999268 -0.03899294137954712 
v -0.13023656606674194 0.07172035425901413 -0.04059493914246559 
v -0.1258031129837036 0.07370331138372421 -0.03899294137954712 
v -0.12600773572921753 0.07394185662269592 -0.04059493914246559 
v -0.13835319876670837 0.07510478794574738 -0.042083825916051865 
v -0.1347382366657257 0.07281620055437088 -0.042083825916051865 
v -0.13047529757022858 0.07265219837427139 -0.042083825916051865 
v -0.1266556978225708 0.0746425986289978 -0.042083825916051865 
v -0.20471861958503723 0.09336880594491959 0.03471741825342178 
v -0.20567351579666138 0.09336880594491959 0.033225905150175095 
v -0.2036273032426834 0.0892314463853836 0.03471741825342178 
v -0.20444579422473907 0.08875434845685959 0.033225905150175095 
v -0.20059208571910858 0.0861973837018013 0.03471741825342178 
v -0.20106954872608185 0.08536991477012634 0.033225905150175095 
v -0.20601454377174377 0.09336880594491959 0.03162653371691704 
v -0.20471861958503723 0.0885903462767601 0.03162653371691704 
v -0.20124006271362305 0.08509408682584763 0.03162653371691704 
v -0.0071911439299583435 0.09655942022800446 -0.04143408313393593 
v -0.00708883348852396 0.09642523527145386 -0.04228900745511055 
v -0.008794008754193783 0.09447210282087326 -0.04143408313393593 
v -0.008657594211399555 0.09440501034259796 -0.04228900745511055 
v -0.009169147349894047 0.0918555036187172 -0.04143408313393593 
v -0.00899862963706255 0.09187786281108856 -0.04228900745511055 
v -0.008146042004227638 0.08941035717725754 -0.04143408313393593 
v -0.008009628392755985 0.08951472491025925 -0.04228900745511055 
v -0.00678190216422081 0.09601522237062454 -0.04308343306183815 
v -0.008180145174264908 0.09420373290777206 -0.04308343306183815 
v -0.008487077429890633 0.09193750470876694 -0.04308343306183815 
v -0.007600386161357164 0.08982037007808685 -0.04308343306183815 
v -0.07908131927251816 0.09819944947957993 -0.04222061485052109 
v -0.07955876737833023 0.09873618930578232 -0.04107895866036415 
v -0.07614842057228088 0.09972766786813736 -0.04222061485052109 
v -0.07631894201040268 0.10044331848621368 -0.04107895866036415 
v -0.07287448644638062 0.09960093349218369 -0.04222061485052109 
v -0.0726698637008667 0.10030167549848557 -0.04107895866036415 
v -0.07011210173368454 0.09784907847642899 -0.04222061485052109 
v -0.06956644356250763 0.09834109246730804 -0.04107895866036415 
v -0.07972928881645203 0.09892255812883377 -0.03985049948096275 
v -0.07638714462518692 0.10068932175636292 -0.03985049948096275 
v -0.07260165363550186 0.10054022818803787 -0.03985049948096275 
v -0.06939592957496643 0.09851255267858505 -0.03985049948096275 
v -0.14159303903579712 0.0786159560084343 -0.03899294137954712 
v -0.14128610491752625 0.07869049906730652 -0.04059493914246559 
v -0.1393081098794937 0.07424004375934601 -0.03899294137954712 
v -0.13906937837600708 0.07445622980594635 -0.04059493914246559 
v -0.14036531746387482 0.07889923453330994 -0.042083825916051865 
v -0.13835319876670837 0.07510478794574738 -0.042083825916051865 
v -0.03184797614812851 0.04438397288322449 -0.00021615151490550488 
v -0.029699454084038734 0.04936371371150017 0.002743205986917019 
v -0.03324621915817261 0.044443611055612564 0.0011780346976593137 
v -0.031097697094082832 0.049386076629161835 0.004137392155826092 
v -0.5088536143302917 0.16855691373348236 -0.015133943408727646 
v -0.5088536143302917 0.17078585922718048 -0.014839323237538338 
v -0.5088536143302917 0.16632050275802612 -0.014839323237538338 
v -0.5088536143302917 0.17286573350429535 -0.01397650595754385 
v -0.5088536143302917 0.17465485632419586 -0.012605994939804077 
v -0.5088536143302917 0.17602652311325073 -0.010819857940077782 
v -0.5088536143302917 0.1768912672996521 -0.008739100769162178 
v -0.5088536143302917 0.17718200385570526 -0.0065057724714279175 
v -0.5088536143302917 0.1768912672996521 -0.004272444173693657 
v -0.5088536143302917 0.17602652311325073 -0.0021916870027780533 
v -0.5088536143302917 0.17465485632419586 -0.0004055504105053842 
v -0.5088536143302917 0.17286573350429535 0.0009649609564803541 
v -0.5088536143302917 0.17078585922718048 0.001827778061851859 
v -0.5088536143302917 0.16855691373348236 0.002122398465871811 
v -0.5088536143302917 0.16632050275802612 0.001827778061851859 
v -0.5088536143302917 0.16424064338207245 0.0009649609564803541 
v -0.5088536143302917 0.16245150566101074 -0.0004055504105053842 
v -0.5088536143302917 0.16107985377311707 -0.0021916870027780533 
v -0.5088536143302917 0.16022256016731262 -0.004272444173693657 
v -0.5088536143302917 0.15992437303066254 -0.0065057724714279175 
v -0.5088536143302917 0.16022256016731262 -0.008739100769162178 
v -0.5088536143302917 0.16107985377311707 -0.010819857940077782 
v -0.5088536143302917 0.16245150566101074 -0.012605994939804077 
v 0.5900634527206421 0.1516272872686386 -0.011445926502346992 
v 0.5900634527206421 0.12587130069732666 -0.011445926502346992 
v 0.586482584476471 0.1516272872686386 -0.015005047433078289 
v 0.586482584476471 0.12587130069732666 -0.015005047433078289 
v 0.5816398859024048 0.1516272872686386 -0.016309795901179314 
v 0.5816398859024048 0.12587130069732666 -0.016309795901179314 
v 0.5767630934715271 0.1516272872686386 -0.015005047433078289 
v 0.5767630934715271 0.12587130069732666 -0.015005047433078289 
v 0.5900634527206421 0.12587130069732666 -0.011445926502346992 
v 0.5900634527206421 0.1516272872686386 -0.011445926502346992 
v 0.5913593769073486 0.12587130069732666 -0.006584689021110535 
v 0.5913593769073486 0.1516272872686386 -0.006584689021110535 
v 0.5900634527206421 0.12587130069732666 -0.0017208204371854663 
v 0.5900634527206421 0.1516272872686386 -0.0017208204371854663 
v 0.586482584476471 0.12587130069732666 0.0018383002607151866 
v 0.586482584476471 0.1516272872686386 0.0018383002607151866 
v 0.586482584476471 0.12587130069732666 0.0018383002607151866 
v 0.586482584476471 0.1516272872686386 0.0018383002607151866 
v 0.5816398859024048 0.12587130069732666 0.0031404176261276007 
v 0.5816398859024048 0.1516272872686386 0.0031404176261276007 
v 0.5767630934715271 0.12587130069732666 0.0018383002607151866 
v 0.5767630934715271 0.1516272872686386 0.0018383002607151866 
v 0.5767630934715271 0.12587130069732666 0.0018383002607151866 
v 0.5767630934715271 0.1516272872686386 0.0018383002607151866 
v 0.5732163190841675 0.12587130069732666 -0.0017208204371854663 
v 0.5732163190841675 0.1516272872686386 -0.0017208204371854663 
v 0.5719203948974609 0.12587130069732666 -0.006584689021110535 
v 0.5719203948974609 0.1516272872686386 -0.006584689021110535 
v 0.5732163190841675 0.12587130069732666 -0.011445926502346992 
v 0.5732163190841675 0.1516272872686386 -0.011445926502346992 
v 0.5767630934715271 0.12587130069732666 -0.015005047433078289 
v 0.5767630934715271 0.1516272872686386 -0.015005047433078289 
v -0.07440914213657379 0.061470143496990204 -0.012442901730537415 
v -0.07440914213657379 0.061470143496990204 0.004137392155826092 
v -0.0120679447427392 0.06114959344267845 -0.012442901730537415 
v -0.010635597631335258 0.06114213913679123 -0.010996104218065739 
v -0.010635597631335258 0.06114213913679123 0.002743205986917019 
v -0.012033840641379356 0.06114959344267845 0.004137392155826092 
v -0.03386007994413376 0.005090248771011829 -0.009483544155955315 
v -0.03386007994413376 0.005090248771011829 0.0011780346976593137 
v -0.03825943171977997 0.009779254905879498 -0.009483544155955315 
v -0.03825943171977997 0.009779254905879498 0.0011780346976593137 
v -0.044057026505470276 0.019239269196987152 -0.009483544155955315 
v -0.044057026505470276 0.019239269196987152 0.0011780346976593137 
v -0.04606913402676582 0.030287135392427444 -0.009483544155955315 
v -0.04606913402676582 0.030287135392427444 0.0011780346976593137 
v -0.04606913402676582 0.0397396944463253 -0.009483544155955315 
v -0.04606913402676582 0.0397396944463253 0.0011780346976593137 
v -0.04937717318534851 0.04512944445014 -0.009483544155955315 
v -0.04937717318534851 0.04512944445014 0.0011780346976593137 
v -0.07942235469818115 0.0892314463853836 -0.04222061485052109 
v -0.07996801286935806 0.08873943984508514 -0.04107895866036415 
v -0.08095701783895493 0.09213878214359283 -0.04222061485052109 
v -0.08167318999767303 0.09198223054409027 -0.04107895866036415 
v -0.08013852685689926 0.08856797963380814 -0.03985049948096275 
v -0.08191191405057907 0.09192259609699249 -0.03985049948096275 
v -0.00678190216422081 0.09601522237062454 -0.04308343306183815 
v -0.00708883348852396 0.09642523527145386 -0.04228900745511055 
v -0.004667485132813454 0.09688742458820343 -0.04308343306183815 
v -0.00473569193854928 0.09738688915967941 -0.04228900745511055 
v -0.0023825503885746002 0.09658177942037582 -0.04308343306183815 
v -0.0021779295057058334 0.09705142676830292 -0.04228900745511055 
v -0.0005750649725086987 0.09518029540777206 -0.04308343306183815 
v -0.00016582300304435194 0.09548594057559967 -0.04228900745511055 
v -0.0071911439299583435 0.09655942022800446 -0.04143408313393593 
v -0.00473569193854928 0.09756579995155334 -0.04143408313393593 
v -0.0021097224671393633 0.09720797836780548 -0.04143408313393593 
v -0.00002940900048997719 0.0955977588891983 -0.04143408313393593 
v 0.15827903151512146 -0.026435676962137222 -0.008946914225816727 
v 0.15691490471363068 -0.027173692360520363 -0.009686095640063286 
v 0.15827903151512146 -0.025474021211266518 -0.009686095640063286 
v 0.15691490471363068 -0.025995850563049316 -0.010591001249849796 
v 0.15827903151512146 -0.024348361417651176 -0.010151701048016548 
v 0.15691490471363068 -0.024616731330752373 -0.011159198358654976 
v 0.15827903151512146 -0.023148154839873314 -0.010309533216059208 
v 0.15691490471363068 -0.023148154839873314 -0.011353857815265656 
v 0.15827903151512146 -0.02194049395620823 -0.010151701048016548 
v 0.15691490471363068 -0.021672124043107033 -0.011159198358654976 
v 0.15827903151512146 -0.02082228846848011 -0.009686095640063286 
v 0.15691490471363068 -0.02030045911669731 -0.010591001249849796 
v 0.15827903151512146 -0.019860632717609406 -0.008946914225816727 
v 0.15691490471363068 -0.019115161150693893 -0.009686095640063286 
v 0.15534614026546478 -0.027635883539915085 -0.010151701048016548 
v 0.15534614026546478 -0.02632385678589344 -0.011159198358654976 
v 0.15534614026546478 -0.024788187816739082 -0.011795789003372192 
v 0.15534614026546478 -0.023148154839873314 -0.012011492624878883 
v 0.15534614026546478 -0.021500665694475174 -0.011795789003372192 
v 0.15534614026546478 -0.019972452893853188 -0.011159198358654976 
v 0.15534614026546478 -0.01865296997129917 -0.010151701048016548 
v 0.1536409556865692 -0.02779988758265972 -0.010309533216059208 
v 0.1536409556865692 -0.026435676962137222 -0.011353857815265656 
v 0.1536409556865692 -0.02484782598912716 -0.012011492624878883 
v 0.1536409556865692 -0.023148154839873314 -0.01223508920520544 
v 0.1536409556865692 -0.021441027522087097 -0.012011492624878883 
v 0.1536409556865692 -0.019860632717609406 -0.011353857815265656 
v 0.1536409556865692 -0.018496422097086906 -0.010309533216059208 
v 0.13921518623828888 -0.026435676962137222 -0.011353857815265656 
v 0.13921518623828888 -0.02484782598912716 -0.012011492624878883 
v 0.13921518623828888 -0.023148154839873314 -0.01223508920520544 
v 0.13921518623828888 -0.021441027522087097 -0.012011492624878883 
v 0.13921518623828888 -0.019860632717609406 -0.011353857815265656 
v 0.13921518623828888 -0.018496422097086906 -0.010309533216059208 
v -0.029699454084038734 0.04936371371150017 0.002743205986917019 
v -0.029699454084038734 0.04936371371150017 -0.010996104218065739 
v -0.024072377011179924 0.05549893155694008 0.002743205986917019 
v -0.024072377011179924 0.05549893155694008 -0.010996104218065739 
v -0.010635597631335258 0.06114213913679123 0.002743205986917019 
v -0.010635597631335258 0.06114213913679123 -0.010996104218065739 
v -0.02557293139398098 0.055484019219875336 -0.012442901730537415 
v -0.0120679447427392 0.06114959344267845 -0.012442901730537415 
v -0.03116590529680252 0.049386076629161835 -0.012442901730537415 
v -0.03184797614812851 0.04438397288322449 -0.008036746643483639 
v -0.03331442549824715 0.044451065361499786 -0.009483544155955315 
v -0.13790985941886902 0.08680121600627899 -0.042083825916051865 
v -0.1385578215122223 0.08750195801258087 -0.04059493914246559 
v -0.13412436842918396 0.088791623711586 -0.042083825916051865 
v -0.13432899117469788 0.08972346037626266 -0.04059493914246559 
v -0.1298273354768753 0.08862761408090591 -0.042083825916051865 
v -0.12955449521541595 0.08953709155321121 -0.04059493914246559 
v -0.12621235847473145 0.08633902668952942 -0.042083825916051865 
v -0.12549617886543274 0.08698758482933044 -0.04059493914246559 
v -0.1387624442577362 0.08774051070213318 -0.03899294137954712 
v -0.13439719378948212 0.09004400670528412 -0.03899294137954712 
v -0.1294521987438202 0.08985018730163574 -0.03899294137954712 
v -0.1252574622631073 0.08720377087593079 -0.03899294137954712 
v -0.1408768594264984 0.07768411934375763 -0.0392165370285511 
v -0.1329648494720459 0.08200038969516754 -0.0392165370285511 
v -0.1408768594264984 0.07768411934375763 -0.04437502473592758 
v -0.1329648494720459 0.08200038969516754 -0.04437502473592758 
v -0.13866013288497925 0.07804939895868301 -0.04709237441420555 
v -0.13265791535377502 0.0814785584807396 -0.048386599868535995 
v -0.12501873075962067 0.08631666004657745 -0.0392165370285511 
v -0.12501873075962067 0.08631666004657745 -0.04437502473592758 
v -0.12655340135097504 0.08466171473264694 -0.04709237441420555 
v 0.15827903151512146 -0.026435676962137222 -0.0023705638013780117 
v 0.15691490471363068 -0.027173692360520363 -0.001631382037885487 
v 0.15827903151512146 -0.027173692360520363 -0.0033333413302898407 
v 0.15691490471363068 -0.02807571180164814 -0.00280986400321126 
v 0.15827903151512146 -0.027635883539915085 -0.004453951492905617 
v 0.15691490471363068 -0.028649723157286644 -0.004183006007224321 
v 0.15827903151512146 -0.02779988758265972 -0.0056587387807667255 
v 0.15691490471363068 -0.02884354628622532 -0.0056587387807667255 
v 0.15827903151512146 -0.027635883539915085 -0.006860895548015833 
v 0.15691490471363068 -0.028649723157286644 -0.007131841033697128 
v 0.15827903151512146 -0.027173692360520363 -0.00798413623124361 
v 0.15691490471363068 -0.02807571180164814 -0.00850498303771019 
v 0.15827903151512146 -0.026435676962137222 -0.008946914225816727 
v 0.15691490471363068 -0.027173692360520363 -0.009686095640063286 
v 0.15534614026546478 -0.027635883539915085 -0.001165776513516903 
v 0.15534614026546478 -0.028649723157286644 -0.0024810463655740023 
v 0.15534614026546478 -0.029283372685313225 -0.004014651291072369 
v 0.15534614026546478 -0.029499558731913567 -0.0056587387807667255 
v 0.15534614026546478 -0.029283372685313225 -0.0073028262704610825 
v 0.15534614026546478 -0.028649723157286644 -0.008833800442516804 
v 0.15534614026546478 -0.027635883539915085 -0.010151701048016548 
v 0.1536409556865692 -0.02779988758265972 -0.0010079441126435995 
v 0.1536409556865692 -0.02884354628622532 -0.0023705638013780117 
v 0.1536409556865692 -0.029499558731913567 -0.00395677937194705 
v 0.1536409556865692 -0.02972319908440113 -0.0056587387807667255 
v 0.1536409556865692 -0.029499558731913567 -0.007360698189586401 
v 0.1536409556865692 -0.02884354628622532 -0.008946914225816727 
v 0.1536409556865692 -0.02779988758265972 -0.010309533216059208 
v 0.13921518623828888 -0.02884354628622532 -0.0023705638013780117 
v 0.13921518623828888 -0.029499558731913567 -0.00395677937194705 
v 0.13921518623828888 -0.02972319908440113 -0.0056587387807667255 
v 0.13921518623828888 -0.029499558731913567 -0.007360698189586401 
v 0.13921518623828888 -0.02884354628622532 -0.008946914225816727 
v 0.13921518623828888 -0.02779988758265972 -0.010309533216059208 
v -0.0120679447427392 0.06114959344267845 -0.012442901730537415 
v -0.02557293139398098 0.055484019219875336 -0.012442901730537415 
v -0.07440914213657379 0.061470143496990204 -0.012442901730537415 
v -0.07011210173368454 0.054999466985464096 -0.012442901730537415 
v -0.03116590529680252 0.049386076629161835 -0.012442901730537415 
v -0.05701635777950287 0.04986317828297615 -0.012442901730537415 
v -0.03331442549824715 0.044451065361499786 -0.009483544155955315 
v -0.04937717318534851 0.04512944445014 -0.009483544155955315 
v -0.03546294569969177 0.03944896161556244 -0.009483544155955315 
v -0.033996496349573135 0.03941168636083603 -0.008036746643483639 
v -0.036008600145578384 0.0314500667154789 -0.008036746643483639 
v -0.03750915452837944 0.031271155923604965 -0.009483544155955315 
v -0.04606913402676582 0.0397396944463253 -0.009483544155955315 
v -0.04606913402676582 0.030287135392427444 -0.009483544155955315 
v -0.03802070766687393 0.020029468461871147 -0.009483544155955315 
v -0.044057026505470276 0.019239269196987152 -0.009483544155955315 
v -0.03512191027402878 0.010688728652894497 -0.009483544155955315 
v -0.03825943171977997 0.009779254905879498 -0.009483544155955315 
v -0.03174566477537155 0.005701534450054169 -0.009483544155955315 
v -0.03386007994413376 0.005090248771011829 -0.009483544155955315 
v -0.026527827605605125 0.0009379811235703528 -0.009483544155955315 
v -0.027619140222668648 0.0006248836871236563 -0.009483544155955315 
v -0.036486051976680756 0.020230744034051895 -0.008036746643483639 
v -0.03368956223130226 0.011106192134320736 -0.008036746643483639 
v -0.030279213562607765 0.00611899746581912 -0.008036746643483639 
v -0.02506137825548649 0.0013554443139582872 -0.008036746643483639 
v -0.1408768594264984 0.07768411934375763 -0.0392165370285511 
v -0.13958093523979187 0.07529861479997635 -0.0392165370285511 
v -0.1329648494720459 0.08200038969516754 -0.0392165370285511 
v -0.13166892528533936 0.07961488515138626 -0.0392165370285511 
v -0.12501873075962067 0.08631666004657745 -0.0392165370285511 
v -0.12372280657291412 0.08393115550279617 -0.0392165370285511 
v 0.15691490471363068 -0.027173692360520363 -0.001631382037885487 
v 0.15827903151512146 -0.026435676962137222 -0.0023705638013780117 
v 0.15691490471363068 -0.025995850563049316 -0.0007264762534759939 
v 0.15827903151512146 -0.025474021211266518 -0.001631382037885487 
v 0.15933623909950256 -0.025474021211266518 -0.0033333413302898407 
v 0.15933623909950256 -0.024788187816739082 -0.00280986400321126 
v 0.15827903151512146 -0.024348361417651176 -0.001165776513516903 
v 0.15933623909950256 -0.023997990414500237 -0.0024810463655740023 
v 0.15827903151512146 -0.023148154839873314 -0.0010079441126435995 
v 0.15933623909950256 -0.023148154839873314 -0.0023705638013780117 
v 0.15827903151512146 -0.02194049395620823 -0.001165776513516903 
v 0.15933623909950256 -0.02229831926524639 -0.0024810463655740023 
v 0.15827903151512146 -0.02082228846848011 -0.001631382037885487 
v 0.15933623909950256 -0.021500665694475174 -0.00280986400321126 
v 0.15827903151512146 -0.019860632717609406 -0.0023705638013780117 
v 0.15933623909950256 -0.02082228846848011 -0.0033333413302898407 
v 0.15827903151512146 -0.019115161150693893 -0.0033333413302898407 
v 0.15933623909950256 -0.02030045911669731 -0.004014651291072369 
v 0.15827903151512146 -0.01865296997129917 -0.004453951492905617 
v 0.15933623909950256 -0.019972452893853188 -0.004806444048881531 
v 0.15827903151512146 -0.018496422097086906 -0.0056587387807667255 
v 0.15933623909950256 -0.019860632717609406 -0.0056587387807667255 
v 0.15827903151512146 -0.01865296997129917 -0.006860895548015833 
v 0.15933623909950256 -0.019972452893853188 -0.006508402992039919 
v 0.15827903151512146 -0.019115161150693893 -0.00798413623124361 
v 0.15933623909950256 -0.02030045911669731 -0.0073028262704610825 
v 0.15827903151512146 -0.019860632717609406 -0.008946914225816727 
v 0.15933623909950256 -0.02082228846848011 -0.00798413623124361 
v 0.15827903151512146 -0.02082228846848011 -0.009686095640063286 
v 0.15933623909950256 -0.021500665694475174 -0.00850498303771019 
v 0.15827903151512146 -0.02194049395620823 -0.010151701048016548 
v 0.15933623909950256 -0.02229831926524639 -0.008833800442516804 
v 0.15827903151512146 -0.023148154839873314 -0.010309533216059208 
v 0.15933623909950256 -0.023148154839873314 -0.008946914225816727 
v 0.15827903151512146 -0.024348361417651176 -0.010151701048016548 
v 0.15933623909950256 -0.023997990414500237 -0.008833800442516804 
v 0.15827903151512146 -0.025474021211266518 -0.009686095640063286 
v 0.15933623909950256 -0.024788187816739082 -0.00850498303771019 
v 0.15827903151512146 -0.026435676962137222 -0.008946914225816727 
v 0.15933623909950256 -0.025474021211266518 -0.00798413623124361 
v 0.15827903151512146 -0.027173692360520363 -0.00798413623124361 
v 0.15933623909950256 -0.025995850563049316 -0.0073028262704610825 
v 0.15827903151512146 -0.027635883539915085 -0.006860895548015833 
v 0.15933623909950256 -0.02632385678589344 -0.006508402992039919 
v 0.15827903151512146 -0.02779988758265972 -0.0056587387807667255 
v 0.15933623909950256 -0.026435676962137222 -0.0056587387807667255 
v 0.15827903151512146 -0.027635883539915085 -0.004453951492905617 
v 0.15933623909950256 -0.02632385678589344 -0.004806444048881531 
v 0.15827903151512146 -0.027173692360520363 -0.0033333413302898407 
v 0.15933623909950256 -0.025995850563049316 -0.004014651291072369 
v 0.15998421609401703 -0.024616731330752373 -0.004806444048881531 
v 0.15998421609401703 -0.024348361417651176 -0.004453951492905617 
v 0.15998421609401703 -0.023997990414500237 -0.004183006007224321 
v 0.15998421609401703 -0.02358798123896122 -0.004014651291072369 
v 0.15998421609401703 -0.023148154839873314 -0.00395677937194705 
v 0.15998421609401703 -0.02270832657814026 -0.004014651291072369 
v 0.15998421609401703 -0.02229831926524639 -0.004183006007224321 
v 0.15998421609401703 -0.02194049395620823 -0.004453951492905617 
v 0.15998421609401703 -0.021672124043107033 -0.004806444048881531 
v 0.15998421609401703 -0.021500665694475174 -0.005216808058321476 
v 0.15998421609401703 -0.021441027522087097 -0.0056587387807667255 
v 0.15998421609401703 -0.021500665694475174 -0.006098038982599974 
v 0.15998421609401703 -0.021672124043107033 -0.006508402992039919 
v 0.15998421609401703 -0.02194049395620823 -0.006860895548015833 
v 0.15998421609401703 -0.02229831926524639 -0.007131841033697128 
v 0.15998421609401703 -0.02270832657814026 -0.0073028262704610825 
v 0.15998421609401703 -0.023148154839873314 -0.007360698189586401 
v 0.15998421609401703 -0.02358798123896122 -0.0073028262704610825 
v 0.15998421609401703 -0.023997990414500237 -0.007131841033697128 
v 0.15998421609401703 -0.024348361417651176 -0.006860895548015833 
v 0.15998421609401703 -0.024616731330752373 -0.006508402992039919 
v 0.15998421609401703 -0.024788187816739082 -0.006098038982599974 
v 0.15998421609401703 -0.02484782598912716 -0.0056587387807667255 
v 0.15998421609401703 -0.024788187816739082 -0.005216808058321476 
v 0.16022293269634247 -0.023148154839873314 -0.0056587387807667255 
v -0.12501873075962067 0.08631666004657745 -0.0392165370285511 
v -0.12372280657291412 0.08393115550279617 -0.0392165370285511 
v -0.12501873075962067 0.08631666004657745 -0.04437502473592758 
v -0.12372280657291412 0.08393115550279617 -0.04437502473592758 
v -0.12655340135097504 0.08466171473264694 -0.04709237441420555 
v -0.1259395331144333 0.08356587588787079 -0.04709237441420555 
v -0.13866013288497925 0.07804939895868301 -0.04709237441420555 
v -0.13808037340641022 0.07695356011390686 -0.04709237441420555 
v -0.1408768594264984 0.07768411934375763 -0.04437502473592758 
v -0.13958093523979187 0.07529861479997635 -0.04437502473592758 
v -0.1408768594264984 0.07768411934375763 -0.0392165370285511 
v -0.13958093523979187 0.07529861479997635 -0.0392165370285511 
v 0.15691490471363068 -0.018213143572211266 -0.00280986400321126 
v 0.15691490471363068 -0.019115161150693893 -0.001631382037885487 
v 0.15691490471363068 -0.02030045911669731 -0.0007264762534759939 
v -0.012033840641379356 0.06114959344267845 0.004137392155826092 
v -0.02550472319126129 0.055484019219875336 0.004137392155826092 
v -0.0014276525471359491 0.08898544311523438 -0.04308343306183815 
v -0.0011207209900021553 0.08858288824558258 -0.04228900745511055 
v -0.0035420695785433054 0.08812069892883301 -0.04308343306183815 
v -0.0034738625399768353 0.0876137763261795 -0.04228900745511055 
v -0.005792900454252958 0.08842633664608002 -0.04308343306183815 
v -0.005997521337121725 0.08795669674873352 -0.04228900745511055 
v -0.007600386161357164 0.08982037007808685 -0.04308343306183815 
v -0.008009628392755985 0.08951472491025925 -0.04228900745511055 
v -0.0009843070292845368 0.08844125270843506 -0.04143408313393593 
v -0.0034397589042782784 0.0874423235654831 -0.04143408313393593 
v -0.006065728608518839 0.08779268711805344 -0.04143408313393593 
v -0.008146042004227638 0.08941035717725754 -0.04143408313393593 
v -0.13808037340641022 0.07695356011390686 -0.04709237441420555 
v -0.13866013288497925 0.07804939895868301 -0.04709237441420555 
v -0.1319417506456375 0.08014416694641113 -0.048386599868535995 
v -0.13265791535377502 0.0814785584807396 -0.048386599868535995 
v -0.1259395331144333 0.08356587588787079 -0.04709237441420555 
v -0.12655340135097504 0.08466171473264694 -0.04709237441420555 
v -0.0721583142876625 0.09837090969085693 -0.04626638442277908 
v -0.07137393206357956 0.09783416986465454 -0.04626638442277908 
v -0.07522762566804886 0.09414409846067429 -0.04724494740366936 
v -0.07427272945642471 0.09348062425851822 -0.04724494740366936 
v -0.07812642306089401 0.08979055285453796 -0.04626638442277908 
v -0.07734204083681107 0.08925381302833557 -0.04626638442277908 
v -0.07949056476354599 0.08879907429218292 -0.04031084105372429 
v -0.07560276240110397 0.09439755231142044 -0.04031084105372429 
v -0.07949056476354599 0.08879907429218292 -0.04421193152666092 
v -0.07560276240110397 0.09439755231142044 -0.04421193152666092 
v -0.07812642306089401 0.08979055285453796 -0.04626638442277908 
v -0.07522762566804886 0.09414409846067429 -0.04724494740366936 
v -0.07168086618185043 0.09999603778123856 -0.04031084105372429 
v -0.07168086618185043 0.09999603778123856 -0.04421193152666092 
v -0.0721583142876625 0.09837090969085693 -0.04626638442277908 
v 0.15691490471363068 -0.019115161150693893 -0.001631382037885487 
v 0.15534614026546478 -0.01865296997129917 -0.001165776513516903 
v 0.15691490471363068 -0.02030045911669731 -0.0007264762534759939 
v 0.15534614026546478 -0.019972452893853188 -0.0001556491042720154 
v 0.15691490471363068 -0.021672124043107033 -0.0001556491042720154 
v 0.15534614026546478 -0.021500665694475174 0.0004783110343851149 
v 0.15691490471363068 -0.023148154839873314 0.000039010861655697227 
v 0.15534614026546478 -0.023148154839873314 0.0006940152961760759 
v 0.15691490471363068 -0.024616731330752373 -0.0001556491042720154 
v 0.15534614026546478 -0.024788187816739082 0.0004783110343851149 
v 0.15691490471363068 -0.025995850563049316 -0.0007264762534759939 
v 0.15534614026546478 -0.02632385678589344 -0.0001556491042720154 
v 0.15691490471363068 -0.027173692360520363 -0.001631382037885487 
v 0.15534614026546478 -0.027635883539915085 -0.001165776513516903 
v 0.1536409556865692 -0.018496422097086906 -0.0010079441126435995 
v 0.1536409556865692 -0.019860632717609406 0.000039010861655697227 
v 0.1536409556865692 -0.021441027522087097 0.0006940152961760759 
v 0.1536409556865692 -0.023148154839873314 0.000917611236218363 
v 0.1536409556865692 -0.02484782598912716 0.0006940152961760759 
v 0.1536409556865692 -0.026435676962137222 0.000039010861655697227 
v 0.1536409556865692 -0.02779988758265972 -0.0010079441126435995 
v 0.13921518623828888 -0.019860632717609406 0.000039010861655697227 
v 0.13921518623828888 -0.021441027522087097 0.0006940152961760759 
v 0.13921518623828888 -0.023148154839873314 0.000917611236218363 
v 0.13921518623828888 -0.02484782598912716 0.0006940152961760759 
v 0.13921518623828888 -0.026435676962137222 0.000039010861655697227 
v 0.13921518623828888 -0.02779988758265972 -0.0010079441126435995 
v 0.15827903151512146 -0.025474021211266518 -0.001631382037885487 
v 0.15827903151512146 -0.024348361417651176 -0.001165776513516903 
v 0.15827903151512146 -0.023148154839873314 -0.0010079441126435995 
v 0.15827903151512146 -0.02194049395620823 -0.001165776513516903 
v 0.15827903151512146 -0.02082228846848011 -0.001631382037885487 
v -0.12372280657291412 0.08393115550279617 -0.0392165370285511 
v -0.13166892528533936 0.07961488515138626 -0.0392165370285511 
v -0.12372280657291412 0.08393115550279617 -0.04437502473592758 
v -0.13166892528533936 0.07961488515138626 -0.04437502473592758 
v -0.1259395331144333 0.08356587588787079 -0.04709237441420555 
v -0.1319417506456375 0.08014416694641113 -0.048386599868535995 
v -0.13958093523979187 0.07529861479997635 -0.0392165370285511 
v -0.13958093523979187 0.07529861479997635 -0.04437502473592758 
v -0.13808037340641022 0.07695356011390686 -0.04709237441420555 
v -0.07734204083681107 0.08925381302833557 -0.04626638442277908 
v -0.07427272945642471 0.09348062425851822 -0.04724494740366936 
v -0.07778538763523102 0.08762868493795395 -0.04421193152666092 
v -0.0738975927233696 0.09322717040777206 -0.04421193152666092 
v -0.07778538763523102 0.08762868493795395 -0.04031084105372429 
v -0.0738975927233696 0.09322717040777206 -0.04031084105372429 
v -0.07137393206357956 0.09783416986465454 -0.04626638442277908 
v -0.07000979036092758 0.09882564842700958 -0.04421193152666092 
v -0.07000979036092758 0.09882564842700958 -0.04031084105372429 
v -0.07137393206357956 0.09783416986465454 -0.04626638442277908 
v -0.0721583142876625 0.09837090969085693 -0.04626638442277908 
v -0.07000979036092758 0.09882564842700958 -0.04421193152666092 
v -0.07168086618185043 0.09999603778123856 -0.04421193152666092 
v -0.07000979036092758 0.09882564842700958 -0.04031084105372429 
v -0.07168086618185043 0.09999603778123856 -0.04031084105372429 
v -0.04937717318534851 0.04512944445014 -0.009483544155955315 
v -0.04937717318534851 0.04512944445014 0.0011780346976593137 
v -0.05701635777950287 0.04986317828297615 -0.012442901730537415 
v -0.05701635777950287 0.04986317828297615 0.004137392155826092 
v -0.07011210173368454 0.054999466985464096 -0.012442901730537415 
v -0.07011210173368454 0.054999466985464096 0.004137392155826092 
v 0.0002775224857032299 0.09306316077709198 -0.04308343306183815 
v 0.0007890749839134514 0.09313025325536728 -0.04228900745511055 
v -0.00002940900048997719 0.09079693257808685 -0.04308343306183815 
v 0.0004480399948079139 0.09060311317443848 -0.04228900745511055 
v -0.0014276525471359491 0.08898544311523438 -0.04308343306183815 
v -0.0011207209900021553 0.08858288824558258 -0.04228900745511055 
v 0.0009595925221219659 0.09315261989831924 -0.04143408313393593 
v 0.0006185575039125979 0.09053602069616318 -0.04143408313393593 
v -0.0009843070292845368 0.08844125270843506 -0.04143408313393593 
v -0.5250186920166016 0.1768912672996521 -0.008739100769162178 
v -0.5250186920166016 0.17602652311325073 -0.010819857940077782 
v -0.5261099934577942 0.17582523822784424 -0.008455002680420876 
v -0.5261099934577942 0.1750723123550415 -0.0102700749412179 
v -0.5250186920166016 0.17465485632419586 -0.012605994939804077 
v -0.5261099934577942 0.17387956380844116 -0.01182735525071621 
v -0.5250186920166016 0.17286573350429535 -0.01397650595754385 
v -0.5261099934577942 0.17232152819633484 -0.013024250976741314 
v -0.5250186920166016 0.17078585922718048 -0.014839323237538338 
v -0.5261099934577942 0.17050258815288544 -0.013776585459709167 
v -0.5250186920166016 0.16855691373348236 -0.015133943408727646 
v -0.5261099934577942 0.16855691373348236 -0.014034378342330456 
v -0.5250186920166016 0.16632050275802612 -0.014839323237538338 
v -0.5261099934577942 0.16660377383232117 -0.013776585459709167 
v -0.5250186920166016 0.16424064338207245 -0.01397650595754385 
v -0.5261099934577942 0.1647922843694687 -0.013024250976741314 
v -0.5250186920166016 0.16245150566101074 -0.012605994939804077 
v -0.5261099934577942 0.16323424875736237 -0.01182735525071621 
v -0.5250186920166016 0.16107985377311707 -0.010819857940077782 
v -0.5261099934577942 0.1620340496301651 -0.0102700749412179 
v -0.5250186920166016 0.16022256016731262 -0.008739100769162178 
v -0.5261099934577942 0.16128112375736237 -0.008455002680420876 
v -0.5250186920166016 0.15992437303066254 -0.0065057724714279175 
v -0.5261099934577942 0.1610276699066162 -0.0065057724714279175 
v 0.15827903151512146 -0.019860632717609406 -0.008946914225816727 
v 0.15691490471363068 -0.019115161150693893 -0.009686095640063286 
v 0.15827903151512146 -0.019115161150693893 -0.00798413623124361 
v 0.15691490471363068 -0.018213143572211266 -0.00850498303771019 
v 0.15827903151512146 -0.01865296997129917 -0.006860895548015833 
v 0.15691490471363068 -0.017646586522459984 -0.007131841033697128 
v 0.15827903151512146 -0.018496422097086906 -0.0056587387807667255 
v 0.15691490471363068 -0.01745276339352131 -0.0056587387807667255 
v 0.15827903151512146 -0.01865296997129917 -0.004453951492905617 
v 0.15691490471363068 -0.017646586522459984 -0.004183006007224321 
v 0.15827903151512146 -0.019115161150693893 -0.0033333413302898407 
v 0.15691490471363068 -0.018213143572211266 -0.00280986400321126 
v 0.15534614026546478 -0.01865296997129917 -0.010151701048016548 
v 0.15534614026546478 -0.017646586522459984 -0.008833800442516804 
v 0.15534614026546478 -0.017012936994433403 -0.0073028262704610825 
v 0.15534614026546478 -0.01679675094783306 -0.0056587387807667255 
v 0.15534614026546478 -0.017012936994433403 -0.004014651291072369 
v 0.15534614026546478 -0.017646586522459984 -0.0024810463655740023 
v 0.15691490471363068 -0.019115161150693893 -0.001631382037885487 
v 0.15534614026546478 -0.01865296997129917 -0.001165776513516903 
v 0.1536409556865692 -0.018496422097086906 -0.010309533216059208 
v 0.1536409556865692 -0.01745276339352131 -0.008946914225816727 
v 0.1536409556865692 -0.01679675094783306 -0.007360698189586401 
v 0.1536409556865692 -0.016565654426813126 -0.0056587387807667255 
v 0.1536409556865692 -0.01679675094783306 -0.00395677937194705 
v 0.1536409556865692 -0.01745276339352131 -0.0023705638013780117 
v 0.1536409556865692 -0.018496422097086906 -0.0010079441126435995 
v 0.13921518623828888 -0.01745276339352131 -0.008946914225816727 
v 0.13921518623828888 -0.01679675094783306 -0.007360698189586401 
v 0.13921518623828888 -0.016565654426813126 -0.0056587387807667255 
v 0.13921518623828888 -0.01679675094783306 -0.00395677937194705 
v 0.13921518623828888 -0.01745276339352131 -0.0023705638013780117 
v 0.13921518623828888 -0.018496422097086906 -0.0010079441126435995 
v 0.0009595925221219659 0.09315261989831924 -0.04143408313393593 
v 0.0007890749839134514 0.09313025325536728 -0.04228900745511055 
v -0.00002940900048997719 0.0955977588891983 -0.04143408313393593 
v -0.00016582300304435194 0.09548594057559967 -0.04228900745511055 
v 0.0002775224857032299 0.09306316077709198 -0.04308343306183815 
v -0.0005750649725086987 0.09518029540777206 -0.04308343306183815 
v -0.4816049337387085 0.21406786143779755 0.018710583448410034 
v -0.4816049337387085 0.21406786143779755 -0.029451973736286163 
v -0.4833783209323883 0.21454495191574097 0.018710583448410034 
v -0.4833783209323883 0.21454495191574097 -0.029451973736286163 
v -0.48518580198287964 0.21406786143779755 0.018710583448410034 
v -0.48518580198287964 0.21406786143779755 -0.029451973736286163 
v -0.4864817261695862 0.21275582909584045 0.018710583448410034 
v -0.4864817261695862 0.21275582909584045 -0.029451973736286163 
v -0.07812642306089401 0.08979055285453796 -0.04626638442277908 
v -0.07734204083681107 0.08925381302833557 -0.04626638442277908 
v -0.07949056476354599 0.08879907429218292 -0.04421193152666092 
v -0.07778538763523102 0.08762868493795395 -0.04421193152666092 
v -0.07949056476354599 0.08879907429218292 -0.04031084105372429 
v -0.07778538763523102 0.08762868493795395 -0.04031084105372429 
v -0.12621235847473145 0.08633902668952942 -0.042083825916051865 
v -0.12549617886543274 0.08698758482933044 -0.04059493914246559 
v -0.1242002546787262 0.08254458010196686 -0.042083825916051865 
v -0.12327945977449417 0.08275331556797028 -0.04059493914246559 
v -0.1243707686662674 0.07826558500528336 -0.042083825916051865 
v -0.12348408252000809 0.07798230648040771 -0.04059493914246559 
v -0.1266556978225708 0.0746425986289978 -0.042083825916051865 
v -0.12600773572921753 0.07394185662269592 -0.04059493914246559 
v -0.1252574622631073 0.08720377087593079 -0.03899294137954712 
v -0.1229725256562233 0.0828278586268425 -0.03899294137954712 
v -0.12314304709434509 0.07788539677858353 -0.03899294137954712 
v -0.1258031129837036 0.07370331138372421 -0.03899294137954712 
v -0.09497355669736862 0.08445298671722412 0.032323628664016724 
v -0.09507586061954498 0.084311343729496 0.03311542049050331 
v -0.09326837956905365 0.08272349834442139 0.032323628664016724 
v -0.09340479224920273 0.08264148980379105 0.03311542049050331 
v -0.09262041002511978 0.08036035299301147 0.032323628664016724 
v -0.09279093146324158 0.08036035299301147 0.03311542049050331 
v -0.09326837956905365 0.07799721509218216 0.032323628664016724 
v -0.09340479224920273 0.0780792161822319 0.03311542049050331 
v -0.09531458467245102 0.08390133827924728 0.033851973712444305 
v -0.09381403028964996 0.08240294456481934 0.033851973712444305 
v -0.09326837956905365 0.08036035299301147 0.033851973712444305 
v -0.09381403028964996 0.07831031084060669 0.033851973712444305 
v -0.14036531746387482 0.07889923453330994 -0.042083825916051865 
v -0.14128610491752625 0.07869049906730652 -0.04059493914246559 
v -0.14019478857517242 0.08317822962999344 -0.042083825916051865 
v -0.14111559092998505 0.08346150815486908 -0.04059493914246559 
v -0.13790985941886902 0.08680121600627899 -0.042083825916051865 
v -0.1385578215122223 0.08750195801258087 -0.04059493914246559 
v -0.14159303903579712 0.0786159560084343 -0.03899294137954712 
v -0.14142252504825592 0.08355841785669327 -0.03899294137954712 
v -0.1387624442577362 0.08774051070213318 -0.03899294137954712 
v -0.022298995405435562 0.08511645346879959 0.03237360715866089 
v -0.022196684032678604 0.08534754812717438 0.033683616667985916 
v -0.025197792798280716 0.08798651397228241 0.03237360715866089 
v -0.02495906688272953 0.08812069892883301 0.033683616667985916 
v -0.02622089721262455 0.09190022945404053 0.03237360715866089 
v -0.025948068127036095 0.09190022945404053 0.033683616667985916 
v -0.02178744226694107 0.08602592349052429 0.034906819462776184 
v -0.02427699789404869 0.08850834518671036 0.034906819462776184 
v -0.025197792798280716 0.09190022945404053 0.034906819462776184 
v -0.5250186920166016 0.15992437303066254 -0.0065057724714279175 
v -0.5250186920166016 0.16022256016731262 -0.004272444173693657 
v -0.5261099934577942 0.1610276699066162 -0.0065057724714279175 
v -0.5261099934577942 0.16128112375736237 -0.004556542728096247 
v -0.5250186920166016 0.16107985377311707 -0.0021916870027780533 
v -0.5261099934577942 0.1620340496301651 -0.0027414700016379356 
v -0.5250186920166016 0.16245150566101074 -0.0004055504105053842 
v -0.5261099934577942 0.16323424875736237 -0.0011841902742162347 
v -0.5250186920166016 0.16424064338207245 0.0009649609564803541 
v -0.5261099934577942 0.1647922843694687 0.000012705459994322155 
v -0.5250186920166016 0.16632050275802612 0.001827778061851859 
v -0.5261099934577942 0.16660377383232117 0.0007650398765690625 
v -0.5250186920166016 0.16855691373348236 0.002122398465871811 
v -0.5261099934577942 0.16855691373348236 0.0010228328173980117 
v -0.5250186920166016 0.17078585922718048 0.001827778061851859 
v -0.5261099934577942 0.17050258815288544 0.0007650398765690625 
v -0.5250186920166016 0.17286573350429535 0.0009649609564803541 
v -0.5261099934577942 0.17232152819633484 0.000012705459994322155 
v -0.5250186920166016 0.17465485632419586 -0.0004055504105053842 
v -0.5261099934577942 0.17387956380844116 -0.0011841902742162347 
v -0.5250186920166016 0.17602652311325073 -0.0021916870027780533 
v -0.5261099934577942 0.1750723123550415 -0.0027414700016379356 
v -0.5250186920166016 0.1768912672996521 -0.004272444173693657 
v -0.5261099934577942 0.17582523822784424 -0.004556542728096247 
v -0.0005068579921498895 0.09547848999500275 -0.041755009442567825 
v -0.0015981700271368027 0.09640286862850189 -0.041755009442567825 
v -0.0035761729814112186 0.0918555036187172 -0.041755009442567825 
v -0.004667485132813454 0.09277243167161942 -0.041755009442567825 
v -0.00664548808708787 0.08822506666183472 -0.041755009442567825 
v -0.007736799772828817 0.08914944529533386 -0.041755009442567825 
v -0.007736799772828817 0.08914944529533386 -0.044472355395555496 
v -0.00664548808708787 0.08822506666183472 -0.044472355395555496 
v -0.007736799772828817 0.08914944529533386 -0.041755009442567825 
v -0.00664548808708787 0.08822506666183472 -0.041755009442567825 
v -0.0015299629885703325 0.09488210827112198 -0.04590073972940445 
v -0.00200741202570498 0.09530702978372574 -0.04590073972940445 
v -0.0005068579921498895 0.09547848999500275 -0.044472355395555496 
v -0.0015981700271368027 0.09640286862850189 -0.044472355395555496 
v -0.0005068579921498895 0.09547848999500275 -0.041755009442567825 
v -0.0015981700271368027 0.09640286862850189 -0.041755009442567825 
v -0.09326837956905365 0.07799721509218216 0.032323628664016724 
v -0.09340479224920273 0.0780792161822319 0.03311542049050331 
v -0.09497355669736862 0.07626772671937943 0.032323628664016724 
v -0.09507586061954498 0.07640191167593002 0.03311542049050331 
v -0.09736079722642899 0.07563407719135284 0.032323628664016724 
v -0.09736079722642899 0.07579062134027481 0.03311542049050331 
v -0.09971393644809723 0.07626772671937943 0.032323628664016724 
v -0.09964573383331299 0.07640191167593002 0.03311542049050331 
v -0.09381403028964996 0.07831031084060669 0.033851973712444305 
v -0.09531458467245102 0.07681191712617874 0.033851973712444305 
v -0.09736079722642899 0.07626772671937943 0.033851973712444305 
v -0.09940700978040695 0.07681191712617874 0.033851973712444305 
v -0.07000979036092758 0.09882564842700958 -0.04031084105372429 
v -0.07168086618185043 0.09999603778123856 -0.04031084105372429 
v -0.0738975927233696 0.09322717040777206 -0.04031084105372429 
v -0.07560276240110397 0.09439755231142044 -0.04031084105372429 
v -0.07778538763523102 0.08762868493795395 -0.04031084105372429 
v -0.07949056476354599 0.08879907429218292 -0.04031084105372429 
v -0.00200741202570498 0.09530702978372574 -0.04590073972940445 
v -0.00442876061424613 0.09257115423679352 -0.04658205062150955 
v -0.0015981700271368027 0.09640286862850189 -0.044472355395555496 
v -0.004667485132813454 0.09277243167161942 -0.044472355395555496 
v -0.0015981700271368027 0.09640286862850189 -0.041755009442567825 
v -0.004667485132813454 0.09277243167161942 -0.041755009442567825 
v -0.006713694892823696 0.08975327759981155 -0.04590073972940445 
v -0.007736799772828817 0.08914944529533386 -0.044472355395555496 
v -0.007736799772828817 0.08914944529533386 -0.041755009442567825 
v -0.0035761729814112186 0.0918555036187172 -0.044472355395555496 
v -0.00664548808708787 0.08822506666183472 -0.044472355395555496 
v -0.0038148974999785423 0.09205678105354309 -0.04658205062150955 
v -0.006202142685651779 0.0893283560872078 -0.04590073972940445 
v -0.02506137825548649 0.0013554443139582872 -0.00021615151490550488 
v -0.02506137825548649 0.0013554443139582872 -0.008036746643483639 
v -0.030279213562607765 0.00611899746581912 -0.00021615151490550488 
v -0.030279213562607765 0.00611899746581912 -0.008036746643483639 
v -0.00664548808708787 0.08822506666183472 -0.044472355395555496 
v -0.007736799772828817 0.08914944529533386 -0.044472355395555496 
v -0.006202142685651779 0.0893283560872078 -0.04590073972940445 
v -0.006713694892823696 0.08975327759981155 -0.04590073972940445 
v -0.0038148974999785423 0.09205678105354309 -0.04658205062150955 
v -0.00442876061424613 0.09257115423679352 -0.04658205062150955 
v -0.0015299629885703325 0.09488210827112198 -0.04590073972940445 
v -0.00200741202570498 0.09530702978372574 -0.04590073972940445 
v -0.02550472319126129 0.055484019219875336 0.004137392155826092 
v -0.031097697094082832 0.049386076629161835 0.004137392155826092 
v -0.024072377011179924 0.05549893155694008 0.002743205986917019 
v -0.029699454084038734 0.04936371371150017 0.002743205986917019 
v -0.0038148974999785423 0.09205678105354309 -0.04658205062150955 
v -0.0015299629885703325 0.09488210827112198 -0.04590073972940445 
v -0.0035761729814112186 0.0918555036187172 -0.044472355395555496 
v -0.0005068579921498895 0.09547848999500275 -0.044472355395555496 
v -0.0035761729814112186 0.0918555036187172 -0.041755009442567825 
v -0.0005068579921498895 0.09547848999500275 -0.041755009442567825 
v -0.00664548808708787 0.08822506666183472 -0.041755009442567825 
v -0.00664548808708787 0.08822506666183472 -0.044472355395555496 
v -0.07045313715934753 0.08888107538223267 -0.04222061485052109 
v -0.06994158029556274 0.08834433555603027 -0.04107895866036415 
v -0.07335193455219269 0.08735286444425583 -0.04222061485052109 
v -0.07321552187204361 0.0866372138261795 -0.04107895866036415 
v -0.07665996998548508 0.0874795913696289 -0.04222061485052109 
v -0.07686459273099899 0.08677884936332703 -0.04107895866036415 
v -0.07942235469818115 0.0892314463853836 -0.04222061485052109 
v -0.07996801286935806 0.08873943984508514 -0.04107895866036415 
v -0.06980516761541367 0.08815797418355942 -0.03985049948096275 
v -0.07314731180667877 0.08639121055603027 -0.03985049948096275 
v -0.07693280279636383 0.08654030412435532 -0.03985049948096275 
v -0.08013852685689926 0.08856797963380814 -0.03985049948096275 
v -0.09971393644809723 0.07626772671937943 0.032323628664016724 
v -0.09964573383331299 0.07640191167593002 0.03311542049050331 
v -0.10145321488380432 0.07799721509218216 0.032323628664016724 
v -0.10131680220365524 0.0780792161822319 0.03311542049050331 
v -0.10206708312034607 0.08036035299301147 0.032323628664016724 
v -0.10189656168222427 0.08036035299301147 0.03311542049050331 
v -0.09940700978040695 0.07681191712617874 0.033851973712444305 
v -0.10090756416320801 0.07831031084060669 0.033851973712444305 
v -0.10145321488380432 0.08036035299301147 0.033851973712444305 
v -0.014489293098449707 0.09868400543928146 0.03237360715866089 
v -0.01462570670992136 0.09845291078090668 0.033683616667985916 
v -0.011624598875641823 0.09582140296697617 0.03237360715866089 
v -0.01182921975851059 0.09568721801042557 0.033683616667985916 
v -0.010567390359938145 0.09190022945404053 0.03237360715866089 
v -0.010840218514204025 0.09190022945404053 0.033683616667985916 
v -0.011624598875641823 0.08798651397228241 0.03237360715866089 
v -0.01182921975851059 0.08812069892883301 0.033683616667985916 
v -0.015000845305621624 0.09777453541755676 0.034906819462776184 
v -0.012511289678514004 0.0952921211719513 0.034906819462776184 
v -0.011624598875641823 0.09190022945404053 0.034906819462776184 
v -0.012511289678514004 0.08850834518671036 0.034906819462776184 
v -0.5250186920166016 0.17465485632419586 -0.012605994939804077 
v -0.5088536143302917 0.17465485632419586 -0.012605994939804077 
v -0.5250186920166016 0.17286573350429535 -0.01397650595754385 
v -0.5088536143302917 0.17286573350429535 -0.01397650595754385 
v -0.5250186920166016 0.17078585922718048 -0.014839323237538338 
v -0.5088536143302917 0.17078585922718048 -0.014839323237538338 
v -0.5250186920166016 0.16855691373348236 -0.015133943408727646 
v -0.5088536143302917 0.16855691373348236 -0.015133943408727646 
v -0.5250186920166016 0.16632050275802612 -0.014839323237538338 
v -0.5088536143302917 0.16632050275802612 -0.014839323237538338 
v -0.5250186920166016 0.16424064338207245 -0.01397650595754385 
v -0.5088536143302917 0.16424064338207245 -0.01397650595754385 
v -0.5250186920166016 0.16245150566101074 -0.012605994939804077 
v -0.5088536143302917 0.16245150566101074 -0.012605994939804077 
v -0.02622089721262455 0.09190022945404053 0.03237360715866089 
v -0.025948068127036095 0.09190022945404053 0.033683616667985916 
v -0.025197792798280716 0.09582140296697617 0.03237360715866089 
v -0.02495906688272953 0.09568721801042557 0.033683616667985916 
v -0.025197792798280716 0.09190022945404053 0.034906819462776184 
v -0.02427699789404869 0.0952921211719513 0.034906819462776184 
v -0.025197792798280716 0.09582140296697617 0.03237360715866089 
v -0.02495906688272953 0.09568721801042557 0.033683616667985916 
v -0.022298995405435562 0.09868400543928146 0.03237360715866089 
v -0.022196684032678604 0.09845291078090668 0.033683616667985916 
v -0.018411194905638695 0.09973511844873428 0.03237360715866089 
v -0.018411194905638695 0.09946674853563309 0.033683616667985916 
v -0.014489293098449707 0.09868400543928146 0.03237360715866089 
v -0.01462570670992136 0.09845291078090668 0.033683616667985916 
v -0.02427699789404869 0.0952921211719513 0.034906819462776184 
v -0.02178744226694107 0.09777453541755676 0.034906819462776184 
v -0.018411194905638695 0.09868400543928146 0.034906819462776184 
v -0.015000845305621624 0.09777453541755676 0.034906819462776184 
v -0.10206708312034607 0.08036035299301147 0.032323628664016724 
v -0.10189656168222427 0.08036035299301147 0.03311542049050331 
v -0.10145321488380432 0.08272349834442139 0.032323628664016724 
v -0.10131680220365524 0.08264148980379105 0.03311542049050331 
v -0.10145321488380432 0.08036035299301147 0.033851973712444305 
v -0.10090756416320801 0.08240294456481934 0.033851973712444305 
v -0.1375347226858139 0.08719631284475327 0.034854207187891006 
v -0.1375347226858139 0.08835925161838531 0.035835400223731995 
v -0.14070634543895721 0.08804614841938019 0.034854207187891006 
v -0.14012658596038818 0.08905253559350967 0.035835400223731995 
v -0.14302538335323334 0.09036456048488617 0.034854207187891006 
v -0.14200228452682495 0.09095348417758942 0.035835400223731995 
v -0.14387796819210052 0.0935402661561966 0.034854207187891006 
v -0.14268435537815094 0.0935402661561966 0.035835400223731995 
v -0.14302538335323334 0.09671596437692642 0.034854207187891006 
v -0.14200228452682495 0.0961344987154007 0.035835400223731995 
v -0.14070634543895721 0.0990343764424324 0.034854207187891006 
v -0.14012658596038818 0.09802799671888351 0.035835400223731995 
v -0.1375347226858139 0.09988421201705933 0.034854207187891006 
v -0.1375347226858139 0.09872128069400787 0.035835400223731995 
v -0.1343630999326706 0.0990343764424324 0.034854207187891006 
v -0.13494285941123962 0.09802799671888351 0.035835400223731995 
v -0.13200995326042175 0.09671596437692642 0.034854207187891006 
v -0.13303305208683014 0.0961344987154007 0.035835400223731995 
v -0.13119147717952728 0.0935402661561966 0.034854207187891006 
v -0.13235099613666534 0.0935402661561966 0.035835400223731995 
v -0.13200995326042175 0.09036456048488617 0.034854207187891006 
v -0.13303305208683014 0.09095348417758942 0.035835400223731995 
v -0.1343630999326706 0.08804614841938019 0.034854207187891006 
v -0.13494285941123962 0.08905253559350967 0.035835400223731995 
v -0.13569313287734985 0.09036456048488617 0.036587733775377274 
v -0.1375347226858139 0.08988000452518463 0.036587733775377274 
v -0.13934220373630524 0.09036456048488617 0.036587733775377274 
v -0.14070634543895721 0.09170641005039215 0.036587733775377274 
v -0.1411837935447693 0.0935402661561966 0.036587733775377274 
v -0.14070634543895721 0.09537412226200104 0.036587733775377274 
v -0.13934220373630524 0.09671596437692642 0.036587733775377274 
v -0.1375347226858139 0.09720797836780548 0.036587733775377274 
v -0.13569313287734985 0.09671596437692642 0.036587733775377274 
v -0.1343630999326706 0.09537412226200104 0.036587733775377274 
v -0.1338515430688858 0.0935402661561966 0.036587733775377274 
v -0.1343630999326706 0.09170641005039215 0.036587733775377274 
v -0.13586364686489105 0.09259352087974548 0.03706122934818268 
v -0.13657982647418976 0.09190022945404053 0.03706122934818268 
v -0.1375347226858139 0.09164676815271378 0.03706122934818268 
v -0.13845551013946533 0.09190022945404053 0.03706122934818268 
v -0.13917168974876404 0.09259352087974548 0.03706122934818268 
v -0.13941040635108948 0.0935402661561966 0.03706122934818268 
v -0.13917168974876404 0.0944870114326477 0.03706122934818268 
v -0.13845551013946533 0.09518029540777206 0.03706122934818268 
v -0.1375347226858139 0.09543375670909882 0.03706122934818268 
v -0.13657982647418976 0.09518029540777206 0.03706122934818268 
v -0.13586364686489105 0.0944870114326477 0.03706122934818268 
v -0.1356249302625656 0.0935402661561966 0.03706122934818268 
v -0.2036273032426834 0.09750616550445557 0.03471741825342178 
v -0.20229727029800415 0.09674578905105591 0.03599849343299866 
v -0.20059208571910858 0.10053277015686035 0.03471741825342178 
v -0.19984181225299835 0.09922074526548386 0.03599849343299866 
v -0.19646556675434113 0.10164352506399155 0.03471741825342178 
v -0.19646556675434113 0.10012276470661163 0.03599849343299866 
v -0.19230493903160095 0.10053277015686035 0.03471741825342178 
v -0.1930893212556839 0.09922074526548386 0.03599849343299866 
v -0.18926973640918732 0.09750616550445557 0.03471741825342178 
v -0.19059976935386658 0.09674578905105591 0.03599849343299866 
v -0.1881784200668335 0.09336880594491959 0.03471741825342178 
v -0.18971307575702667 0.09336880594491959 0.03599849343299866 
v -0.18926973640918732 0.0892314463853836 0.03471741825342178 
v -0.19059976935386658 0.08998437225818634 0.03599849343299866 
v -0.19230493903160095 0.0861973837018013 0.03471741825342178 
v -0.1930893212556839 0.08751686662435532 0.03599849343299866 
v -0.19646556675434113 0.08509408682584763 0.03471741825342178 
v -0.19646556675434113 0.08660739660263062 0.03599849343299866 
v -0.20059208571910858 0.0861973837018013 0.03471741825342178 
v -0.19984181225299835 0.08751686662435532 0.03599849343299866 
v -0.2036273032426834 0.0892314463853836 0.03471741825342178 
v -0.20229727029800415 0.08998437225818634 0.03599849343299866 
v -0.20471861958503723 0.09336880594491959 0.03471741825342178 
v -0.20321805775165558 0.09336880594491959 0.03599849343299866 
v -0.20124006271362305 0.09336880594491959 0.03697968274354935 
v -0.20059208571910858 0.09575431048870087 0.03697968274354935 
v -0.1988528072834015 0.09750616550445557 0.03697968274354935 
v -0.19646556675434113 0.09814726561307907 0.03697968274354935 
v -0.19407832622528076 0.09750616550445557 0.03697968274354935 
v -0.19230493903160095 0.09575431048870087 0.03697968274354935 
v -0.1916910856962204 0.09336880594491959 0.03697968274354935 
v -0.19230493903160095 0.09097585082054138 0.03697968274354935 
v -0.19407832622528076 0.0892314463853836 0.03697968274354935 
v -0.19646556675434113 0.0885903462767601 0.03697968274354935 
v -0.1988528072834015 0.0892314463853836 0.03697968274354935 
v -0.20059208571910858 0.09097585082054138 0.03697968274354935 
v -0.19857998192310333 0.09213132411241531 0.037597861140966415 
v -0.19892102479934692 0.09336880594491959 0.037597861140966415 
v -0.19857998192310333 0.09460628777742386 0.037597861140966415 
v -0.19769328832626343 0.09550830721855164 0.037597861140966415 
v -0.19646556675434113 0.09583631157875061 0.037597861140966415 
v -0.1952037364244461 0.09550830721855164 0.037597861140966415 
v -0.1943170428276062 0.09460628777742386 0.037597861140966415 
v -0.1939760148525238 0.09336880594491959 0.037597861140966415 
v -0.1943170428276062 0.09213132411241531 0.037597861140966415 
v -0.1952037364244461 0.09122185409069061 0.037597861140966415 
v -0.19646556675434113 0.09089384227991104 0.037597861140966415 
v -0.19769328832626343 0.09122185409069061 0.037597861140966415 
v -0.13845551013946533 0.09190022945404053 0.03706122934818268 
v -0.1375347226858139 0.09164676815271378 0.03706122934818268 
v -0.1375347226858139 0.0935402661561966 0.03722432255744934 
v -0.13657982647418976 0.09190022945404053 0.03706122934818268 
v -0.13586364686489105 0.09259352087974548 0.03706122934818268 
v -0.1356249302625656 0.0935402661561966 0.03706122934818268 
v -0.13586364686489105 0.0944870114326477 0.03706122934818268 
v -0.13657982647418976 0.09518029540777206 0.03706122934818268 
v -0.1375347226858139 0.09543375670909882 0.03706122934818268 
v -0.13845551013946533 0.09518029540777206 0.03706122934818268 
v -0.13917168974876404 0.0944870114326477 0.03706122934818268 
v -0.13941040635108948 0.0935402661561966 0.03706122934818268 
v -0.13917168974876404 0.09259352087974548 0.03706122934818268 
v -0.1315666139125824 0.08308131992816925 -0.04496689885854721 
v -0.13047529757022858 0.08240294456481934 -0.04496689885854721 
v -0.1322827786207199 0.08071818202733994 -0.045177340507507324 
v -0.12986142933368683 0.08126983046531677 -0.04496689885854721 
v -0.12992964684963226 0.07998762279748917 -0.04496689885854721 
v -0.13061171770095825 0.07890668511390686 -0.04496689885854721 
v -0.1317371279001236 0.07831031084060669 -0.04496689885854721 
v -0.13303305208683014 0.07836249470710754 -0.04496689885854721 
v -0.13409027457237244 0.07904087007045746 -0.04496689885854721 
v -0.134704127907753 0.08017398416996002 -0.04496689885854721 
v -0.13463592529296875 0.08145619928836823 -0.04496689885854721 
v -0.13395385444164276 0.08253712952136993 -0.04496689885854721 
v -0.13282844424247742 0.0831335037946701 -0.04496689885854721 
v -0.02427699789404869 0.0952921211719513 0.034906819462776184 
v -0.02318568527698517 0.09467338025569916 0.035956405103206635 
v -0.02178744226694107 0.09777453541755676 0.034906819462776184 
v -0.02117357961833477 0.09670105576515198 0.035956405103206635 
v -0.018411194905638695 0.09868400543928146 0.034906819462776184 
v -0.018411194905638695 0.09743907302618027 0.035956405103206635 
v -0.015000845305621624 0.09777453541755676 0.034906819462776184 
v -0.015614708885550499 0.09670105576515198 0.035956405103206635 
v -0.012511289678514004 0.0952921211719513 0.034906819462776184 
v -0.013602602295577526 0.09467338025569916 0.035956405103206635 
v -0.011624598875641823 0.09190022945404053 0.034906819462776184 
v -0.012852325104176998 0.09190022945404053 0.035956405103206635 
v -0.012511289678514004 0.08850834518671036 0.034906819462776184 
v -0.013602602295577526 0.08913453668355942 0.035956405103206635 
v -0.015000845305621624 0.08602592349052429 0.034906819462776184 
v -0.015614708885550499 0.0871068611741066 0.035956405103206635 
v -0.018411194905638695 0.08511645346879959 0.034906819462776184 
v -0.018411194905638695 0.08636138588190079 0.035956405103206635 
v -0.02178744226694107 0.08602592349052429 0.034906819462776184 
v -0.02117357961833477 0.0871068611741066 0.035956405103206635 
v -0.02427699789404869 0.08850834518671036 0.034906819462776184 
v -0.02318568527698517 0.08913453668355942 0.035956405103206635 
v -0.025197792798280716 0.09190022945404053 0.034906819462776184 
v -0.023935962468385696 0.09190022945404053 0.035956405103206635 
v -0.022298995405435562 0.09190022945404053 0.03676135092973709 
v -0.02178744226694107 0.09386081993579865 0.03676135092973709 
v -0.020355094224214554 0.0952921211719513 0.03676135092973709 
v -0.018411194905638695 0.09582140296697617 0.03676135092973709 
v -0.016433192417025566 0.0952921211719513 0.03676135092973709 
v -0.015000845305621624 0.09386081993579865 0.03676135092973709 
v -0.014489293098449707 0.09190022945404053 0.03676135092973709 
v -0.015000845305621624 0.08994709700345993 0.03676135092973709 
v -0.016433192417025566 0.08850834518671036 0.03676135092973709 
v -0.018411194905638695 0.08798651397228241 0.03676135092973709 
v -0.020355094224214554 0.08850834518671036 0.03676135092973709 
v -0.02178744226694107 0.08994709700345993 0.03676135092973709 
v -0.020150473341345787 0.09088639169931412 0.037269044667482376 
v -0.020423302426934242 0.09190022945404053 0.037269044667482376 
v -0.020150473341345787 0.09291406720876694 0.037269044667482376 
v -0.01940019614994526 0.09365954250097275 0.037269044667482376 
v -0.018411194905638695 0.09392791241407394 0.037269044667482376 
v -0.01738809049129486 0.09365954250097275 0.037269044667482376 
v -0.016637813299894333 0.09291406720876694 0.037269044667482376 
v -0.016364986076951027 0.09190022945404053 0.037269044667482376 
v -0.016637813299894333 0.09088639169931412 0.037269044667482376 
v -0.01738809049129486 0.09014837443828583 0.037269044667482376 
v -0.018411194905638695 0.08987255394458771 0.037269044667482376 
v -0.01940019614994526 0.09014837443828583 0.037269044667482376 
v -0.1952037364244461 0.09122185409069061 0.037597861140966415 
v -0.1943170428276062 0.09213132411241531 0.037597861140966415 
v -0.19646556675434113 0.09336880594491959 0.03780830278992653 
v -0.1939760148525238 0.09336880594491959 0.037597861140966415 
v -0.1943170428276062 0.09460628777742386 0.037597861140966415 
v -0.1952037364244461 0.09550830721855164 0.037597861140966415 
v -0.19646556675434113 0.09583631157875061 0.037597861140966415 
v -0.19769328832626343 0.09550830721855164 0.037597861140966415 
v -0.19857998192310333 0.09460628777742386 0.037597861140966415 
v -0.19892102479934692 0.09336880594491959 0.037597861140966415 
v -0.19857998192310333 0.09213132411241531 0.037597861140966415 
v -0.19769328832626343 0.09122185409069061 0.037597861140966415 
v -0.19646556675434113 0.09089384227991104 0.037597861140966415 
v -0.5261099934577942 0.17232152819633484 0.000012705459994322155 
v -0.5261099934577942 0.17387956380844116 -0.0011841902742162347 
v -0.5261099934577942 0.16855691373348236 -0.0065057724714279175 
v -0.5261099934577942 0.1750723123550415 -0.0027414700016379356 
v -0.5261099934577942 0.17582523822784424 -0.004556542728096247 
v -0.5261099934577942 0.1760787069797516 -0.0065057724714279175 
v -0.5261099934577942 0.17582523822784424 -0.008455002680420876 
v -0.5261099934577942 0.1750723123550415 -0.0102700749412179 
v -0.5261099934577942 0.17387956380844116 -0.01182735525071621 
v -0.5261099934577942 0.17232152819633484 -0.013024250976741314 
v -0.5261099934577942 0.17050258815288544 -0.013776585459709167 
v -0.5261099934577942 0.16855691373348236 -0.014034378342330456 
v -0.5261099934577942 0.16660377383232117 -0.013776585459709167 
v -0.5261099934577942 0.1647922843694687 -0.013024250976741314 
v -0.5261099934577942 0.16323424875736237 -0.01182735525071621 
v -0.5261099934577942 0.1620340496301651 -0.0102700749412179 
v -0.5261099934577942 0.16128112375736237 -0.008455002680420876 
v -0.5261099934577942 0.1610276699066162 -0.0065057724714279175 
v -0.5261099934577942 0.16128112375736237 -0.004556542728096247 
v -0.5261099934577942 0.1620340496301651 -0.0027414700016379356 
v -0.5261099934577942 0.16323424875736237 -0.0011841902742162347 
v -0.5261099934577942 0.1647922843694687 0.000012705459994322155 
v -0.5261099934577942 0.16660377383232117 0.0007650398765690625 
v -0.5261099934577942 0.16855691373348236 0.0010228328173980117 
v -0.5261099934577942 0.17050258815288544 0.0007650398765690625 
v -0.0035420695785433054 0.08812069892883301 -0.04308343306183815 
v -0.003644380019977689 0.0889258086681366 -0.04376737028360367 
v -0.0014276525471359491 0.08898544311523438 -0.04308343306183815 
v -0.0019051014678552747 0.0896340012550354 -0.04376737028360367 
v -0.00002940900048997719 0.09079693257808685 -0.04308343306183815 
v -0.0007796859717927873 0.09111003577709198 -0.04376737028360367 
v 0.0002775224857032299 0.09306316077709198 -0.04308343306183815 
v -0.0005068579921498895 0.09295880049467087 -0.04376737028360367 
v -0.0005750649725086987 0.09518029540777206 -0.04308343306183815 
v -0.0012230315478518605 0.0946882888674736 -0.04376737028360367 
v -0.0023825503885746002 0.09658177942037582 -0.04308343306183815 
v -0.002689481945708394 0.09582886099815369 -0.04376737028360367 
v -0.004667485132813454 0.09688742458820343 -0.04308343306183815 
v -0.00456517469137907 0.09608231484889984 -0.04376737028360367 
v -0.00678190216422081 0.09601522237062454 -0.04308343306183815 
v -0.006270349491387606 0.09537412226200104 -0.04376737028360367 
v -0.008180145174264908 0.09420373290777206 -0.04308343306183815 
v -0.007429868448525667 0.09389063715934753 -0.04376737028360367 
v -0.008487077429890633 0.09193750470876694 -0.04308343306183815 
v -0.007668592967092991 0.09204187244176865 -0.04376737028360367 
v -0.007600386161357164 0.08982037007808685 -0.04308343306183815 
v -0.00695241941139102 0.09031237661838531 -0.04376737028360367 
v -0.005792900454252958 0.08842633664608002 -0.04308343306183815 
v -0.005485969129949808 0.08917181193828583 -0.04376737028360367 
v -0.005076726898550987 0.09014837443828583 -0.04429347813129425 
v -0.003780794097110629 0.0899694636464119 -0.04429347813129425 
v -0.0025530681014060974 0.09046892821788788 -0.04429347813129425 
v -0.0017345839878544211 0.0915200412273407 -0.04429347813129425 
v -0.0015640665078535676 0.09282461553812027 -0.04429347813129425 
v -0.00207561906427145 0.0940471813082695 -0.04429347813129425 
v -0.0030987239442765713 0.09485229104757309 -0.04429347813129425 
v -0.00442876061424613 0.09503120183944702 -0.04429347813129425 
v -0.005656486377120018 0.09453173726797104 -0.04429347813129425 
v -0.006440867204219103 0.09348808228969574 -0.04429347813129425 
v -0.006611384451389313 0.09217605739831924 -0.04429347813129425 
v -0.006133935414254665 0.09095348417758942 -0.04429347813129425 
v -0.005144934169948101 0.09169895201921463 -0.04462229833006859 
v -0.00459927786141634 0.09128148853778839 -0.04462229833006859 
v -0.003917207941412926 0.09119203686714172 -0.04462229833006859 
v -0.0033033450599759817 0.0914529487490654 -0.04462229833006859 
v -0.0028599994257092476 0.09198968857526779 -0.04462229833006859 
v -0.0027917923871427774 0.0926680639386177 -0.04462229833006859 
v -0.003030516905710101 0.09330171346664429 -0.04462229833006859 
v -0.0035761729814112186 0.09371917694807053 -0.04462229833006859 
v -0.004258242901414633 0.09380863606929779 -0.04462229833006859 
v -0.004906209651380777 0.09355517476797104 -0.04462229833006859 
v -0.005315451417118311 0.09301098436117172 -0.04462229833006859 
v -0.005417761858552694 0.09233260154724121 -0.04462229833006859 
v -0.08082059770822525 0.09542630612850189 -0.04222061485052109 
v -0.0796951875090599 0.09507593512535095 -0.04320180416107178 
v -0.08095701783895493 0.09213878214359283 -0.04222061485052109 
v -0.07983160018920898 0.09239969402551651 -0.04320180416107178 
v -0.07942235469818115 0.0892314463853836 -0.04222061485052109 
v -0.07856976985931396 0.09002164751291275 -0.04320180416107178 
v -0.07665996998548508 0.0874795913696289 -0.04222061485052109 
v -0.07628483325242996 0.0885903462767601 -0.04320180416107178 
v -0.07335193455219269 0.08735286444425583 -0.04222061485052109 
v -0.07362475991249084 0.08848597854375839 -0.04320180416107178 
v -0.07045313715934753 0.08888107538223267 -0.04222061485052109 
v -0.07123751938343048 0.08973836898803711 -0.04320180416107178 
v -0.06871385872364044 0.0916542261838913 -0.04222061485052109 
v -0.06980516761541367 0.09200459718704224 -0.04320180416107178 
v -0.06857744604349136 0.09494175016880035 -0.04222061485052109 
v -0.06970285624265671 0.09468083083629608 -0.04320180416107178 
v -0.07011210173368454 0.09784907847642899 -0.04222061485052109 
v -0.07096468657255173 0.09705888479948044 -0.04320180416107178 
v -0.07287448644638062 0.09960093349218369 -0.04222061485052109 
v -0.07321552187204361 0.09849018603563309 -0.04320180416107178 
v -0.07614842057228088 0.09972766786813736 -0.04222061485052109 
v -0.07590969651937485 0.0985945537686348 -0.04320180416107178 
v -0.07908131927251816 0.09819944947957993 -0.04222061485052109 
v -0.07826283574104309 0.097349613904953 -0.04320180416107178 
v -0.07723972946405411 0.09623140841722488 -0.04395677149295807 
v -0.07826283574104309 0.09462865442037582 -0.04395677149295807 
v -0.07833104580640793 0.092735156416893 -0.04395677149295807 
v -0.07744435220956802 0.09105785191059113 -0.04395677149295807 
v -0.07584148645401001 0.09004400670528412 -0.04395677149295807 
v -0.07396579533815384 0.0899694636464119 -0.04395677149295807 
v -0.07226062566041946 0.09084911644458771 -0.04395677149295807 
v -0.0712716206908226 0.09245187789201736 -0.04395677149295807 
v -0.07120341062545776 0.09434536844491959 -0.04395677149295807 
v -0.07205600291490555 0.09603013098239899 -0.04395677149295807 
v -0.07365886867046356 0.09703651815652847 -0.04395677149295807 
v -0.07556866109371185 0.09711106866598129 -0.04395677149295807 
v -0.07519352436065674 0.09538903087377548 -0.044430267065763474 
v -0.07604610919952393 0.09493429213762283 -0.044430267065763474 
v -0.07655766606330872 0.09410682320594788 -0.044430267065763474 
v -0.07662586867809296 0.09312280267477036 -0.044430267065763474 
v -0.07614842057228088 0.09225060045719147 -0.044430267065763474 
v -0.07532993704080582 0.09172876924276352 -0.044430267065763474 
v -0.07434093207120895 0.0916915014386177 -0.044430267065763474 
v -0.07348834723234177 0.09214623272418976 -0.044430267065763474 
v -0.07294268906116486 0.09298115968704224 -0.044430267065763474 
v -0.07290858775377274 0.09395772963762283 -0.044430267065763474 
v -0.07335193455219269 0.09482992440462112 -0.044430267065763474 
v -0.07420451939105988 0.09535175561904907 -0.044430267065763474 
v -0.1315666139125824 0.08308131992816925 -0.04496689885854721 
v -0.1308504343032837 0.0852879136800766 -0.04434872046113014 
v -0.13047529757022858 0.08240294456481934 -0.04496689885854721 
v -0.1287701278924942 0.08396097272634506 -0.04434872046113014 
v -0.12986142933368683 0.08126983046531677 -0.04496689885854721 
v -0.12761060893535614 0.08177674561738968 -0.04434872046113014 
v -0.12992964684963226 0.07998762279748917 -0.04496689885854721 
v -0.1277129203081131 0.07930178940296173 -0.04434872046113014 
v -0.13061171770095825 0.07890668511390686 -0.04496689885854721 
v -0.12904295325279236 0.07721447199583054 -0.04434872046113014 
v -0.1317371279001236 0.07831031084060669 -0.04496689885854721 
v -0.1312255710363388 0.07605899125337601 -0.04434872046113014 
v -0.13303305208683014 0.07836249470710754 -0.04496689885854721 
v -0.13371512293815613 0.0761559009552002 -0.04434872046113014 
v -0.13409027457237244 0.07904087007045746 -0.04496689885854721 
v -0.1357954442501068 0.07748284190893173 -0.04434872046113014 
v -0.134704127907753 0.08017398416996002 -0.04496689885854721 
v -0.13695496320724487 0.07966706901788712 -0.04434872046113014 
v -0.13463592529296875 0.08145619928836823 -0.04496689885854721 
v -0.13685265183448792 0.08214202523231506 -0.04434872046113014 
v -0.13395385444164276 0.08253712952136993 -0.04496689885854721 
v -0.13552261888980865 0.08422934263944626 -0.04434872046113014 
v -0.13282844424247742 0.0831335037946701 -0.04496689885854721 
v -0.133339986205101 0.08538482338190079 -0.04434872046113014 
v -0.13378334045410156 0.08731558918952942 -0.04336489737033844 
v -0.13027067482471466 0.0871739536523819 -0.04336489737033844 
v -0.1273377686738968 0.08531027287244797 -0.04336489737033844 
v -0.12570080161094666 0.08220911771059036 -0.04336489737033844 
v -0.12583722174167633 0.07871286571025848 -0.04336489737033844 
v -0.1277129203081131 0.07576080411672592 -0.04336489737033844 
v -0.13078223168849945 0.07412822544574738 -0.04336489737033844 
v -0.13429488241672516 0.0742698684334755 -0.04336489737033844 
v -0.13726189732551575 0.07613354176282883 -0.04336489737033844 
v -0.13886475563049316 0.07923469692468643 -0.04336489737033844 
v -0.13872835040092468 0.08273094892501831 -0.04336489737033844 
v -0.13685265183448792 0.08568301051855087 -0.04336489737033844 
v -0.13790985941886902 0.08680121600627899 -0.042083825916051865 
v -0.13412436842918396 0.088791623711586 -0.042083825916051865 
v -0.1298273354768753 0.08862761408090591 -0.042083825916051865 
v -0.12621235847473145 0.08633902668952942 -0.042083825916051865 
v -0.1242002546787262 0.08254458010196686 -0.042083825916051865 
v -0.1243707686662674 0.07826558500528336 -0.042083825916051865 
v -0.1266556978225708 0.0746425986289978 -0.042083825916051865 
v -0.13047529757022858 0.07265219837427139 -0.042083825916051865 
v -0.1347382366657257 0.07281620055437088 -0.042083825916051865 
v -0.13835319876670837 0.07510478794574738 -0.042083825916051865 
v -0.14036531746387482 0.07889923453330994 -0.042083825916051865 
v -0.14019478857517242 0.08317822962999344 -0.042083825916051865 
v -0.09841800481081009 0.07974907010793686 0.035277724266052246 
v -0.09940700978040695 0.07917505502700806 0.03497258201241493 
v -0.09797465801239014 0.07930178940296173 0.035277724266052246 
v -0.09852031618356705 0.07831031084060669 0.03497258201241493 
v -0.09736079722642899 0.07913778722286224 0.035277724266052246 
v -0.09736079722642899 0.07799721509218216 0.03497258201241493 
v -0.09674693644046783 0.07930178940296173 0.035277724266052246 
v -0.0961671769618988 0.07831031084060669 0.03497258201241493 
v -0.09630358964204788 0.07974907010793686 0.035277724266052246 
v -0.09531458467245102 0.07917505502700806 0.03497258201241493 
v -0.09613307565450668 0.08036035299301147 0.035277724266052246 
v -0.09497355669736862 0.08036035299301147 0.03497258201241493 
v -0.09630358964204788 0.08097164332866669 0.035277724266052246 
v -0.09531458467245102 0.08153820037841797 0.03497258201241493 
v -0.09674693644046783 0.08141892403364182 0.035277724266052246 
v -0.0961671769618988 0.08240294456481934 0.03497258201241493 
v -0.09736079722642899 0.0815829262137413 0.035277724266052246 
v -0.09736079722642899 0.08272349834442139 0.03497258201241493 
v -0.09797465801239014 0.08141892403364182 0.035277724266052246 
v -0.09852031618356705 0.08240294456481934 0.03497258201241493 
v -0.09841800481081009 0.08097164332866669 0.035277724266052246 
v -0.09940700978040695 0.08153820037841797 0.03497258201241493 
v -0.09855441749095917 0.08036035299301147 0.035277724266052246 
v -0.09971393644809723 0.08036035299301147 0.03497258201241493 
v -0.10070294141769409 0.08036035299301147 0.03448593243956566 
v -0.10022549331188202 0.07869049906730652 0.03448593243956566 
v -0.09903187304735184 0.07746793329715729 0.03448593243956566 
v -0.09736079722642899 0.07701319456100464 0.03448593243956566 
v -0.09568972885608673 0.07746793329715729 0.03448593243956566 
v -0.09446199983358383 0.07869049906730652 0.03448593243956566 
v -0.09401865303516388 0.08036035299301147 0.03448593243956566 
v -0.09446199983358383 0.08203020691871643 0.03448593243956566 
v -0.09568972885608673 0.08325278013944626 0.03448593243956566 
v -0.09736079722642899 0.08370006084442139 0.03448593243956566 
v -0.09903187304735184 0.08325278013944626 0.03448593243956566 
v -0.10022549331188202 0.08203020691871643 0.03448593243956566 
v -0.10090756416320801 0.08240294456481934 0.033851973712444305 
v -0.10145321488380432 0.08036035299301147 0.033851973712444305 
v -0.10090756416320801 0.07831031084060669 0.033851973712444305 
v -0.09940700978040695 0.07681191712617874 0.033851973712444305 
v -0.09736079722642899 0.07626772671937943 0.033851973712444305 
v -0.09531458467245102 0.07681191712617874 0.033851973712444305 
v -0.09381403028964996 0.07831031084060669 0.033851973712444305 
v -0.09326837956905365 0.08036035299301147 0.033851973712444305 
v -0.09381403028964996 0.08240294456481934 0.033851973712444305 
v -0.09531458467245102 0.08390133827924728 0.033851973712444305 
v -0.09736079722642899 0.08445298671722412 0.033851973712444305 
v -0.09940700978040695 0.08390133827924728 0.033851973712444305 
v 0.5913593769073486 0.1516272872686386 -0.006584689021110535 
v 0.5900634527206421 0.1516272872686386 -0.011445926502346992 
v 0.5816398859024048 0.1516272872686386 -0.006584689021110535 
v 0.586482584476471 0.1516272872686386 -0.015005047433078289 
v 0.5816398859024048 0.1516272872686386 -0.016309795901179314 
v 0.5767630934715271 0.1516272872686386 -0.015005047433078289 
v 0.5732163190841675 0.1516272872686386 -0.011445926502346992 
v 0.5719203948974609 0.1516272872686386 -0.006584689021110535 
v 0.5732163190841675 0.1516272872686386 -0.0017208204371854663 
v 0.5767630934715271 0.1516272872686386 0.0018383002607151866 
v 0.5816398859024048 0.1516272872686386 0.0031404176261276007 
v 0.586482584476471 0.1516272872686386 0.0018383002607151866 
v 0.5900634527206421 0.1516272872686386 -0.0017208204371854663 
v -0.09674693644046783 0.07930178940296173 0.035277724266052246 
v -0.09630358964204788 0.07974907010793686 0.035277724266052246 
v -0.09736079722642899 0.08036035299301147 0.0353829450905323 
v -0.09613307565450668 0.08036035299301147 0.035277724266052246 
v -0.09630358964204788 0.08097164332866669 0.035277724266052246 
v -0.09674693644046783 0.08141892403364182 0.035277724266052246 
v -0.09736079722642899 0.0815829262137413 0.035277724266052246 
v -0.09797465801239014 0.08141892403364182 0.035277724266052246 
v -0.09841800481081009 0.08097164332866669 0.035277724266052246 
v -0.09855441749095917 0.08036035299301147 0.035277724266052246 
v -0.09841800481081009 0.07974907010793686 0.035277724266052246 
v -0.09797465801239014 0.07930178940296173 0.035277724266052246 
v -0.09736079722642899 0.07913778722286224 0.035277724266052246 
v -0.003917207941412926 0.09119203686714172 -0.04462229833006859 
v -0.00459927786141634 0.09128148853778839 -0.04462229833006859 
v -0.004087725654244423 0.09250406175851822 -0.04473540931940079 
v -0.005144934169948101 0.09169895201921463 -0.04462229833006859 
v -0.005417761858552694 0.09233260154724121 -0.04462229833006859 
v -0.005315451417118311 0.09301098436117172 -0.04462229833006859 
v -0.004906209651380777 0.09355517476797104 -0.04462229833006859 
v -0.004258242901414633 0.09380863606929779 -0.04462229833006859 
v -0.0035761729814112186 0.09371917694807053 -0.04462229833006859 
v -0.003030516905710101 0.09330171346664429 -0.04462229833006859 
v -0.0027917923871427774 0.0926680639386177 -0.04462229833006859 
v -0.0028599994257092476 0.09198968857526779 -0.04462229833006859 
v -0.0033033450599759817 0.0914529487490654 -0.04462229833006859 
v -0.07532993704080582 0.09172876924276352 -0.044430267065763474 
v -0.07614842057228088 0.09225060045719147 -0.044430267065763474 
v -0.07475017756223679 0.0935402661561966 -0.04459073022007942 
v -0.07662586867809296 0.09312280267477036 -0.044430267065763474 
v -0.07655766606330872 0.09410682320594788 -0.044430267065763474 
v -0.07604610919952393 0.09493429213762283 -0.044430267065763474 
v -0.07519352436065674 0.09538903087377548 -0.044430267065763474 
v -0.07420451939105988 0.09535175561904907 -0.044430267065763474 
v -0.07335193455219269 0.09482992440462112 -0.044430267065763474 
v -0.07290858775377274 0.09395772963762283 -0.044430267065763474 
v -0.07294268906116486 0.09298115968704224 -0.044430267065763474 
v -0.07348834723234177 0.09214623272418976 -0.044430267065763474 
v -0.07434093207120895 0.0916915014386177 -0.044430267065763474 
v 0.5767630934715271 0.12587130069732666 -0.015005047433078289 
v 0.5816398859024048 0.12587130069732666 -0.016309795901179314 
v 0.5816398859024048 0.12587130069732666 -0.006584689021110535 
v 0.586482584476471 0.12587130069732666 -0.015005047433078289 
v 0.5900634527206421 0.12587130069732666 -0.011445926502346992 
v 0.5913593769073486 0.12587130069732666 -0.006584689021110535 
v 0.5900634527206421 0.12587130069732666 -0.0017208204371854663 
v 0.586482584476471 0.12587130069732666 0.0018383002607151866 
v 0.5816398859024048 0.12587130069732666 0.0031404176261276007 
v 0.5767630934715271 0.12587130069732666 0.0018383002607151866 
v 0.5732163190841675 0.12587130069732666 -0.0017208204371854663 
v 0.5719203948974609 0.12587130069732666 -0.006584689021110535 
v 0.5732163190841675 0.12587130069732666 -0.011445926502346992 
v -0.01738809049129486 0.09014837443828583 0.037269044667482376 
v -0.016637813299894333 0.09088639169931412 0.037269044667482376 
v -0.018411194905638695 0.09190022945404053 0.037442658096551895 
v -0.016364986076951027 0.09190022945404053 0.037269044667482376 
v -0.016637813299894333 0.09291406720876694 0.037269044667482376 
v -0.01738809049129486 0.09365954250097275 0.037269044667482376 
v -0.018411194905638695 0.09392791241407394 0.037269044667482376 
v -0.01940019614994526 0.09365954250097275 0.037269044667482376 
v -0.020150473341345787 0.09291406720876694 0.037269044667482376 
v -0.020423302426934242 0.09190022945404053 0.037269044667482376 
v -0.020150473341345787 0.09088639169931412 0.037269044667482376 
v -0.01940019614994526 0.09014837443828583 0.037269044667482376 
v -0.018411194905638695 0.08987255394458771 0.037269044667482376 
v -0.03324621915817261 0.044443611055612564 0.0011780346976593137 
v -0.02506137825548649 0.0013554443139582872 -0.00021615151490550488 
v -0.03184797614812851 0.04438397288322449 -0.008036746643483639 
v -0.5088536143302917 0.16424064338207245 -0.01397650595754385 
v -0.5261099934577942 0.17582523822784424 -0.008455002680420876 
v -0.4864817261695862 0.21275582909584045 -0.029451973736286163 
v 0.13921518623828888 -0.018496422097086906 -0.010309533216059208 
v 0.13921518623828888 -0.02779988758265972 -0.0010079441126435995 
v 0.13921518623828888 -0.018496422097086906 -0.0010079441126435995 
v 0.13921518623828888 -0.02779988758265972 -0.010309533216059208 
vn 0.538541316986084 0.2623378038406372 0.8007197380065918 
vn -0.7353647947311401 0.3947985768318176 0.5507928133010864 
vn 0.27216750383377075 -0.32403111457824707 0.9060511589050293 
vn -0.47929394245147705 -0.5949722528457642 0.6452018022537231 
vn 0.2638835310935974 -0.38434067368507385 0.8846737742424011 
vn -0.2711772620677948 -0.6300687193870544 0.7276512384414673 
vn 0.3563830256462097 -0.4175608158111572 0.8358433246612549 
vn -0.4345450699329376 -0.6923338770866394 0.5760593414306641 
vn 0.3517073094844818 -0.11823033541440964 0.9286137819290161 
vn -0.6098645925521851 -0.17121639847755432 0.7737894654273987 
vn 0.35188859701156616 -0.04506109654903412 0.9349566102027893 
vn -0.723323404788971 -0.06401859223842621 0.6875353455543518 
vn 0.3312062621116638 0.0450277142226696 0.9424833655357361 
vn -0.6949621438980103 -0.26542508602142334 0.6682642698287964 
vn 0.30994588136672974 0.145683154463768 0.9395264387130737 
vn -0.5799976587295532 -0.4418818950653076 0.6843559741973877 
vn 0.2816638648509979 0.23525463044643402 0.9302261471748352 
vn -0.48264628648757935 -0.5465431809425354 0.6843559741973877 
vn 0.5340307354927063 -0.38799604773521423 0.7511792182922363 
vn -0.1331457495689392 -0.7719879746437073 0.6215357780456543 
vn 0.6930496692657471 0.6143762469291687 0.37712597846984863 
vn 0.8236063122749329 0.4008137881755829 0.401274174451828 
vn -0.37337926030158997 0.6567740440368652 0.6551609039306641 
vn 0.6800746917724609 0.5192655920982361 0.5175535082817078 
vn -0.3760165274143219 0.8019094467163086 0.4642767012119293 
vn 0.6768994927406311 0.6368929743766785 0.3690181374549866 
vn -0.3749704957008362 0.8953959941864014 0.2401314377784729 
vn 0.6788514256477356 0.7095545530319214 0.18892620503902435 
vn -0.3756946325302124 0.9267409443855286 0.002184694167226553 
vn 0.6799074411392212 0.733294665813446 0.002184694167226553 
vn -0.3749704957008362 0.8953959941864014 -0.2401314377784729 
vn 0.6788514256477356 0.7095545530319214 -0.18892620503902435 
vn -0.3713598847389221 0.8040764927864075 -0.4642767012119293 
vn 0.6762771606445312 0.6375537514686584 -0.3690181374549866 
vn -0.37556058168411255 0.6555291414260864 -0.6551609039306641 
vn 0.6795988082885742 0.5198882222175598 -0.5175535082817078 
vn -0.9118976593017578 0.4104118347167969 0.002184694167226553 
vn -0.9119608402252197 0.39612048864364624 0.10684575140476227 
vn -0.8489671349525452 0.49015140533447266 0.1975002884864807 
vn -0.8066062331199646 0.4649679958820343 0.3649536371231079 
vn -0.49015140533447266 0.8489671349525452 0.1975002884864807 
vn -0.4633322060108185 0.8075469732284546 0.3649536371231079 
vn -1.0115697071221702e-13 0.9803028106689453 0.1975002884864807 
vn -0.0018870332278311253 0.9310237765312195 0.3649536371231079 
vn 0.49015140533447266 0.8489671349525452 0.1975002884864807 
vn 0.4666019082069397 0.8056621551513672 0.3649536371231079 
vn -0.6585766673088074 0.3816812038421631 0.6485338807106018 
vn -0.3784131407737732 0.6604598760604858 0.6485338807106018 
vn 0.003771807299926877 0.7611764073371887 0.6485338807106018 
vn 0.3784131407737732 0.6604598760604858 0.6485338807106018 
vn 0.3802618086338043 0.656115710735321 -0.651853621006012 
vn 0.381346732378006 0.6554857492446899 0.651853621006012 
vn 0.6551670432090759 0.38189396262168884 -0.651853621006012 
vn 0.6554857492446899 0.381346732378006 0.651853621006012 
vn 0.758344829082489 0 -0.651853621006012 
vn 0.758344829082489 0 0.651853621006012 
vn 0.6551670432090759 -0.38189396262168884 -0.651853621006012 
vn 0.6554857492446899 -0.381346732378006 0.651853621006012 
vn -0.3784131407737732 -0.6604598760604858 0.6485338807106018 
vn -0.4633322060108185 -0.8075469732284546 0.3649536371231079 
vn 0.003771807299926877 -0.7611764073371887 0.6485338807106018 
vn -0.0018870332278311253 -0.9310237765312195 0.3649536371231079 
vn 0.3784131407737732 -0.6604598760604858 0.6485338807106018 
vn 0.4666019082069397 -0.8056621551513672 0.3649536371231079 
vn 0.6585766673088074 -0.3816812038421631 0.6485338807106018 
vn 0.8047147989273071 -0.4682338833808899 0.3649536371231079 
vn -0.49015140533447266 -0.8489671349525452 0.1975002884864807 
vn 3.0455924782991917e-13 -0.9803028106689453 0.1975002884864807 
vn 0.49015140533447266 -0.8489671349525452 0.1975002884864807 
vn 0.8489671349525452 -0.49015140533447266 0.1975002884864807 
vn 0.6551670432090759 -0.38189396262168884 -0.651853621006012 
vn 0.6554857492446899 -0.381346732378006 0.651853621006012 
vn 0.3802618086338043 -0.656115710735321 -0.651853621006012 
vn 0.381346732378006 -0.6554857492446899 0.651853621006012 
vn -0.001887803548015654 -0.7583425045013428 -0.651853621006012 
vn 2.3560163152011593e-13 -0.758344829082489 0.651853621006012 
vn 0.3784131407737732 0.6604598760604858 0.6485338807106018 
vn 0.4666019082069397 0.8056621551513672 0.3649536371231079 
vn 0.003771807299926877 0.7611764073371887 0.6485338807106018 
vn -0.0018870332278311253 0.9310237765312195 0.3649536371231079 
vn -0.3784131407737732 0.6604598760604858 0.6485338807106018 
vn -0.4633322060108185 0.8075469732284546 0.3649536371231079 
vn -0.6585766673088074 0.3816812038421631 0.6485338807106018 
vn -0.8066062331199646 0.4649679958820343 0.3649536371231079 
vn 0.49015140533447266 0.8489671349525452 0.1975002884864807 
vn -1.0115697071221702e-13 0.9803028106689453 0.1975002884864807 
vn -0.49015140533447266 0.8489671349525452 0.1975002884864807 
vn -0.8489671349525452 0.49015140533447266 0.1975002884864807 
vn -0.001887803548015654 -0.7583425045013428 -0.651853621006012 
vn 2.3560163152011593e-13 -0.758344829082489 0.651853621006012 
vn -0.3769904673099518 -0.6580008268356323 -0.651853621006012 
vn -0.381346732378006 -0.6554857492446899 0.651853621006012 
vn -0.3769904673099518 -0.6580008268356323 -0.651853621006012 
vn -0.381346732378006 -0.6554857492446899 0.651853621006012 
vn -0.6570602655410767 -0.37862733006477356 -0.651853621006012 
vn -0.6554857492446899 -0.381346732378006 0.651853621006012 
vn -0.7583354115486145 0.0037755954544991255 -0.651853621006012 
vn -0.758344829082489 -1.568432341468584e-13 0.651853621006012 
vn -0.6570602655410767 0.37862733006477356 -0.651853621006012 
vn -0.6554857492446899 0.381346732378006 0.651853621006012 
vn 0.49015140533447266 0.8489671349525452 0.1975002884864807 
vn 0.4666019082069397 0.8056621551513672 0.3649536371231079 
vn 0.8489671349525452 0.49015140533447266 0.1975002884864807 
vn 0.8047147989273071 0.4682338833808899 0.3649536371231079 
vn 0.9803028106689453 0 0.1975002884864807 
vn 0.9310256838798523 0 0.3649536371231079 
vn 0.8489671349525452 -0.49015140533447266 0.1975002884864807 
vn 0.8047147989273071 -0.4682338833808899 0.3649536371231079 
vn 0.3784131407737732 0.6604598760604858 0.6485338807106018 
vn 0.6585766673088074 0.3816812038421631 0.6485338807106018 
vn 0.7611857652664185 0 0.6485338807106018 
vn 0.6585766673088074 -0.3816812038421631 0.6485338807106018 
vn 0.8489671349525452 -0.49015140533447266 0.1975002884864807 
vn 0.8047147989273071 -0.4682338833808899 0.3649536371231079 
vn 0.49015140533447266 -0.8489671349525452 0.1975002884864807 
vn 0.4666019082069397 -0.8056621551513672 0.3649536371231079 
vn 3.0455924782991917e-13 -0.9803028106689453 0.1975002884864807 
vn -0.0018870332278311253 -0.9310237765312195 0.3649536371231079 
vn -0.49015140533447266 -0.8489671349525452 0.1975002884864807 
vn -0.4633322060108185 -0.8075469732284546 0.3649536371231079 
vn 0.6585766673088074 -0.3816812038421631 0.6485338807106018 
vn 0.3784131407737732 -0.6604598760604858 0.6485338807106018 
vn 0.003771807299926877 -0.7611764073371887 0.6485338807106018 
vn -0.3784131407737732 -0.6604598760604858 0.6485338807106018 
vn 0.5598205327987671 0.5157564878463745 -0.6485338807106018 
vn 0.6838332414627075 0.6318076848983765 -0.3649536371231079 
vn 0.7431085705757141 0.1649044305086136 -0.6485338807106018 
vn 0.9088089466094971 0.2021760642528534 -0.3649536371231079 
vn 0.7276858687400818 -0.22333180904388428 -0.6485338807106018 
vn 0.8894506692886353 -0.27511149644851685 -0.3649536371231079 
vn 0.5171440839767456 -0.5585389733314514 -0.6485338807106018 
vn 0.6304203867912292 -0.6851123571395874 -0.3649536371231079 
vn 0.7193458676338196 0.6659843921661377 -0.1975002884864807 
vn 0.9559639692306519 0.21708647906780243 -0.1975002884864807 
vn 0.9364323019981384 -0.28997957706451416 -0.1975002884864807 
vn 0.6659843921661377 -0.7193458676338196 -0.1975002884864807 
vn 0.6930496692657471 0.6143762469291687 0.37712597846984863 
vn 0.6930496692657471 0.6143762469291687 -0.37712597846984863 
vn 0.8236063122749329 0.4008137881755829 0.401274174451828 
vn 0.8233678936958313 0.4013032615184784 -0.401274174451828 
vn 0.9035895466804504 0.11293258517980576 0.41324591636657715 
vn 0.9035895466804504 0.11293258517980576 -0.41324591636657715 
vn 0.9076657295227051 -0.13535478711128235 0.3972681760787964 
vn 0.9076394438743591 -0.13553088903427124 -0.3972681760787964 
vn 0.8732462525367737 -0.3035639524459839 0.3811691105365753 
vn 0.8731141090393066 -0.30394384264945984 -0.3811691105365753 
vn 0.8433786630630493 -0.44919171929359436 0.2948545813560486 
vn 0.843101978302002 -0.44971081614494324 -0.2948545813560486 
vn 0.7119787335395813 -0.5974210500717163 0.3690181374549866 
vn 0.7114388346672058 -0.5980638265609741 -0.3690181374549866 
vn 0.3517073094844818 -0.11823033541440964 0.9286137819290161 
vn 0.35188859701156616 -0.04506109654903412 0.9349566102027893 
vn 0.3312062621116638 0.0450277142226696 0.9424833655357361 
vn 0.30994588136672974 0.145683154463768 0.9395264387130737 
vn -0.37337926030158997 -0.6567740440368652 0.6551609039306641 
vn 0.6800746917724609 -0.5192655920982361 0.5175535082817078 
vn -0.3742455840110779 -0.4632514715194702 0.8033295273780823 
vn 0.6787416934967041 -0.3686695992946625 0.6351318359375 
vn -0.37107202410697937 -0.24172425270080566 0.8965907096862793 
vn 0.6797017455101013 -0.18635596334934235 0.7094202041625977 
vn -0.375082790851593 0.0037648463621735573 0.926983654499054 
vn 0.6795623898506165 0 0.7336177229881287 
vn -0.37107202410697937 0.24172425270080566 0.8965907096862793 
vn 0.6797017455101013 0.18635596334934235 0.7094202041625977 
vn -0.3742455840110779 0.4632514715194702 0.8033295273780823 
vn 0.6787416934967041 0.3686695992946625 0.6351318359375 
vn -0.37337926030158997 0.6567740440368652 0.6551609039306641 
vn 0.6800746917724609 0.5192655920982361 0.5175535082817078 
vn 0.758344829082489 0 0.651853621006012 
vn 0.6554857492446899 0.381346732378006 0.651853621006012 
vn 0.6554857492446899 -0.381346732378006 0.651853621006012 
vn 0.381346732378006 -0.6554857492446899 0.651853621006012 
vn 2.3560163152011593e-13 -0.758344829082489 0.651853621006012 
vn -0.381346732378006 -0.6554857492446899 0.651853621006012 
vn -0.6554857492446899 -0.381346732378006 0.651853621006012 
vn -0.758344829082489 -1.568432341468584e-13 0.651853621006012 
vn -0.6554857492446899 0.381346732378006 0.651853621006012 
vn -0.381346732378006 0.6554857492446899 0.651853621006012 
vn -7.84216170734292e-14 0.758344829082489 0.651853621006012 
vn 0.381346732378006 0.6554857492446899 0.651853621006012 
vn 0.8489671349525452 -0.49015140533447266 0.1975002884864807 
vn 0.8047147989273071 -0.4682338833808899 0.3649536371231079 
vn 0.49015140533447266 -0.8489671349525452 0.1975002884864807 
vn 0.4666019082069397 -0.8056621551513672 0.3649536371231079 
vn 3.0455924782991917e-13 -0.9803028106689453 0.1975002884864807 
vn -0.0018870332278311253 -0.9310237765312195 0.3649536371231079 
vn -0.49015140533447266 -0.8489671349525452 0.1975002884864807 
vn -0.4633322060108185 -0.8075469732284546 0.3649536371231079 
vn 0.6585766673088074 -0.3816812038421631 0.6485338807106018 
vn 0.3784131407737732 -0.6604598760604858 0.6485338807106018 
vn 0.003771807299926877 -0.7611764073371887 0.6485338807106018 
vn -0.3784131407737732 -0.6604598760604858 0.6485338807106018 
vn 0.49015140533447266 0.8489671349525452 0.1975002884864807 
vn 0.4666019082069397 0.8056621551513672 0.3649536371231079 
vn 0.8489671349525452 0.49015140533447266 0.1975002884864807 
vn 0.8047147989273071 0.4682338833808899 0.3649536371231079 
vn 0.9803028106689453 0 0.1975002884864807 
vn 0.9310256838798523 0 0.3649536371231079 
vn 0.8489671349525452 -0.49015140533447266 0.1975002884864807 
vn 0.8047147989273071 -0.4682338833808899 0.3649536371231079 
vn 0.3784131407737732 0.6604598760604858 0.6485338807106018 
vn 0.6585766673088074 0.3816812038421631 0.6485338807106018 
vn 0.7611857652664185 0 0.6485338807106018 
vn 0.6585766673088074 -0.3816812038421631 0.6485338807106018 
vn -0.001887803548015654 0.7583425045013428 -0.651853621006012 
vn 0.3802618086338043 0.656115710735321 -0.651853621006012 
vn -0.3769904673099518 0.6580008268356323 -0.651853621006012 
vn 0.6551670432090759 0.38189396262168884 -0.651853621006012 
vn 0.758344829082489 0 -0.651853621006012 
vn 0.6551670432090759 -0.38189396262168884 -0.651853621006012 
vn 0.3802618086338043 -0.656115710735321 -0.651853621006012 
vn -0.001887803548015654 -0.7583425045013428 -0.651853621006012 
vn -0.3769904673099518 -0.6580008268356323 -0.651853621006012 
vn -0.6570602655410767 -0.37862733006477356 -0.651853621006012 
vn -0.7583354115486145 0.0037755954544991255 -0.651853621006012 
vn 0.3784131407737732 0.6604598760604858 0.6485338807106018 
vn 0.4666019082069397 0.8056621551513672 0.3649536371231079 
vn 0.003771807299926877 0.7611764073371887 0.6485338807106018 
vn -0.0018870332278311253 0.9310237765312195 0.3649536371231079 
vn -0.3784131407737732 0.6604598760604858 0.6485338807106018 
vn -0.4633322060108185 0.8075469732284546 0.3649536371231079 
vn -0.6585766673088074 0.3816812038421631 0.6485338807106018 
vn -0.8066062331199646 0.4649679958820343 0.3649536371231079 
vn 0.49015140533447266 0.8489671349525452 0.1975002884864807 
vn -1.0115697071221702e-13 0.9803028106689453 0.1975002884864807 
vn -0.49015140533447266 0.8489671349525452 0.1975002884864807 
vn -0.8489671349525452 0.49015140533447266 0.1975002884864807 
vn -0.3756946325302124 -0.9267409443855286 0.002184694167226553 
vn 0.6799074411392212 -0.733294665813446 0.002184694167226553 
vn -0.3749704957008362 -0.8953959941864014 0.2401314377784729 
vn 0.6788514256477356 -0.7095545530319214 0.18892620503902435 
vn -0.3760165274143219 -0.8019094467163086 0.4642767012119293 
vn 0.6768994927406311 -0.6368929743766785 0.3690181374549866 
vn -0.37337926030158997 -0.6567740440368652 0.6551609039306641 
vn 0.6800746917724609 -0.5192655920982361 0.5175535082817078 
vn -0.7353647947311401 0.3947985768318176 0.5507928133010864 
vn -0.7332872748374939 0.3986440896987915 -0.5507928133010864 
vn -0.47929394245147705 -0.5949722528457642 0.6452018022537231 
vn -0.4776192605495453 -0.5963174104690552 -0.6452018022537231 
vn 0.9316360950469971 -0.17257262766361237 0.3198012113571167 
vn 0.5340307354927063 -0.38799604773521423 0.7511792182922363 
vn 0.9315959811210632 -0.17278917133808136 -0.3198012113571167 
vn 0.533586323261261 -0.388606995344162 -0.7511792182922363 
vn -0.1352073699235916 -0.7716295719146729 -0.6215357780456543 
vn -0.1331457495689392 -0.7719879746437073 0.6215357780456543 
vn -0.4811158776283264 -0.5478909015655518 -0.6843559741973877 
vn -0.48264628648757935 -0.5465431809425354 0.6843559741973877 
vn -0.49015140533447266 -0.8489671349525452 0.1975002884864807 
vn -0.4633322060108185 -0.8075469732284546 0.3649536371231079 
vn -0.8489671349525452 -0.49015140533447266 0.1975002884864807 
vn -0.8066062331199646 -0.4649679958820343 0.3649536371231079 
vn -0.9803028106689453 -2.0231394142443404e-13 0.1975002884864807 
vn -0.931018054485321 0.00377405877225101 0.3649536371231079 
vn -0.3784131407737732 -0.6604598760604858 0.6485338807106018 
vn -0.6585766673088074 -0.3816812038421631 0.6485338807106018 
vn -0.7611857652664185 -1.5743080396170978e-13 0.6485338807106018 
vn -0.9803028106689453 -2.0231394142443404e-13 0.1975002884864807 
vn -0.931018054485321 0.00377405877225101 0.3649536371231079 
vn -0.8489671349525452 0.49015140533447266 0.1975002884864807 
vn -0.8066062331199646 0.4649679958820343 0.3649536371231079 
vn -0.7611857652664185 -1.5743080396170978e-13 0.6485338807106018 
vn -0.6585766673088074 0.3816812038421631 0.6485338807106018 
vn -0.37556058168411255 -0.6555291414260864 -0.6551609039306641 
vn 0.6795988082885742 -0.5198882222175598 -0.5175535082817078 
vn -0.3713598847389221 -0.8040764927864075 -0.4642767012119293 
vn 0.6762771606445312 -0.6375537514686584 -0.3690181374549866 
vn -0.3749704957008362 -0.8953959941864014 -0.2401314377784729 
vn 0.6788514256477356 -0.7095545530319214 -0.18892620503902435 
vn -0.3756946325302124 -0.9267409443855286 0.002184694167226553 
vn 0.6799074411392212 -0.733294665813446 0.002184694167226553 
vn -0.6659843921661377 0.7193458676338196 -0.1975002884864807 
vn -0.6331924200057983 0.6825512647628784 -0.3649536371231079 
vn -0.9364323019981384 0.28997957706451416 -0.1975002884864807 
vn -0.8883281946182251 0.27871474623680115 -0.3649536371231079 
vn -0.9559639692306519 -0.21708647906780243 -0.1975002884864807 
vn -0.9079819321632385 -0.20585840940475464 -0.3649536371231079 
vn -0.5143656730651855 0.5610986948013306 -0.6485338807106018 
vn -0.7265685200691223 0.2269405722618103 -0.6485338807106018 
vn -0.7422809600830078 -0.16859044134616852 -0.6485338807106018 
vn -0.9803028106689453 -2.0231394142443404e-13 0.1975002884864807 
vn -0.931018054485321 0.00377405877225101 0.3649536371231079 
vn -0.8489671349525452 0.49015140533447266 0.1975002884864807 
vn -0.8066062331199646 0.4649679958820343 0.3649536371231079 
vn -0.7611857652664185 -1.5743080396170978e-13 0.6485338807106018 
vn -0.6585766673088074 0.3816812038421631 0.6485338807106018 
vn -0.7193458676338196 -0.6659843921661377 -0.1975002884864807 
vn -0.6863887310028076 -0.6290304660797119 -0.3649536371231079 
vn -0.28997957706451416 -0.9364323019981384 -0.1975002884864807 
vn -0.27691370248794556 -0.8888912796974182 -0.3649536371231079 
vn 0.21708647906780243 -0.9559639692306519 -0.1975002884864807 
vn 0.20769831538200378 -0.907562792301178 -0.3649536371231079 
vn 0.6659843921661377 -0.7193458676338196 -0.1975002884864807 
vn 0.6304203867912292 -0.6851123571395874 -0.3649536371231079 
vn -0.5572539567947388 -0.5185285210609436 -0.6485338807106018 
vn -0.22874285280704498 -0.726003110408783 -0.6485338807106018 
vn 0.16674795746803284 -0.7426970601081848 -0.6485338807106018 
vn 0.5171440839767456 -0.5585389733314514 -0.6485338807106018 
vn -0.7611857652664185 -1.5743080396170978e-13 0.6485338807106018 
vn -0.931018054485321 0.00377405877225101 0.3649536371231079 
vn -0.6585766673088074 -0.3816812038421631 0.6485338807106018 
vn -0.8066062331199646 -0.4649679958820343 0.3649536371231079 
vn -0.3784131407737732 -0.6604598760604858 0.6485338807106018 
vn -0.4633322060108185 -0.8075469732284546 0.3649536371231079 
vn -0.9803028106689453 -2.0231394142443404e-13 0.1975002884864807 
vn -0.8489671349525452 -0.49015140533447266 0.1975002884864807 
vn -0.49015140533447266 -0.8489671349525452 0.1975002884864807 
vn -0.5967705249786377 0.7777265310287476 -0.1975002884864807 
vn -0.5638988614082336 0.7408285737037659 -0.3649536371231079 
vn -0.9056817293167114 0.37514564394950867 -0.1975002884864807 
vn -0.8599749207496643 0.3567239046096802 -0.3649536371231079 
vn -0.9719161987304688 -0.12795519828796387 -0.1975002884864807 
vn -0.923684298992157 -0.11668846011161804 -0.3649536371231079 
vn -0.7777265310287476 -0.5967705249786377 -0.1975002884864807 
vn -0.7396841049194336 -0.5653992295265198 -0.3649536371231079 
vn -0.4622558355331421 0.6047506332397461 -0.6485338807106018 
vn -0.7034245133399963 0.29085686802864075 -0.6485338807106018 
vn -0.7553341388702393 -0.09420239925384521 -0.6485338807106018 
vn -0.6058958768844604 -0.4607537090778351 -0.6485338807106018 
vn -0.5143656730651855 0.5610986948013306 -0.6485338807106018 
vn -0.6331924200057983 0.6825512647628784 -0.3649536371231079 
vn -0.17043191194534302 0.7418603301048279 -0.6485338807106018 
vn -0.20401765406131744 0.9083973169326782 -0.3649536371231079 
vn 0.2251368761062622 0.7271293997764587 -0.6485338807106018 
vn 0.2733081579208374 0.8900064826011658 -0.3649536371231079 
vn 0.5598205327987671 0.5157564878463745 -0.6485338807106018 
vn 0.6838332414627075 0.6318076848983765 -0.3649536371231079 
vn -0.6659843921661377 0.7193458676338196 -0.1975002884864807 
vn -0.21708647906780243 0.9559639692306519 -0.1975002884864807 
vn 0.28997957706451416 0.9364323019981384 -0.1975002884864807 
vn 0.7193458676338196 0.6659843921661377 -0.1975002884864807 
vn -0.9559639692306519 -0.21708647906780243 -0.1975002884864807 
vn -0.9079819321632385 -0.20585840940475464 -0.3649536371231079 
vn -0.7193458676338196 -0.6659843921661377 -0.1975002884864807 
vn -0.6863887310028076 -0.6290304660797119 -0.3649536371231079 
vn -0.7422809600830078 -0.16859044134616852 -0.6485338807106018 
vn -0.5572539567947388 -0.5185285210609436 -0.6485338807106018 
vn 0.8433786630630493 -0.44919171929359436 0.2948545813560486 
vn 0.7119787335395813 -0.5974210500717163 0.3690181374549866 
vn 0.3563830256462097 -0.4175608158111572 0.8358433246612549 
vn 0.2638835310935974 -0.38434067368507385 0.8846737742424011 
vn 0.6795623898506165 0 -0.7336177229881287 
vn 0.6796165704727173 0.1866663247346878 -0.7094202041625977 
vn 0.6796165704727173 -0.1866663247346878 -0.7094202041625977 
vn 0.6781694293022156 0.36972126364707947 -0.6351318359375 
vn 0.6795988082885742 0.5198882222175598 -0.5175535082817078 
vn 0.6762771606445312 0.6375537514686584 -0.3690181374549866 
vn 0.6788514256477356 0.7095545530319214 -0.18892620503902435 
vn 0.6799074411392212 0.733294665813446 0.002184694167226553 
vn 0.6788514256477356 0.7095545530319214 0.18892620503902435 
vn 0.6768994927406311 0.6368929743766785 0.3690181374549866 
vn 0.6800746917724609 0.5192655920982361 0.5175535082817078 
vn 0.6787416934967041 0.3686695992946625 0.6351318359375 
vn 0.6797017455101013 0.18635596334934235 0.7094202041625977 
vn 0.6795623898506165 0 0.7336177229881287 
vn 0.6797017455101013 -0.18635596334934235 0.7094202041625977 
vn 0.6787416934967041 -0.3686695992946625 0.6351318359375 
vn 0.6800746917724609 -0.5192655920982361 0.5175535082817078 
vn 0.6768994927406311 -0.6368929743766785 0.3690181374549866 
vn 0.6788514256477356 -0.7095545530319214 0.18892620503902435 
vn 0.6799074411392212 -0.733294665813446 0.002184694167226553 
vn 0.6788514256477356 -0.7095545530319214 -0.18892620503902435 
vn 0.6762771606445312 -0.6375537514686584 -0.3690181374549866 
vn 0.6795988082885742 -0.5198882222175598 -0.5175535082817078 
vn 0.6568937301635742 0.6528909802436829 -0.37712597846984863 
vn 0.6568937301635742 -0.6528909802436829 -0.37712597846984863 
vn 0.38210028409957886 0.6517388820648193 -0.6551609039306641 
vn 0.38210028409957886 -0.6517388820648193 -0.6551609039306641 
vn -0.001890474813990295 0.6535060405731201 -0.7569189071655273 
vn -0.001890474813990295 -0.6535060405731201 -0.7569189071655273 
vn -0.38210028409957886 0.6517388820648193 -0.6551609039306641 
vn -0.38210028409957886 -0.6517388820648193 -0.6551609039306641 
vn 0.6568937301635742 -0.6528909802436829 -0.37712597846984863 
vn 0.6568937301635742 0.6528909802436829 -0.37712597846984863 
vn 0.7584388852119446 -0.651740550994873 0.002184694167226553 
vn 0.7584388852119446 0.651740550994873 0.002184694167226553 
vn 0.6568937301635742 -0.6528909802436829 0.37712597846984863 
vn 0.6568937301635742 0.6528909802436829 0.37712597846984863 
vn 0.37665489315986633 -0.6549009680747986 0.6551609039306641 
vn 0.37665489315986633 0.6549009680747986 0.6551609039306641 
vn 0.37665489315986633 -0.6549009680747986 0.6551609039306641 
vn 0.37665489315986633 0.6549009680747986 0.6551609039306641 
vn 0.0018835372757166624 -0.6535061001777649 0.7569189071655273 
vn 0.0018835372757166624 0.6535061001777649 0.7569189071655273 
vn -0.3799211382865906 -0.6530116200447083 0.6551609039306641 
vn -0.3799211382865906 0.6530116200447083 0.6551609039306641 
vn -0.3799211382865906 -0.6530116200447083 0.6551609039306641 
vn -0.3799211382865906 0.6530116200447083 0.6551609039306641 
vn -0.6542279720306396 -0.6555622220039368 0.37712597846984863 
vn -0.6542279720306396 0.6555622220039368 0.37712597846984863 
vn -0.7584388852119446 -0.651740550994873 0.002184694167226553 
vn -0.7584388852119446 0.651740550994873 0.002184694167226553 
vn -0.6542279720306396 -0.6555622220039368 -0.37712597846984863 
vn -0.6542279720306396 0.6555622220039368 -0.37712597846984863 
vn -0.38210028409957886 -0.6517388820648193 -0.6551609039306641 
vn -0.38210028409957886 0.6517388820648193 -0.6551609039306641 
vn -0.7332872748374939 0.3986440896987915 -0.5507928133010864 
vn -0.7353647947311401 0.3947985768318176 0.5507928133010864 
vn 0.5383023619651794 0.26282790303230286 -0.8007197380065918 
vn 0.9343478679656982 0.16539014875888824 -0.31565824151039124 
vn 0.9343845248222351 0.1651829332113266 0.31565824151039124 
vn 0.538541316986084 0.2623378038406372 0.8007197380065918 
vn -0.4811158776283264 -0.5478909015655518 -0.6843559741973877 
vn -0.48264628648757935 -0.5465431809425354 0.6843559741973877 
vn -0.5790468454360962 -0.4431271255016327 -0.6843559741973877 
vn -0.5799976587295532 -0.4418818950653076 0.6843559741973877 
vn -0.6961458325386047 -0.2623049020767212 -0.6682642698287964 
vn -0.6949621438980103 -0.26542508602142334 0.6682642698287964 
vn -0.722970724105835 -0.06788560003042221 -0.6875353455543518 
vn -0.723323404788971 -0.06401859223842621 0.6875353455543518 
vn -0.6087421774864197 -0.1751650869846344 -0.7737894654273987 
vn -0.6098645925521851 -0.17121639847755432 0.7737894654273987 
vn -0.4367128908634186 -0.6909685134887695 -0.5760593414306641 
vn -0.4345450699329376 -0.6923338770866394 0.5760593414306641 
vn -0.5572539567947388 -0.5185285210609436 -0.6485338807106018 
vn -0.6863887310028076 -0.6290304660797119 -0.3649536371231079 
vn -0.7422809600830078 -0.16859044134616852 -0.6485338807106018 
vn -0.9079819321632385 -0.20585840940475464 -0.3649536371231079 
vn -0.7193458676338196 -0.6659843921661377 -0.1975002884864807 
vn -0.9559639692306519 -0.21708647906780243 -0.1975002884864807 
vn -0.4622558355331421 0.6047506332397461 -0.6485338807106018 
vn -0.5638988614082336 0.7408285737037659 -0.3649536371231079 
vn -0.09607647359371185 0.7550981044769287 -0.6485338807106018 
vn -0.11481606960296631 0.9239189028739929 -0.3649536371231079 
vn 0.2960854172706604 0.7012397646903992 -0.6485338807106018 
vn 0.3584662079811096 0.8592501282691956 -0.3649536371231079 
vn 0.6036016941070557 0.4637551009654999 -0.6485338807106018 
vn 0.7419699430465698 0.5623961687088013 -0.3649536371231079 
vn -0.5967705249786377 0.7777265310287476 -0.1975002884864807 
vn -0.12795519828796387 0.9719161987304688 -0.1975002884864807 
vn 0.37514564394950867 0.9056817293167114 -0.1975002884864807 
vn 0.7777265310287476 0.5967705249786377 -0.1975002884864807 
vn 0.7034230828285217 -0.502661943435669 -0.5025205612182617 
vn 0.49600836634635925 -0.6133196949958801 -0.6146662831306458 
vn 0.7005862593650818 -0.356542706489563 -0.6181069612503052 
vn 0.49582090973854065 -0.4357652962207794 -0.7511792182922363 
vn 0.7017326951026917 -0.18672531843185425 -0.6875353455543518 
vn 0.49567437171936035 -0.22731178998947144 -0.838234007358551 
vn 0.7016792893409729 0 -0.7124928832054138 
vn 0.4968433678150177 0 -0.8678402304649353 
vn 0.7017326951026917 0.18672531843185425 -0.6875353455543518 
vn 0.49567437171936035 0.22731178998947144 -0.838234007358551 
vn 0.7005862593650818 0.356542706489563 -0.6181069612503052 
vn 0.49582090973854065 0.4357652962207794 -0.7511792182922363 
vn 0.7034230828285217 0.502661943435669 -0.5025205612182617 
vn 0.49600836634635925 0.6133196949958801 -0.6146662831306458 
vn 0.2552940249443054 -0.6829947829246521 -0.6843559741973877 
vn 0.25611916184425354 -0.481421560049057 -0.838234007358551 
vn 0.2550748586654663 -0.25239986181259155 -0.933397650718689 
vn 0.2549481689929962 0 -0.9669547080993652 
vn 0.2550748586654663 0.25239986181259155 -0.933397650718689 
vn 0.25611916184425354 0.481421560049057 -0.838234007358551 
vn 0.2552940249443054 0.6829947829246521 -0.6843559741973877 
vn 0.062218084931373596 -0.70513916015625 -0.7063339352607727 
vn 0.06599470973014832 -0.5000723004341125 -0.8634653687477112 
vn 0.06375821679830551 -0.2598944902420044 -0.9635298252105713 
vn 0.06549396365880966 0 -0.9978529810905457 
vn 0.06375821679830551 0.2598944902420044 -0.9635298252105713 
vn 0.06599470973014832 0.5000723004341125 -0.8634653687477112 
vn 0.062218084931373596 0.70513916015625 -0.7063339352607727 
vn 1.550906213350356e-13 -0.5006305575370789 -0.865661084651947 
vn -0.0018934921827167273 -0.25916382670402527 -0.9658315181732178 
vn -2.0682311115474694e-13 0 -1 
vn -0.0018934921827167273 0.25916382670402527 -0.9658315181732178 
vn -5.177098238496637e-14 0.5006305575370789 -0.865661084651947 
vn 0.0018878303235396743 0.7078762650489807 -0.7063339352607727 
vn 0.7119787335395813 -0.5974210500717163 0.3690181374549866 
vn 0.7114388346672058 -0.5980638265609741 -0.3690181374549866 
vn 0.521932065486908 -0.8184887170791626 0.2401314377784729 
vn 0.521932065486908 -0.8184887170791626 -0.2401314377784729 
vn 0.9343845248222351 0.1651829332113266 0.31565824151039124 
vn 0.9343478679656982 0.16539014875888824 -0.31565824151039124 
vn 0.2713637948036194 -0.32470446825027466 -0.9060511589050293 
vn 0.5383023619651794 0.26282790303230286 -0.8007197380065918 
vn 0.26195529103279114 -0.38565748929977417 -0.8846737742424011 
vn 0.843101978302002 -0.44971081614494324 -0.2948545813560486 
vn 0.3547976315021515 -0.4189087748527527 -0.8358433246612549 
vn -0.5143656730651855 0.5610986948013306 -0.6485338807106018 
vn -0.6331924200057983 0.6825512647628784 -0.3649536371231079 
vn -0.17043191194534302 0.7418603301048279 -0.6485338807106018 
vn -0.20401765406131744 0.9083973169326782 -0.3649536371231079 
vn 0.2251368761062622 0.7271293997764587 -0.6485338807106018 
vn 0.2733081579208374 0.8900064826011658 -0.3649536371231079 
vn 0.5598205327987671 0.5157564878463745 -0.6485338807106018 
vn 0.6838332414627075 0.6318076848983765 -0.3649536371231079 
vn -0.6659843921661377 0.7193458676338196 -0.1975002884864807 
vn -0.21708647906780243 0.9559639692306519 -0.1975002884864807 
vn 0.28997957706451416 0.9364323019981384 -0.1975002884864807 
vn 0.7193458676338196 0.6659843921661377 -0.1975002884864807 
vn -0.7831282019615173 0.2342345267534256 0.5760593414306641 
vn -0.3363895118236542 0.622843861579895 0.7063339352607727 
vn -0.9336962699890137 0.23552128672599792 -0.26970529556274414 
vn -0.4776279330253601 0.8725624680519104 -0.10250037163496017 
vn -0.6202030777931213 0.28550171852111816 -0.7306414246559143 
vn -0.28808435797691345 0.5291996598243713 -0.7980946898460388 
vn 0.23242753744125366 0.7836664319038391 0.5760593414306641 
vn 0.3061729669570923 0.9129716157913208 -0.26970529556274414 
vn 0.09784664213657379 0.6757137775421143 -0.7306414246559143 
vn 0.7038559913635254 -0.5020555853843689 0.5025205612182617 
vn 0.4968394637107849 -0.6126466393470764 0.6146662831306458 
vn 0.7030782103538513 -0.6151196360588074 0.3568037748336792 
vn 0.4966545104980469 -0.7522038817405701 0.43303996324539185 
vn 0.7015901803970337 -0.6882453560829163 0.18463370203971863 
vn 0.4960780143737793 -0.839118480682373 0.22312943637371063 
vn 0.7017449736595154 -0.7124248743057251 0.002184694167226553 
vn 0.49781718850135803 -0.8672792315483093 0.002184694167226553 
vn 0.7015901803970337 -0.6882453560829163 -0.18463370203971863 
vn 0.495004802942276 -0.8397520780563354 -0.22312943637371063 
vn 0.7025088667869568 -0.6157697439193726 -0.3568037748336792 
vn 0.49566394090652466 -0.752856969833374 -0.43303996324539185 
vn 0.7034230828285217 -0.502661943435669 -0.5025205612182617 
vn 0.49600836634635925 -0.6133196949958801 -0.6146662831306458 
vn 0.2580174207687378 -0.6819705963134766 0.6843559741973877 
vn 0.25466078519821167 -0.8374736309051514 0.4835140109062195 
vn 0.2573726177215576 -0.9337852001190186 0.24860523641109467 
vn 0.25395211577415466 -0.9672143459320068 0.002184694167226553 
vn 0.2573726177215576 -0.9337852001190186 -0.24860523641109467 
vn 0.2531929612159729 -0.8379185795783997 -0.4835140109062195 
vn 0.2552940249443054 -0.6829947829246521 -0.6843559741973877 
vn 0.0639900416135788 -0.7049806118011475 0.7063339352607727 
vn 0.06405612826347351 -0.8643825054168701 0.4987381398677826 
vn 0.06218600273132324 -0.9643925428390503 0.25706008076667786 
vn 0.06791467219591141 -0.9976887702941895 0.002184694167226553 
vn 0.06791459023952484 -0.9640060663223267 -0.25706008076667786 
vn 0.06226149946451187 -0.864513635635376 -0.4987381398677826 
vn 0.062218084931373596 -0.70513916015625 -0.7063339352607727 
vn 0.0037714340724051 -0.8667445182800293 0.4987381398677826 
vn 0.0018857260001823306 -0.9663935899734497 0.25706008076667786 
vn 3.097898456858039e-13 -0.999997615814209 0.002184694167226553 
vn 3.0023851243718425e-13 -0.9663954377174377 -0.25706008076667786 
vn 0.0018883368466049433 -0.8667506575584412 -0.4987381398677826 
vn 0.0018878303235396743 -0.7078762650489807 -0.7063339352607727 
vn 0.5383023619651794 0.26282790303230286 -0.8007197380065918 
vn 0.2713637948036194 -0.32470446825027466 -0.9060511589050293 
vn -0.7332872748374939 0.3986440896987915 -0.5507928133010864 
vn -0.4776192605495453 -0.5963174104690552 -0.6452018022537231 
vn 0.26195529103279114 -0.38565748929977417 -0.8846737742424011 
vn -0.27554190158843994 -0.6281722187995911 -0.7276512384414673 
vn 0.3547976315021515 -0.4189087748527527 -0.8358433246612549 
vn -0.4367128908634186 -0.6909685134887695 -0.5760593414306641 
vn 0.3514575660228729 -0.11897069960832596 -0.9286137819290161 
vn 0.8731141090393066 -0.30394384264945984 -0.3811691105365753 
vn 0.9076394438743591 -0.13553088903427124 -0.3972681760787964 
vn 0.3518691062927246 -0.045213017612695694 -0.9349566102027893 
vn -0.6087421774864197 -0.1751650869846344 -0.7737894654273987 
vn -0.722970724105835 -0.06788560003042221 -0.6875353455543518 
vn 0.3311843276023865 0.04518869146704674 -0.9424833655357361 
vn -0.6961458325386047 -0.2623049020767212 -0.6682642698287964 
vn 0.309720903635025 0.14616082608699799 -0.9395264387130737 
vn -0.5790468454360962 -0.4431271255016327 -0.6843559741973877 
vn 0.28058749437332153 0.2365374118089676 -0.9302261471748352 
vn -0.4811158776283264 -0.5478909015655518 -0.6843559741973877 
vn 0.533586323261261 -0.388606995344162 -0.7511792182922363 
vn -0.1352073699235916 -0.7716295719146729 -0.6215357780456543 
vn 0.9035895466804504 0.11293258517980576 -0.41324591636657715 
vn 0.8233678936958313 0.4013032615184784 -0.401274174451828 
vn 0.6930496692657471 0.6143762469291687 -0.37712597846984863 
vn 0.9315959811210632 -0.17278917133808136 -0.3198012113571167 
vn -0.7831282019615173 0.2342345267534256 0.5760593414306641 
vn -0.22880986332893372 -0.7847303152084351 0.5760593414306641 
vn -0.3363895118236542 0.622843861579895 0.7063339352607727 
vn 0.3363895118236542 -0.622843861579895 0.7063339352607727 
vn 0.23242753744125366 0.7836664319038391 0.5760593414306641 
vn 0.7842004895210266 -0.23061931133270264 0.5760593414306641 
vn 0.4968394637107849 -0.6126466393470764 0.6146662831306458 
vn 0.7038559913635254 -0.5020555853843689 0.5025205612182617 
vn 0.49639177322387695 -0.43511492013931274 0.7511792182922363 
vn 0.7008423209190369 -0.3560391068458557 0.6181069612503052 
vn 0.8603525757789612 -0.3599409759044647 0.36088213324546814 
vn 0.8611020445823669 -0.2532000243663788 0.4409002661705017 
vn 0.7018129229545593 -0.186423659324646 0.6875353455543518 
vn 0.8616411685943604 -0.1278720200061798 0.4911448359489441 
vn 0.7016792893409729 0 0.7124928832054138 
vn 0.8623613119125366 0 0.5062933564186096 
vn 0.7018129229545593 0.186423659324646 0.6875353455543518 
vn 0.8616411685943604 0.1278720200061798 0.4911448359489441 
vn 0.7008423209190369 0.3560391068458557 0.6181069612503052 
vn 0.8611020445823669 0.2532000243663788 0.4409002661705017 
vn 0.7038559913635254 0.5020555853843689 0.5025205612182617 
vn 0.8603525757789612 0.3599409759044647 0.36088213324546814 
vn 0.7030782103538513 0.6151196360588074 0.3568037748336792 
vn 0.8599042296409607 0.44344016909599304 0.25283506512641907 
vn 0.7015901803970337 0.6882453560829163 0.18463370203971863 
vn 0.8611631393432617 0.49065566062927246 0.1328723281621933 
vn 0.7017449736595154 0.7124248743057251 0.002184694167226553 
vn 0.8596616387367249 0.5108591318130493 0.002184694167226553 
vn 0.7015901803970337 0.6882453560829163 -0.18463370203971863 
vn 0.8611631393432617 0.49065566062927246 -0.1328723281621933 
vn 0.7025088667869568 0.6157697439193726 -0.3568037748336792 
vn 0.8599042296409607 0.44344016909599304 -0.25283506512641907 
vn 0.7034230828285217 0.502661943435669 -0.5025205612182617 
vn 0.8601686954498291 0.36038023233413696 -0.36088213324546814 
vn 0.7005862593650818 0.356542706489563 -0.6181069612503052 
vn 0.8611020445823669 0.2532000243663788 -0.4409002661705017 
vn 0.7017326951026917 0.18672531843185425 -0.6875353455543518 
vn 0.8616411685943604 0.1278720200061798 -0.4911448359489441 
vn 0.7016792893409729 0 -0.7124928832054138 
vn 0.8623613119125366 0 -0.5062933564186096 
vn 0.7017326951026917 -0.18672531843185425 -0.6875353455543518 
vn 0.8616411685943604 -0.1278720200061798 -0.4911448359489441 
vn 0.7005862593650818 -0.356542706489563 -0.6181069612503052 
vn 0.8611020445823669 -0.2532000243663788 -0.4409002661705017 
vn 0.7034230828285217 -0.502661943435669 -0.5025205612182617 
vn 0.8601686954498291 -0.36038023233413696 -0.36088213324546814 
vn 0.7025088667869568 -0.6157697439193726 -0.3568037748336792 
vn 0.8599042296409607 -0.44344016909599304 -0.25283506512641907 
vn 0.7015901803970337 -0.6882453560829163 -0.18463370203971863 
vn 0.8611631393432617 -0.49065566062927246 -0.1328723281621933 
vn 0.7017449736595154 -0.7124248743057251 0.002184694167226553 
vn 0.8596616387367249 -0.5108591318130493 0.002184694167226553 
vn 0.7015901803970337 -0.6882453560829163 0.18463370203971863 
vn 0.8611631393432617 -0.49065566062927246 0.1328723281621933 
vn 0.7030782103538513 -0.6151196360588074 0.3568037748336792 
vn 0.8599042296409607 -0.44344016909599304 0.25283506512641907 
vn 0.9636378288269043 -0.23183415830135345 0.1328723281621933 
vn 0.9638972878456116 -0.1876404732465744 0.18892620503902435 
vn 0.9633345007896423 -0.1353878378868103 0.23163928091526031 
vn 0.9628764390945435 -0.0678350031375885 0.2612801790237427 
vn 0.962942898273468 0 0.26970529556274414 
vn 0.9628764390945435 0.0678350031375885 0.2612801790237427 
vn 0.9633345007896423 0.1353878378868103 0.23163928091526031 
vn 0.9638972878456116 0.1876404732465744 0.18892620503902435 
vn 0.9636378288269043 0.23183415830135345 0.1328723281621933 
vn 0.9628921747207642 0.2612641751766205 0.06767380982637405 
vn 0.963268518447876 0.2685312330722809 0.002184694167226553 
vn 0.9628921747207642 0.2612641751766205 -0.06767380982637405 
vn 0.9636378288269043 0.23183415830135345 -0.1328723281621933 
vn 0.9638972878456116 0.1876404732465744 -0.18892620503902435 
vn 0.9633111357688904 0.13555409014225006 -0.23163928091526031 
vn 0.9628705382347107 0.06791934370994568 -0.2612801790237427 
vn 0.962942898273468 0 -0.26970529556274414 
vn 0.9628705382347107 -0.06791934370994568 -0.2612801790237427 
vn 0.9633111357688904 -0.13555409014225006 -0.23163928091526031 
vn 0.9638972878456116 -0.1876404732465744 -0.18892620503902435 
vn 0.9636378288269043 -0.23183415830135345 -0.1328723281621933 
vn 0.9628921747207642 -0.2612641751766205 -0.06767380982637405 
vn 0.963268518447876 -0.2685312330722809 0.002184694167226553 
vn 0.9628921747207642 -0.2612641751766205 0.06767380982637405 
vn 0.999997615814209 0 0.002184694167226553 
vn 0.23242753744125366 0.7836664319038391 0.5760593414306641 
vn 0.7842004895210266 -0.23061931133270264 0.5760593414306641 
vn 0.3061729669570923 0.9129716157913208 -0.26970529556274414 
vn 0.9327653646469116 -0.2391815036535263 -0.26970529556274414 
vn 0.09784664213657379 0.6757137775421143 -0.7306414246559143 
vn 0.6202030777931213 -0.28550171852111816 -0.7306414246559143 
vn -0.6202030777931213 0.28550171852111816 -0.7306414246559143 
vn -0.09784664213657379 -0.6757137775421143 -0.7306414246559143 
vn -0.9336962699890137 0.23552128672599792 -0.26970529556274414 
vn -0.30258986353874207 -0.9141654372215271 -0.26970529556274414 
vn -0.7831282019615173 0.2342345267534256 0.5760593414306641 
vn -0.22880986332893372 -0.7847303152084351 0.5760593414306641 
vn 0.4966545104980469 0.7522038817405701 0.43303996324539185 
vn 0.4968394637107849 0.6126466393470764 0.6146662831306458 
vn 0.49639177322387695 0.43511492013931274 0.7511792182922363 
vn 0.538541316986084 0.2623378038406372 0.8007197380065918 
vn 0.27216750383377075 -0.32403111457824707 0.9060511589050293 
vn 0.45924875140190125 -0.607037365436554 -0.6485338807106018 
vn 0.5668972730636597 -0.7385365962982178 -0.3649536371231079 
vn 0.09982284158468246 -0.7546119689941406 -0.6485338807106018 
vn 0.11856037378311157 -0.9234458804130554 -0.3649536371231079 
vn -0.2926015257835388 -0.7027006149291992 -0.6485338807106018 
vn -0.36194637417793274 -0.8577899932861328 -0.3649536371231079 
vn -0.6058958768844604 -0.4607537090778351 -0.6485338807106018 
vn -0.7396841049194336 -0.5653992295265198 -0.3649536371231079 
vn 0.5967705249786377 -0.7777265310287476 -0.1975002884864807 
vn 0.12795519828796387 -0.9719161987304688 -0.1975002884864807 
vn -0.37514564394950867 -0.9056817293167114 -0.1975002884864807 
vn -0.7777265310287476 -0.5967705249786377 -0.1975002884864807 
vn -0.09784664213657379 -0.6757137775421143 -0.7306414246559143 
vn -0.6202030777931213 0.28550171852111816 -0.7306414246559143 
vn 0.2913970947265625 -0.5273827910423279 -0.7980946898460388 
vn -0.28808435797691345 0.5291996598243713 -0.7980946898460388 
vn 0.6202030777931213 -0.28550171852111816 -0.7306414246559143 
vn 0.09784664213657379 0.6757137775421143 -0.7306414246559143 
vn -0.21528999507427216 0.6479300260543823 -0.7306414246559143 
vn 0.6823854446411133 0.0226538497954607 -0.7306414246559143 
vn -0.4944666624069214 0.34430745244026184 -0.7980946898460388 
vn 0.4966159462928772 -0.3412000834941864 -0.7980946898460388 
vn -0.6823854446411133 -0.0226538497954607 -0.7306414246559143 
vn 0.21528999507427216 -0.6479300260543823 -0.7306414246559143 
vn -0.8042140007019043 -0.14627182483673096 0.5760593414306641 
vn -0.581417441368103 0.4037896394729614 0.7063339352607727 
vn -0.9406253695487976 -0.20611386001110077 -0.26970529556274414 
vn -0.8169964551925659 0.5674596428871155 -0.10250037163496017 
vn -0.6823854446411133 -0.0226538497954607 -0.7306414246559143 
vn -0.4944666624069214 0.34430745244026184 -0.7980946898460388 
vn -0.14812643826007843 0.8038744926452637 0.5760593414306641 
vn -0.13364173471927643 0.9536241292953491 -0.26970529556274414 
vn -0.21528999507427216 0.6479300260543823 -0.7306414246559143 
vn 0.4968394637107849 0.6126466393470764 0.6146662831306458 
vn 0.2580174207687378 0.6819705963134766 0.6843559741973877 
vn 0.49639177322387695 0.43511492013931274 0.7511792182922363 
vn 0.2584056556224823 0.4801981449127197 0.838234007358551 
vn 0.49610310792922974 0.226374551653862 0.838234007358551 
vn 0.25638410449028015 0.2510698437690735 0.933397650718689 
vn 0.4968433678150177 0 0.8678402304649353 
vn 0.2549481689929962 0 0.9669547080993652 
vn 0.49610310792922974 -0.226374551653862 0.838234007358551 
vn 0.25638410449028015 -0.2510698437690735 0.933397650718689 
vn 0.49639177322387695 -0.43511492013931274 0.7511792182922363 
vn 0.2584056556224823 -0.4801981449127197 0.838234007358551 
vn 0.4968394637107849 -0.6126466393470764 0.6146662831306458 
vn 0.2580174207687378 -0.6819705963134766 0.6843559741973877 
vn 0.0639900416135788 0.7049806118011475 0.7063339352607727 
vn 0.0619492344558239 0.5005895495414734 0.8634653687477112 
vn 0.06684041768312454 0.259118914604187 0.9635298252105713 
vn 0.06549396365880966 0 0.9978529810905457 
vn 0.06684041768312454 -0.259118914604187 0.9635298252105713 
vn 0.0619492344558239 -0.5005895495414734 0.8634653687477112 
vn 0.0639900416135788 -0.7049806118011475 0.7063339352607727 
vn 0.0037625895347446203 0.5006163716316223 0.865661084651947 
vn 0.0018760409438982606 0.2591639459133148 0.9658315181732178 
vn 0 0 1 
vn 0.0018760409438982606 -0.2591639459133148 0.9658315181732178 
vn 0.0037625895347446203 -0.5006163716316223 0.865661084651947 
vn 0.00376924779266119 -0.707868754863739 0.7063339352607727 
vn 0.7008423209190369 -0.3560391068458557 0.6181069612503052 
vn 0.7018129229545593 -0.186423659324646 0.6875353455543518 
vn 0.7016792893409729 0 0.7124928832054138 
vn 0.7018129229545593 0.186423659324646 0.6875353455543518 
vn 0.7008423209190369 0.3560391068458557 0.6181069612503052 
vn 0.7842004895210266 -0.23061931133270264 0.5760593414306641 
vn 0.3363895118236542 -0.622843861579895 0.7063339352607727 
vn 0.9327653646469116 -0.2391815036535263 -0.26970529556274414 
vn 0.4776279330253601 -0.8725624680519104 -0.10250037163496017 
vn 0.6202030777931213 -0.28550171852111816 -0.7306414246559143 
vn 0.2913970947265625 -0.5273827910423279 -0.7980946898460388 
vn -0.22880986332893372 -0.7847303152084351 0.5760593414306641 
vn -0.30258986353874207 -0.9141654372215271 -0.26970529556274414 
vn -0.09784664213657379 -0.6757137775421143 -0.7306414246559143 
vn 0.21528999507427216 -0.6479300260543823 -0.7306414246559143 
vn 0.4966159462928772 -0.3412000834941864 -0.7980946898460388 
vn 0.13738089799880981 -0.953092634677887 -0.26970529556274414 
vn 0.8169964551925659 -0.5674596428871155 -0.10250037163496017 
vn 0.1444164365530014 -0.8045492768287659 0.5760593414306641 
vn 0.581417441368103 -0.4037896394729614 0.7063339352607727 
vn 0.6823854446411133 0.0226538497954607 -0.7306414246559143 
vn 0.9414265751838684 0.2024230659008026 -0.26970529556274414 
vn 0.8048802614212036 0.14256027340888977 0.5760593414306641 
vn 0.6823854446411133 0.0226538497954607 -0.7306414246559143 
vn -0.21528999507427216 0.6479300260543823 -0.7306414246559143 
vn 0.9414265751838684 0.2024230659008026 -0.26970529556274414 
vn -0.13364173471927643 0.9536241292953491 -0.26970529556274414 
vn 0.8048802614212036 0.14256027340888977 0.5760593414306641 
vn -0.14812643826007843 0.8038744926452637 0.5760593414306641 
vn -0.4367128908634186 -0.6909685134887695 -0.5760593414306641 
vn -0.4345450699329376 -0.6923338770866394 0.5760593414306641 
vn -0.27554190158843994 -0.6281722187995911 -0.7276512384414673 
vn -0.2711772620677948 -0.6300687193870544 0.7276512384414673 
vn -0.4776192605495453 -0.5963174104690552 -0.6452018022537231 
vn -0.47929394245147705 -0.5949722528457642 0.6452018022537231 
vn 0.7548573613166809 0.09794995933771133 -0.6485338807106018 
vn 0.923203706741333 0.1204318031668663 -0.3649536371231079 
vn 0.7019723653793335 -0.29434436559677124 -0.6485338807106018 
vn 0.8585218191146851 -0.3602070212364197 -0.3649536371231079 
vn 0.45924875140190125 -0.607037365436554 -0.6485338807106018 
vn 0.5668972730636597 -0.7385365962982178 -0.3649536371231079 
vn 0.9719161987304688 0.12795519828796387 -0.1975002884864807 
vn 0.9056817293167114 -0.37514564394950867 -0.1975002884864807 
vn 0.5967705249786377 -0.7777265310287476 -0.1975002884864807 
vn -0.3749704957008362 0.8953959941864014 -0.2401314377784729 
vn -0.3713598847389221 0.8040764927864075 -0.4642767012119293 
vn -0.9132643342018127 0.3931058645248413 -0.10684575140476227 
vn -0.9144898653030396 0.35070276260375977 -0.2017817199230194 
vn -0.37556058168411255 0.6555291414260864 -0.6551609039306641 
vn -0.914289653301239 0.2863495349884033 -0.2864931523799896 
vn -0.37257492542266846 0.464596152305603 -0.8033295273780823 
vn -0.9135716557502747 0.20242644846439362 -0.3527185618877411 
vn -0.37440454959869385 0.23652969300746918 -0.8965907096862793 
vn -0.9137835502624512 0.10173735022544861 -0.3932546079158783 
vn -0.3751016855239868 -7.757970020517632e-14 -0.926983654499054 
vn -0.9141881465911865 0.0037740119732916355 -0.405272513628006 
vn -0.37440454959869385 -0.23652969300746918 -0.8965907096862793 
vn -0.9137835502624512 -0.10173735022544861 -0.3932546079158783 
vn -0.37257492542266846 -0.464596152305603 -0.8033295273780823 
vn -0.9135716557502747 -0.20242644846439362 -0.3527185618877411 
vn -0.37556058168411255 -0.6555291414260864 -0.6551609039306641 
vn -0.914289653301239 -0.2863495349884033 -0.2864931523799896 
vn -0.3713598847389221 -0.8040764927864075 -0.4642767012119293 
vn -0.9144898653030396 -0.35070276260375977 -0.2017817199230194 
vn -0.3749704957008362 -0.8953959941864014 -0.2401314377784729 
vn -0.9132643342018127 -0.3931058645248413 -0.10684575140476227 
vn -0.3756946325302124 -0.9267409443855286 0.002184694167226553 
vn -0.9118976593017578 -0.4104118347167969 0.002184694167226553 
vn 0.7034230828285217 0.502661943435669 -0.5025205612182617 
vn 0.49600836634635925 0.6133196949958801 -0.6146662831306458 
vn 0.7025088667869568 0.6157697439193726 -0.3568037748336792 
vn 0.49566394090652466 0.752856969833374 -0.43303996324539185 
vn 0.7015901803970337 0.6882453560829163 -0.18463370203971863 
vn 0.495004802942276 0.8397520780563354 -0.22312943637371063 
vn 0.7017449736595154 0.7124248743057251 0.002184694167226553 
vn 0.49781718850135803 0.8672792315483093 0.002184694167226553 
vn 0.7015901803970337 0.6882453560829163 0.18463370203971863 
vn 0.4960780143737793 0.839118480682373 0.22312943637371063 
vn 0.7030782103538513 0.6151196360588074 0.3568037748336792 
vn 0.4966545104980469 0.7522038817405701 0.43303996324539185 
vn 0.2552940249443054 0.6829947829246521 -0.6843559741973877 
vn 0.2531929612159729 0.8379185795783997 -0.4835140109062195 
vn 0.2573726177215576 0.9337852001190186 -0.24860523641109467 
vn 0.25395211577415466 0.9672143459320068 0.002184694167226553 
vn 0.2573726177215576 0.9337852001190186 0.24860523641109467 
vn 0.25466078519821167 0.8374736309051514 0.4835140109062195 
vn 0.4968394637107849 0.6126466393470764 0.6146662831306458 
vn 0.2580174207687378 0.6819705963134766 0.6843559741973877 
vn 0.062218084931373596 0.70513916015625 -0.7063339352607727 
vn 0.06226149946451187 0.864513635635376 -0.4987381398677826 
vn 0.06791459023952484 0.9640060663223267 -0.25706008076667786 
vn 0.06791467219591141 0.9976887702941895 0.002184694167226553 
vn 0.06218600273132324 0.9643925428390503 0.25706008076667786 
vn 0.06405612826347351 0.8643825054168701 0.4987381398677826 
vn 0.0639900416135788 0.7049806118011475 0.7063339352607727 
vn 0.0018883368466049433 0.8667506575584412 -0.4987381398677826 
vn -9.99364504453322e-14 0.9663954377174377 -0.25706008076667786 
vn -1.0341130485562108e-13 0.999997615814209 0.002184694167226553 
vn 0.0018857260001823306 0.9663935899734497 0.25706008076667786 
vn 0.0037714340724051 0.8667445182800293 0.4987381398677826 
vn 0.00376924779266119 0.707868754863739 0.7063339352607727 
vn 0.9719161987304688 0.12795519828796387 -0.1975002884864807 
vn 0.923203706741333 0.1204318031668663 -0.3649536371231079 
vn 0.7777265310287476 0.5967705249786377 -0.1975002884864807 
vn 0.7419699430465698 0.5623961687088013 -0.3649536371231079 
vn 0.7548573613166809 0.09794995933771133 -0.6485338807106018 
vn 0.6036016941070557 0.4637551009654999 -0.6485338807106018 
vn 0.381346732378006 0.6554857492446899 0.651853621006012 
vn 0.3802618086338043 0.656115710735321 -0.651853621006012 
vn -7.84216170734292e-14 0.758344829082489 0.651853621006012 
vn -0.001887803548015654 0.7583425045013428 -0.651853621006012 
vn -0.381346732378006 0.6554857492446899 0.651853621006012 
vn -0.3769904673099518 0.6580008268356323 -0.651853621006012 
vn -0.6554857492446899 0.381346732378006 0.651853621006012 
vn -0.6570602655410767 0.37862733006477356 -0.651853621006012 
vn -0.6823854446411133 -0.0226538497954607 -0.7306414246559143 
vn 0.21528999507427216 -0.6479300260543823 -0.7306414246559143 
vn -0.9406253695487976 -0.20611386001110077 -0.26970529556274414 
vn 0.13738089799880981 -0.953092634677887 -0.26970529556274414 
vn -0.8042140007019043 -0.14627182483673096 0.5760593414306641 
vn 0.1444164365530014 -0.8045492768287659 0.5760593414306641 
vn 0.5598205327987671 0.5157564878463745 -0.6485338807106018 
vn 0.6838332414627075 0.6318076848983765 -0.3649536371231079 
vn 0.7431085705757141 0.1649044305086136 -0.6485338807106018 
vn 0.9088089466094971 0.2021760642528534 -0.3649536371231079 
vn 0.7276858687400818 -0.22333180904388428 -0.6485338807106018 
vn 0.8894506692886353 -0.27511149644851685 -0.3649536371231079 
vn 0.5171440839767456 -0.5585389733314514 -0.6485338807106018 
vn 0.6304203867912292 -0.6851123571395874 -0.3649536371231079 
vn 0.7193458676338196 0.6659843921661377 -0.1975002884864807 
vn 0.9559639692306519 0.21708647906780243 -0.1975002884864807 
vn 0.9364323019981384 -0.28997957706451416 -0.1975002884864807 
vn 0.6659843921661377 -0.7193458676338196 -0.1975002884864807 
vn 0.49015140533447266 0.8489671349525452 0.1975002884864807 
vn 0.4666019082069397 0.8056621551513672 0.3649536371231079 
vn 0.8489671349525452 0.49015140533447266 0.1975002884864807 
vn 0.8047147989273071 0.4682338833808899 0.3649536371231079 
vn 0.9803028106689453 0 0.1975002884864807 
vn 0.9310256838798523 0 0.3649536371231079 
vn 0.8489671349525452 -0.49015140533447266 0.1975002884864807 
vn 0.8047147989273071 -0.4682338833808899 0.3649536371231079 
vn 0.3784131407737732 0.6604598760604858 0.6485338807106018 
vn 0.6585766673088074 0.3816812038421631 0.6485338807106018 
vn 0.7611857652664185 0 0.6485338807106018 
vn 0.6585766673088074 -0.3816812038421631 0.6485338807106018 
vn -0.7422809600830078 -0.16859044134616852 -0.6485338807106018 
vn -0.9079819321632385 -0.20585840940475464 -0.3649536371231079 
vn -0.7265685200691223 0.2269405722618103 -0.6485338807106018 
vn -0.8883281946182251 0.27871474623680115 -0.3649536371231079 
vn -0.5143656730651855 0.5610986948013306 -0.6485338807106018 
vn -0.6331924200057983 0.6825512647628784 -0.3649536371231079 
vn -0.9559639692306519 -0.21708647906780243 -0.1975002884864807 
vn -0.9364323019981384 0.28997957706451416 -0.1975002884864807 
vn -0.6659843921661377 0.7193458676338196 -0.1975002884864807 
vn -0.49015140533447266 -0.8489671349525452 0.1975002884864807 
vn -0.4633322060108185 -0.8075469732284546 0.3649536371231079 
vn -0.8489671349525452 -0.49015140533447266 0.1975002884864807 
vn -0.8066062331199646 -0.4649679958820343 0.3649536371231079 
vn -0.9803028106689453 -2.0231394142443404e-13 0.1975002884864807 
vn -0.931018054485321 0.00377405877225101 0.3649536371231079 
vn -0.3784131407737732 -0.6604598760604858 0.6485338807106018 
vn -0.6585766673088074 -0.3816812038421631 0.6485338807106018 
vn -0.7611857652664185 -1.5743080396170978e-13 0.6485338807106018 
vn -0.3756946325302124 -0.9267409443855286 0.002184694167226553 
vn -0.3749704957008362 -0.8953959941864014 0.2401314377784729 
vn -0.9118976593017578 -0.4104118347167969 0.002184694167226553 
vn -0.9119608402252197 -0.39612048864364624 0.10684575140476227 
vn -0.3760165274143219 -0.8019094467163086 0.4642767012119293 
vn -0.9144898653030396 -0.35070276260375977 0.2017817199230194 
vn -0.37337926030158997 -0.6567740440368652 0.6551609039306641 
vn -0.9132655262947083 -0.28959935903549194 0.2864931523799896 
vn -0.3742455840110779 -0.4632514715194702 0.8033295273780823 
vn -0.9128054976463318 -0.20585359632968903 0.3527185618877411 
vn -0.37107202410697937 -0.24172425270080566 0.8965907096862793 
vn -0.9133738279342651 -0.10535196959972382 0.3932546079158783 
vn -0.375082790851593 0.0037648463621735573 0.926983654499054 
vn -0.9141881465911865 0.0037740119732916355 0.405272513628006 
vn -0.37107202410697937 0.24172425270080566 0.8965907096862793 
vn -0.9133738279342651 0.10535196959972382 0.3932546079158783 
vn -0.3742455840110779 0.4632514715194702 0.8033295273780823 
vn -0.9128054976463318 0.20585359632968903 0.3527185618877411 
vn -0.37337926030158997 0.6567740440368652 0.6551609039306641 
vn -0.9132655262947083 0.28959935903549194 0.2864931523799896 
vn -0.3760165274143219 0.8019094467163086 0.4642767012119293 
vn -0.9144898653030396 0.35070276260375977 0.2017817199230194 
vn -0.3749704957008362 0.8953959941864014 0.2401314377784729 
vn -0.9119608402252197 0.39612048864364624 0.10684575140476227 
vn 0.8145913481712341 0.06779768317937851 0.5760593414306641 
vn -0.06591857224702835 0.8147456049919128 0.5760593414306641 
vn 0.5401068925857544 -0.4575771987438202 0.7063339352607727 
vn -0.5401068925857544 0.4575771987438202 0.7063339352607727 
vn 0.06967644393444061 -0.8144327998161316 0.5760593414306641 
vn -0.8142699599266052 -0.07155483216047287 0.5760593414306641 
vn -0.955834150314331 -0.11679091304540634 -0.26970529556274414 
vn 0.04719042778015137 -0.9617859125137329 -0.26970529556274414 
vn -0.8142699599266052 -0.07155483216047287 0.5760593414306641 
vn 0.06967644393444061 -0.8144327998161316 0.5760593414306641 
vn 0.6817172765731812 -0.03774409741163254 -0.7306414246559143 
vn -0.1498241424560547 0.6661199927330017 -0.7306414246559143 
vn 0.9562848806381226 0.11304115504026413 -0.26970529556274414 
vn -0.04341786727309227 0.9619635939598083 -0.26970529556274414 
vn 0.8145913481712341 0.06779768317937851 0.5760593414306641 
vn -0.06591857224702835 0.8147456049919128 0.5760593414306641 
vn 0.8489671349525452 -0.49015140533447266 0.1975002884864807 
vn 0.8047147989273071 -0.4682338833808899 0.3649536371231079 
vn 0.49015140533447266 -0.8489671349525452 0.1975002884864807 
vn 0.4666019082069397 -0.8056621551513672 0.3649536371231079 
vn 3.0455924782991917e-13 -0.9803028106689453 0.1975002884864807 
vn -0.0018870332278311253 -0.9310237765312195 0.3649536371231079 
vn -0.49015140533447266 -0.8489671349525452 0.1975002884864807 
vn -0.4633322060108185 -0.8075469732284546 0.3649536371231079 
vn 0.6585766673088074 -0.3816812038421631 0.6485338807106018 
vn 0.3784131407737732 -0.6604598760604858 0.6485338807106018 
vn 0.003771807299926877 -0.7611764073371887 0.6485338807106018 
vn -0.3784131407737732 -0.6604598760604858 0.6485338807106018 
vn 0.8048802614212036 0.14256027340888977 0.5760593414306641 
vn -0.14812643826007843 0.8038744926452637 0.5760593414306641 
vn 0.581417441368103 -0.4037896394729614 0.7063339352607727 
vn -0.581417441368103 0.4037896394729614 0.7063339352607727 
vn 0.1444164365530014 -0.8045492768287659 0.5760593414306641 
vn -0.8042140007019043 -0.14627182483673096 0.5760593414306641 
vn -0.1498241424560547 0.6661199927330017 -0.7306414246559143 
vn -0.46237489581108093 0.38633453845977783 -0.7980946898460388 
vn -0.04341786727309227 0.9619635939598083 -0.26970529556274414 
vn -0.7571357488632202 0.6451659798622131 -0.10250037163496017 
vn -0.06591857224702835 0.8147456049919128 0.5760593414306641 
vn -0.5401068925857544 0.4575771987438202 0.7063339352607727 
vn -0.6817172765731812 0.03774409741163254 -0.7306414246559143 
vn -0.955834150314331 -0.11679091304540634 -0.26970529556274414 
vn -0.8142699599266052 -0.07155483216047287 0.5760593414306641 
vn 0.7571357488632202 -0.6451659798622131 -0.10250037163496017 
vn 0.04719042778015137 -0.9617859125137329 -0.26970529556274414 
vn 0.4599432349205017 -0.3892263174057007 -0.7980946898460388 
vn 0.1498241424560547 -0.6661199927330017 -0.7306414246559143 
vn 0.9316360950469971 -0.17257262766361237 0.3198012113571167 
vn 0.9315959811210632 -0.17278917133808136 -0.3198012113571167 
vn 0.6930496692657471 0.6143762469291687 0.37712597846984863 
vn 0.6930496692657471 0.6143762469291687 -0.37712597846984863 
vn 0.04719042778015137 -0.9617859125137329 -0.26970529556274414 
vn -0.955834150314331 -0.11679091304540634 -0.26970529556274414 
vn 0.1498241424560547 -0.6661199927330017 -0.7306414246559143 
vn -0.6817172765731812 0.03774409741163254 -0.7306414246559143 
vn 0.4599432349205017 -0.3892263174057007 -0.7980946898460388 
vn -0.46237489581108093 0.38633453845977783 -0.7980946898460388 
vn 0.6817172765731812 -0.03774409741163254 -0.7306414246559143 
vn -0.1498241424560547 0.6661199927330017 -0.7306414246559143 
vn 0.27216750383377075 -0.32403111457824707 0.9060511589050293 
vn 0.2638835310935974 -0.38434067368507385 0.8846737742424011 
vn 0.521932065486908 -0.8184887170791626 0.2401314377784729 
vn 0.7119787335395813 -0.5974210500717163 0.3690181374549866 
vn 0.4599432349205017 -0.3892263174057007 -0.7980946898460388 
vn 0.6817172765731812 -0.03774409741163254 -0.7306414246559143 
vn 0.7571357488632202 -0.6451659798622131 -0.10250037163496017 
vn 0.9562848806381226 0.11304115504026413 -0.26970529556274414 
vn 0.5401068925857544 -0.4575771987438202 0.7063339352607727 
vn 0.8145913481712341 0.06779768317937851 0.5760593414306641 
vn 0.06967644393444061 -0.8144327998161316 0.5760593414306641 
vn 0.04719042778015137 -0.9617859125137329 -0.26970529556274414 
vn 0.5171440839767456 -0.5585389733314514 -0.6485338807106018 
vn 0.6304203867912292 -0.6851123571395874 -0.3649536371231079 
vn 0.16674795746803284 -0.7426970601081848 -0.6485338807106018 
vn 0.20769831538200378 -0.907562792301178 -0.3649536371231079 
vn -0.22874285280704498 -0.726003110408783 -0.6485338807106018 
vn -0.27691370248794556 -0.8888912796974182 -0.3649536371231079 
vn -0.5572539567947388 -0.5185285210609436 -0.6485338807106018 
vn -0.6863887310028076 -0.6290304660797119 -0.3649536371231079 
vn 0.6659843921661377 -0.7193458676338196 -0.1975002884864807 
vn 0.21708647906780243 -0.9559639692306519 -0.1975002884864807 
vn -0.28997957706451416 -0.9364323019981384 -0.1975002884864807 
vn -0.7193458676338196 -0.6659843921661377 -0.1975002884864807 
vn -0.49015140533447266 -0.8489671349525452 0.1975002884864807 
vn -0.4633322060108185 -0.8075469732284546 0.3649536371231079 
vn -0.8489671349525452 -0.49015140533447266 0.1975002884864807 
vn -0.8066062331199646 -0.4649679958820343 0.3649536371231079 
vn -0.9803028106689453 -2.0231394142443404e-13 0.1975002884864807 
vn -0.931018054485321 0.00377405877225101 0.3649536371231079 
vn -0.3784131407737732 -0.6604598760604858 0.6485338807106018 
vn -0.6585766673088074 -0.3816812038421631 0.6485338807106018 
vn -0.7611857652664185 -1.5743080396170978e-13 0.6485338807106018 
vn 0.49015140533447266 0.8489671349525452 0.1975002884864807 
vn 0.4666019082069397 0.8056621551513672 0.3649536371231079 
vn 0.8489671349525452 0.49015140533447266 0.1975002884864807 
vn 0.8047147989273071 0.4682338833808899 0.3649536371231079 
vn 0.9803028106689453 0 0.1975002884864807 
vn 0.9310256838798523 0 0.3649536371231079 
vn 0.8489671349525452 -0.49015140533447266 0.1975002884864807 
vn 0.8047147989273071 -0.4682338833808899 0.3649536371231079 
vn 0.3784131407737732 0.6604598760604858 0.6485338807106018 
vn 0.6585766673088074 0.3816812038421631 0.6485338807106018 
vn 0.7611857652664185 0 0.6485338807106018 
vn 0.6585766673088074 -0.3816812038421631 0.6485338807106018 
vn -0.37556058168411255 0.6555291414260864 -0.6551609039306641 
vn 0.6795988082885742 0.5198882222175598 -0.5175535082817078 
vn -0.37257492542266846 0.464596152305603 -0.8033295273780823 
vn 0.6781694293022156 0.36972126364707947 -0.6351318359375 
vn -0.37440454959869385 0.23652969300746918 -0.8965907096862793 
vn 0.6796165704727173 0.1866663247346878 -0.7094202041625977 
vn -0.3751016855239868 -7.757970020517632e-14 -0.926983654499054 
vn 0.6795623898506165 0 -0.7336177229881287 
vn -0.37440454959869385 -0.23652969300746918 -0.8965907096862793 
vn 0.6796165704727173 -0.1866663247346878 -0.7094202041625977 
vn -0.37257492542266846 -0.464596152305603 -0.8033295273780823 
vn 0.6781694293022156 -0.36972126364707947 -0.6351318359375 
vn -0.37556058168411255 -0.6555291414260864 -0.6551609039306641 
vn 0.6795988082885742 -0.5198882222175598 -0.5175535082817078 
vn -0.9803028106689453 -2.0231394142443404e-13 0.1975002884864807 
vn -0.931018054485321 0.00377405877225101 0.3649536371231079 
vn -0.8489671349525452 0.49015140533447266 0.1975002884864807 
vn -0.8066062331199646 0.4649679958820343 0.3649536371231079 
vn -0.7611857652664185 -1.5743080396170978e-13 0.6485338807106018 
vn -0.6585766673088074 0.3816812038421631 0.6485338807106018 
vn -0.8489671349525452 0.49015140533447266 0.1975002884864807 
vn -0.8066062331199646 0.4649679958820343 0.3649536371231079 
vn -0.49015140533447266 0.8489671349525452 0.1975002884864807 
vn -0.4633322060108185 0.8075469732284546 0.3649536371231079 
vn -1.0115697071221702e-13 0.9803028106689453 0.1975002884864807 
vn -0.0018870332278311253 0.9310237765312195 0.3649536371231079 
vn 0.49015140533447266 0.8489671349525452 0.1975002884864807 
vn 0.4666019082069397 0.8056621551513672 0.3649536371231079 
vn -0.6585766673088074 0.3816812038421631 0.6485338807106018 
vn -0.3784131407737732 0.6604598760604858 0.6485338807106018 
vn 0.003771807299926877 0.7611764073371887 0.6485338807106018 
vn 0.3784131407737732 0.6604598760604858 0.6485338807106018 
vn -0.9803028106689453 -2.0231394142443404e-13 0.1975002884864807 
vn -0.931018054485321 0.00377405877225101 0.3649536371231079 
vn -0.8489671349525452 0.49015140533447266 0.1975002884864807 
vn -0.8066062331199646 0.4649679958820343 0.3649536371231079 
vn -0.7611857652664185 -1.5743080396170978e-13 0.6485338807106018 
vn -0.6585766673088074 0.3816812038421631 0.6485338807106018 
vn 0.003771807299926877 -0.7611764073371887 0.6485338807106018 
vn 0.0037664873525500298 -0.5634793639183044 0.8261215686798096 
vn -0.3784131407737732 -0.6604598760604858 0.6485338807106018 
vn -0.28391778469085693 -0.486737996339798 0.8261215686798096 
vn -0.6585766673088074 -0.3816812038421631 0.6485338807106018 
vn -0.4886249005794525 -0.28065797686576843 0.8261215686798096 
vn -0.7611857652664185 -1.5743080396170978e-13 0.6485338807106018 
vn -0.563491940498352 -1.1654315479250194e-13 0.8261215686798096 
vn -0.6585766673088074 0.3816812038421631 0.6485338807106018 
vn -0.4886249005794525 0.28065797686576843 0.8261215686798096 
vn -0.3784131407737732 0.6604598760604858 0.6485338807106018 
vn -0.28391778469085693 0.486737996339798 0.8261215686798096 
vn 0.003771807299926877 0.7611764073371887 0.6485338807106018 
vn 0.0037664873525500298 0.5634793639183044 0.8261215686798096 
vn 0.3784131407737732 0.6604598760604858 0.6485338807106018 
vn 0.28391778469085693 0.486737996339798 0.8261215686798096 
vn 0.6585766673088074 0.3816812038421631 0.6485338807106018 
vn 0.4886249005794525 0.28065797686576843 0.8261215686798096 
vn 0.7611857652664185 0 0.6485338807106018 
vn 0.563491940498352 0 0.8261215686798096 
vn 0.6585766673088074 -0.3816812038421631 0.6485338807106018 
vn 0.4886249005794525 -0.28065797686576843 0.8261215686798096 
vn 0.3784131407737732 -0.6604598760604858 0.6485338807106018 
vn 0.28391778469085693 -0.486737996339798 0.8261215686798096 
vn 0.18457642197608948 -0.31719210743904114 0.9302261471748352 
vn -0.0018777163932099938 -0.36698195338249207 0.9302261471748352 
vn -0.181320920586586 -0.31906425952911377 0.9302261471748352 
vn -0.31813234090805054 -0.18295106291770935 0.9302261471748352 
vn -0.3669675588607788 0.0037553836591541767 0.9302261471748352 
vn -0.31813234090805054 0.18295106291770935 0.9302261471748352 
vn -0.181320920586586 0.31906425952911377 0.9302261471748352 
vn -0.0018777163932099938 0.36698195338249207 0.9302261471748352 
vn 0.18457642197608948 0.31719210743904114 0.9302261471748352 
vn 0.31624355912208557 0.1861969381570816 0.9302261471748352 
vn 0.3669867515563965 0 0.9302261471748352 
vn 0.31624355912208557 -0.1861969381570816 0.9302261471748352 
vn 0.16206713020801544 -0.0928502231836319 0.9824016690254211 
vn 0.09446703642606735 -0.16113005578517914 0.9824016690254211 
vn 0.0018687201663851738 -0.18677105009555817 0.9824016690254211 
vn -0.09122410416603088 -0.16298797726631165 0.9824016690254211 
vn -0.1601768583059311 -0.09607440233230591 0.9824016690254211 
vn -0.18674300611019135 0.0037372533697634935 0.9824016690254211 
vn -0.1601768583059311 0.09607440233230591 0.9824016690254211 
vn -0.09122410416603088 0.16298797726631165 0.9824016690254211 
vn 0.0018687201663851738 0.18677105009555817 0.9824016690254211 
vn 0.09446703642606735 0.16113005578517914 0.9824016690254211 
vn 0.16206713020801544 0.0928502231836319 0.9824016690254211 
vn 0.1867803931236267 0 0.9824016690254211 
vn -0.6585766673088074 0.3816812038421631 0.6485338807106018 
vn -0.4886249005794525 0.28065797686576843 0.8261215686798096 
vn -0.3784131407737732 0.6604598760604858 0.6485338807106018 
vn -0.28391778469085693 0.486737996339798 0.8261215686798096 
vn 0.003771807299926877 0.7611764073371887 0.6485338807106018 
vn 0.0037664873525500298 0.5634793639183044 0.8261215686798096 
vn 0.3784131407737732 0.6604598760604858 0.6485338807106018 
vn 0.28391778469085693 0.486737996339798 0.8261215686798096 
vn 0.6585766673088074 0.3816812038421631 0.6485338807106018 
vn 0.4886249005794525 0.28065797686576843 0.8261215686798096 
vn 0.7611857652664185 0 0.6485338807106018 
vn 0.563491940498352 0 0.8261215686798096 
vn 0.6585766673088074 -0.3816812038421631 0.6485338807106018 
vn 0.4886249005794525 -0.28065797686576843 0.8261215686798096 
vn 0.3784131407737732 -0.6604598760604858 0.6485338807106018 
vn 0.28391778469085693 -0.486737996339798 0.8261215686798096 
vn 0.003771807299926877 -0.7611764073371887 0.6485338807106018 
vn 0.0037664873525500298 -0.5634793639183044 0.8261215686798096 
vn -0.3784131407737732 -0.6604598760604858 0.6485338807106018 
vn -0.28391778469085693 -0.486737996339798 0.8261215686798096 
vn -0.6585766673088074 -0.3816812038421631 0.6485338807106018 
vn -0.4886249005794525 -0.28065797686576843 0.8261215686798096 
vn -0.7611857652664185 -1.5743080396170978e-13 0.6485338807106018 
vn -0.563491940498352 -1.1654315479250194e-13 0.8261215686798096 
vn -0.3669675588607788 0.0037553836591541767 0.9302261471748352 
vn -0.31813234090805054 0.18295106291770935 0.9302261471748352 
vn -0.181320920586586 0.31906425952911377 0.9302261471748352 
vn -0.0018777163932099938 0.36698195338249207 0.9302261471748352 
vn 0.18457642197608948 0.31719210743904114 0.9302261471748352 
vn 0.31624355912208557 0.1861969381570816 0.9302261471748352 
vn 0.3669867515563965 0 0.9302261471748352 
vn 0.31624355912208557 -0.1861969381570816 0.9302261471748352 
vn 0.18457642197608948 -0.31719210743904114 0.9302261471748352 
vn -0.0018777163932099938 -0.36698195338249207 0.9302261471748352 
vn -0.181320920586586 -0.31906425952911377 0.9302261471748352 
vn -0.31813234090805054 -0.18295106291770935 0.9302261471748352 
vn -0.1601768583059311 -0.09607440233230591 0.9824016690254211 
vn -0.18674300611019135 0.0037372533697634935 0.9824016690254211 
vn -0.1601768583059311 0.09607440233230591 0.9824016690254211 
vn -0.09122410416603088 0.16298797726631165 0.9824016690254211 
vn 0.0018687201663851738 0.18677105009555817 0.9824016690254211 
vn 0.09446703642606735 0.16113005578517914 0.9824016690254211 
vn 0.16206713020801544 0.0928502231836319 0.9824016690254211 
vn 0.1867803931236267 0 0.9824016690254211 
vn 0.16206713020801544 -0.0928502231836319 0.9824016690254211 
vn 0.09446703642606735 -0.16113005578517914 0.9824016690254211 
vn 0.0018687201663851738 -0.18677105009555817 0.9824016690254211 
vn -0.09122410416603088 -0.16298797726631165 0.9824016690254211 
vn -0.09122410416603088 -0.16298797726631165 0.9824016690254211 
vn 0.0018687201663851738 -0.18677105009555817 0.9824016690254211 
vn 0 0 1 
vn 0.09446703642606735 -0.16113005578517914 0.9824016690254211 
vn 0.16206713020801544 -0.0928502231836319 0.9824016690254211 
vn 0.1867803931236267 0 0.9824016690254211 
vn 0.16206713020801544 0.0928502231836319 0.9824016690254211 
vn 0.09446703642606735 0.16113005578517914 0.9824016690254211 
vn 0.0018687201663851738 0.18677105009555817 0.9824016690254211 
vn -0.09122410416603088 0.16298797726631165 0.9824016690254211 
vn -0.1601768583059311 0.09607440233230591 0.9824016690254211 
vn -0.18674300611019135 0.0037372533697634935 0.9824016690254211 
vn -0.1601768583059311 -0.09607440233230591 0.9824016690254211 
vn 0.057718317955732346 0.1776387095451355 -0.9824016690254211 
vn 0.1392262876033783 0.12451087683439255 -0.9824016690254211 
vn -2.0682311115474694e-13 0 -1 
vn 0.1829569935798645 0.037598617374897 -0.9824016690254211 
vn 0.179311141371727 -0.05229181423783302 -0.9824016690254211 
vn 0.12868551909923553 -0.13537707924842834 -0.9824016690254211 
vn 0.043142739683389664 -0.1817295253276825 -0.9824016690254211 
vn -0.05410626903176308 -0.1787720024585724 -0.9824016690254211 
vn -0.13667424023151398 -0.1273069977760315 -0.9824016690254211 
vn -0.18215741217136383 -0.04129887744784355 -0.9824016690254211 
vn -0.17821450531482697 0.05591516196727753 -0.9824016690254211 
vn -0.12591540813446045 0.1379573494195938 -0.9824016690254211 
vn -0.03945077210664749 0.1825665682554245 -0.9824016690254211 
vn -0.6585766673088074 0.3816812038421631 0.6485338807106018 
vn -0.4886249005794525 0.28065797686576843 0.8261215686798096 
vn -0.3784131407737732 0.6604598760604858 0.6485338807106018 
vn -0.28391778469085693 0.486737996339798 0.8261215686798096 
vn 0.003771807299926877 0.7611764073371887 0.6485338807106018 
vn 0.0037664873525500298 0.5634793639183044 0.8261215686798096 
vn 0.3784131407737732 0.6604598760604858 0.6485338807106018 
vn 0.28391778469085693 0.486737996339798 0.8261215686798096 
vn 0.6585766673088074 0.3816812038421631 0.6485338807106018 
vn 0.4886249005794525 0.28065797686576843 0.8261215686798096 
vn 0.7611857652664185 0 0.6485338807106018 
vn 0.563491940498352 0 0.8261215686798096 
vn 0.6585766673088074 -0.3816812038421631 0.6485338807106018 
vn 0.4886249005794525 -0.28065797686576843 0.8261215686798096 
vn 0.3784131407737732 -0.6604598760604858 0.6485338807106018 
vn 0.28391778469085693 -0.486737996339798 0.8261215686798096 
vn 0.003771807299926877 -0.7611764073371887 0.6485338807106018 
vn 0.0037664873525500298 -0.5634793639183044 0.8261215686798096 
vn -0.3784131407737732 -0.6604598760604858 0.6485338807106018 
vn -0.28391778469085693 -0.486737996339798 0.8261215686798096 
vn -0.6585766673088074 -0.3816812038421631 0.6485338807106018 
vn -0.4886249005794525 -0.28065797686576843 0.8261215686798096 
vn -0.7611857652664185 -1.5743080396170978e-13 0.6485338807106018 
vn -0.563491940498352 -1.1654315479250194e-13 0.8261215686798096 
vn -0.3669675588607788 0.0037553836591541767 0.9302261471748352 
vn -0.31813234090805054 0.18295106291770935 0.9302261471748352 
vn -0.181320920586586 0.31906425952911377 0.9302261471748352 
vn -0.0018777163932099938 0.36698195338249207 0.9302261471748352 
vn 0.18457642197608948 0.31719210743904114 0.9302261471748352 
vn 0.31624355912208557 0.1861969381570816 0.9302261471748352 
vn 0.3669867515563965 0 0.9302261471748352 
vn 0.31624355912208557 -0.1861969381570816 0.9302261471748352 
vn 0.18457642197608948 -0.31719210743904114 0.9302261471748352 
vn -0.0018777163932099938 -0.36698195338249207 0.9302261471748352 
vn -0.181320920586586 -0.31906425952911377 0.9302261471748352 
vn -0.31813234090805054 -0.18295106291770935 0.9302261471748352 
vn -0.1601768583059311 -0.09607440233230591 0.9824016690254211 
vn -0.18674300611019135 0.0037372533697634935 0.9824016690254211 
vn -0.1601768583059311 0.09607440233230591 0.9824016690254211 
vn -0.09122410416603088 0.16298797726631165 0.9824016690254211 
vn 0.0018687201663851738 0.18677105009555817 0.9824016690254211 
vn 0.09446703642606735 0.16113005578517914 0.9824016690254211 
vn 0.16206713020801544 0.0928502231836319 0.9824016690254211 
vn 0.1867803931236267 0 0.9824016690254211 
vn 0.16206713020801544 -0.0928502231836319 0.9824016690254211 
vn 0.09446703642606735 -0.16113005578517914 0.9824016690254211 
vn 0.0018687201663851738 -0.18677105009555817 0.9824016690254211 
vn -0.09122410416603088 -0.16298797726631165 0.9824016690254211 
vn 0.09446703642606735 -0.16113005578517914 0.9824016690254211 
vn 0.16206713020801544 -0.0928502231836319 0.9824016690254211 
vn 0 0 1 
vn 0.1867803931236267 0 0.9824016690254211 
vn 0.16206713020801544 0.0928502231836319 0.9824016690254211 
vn 0.09446703642606735 0.16113005578517914 0.9824016690254211 
vn 0.0018687201663851738 0.18677105009555817 0.9824016690254211 
vn -0.09122410416603088 0.16298797726631165 0.9824016690254211 
vn -0.1601768583059311 0.09607440233230591 0.9824016690254211 
vn -0.18674300611019135 0.0037372533697634935 0.9824016690254211 
vn -0.1601768583059311 -0.09607440233230591 0.9824016690254211 
vn -0.09122410416603088 -0.16298797726631165 0.9824016690254211 
vn 0.0018687201663851738 -0.18677105009555817 0.9824016690254211 
vn -0.9128054976463318 0.20585359632968903 0.3527185618877411 
vn -0.9132655262947083 0.28959935903549194 0.2864931523799896 
vn -0.999997615814209 -2.0682260971124217e-13 0.002184694167226553 
vn -0.9144898653030396 0.35070276260375977 0.2017817199230194 
vn -0.9119608402252197 0.39612048864364624 0.10684575140476227 
vn -0.9118976593017578 0.4104118347167969 0.002184694167226553 
vn -0.9132643342018127 0.3931058645248413 -0.10684575140476227 
vn -0.9144898653030396 0.35070276260375977 -0.2017817199230194 
vn -0.914289653301239 0.2863495349884033 -0.2864931523799896 
vn -0.9135716557502747 0.20242644846439362 -0.3527185618877411 
vn -0.9137835502624512 0.10173735022544861 -0.3932546079158783 
vn -0.9141881465911865 0.0037740119732916355 -0.405272513628006 
vn -0.9137835502624512 -0.10173735022544861 -0.3932546079158783 
vn -0.9135716557502747 -0.20242644846439362 -0.3527185618877411 
vn -0.914289653301239 -0.2863495349884033 -0.2864931523799896 
vn -0.9144898653030396 -0.35070276260375977 -0.2017817199230194 
vn -0.9132643342018127 -0.3931058645248413 -0.10684575140476227 
vn -0.9118976593017578 -0.4104118347167969 0.002184694167226553 
vn -0.9119608402252197 -0.39612048864364624 0.10684575140476227 
vn -0.9144898653030396 -0.35070276260375977 0.2017817199230194 
vn -0.9132655262947083 -0.28959935903549194 0.2864931523799896 
vn -0.9128054976463318 -0.20585359632968903 0.3527185618877411 
vn -0.9133738279342651 -0.10535196959972382 0.3932546079158783 
vn -0.9141881465911865 0.0037740119732916355 0.405272513628006 
vn -0.9133738279342651 0.10535196959972382 0.3932546079158783 
vn 0.09982284158468246 -0.7546119689941406 -0.6485338807106018 
vn 0.06792145222425461 -0.5593834519386292 -0.8261215686798096 
vn 0.45924875140190125 -0.607037365436554 -0.6485338807106018 
vn 0.34453070163726807 -0.44589436054229736 -0.8261215686798096 
vn 0.7019723653793335 -0.29434436559677124 -0.6485338807106018 
vn 0.5213195085525513 -0.21389049291610718 -0.8261215686798096 
vn 0.7548573613166809 0.09794995933771133 -0.6485338807106018 
vn 0.5593834519386292 0.06792145222425461 -0.8261215686798096 
vn 0.6036016941070557 0.4637551009654999 -0.6485338807106018 
vn 0.44589436054229736 0.34453070163726807 -0.8261215686798096 
vn 0.2960854172706604 0.7012397646903992 -0.6485338807106018 
vn 0.21389049291610718 0.5213195085525513 -0.8261215686798096 
vn -0.09607647359371185 0.7550981044769287 -0.6485338807106018 
vn -0.06792145222425461 0.5593834519386292 -0.8261215686798096 
vn -0.4622558355331421 0.6047506332397461 -0.6485338807106018 
vn -0.34453070163726807 0.44589436054229736 -0.8261215686798096 
vn -0.7034245133399963 0.29085686802864075 -0.6485338807106018 
vn -0.5213195085525513 0.21389049291610718 -0.8261215686798096 
vn -0.7553341388702393 -0.09420239925384521 -0.6485338807106018 
vn -0.5593834519386292 -0.06792145222425461 -0.8261215686798096 
vn -0.6058958768844604 -0.4607537090778351 -0.6485338807106018 
vn -0.44589436054229736 -0.34453070163726807 -0.8261215686798096 
vn -0.2926015257835388 -0.7027006149291992 -0.6485338807106018 
vn -0.21389049291610718 -0.5213195085525513 -0.8261215686798096 
vn -0.13825415074825287 -0.3399486243724823 -0.9302261471748352 
vn 0.04712049663066864 -0.36394909024238586 -0.9302261471748352 
vn 0.22027069330215454 -0.2935304045677185 -0.9302261471748352 
vn 0.33923208713531494 -0.14000310003757477 -0.9302261471748352 
vn 0.36418694257736206 0.04524548724293709 -0.9302261471748352 
vn 0.29009222984313965 0.2247793972492218 -0.9302261471748352 
vn 0.1417483240365982 0.3385065793991089 -0.9302261471748352 
vn -0.04336927831172943 0.36441513895988464 -0.9302261471748352 
vn -0.22328241169452667 0.2912460267543793 -0.9302261471748352 
vn -0.33777204155921936 0.143489807844162 -0.9302261471748352 
vn -0.36370158195495605 -0.04899425804615021 -0.9302261471748352 
vn -0.2923921048641205 -0.2217794954776764 -0.9302261471748352 
vn -0.14653520286083221 -0.11582033336162567 -0.9824016690254211 
vn -0.07539359480142593 -0.1708880513906479 -0.9824016690254211 
vn 0.020778410136699677 -0.18562105298042297 -0.9824016690254211 
vn 0.11131245642900467 -0.14998817443847656 -0.9824016690254211 
vn 0.17164330184459686 -0.07365794479846954 -0.9824016690254211 
vn 0.18540094792842865 0.02265842631459236 -0.9824016690254211 
vn 0.14885243773460388 0.11282672733068466 -0.9824016690254211 
vn 0.07191473245620728 0.1723809391260147 -0.9824016690254211 
vn -0.024536114186048508 0.18516181409358978 -0.9824016690254211 
vn -0.11432939767837524 0.1477014124393463 -0.9824016690254211 
vn -0.17310087382793427 0.07016412913799286 -0.9824016690254211 
vn -0.18490365147590637 -0.026411283761262894 -0.9824016690254211 
vn -0.7265685200691223 0.2269405722618103 -0.6485338807106018 
vn -0.5390907526016235 0.16402548551559448 -0.8261215686798096 
vn -0.7422809600830078 -0.16859044134616852 -0.6485338807106018 
vn -0.5488790273666382 -0.12749512493610382 -0.8261215686798096 
vn -0.5572539567947388 -0.5185285210609436 -0.6485338807106018 
vn -0.4115956127643585 -0.3848535418510437 -0.8261215686798096 
vn -0.22874285280704498 -0.726003110408783 -0.6485338807106018 
vn -0.16402548551559448 -0.5390907526016235 -0.8261215686798096 
vn 0.16674795746803284 -0.7426970601081848 -0.6485338807106018 
vn 0.12749512493610382 -0.5488790273666382 -0.8261215686798096 
vn 0.5171440839767456 -0.5585389733314514 -0.6485338807106018 
vn 0.3848535418510437 -0.4115956127643585 -0.8261215686798096 
vn 0.7276858687400818 -0.22333180904388428 -0.6485338807106018 
vn 0.5390907526016235 -0.16402548551559448 -0.8261215686798096 
vn 0.7431085705757141 0.1649044305086136 -0.6485338807106018 
vn 0.5488790273666382 0.12749512493610382 -0.8261215686798096 
vn 0.5598205327987671 0.5157564878463745 -0.6485338807106018 
vn 0.4115956127643585 0.3848535418510437 -0.8261215686798096 
vn 0.2251368761062622 0.7271293997764587 -0.6485338807106018 
vn 0.16402548551559448 0.5390907526016235 -0.8261215686798096 
vn -0.17043191194534302 0.7418603301048279 -0.6485338807106018 
vn -0.12749512493610382 0.5488790273666382 -0.8261215686798096 
vn -0.5143656730651855 0.5610986948013306 -0.6485338807106018 
vn -0.3848535418510437 0.4115956127643585 -0.8261215686798096 
vn -0.2464970052242279 0.2718795835971832 -0.9302261471748352 
vn -0.3507355749607086 0.10799922794103622 -0.9302261471748352 
vn -0.3584348261356354 -0.07876399904489517 -0.9302261471748352 
vn -0.268038809299469 -0.25066807866096497 -0.9302261471748352 
vn -0.10980413109064102 -0.3501747250556946 -0.9302261471748352 
vn 0.08429235965013504 -0.35717514157295227 -0.9302261471748352 
vn 0.24928432703018188 -0.26932621002197266 -0.9302261471748352 
vn 0.3496045768260956 -0.11160612106323242 -0.9302261471748352 
vn 0.3576045334339142 0.08245174586772919 -0.9302261471748352 
vn 0.27060648798942566 0.24789395928382874 -0.9302261471748352 
vn 0.10619146376848221 0.3512871563434601 -0.9302261471748352 
vn -0.08060894161462784 0.3580244183540344 -0.9302261471748352 
vn -0.03945077210664749 0.1825665682554245 -0.9824016690254211 
vn -0.12591540813446045 0.1379573494195938 -0.9824016690254211 
vn -0.17821450531482697 0.05591516196727753 -0.9824016690254211 
vn -0.18215741217136383 -0.04129887744784355 -0.9824016690254211 
vn -0.13667424023151398 -0.1273069977760315 -0.9824016690254211 
vn -0.05410626903176308 -0.1787720024585724 -0.9824016690254211 
vn 0.043142739683389664 -0.1817295253276825 -0.9824016690254211 
vn 0.12868551909923553 -0.13537707924842834 -0.9824016690254211 
vn 0.179311141371727 -0.05229181423783302 -0.9824016690254211 
vn 0.1829569935798645 0.037598617374897 -0.9824016690254211 
vn 0.1392262876033783 0.12451087683439255 -0.9824016690254211 
vn 0.057718317955732346 0.1776387095451355 -0.9824016690254211 
vn 0.057718317955732346 0.1776387095451355 -0.9824016690254211 
vn 0.10619146376848221 0.3512871563434601 -0.9302261471748352 
vn 0.1392262876033783 0.12451087683439255 -0.9824016690254211 
vn 0.27060648798942566 0.24789395928382874 -0.9302261471748352 
vn 0.1829569935798645 0.037598617374897 -0.9824016690254211 
vn 0.3576045334339142 0.08245174586772919 -0.9302261471748352 
vn 0.179311141371727 -0.05229181423783302 -0.9824016690254211 
vn 0.3496045768260956 -0.11160612106323242 -0.9302261471748352 
vn 0.12868551909923553 -0.13537707924842834 -0.9824016690254211 
vn 0.24928432703018188 -0.26932621002197266 -0.9302261471748352 
vn 0.043142739683389664 -0.1817295253276825 -0.9824016690254211 
vn 0.08429235965013504 -0.35717514157295227 -0.9302261471748352 
vn -0.05410626903176308 -0.1787720024585724 -0.9824016690254211 
vn -0.10980413109064102 -0.3501747250556946 -0.9302261471748352 
vn -0.13667424023151398 -0.1273069977760315 -0.9824016690254211 
vn -0.268038809299469 -0.25066807866096497 -0.9302261471748352 
vn -0.18215741217136383 -0.04129887744784355 -0.9824016690254211 
vn -0.3584348261356354 -0.07876399904489517 -0.9302261471748352 
vn -0.17821450531482697 0.05591516196727753 -0.9824016690254211 
vn -0.3507355749607086 0.10799922794103622 -0.9302261471748352 
vn -0.12591540813446045 0.1379573494195938 -0.9824016690254211 
vn -0.2464970052242279 0.2718795835971832 -0.9302261471748352 
vn -0.03945077210664749 0.1825665682554245 -0.9824016690254211 
vn -0.08060894161462784 0.3580244183540344 -0.9302261471748352 
vn -0.12749512493610382 0.5488790273666382 -0.8261215686798096 
vn 0.16402548551559448 0.5390907526016235 -0.8261215686798096 
vn 0.4115956127643585 0.3848535418510437 -0.8261215686798096 
vn 0.5488790273666382 0.12749512493610382 -0.8261215686798096 
vn 0.5390907526016235 -0.16402548551559448 -0.8261215686798096 
vn 0.3848535418510437 -0.4115956127643585 -0.8261215686798096 
vn 0.12749512493610382 -0.5488790273666382 -0.8261215686798096 
vn -0.16402548551559448 -0.5390907526016235 -0.8261215686798096 
vn -0.4115956127643585 -0.3848535418510437 -0.8261215686798096 
vn -0.5488790273666382 -0.12749512493610382 -0.8261215686798096 
vn -0.5390907526016235 0.16402548551559448 -0.8261215686798096 
vn -0.3848535418510437 0.4115956127643585 -0.8261215686798096 
vn -0.5143656730651855 0.5610986948013306 -0.6485338807106018 
vn -0.17043191194534302 0.7418603301048279 -0.6485338807106018 
vn 0.2251368761062622 0.7271293997764587 -0.6485338807106018 
vn 0.5598205327987671 0.5157564878463745 -0.6485338807106018 
vn 0.7431085705757141 0.1649044305086136 -0.6485338807106018 
vn 0.7276858687400818 -0.22333180904388428 -0.6485338807106018 
vn 0.5171440839767456 -0.5585389733314514 -0.6485338807106018 
vn 0.16674795746803284 -0.7426970601081848 -0.6485338807106018 
vn -0.22874285280704498 -0.726003110408783 -0.6485338807106018 
vn -0.5572539567947388 -0.5185285210609436 -0.6485338807106018 
vn -0.7422809600830078 -0.16859044134616852 -0.6485338807106018 
vn -0.7265685200691223 0.2269405722618103 -0.6485338807106018 
vn -0.1601768583059311 -0.09607440233230591 0.9824016690254211 
vn -0.31813234090805054 -0.18295106291770935 0.9302261471748352 
vn -0.09122410416603088 -0.16298797726631165 0.9824016690254211 
vn -0.181320920586586 -0.31906425952911377 0.9302261471748352 
vn 0.0018687201663851738 -0.18677105009555817 0.9824016690254211 
vn -0.0018777163932099938 -0.36698195338249207 0.9302261471748352 
vn 0.09446703642606735 -0.16113005578517914 0.9824016690254211 
vn 0.18457642197608948 -0.31719210743904114 0.9302261471748352 
vn 0.16206713020801544 -0.0928502231836319 0.9824016690254211 
vn 0.31624355912208557 -0.1861969381570816 0.9302261471748352 
vn 0.1867803931236267 0 0.9824016690254211 
vn 0.3669867515563965 0 0.9302261471748352 
vn 0.16206713020801544 0.0928502231836319 0.9824016690254211 
vn 0.31624355912208557 0.1861969381570816 0.9302261471748352 
vn 0.09446703642606735 0.16113005578517914 0.9824016690254211 
vn 0.18457642197608948 0.31719210743904114 0.9302261471748352 
vn 0.0018687201663851738 0.18677105009555817 0.9824016690254211 
vn -0.0018777163932099938 0.36698195338249207 0.9302261471748352 
vn -0.09122410416603088 0.16298797726631165 0.9824016690254211 
vn -0.181320920586586 0.31906425952911377 0.9302261471748352 
vn -0.1601768583059311 0.09607440233230591 0.9824016690254211 
vn -0.31813234090805054 0.18295106291770935 0.9302261471748352 
vn -0.18674300611019135 0.0037372533697634935 0.9824016690254211 
vn -0.3669675588607788 0.0037553836591541767 0.9302261471748352 
vn -0.563491940498352 -1.1654315479250194e-13 0.8261215686798096 
vn -0.4886249005794525 -0.28065797686576843 0.8261215686798096 
vn -0.28391778469085693 -0.486737996339798 0.8261215686798096 
vn 0.0037664873525500298 -0.5634793639183044 0.8261215686798096 
vn 0.28391778469085693 -0.486737996339798 0.8261215686798096 
vn 0.4886249005794525 -0.28065797686576843 0.8261215686798096 
vn 0.563491940498352 0 0.8261215686798096 
vn 0.4886249005794525 0.28065797686576843 0.8261215686798096 
vn 0.28391778469085693 0.486737996339798 0.8261215686798096 
vn 0.0037664873525500298 0.5634793639183044 0.8261215686798096 
vn -0.28391778469085693 0.486737996339798 0.8261215686798096 
vn -0.4886249005794525 0.28065797686576843 0.8261215686798096 
vn -0.6585766673088074 0.3816812038421631 0.6485338807106018 
vn -0.7611857652664185 -1.5743080396170978e-13 0.6485338807106018 
vn -0.6585766673088074 -0.3816812038421631 0.6485338807106018 
vn -0.3784131407737732 -0.6604598760604858 0.6485338807106018 
vn 0.003771807299926877 -0.7611764073371887 0.6485338807106018 
vn 0.3784131407737732 -0.6604598760604858 0.6485338807106018 
vn 0.6585766673088074 -0.3816812038421631 0.6485338807106018 
vn 0.7611857652664185 0 0.6485338807106018 
vn 0.6585766673088074 0.3816812038421631 0.6485338807106018 
vn 0.3784131407737732 0.6604598760604858 0.6485338807106018 
vn 0.003771807299926877 0.7611764073371887 0.6485338807106018 
vn -0.3784131407737732 0.6604598760604858 0.6485338807106018 
vn 0.7584388852119446 0.651740550994873 0.002184694167226553 
vn 0.6568937301635742 0.6528909802436829 -0.37712597846984863 
vn -1.0341130485562108e-13 0.999997615814209 0.002184694167226553 
vn 0.38210028409957886 0.6517388820648193 -0.6551609039306641 
vn -0.001890474813990295 0.6535060405731201 -0.7569189071655273 
vn -0.38210028409957886 0.6517388820648193 -0.6551609039306641 
vn -0.6542279720306396 0.6555622220039368 -0.37712597846984863 
vn -0.7584388852119446 0.651740550994873 0.002184694167226553 
vn -0.6542279720306396 0.6555622220039368 0.37712597846984863 
vn -0.3799211382865906 0.6530116200447083 0.6551609039306641 
vn 0.0018835372757166624 0.6535061001777649 0.7569189071655273 
vn 0.37665489315986633 0.6549009680747986 0.6551609039306641 
vn 0.6568937301635742 0.6528909802436829 0.37712597846984863 
vn 0.09446703642606735 -0.16113005578517914 0.9824016690254211 
vn 0.16206713020801544 -0.0928502231836319 0.9824016690254211 
vn 0 0 1 
vn 0.1867803931236267 0 0.9824016690254211 
vn 0.16206713020801544 0.0928502231836319 0.9824016690254211 
vn 0.09446703642606735 0.16113005578517914 0.9824016690254211 
vn 0.0018687201663851738 0.18677105009555817 0.9824016690254211 
vn -0.09122410416603088 0.16298797726631165 0.9824016690254211 
vn -0.1601768583059311 0.09607440233230591 0.9824016690254211 
vn -0.18674300611019135 0.0037372533697634935 0.9824016690254211 
vn -0.1601768583059311 -0.09607440233230591 0.9824016690254211 
vn -0.09122410416603088 -0.16298797726631165 0.9824016690254211 
vn 0.0018687201663851738 -0.18677105009555817 0.9824016690254211 
vn 0.020778410136699677 -0.18562105298042297 -0.9824016690254211 
vn -0.07539359480142593 -0.1708880513906479 -0.9824016690254211 
vn -2.0682311115474694e-13 0 -1 
vn -0.14653520286083221 -0.11582033336162567 -0.9824016690254211 
vn -0.18490365147590637 -0.026411283761262894 -0.9824016690254211 
vn -0.17310087382793427 0.07016412913799286 -0.9824016690254211 
vn -0.11432939767837524 0.1477014124393463 -0.9824016690254211 
vn -0.024536114186048508 0.18516181409358978 -0.9824016690254211 
vn 0.07191473245620728 0.1723809391260147 -0.9824016690254211 
vn 0.14885243773460388 0.11282672733068466 -0.9824016690254211 
vn 0.18540094792842865 0.02265842631459236 -0.9824016690254211 
vn 0.17164330184459686 -0.07365794479846954 -0.9824016690254211 
vn 0.11131245642900467 -0.14998817443847656 -0.9824016690254211 
vn -0.05410626903176308 -0.1787720024585724 -0.9824016690254211 
vn -0.13667424023151398 -0.1273069977760315 -0.9824016690254211 
vn -2.0682311115474694e-13 0 -1 
vn -0.18215741217136383 -0.04129887744784355 -0.9824016690254211 
vn -0.17821450531482697 0.05591516196727753 -0.9824016690254211 
vn -0.12591540813446045 0.1379573494195938 -0.9824016690254211 
vn -0.03945077210664749 0.1825665682554245 -0.9824016690254211 
vn 0.057718317955732346 0.1776387095451355 -0.9824016690254211 
vn 0.1392262876033783 0.12451087683439255 -0.9824016690254211 
vn 0.1829569935798645 0.037598617374897 -0.9824016690254211 
vn 0.179311141371727 -0.05229181423783302 -0.9824016690254211 
vn 0.12868551909923553 -0.13537707924842834 -0.9824016690254211 
vn 0.043142739683389664 -0.1817295253276825 -0.9824016690254211 
vn -0.38210028409957886 -0.6517388820648193 -0.6551609039306641 
vn -0.001890474813990295 -0.6535060405731201 -0.7569189071655273 
vn 3.097898456858039e-13 -0.999997615814209 0.002184694167226553 
vn 0.38210028409957886 -0.6517388820648193 -0.6551609039306641 
vn 0.6568937301635742 -0.6528909802436829 -0.37712597846984863 
vn 0.7584388852119446 -0.651740550994873 0.002184694167226553 
vn 0.6568937301635742 -0.6528909802436829 0.37712597846984863 
vn 0.37665489315986633 -0.6549009680747986 0.6551609039306641 
vn 0.0018835372757166624 -0.6535061001777649 0.7569189071655273 
vn -0.3799211382865906 -0.6530116200447083 0.6551609039306641 
vn -0.6542279720306396 -0.6555622220039368 0.37712597846984863 
vn -0.7584388852119446 -0.651740550994873 0.002184694167226553 
vn -0.6542279720306396 -0.6555622220039368 -0.37712597846984863 
vn 0.09446703642606735 -0.16113005578517914 0.9824016690254211 
vn 0.16206713020801544 -0.0928502231836319 0.9824016690254211 
vn 0 0 1 
vn 0.1867803931236267 0 0.9824016690254211 
vn 0.16206713020801544 0.0928502231836319 0.9824016690254211 
vn 0.09446703642606735 0.16113005578517914 0.9824016690254211 
vn 0.0018687201663851738 0.18677105009555817 0.9824016690254211 
vn -0.09122410416603088 0.16298797726631165 0.9824016690254211 
vn -0.1601768583059311 0.09607440233230591 0.9824016690254211 
vn -0.18674300611019135 0.0037372533697634935 0.9824016690254211 
vn -0.1601768583059311 -0.09607440233230591 0.9824016690254211 
vn -0.09122410416603088 -0.16298797726631165 0.9824016690254211 
vn 0.0018687201663851738 -0.18677105009555817 0.9824016690254211 
vn 0.3563830256462097 -0.4175608158111572 0.8358433246612549 
vn 0.9316360950469971 -0.17257262766361237 0.3198012113571167 
vn 0.843101978302002 -0.44971081614494324 -0.2948545813560486 
vn 0.6781694293022156 -0.36972126364707947 -0.6351318359375 
vn -0.9132643342018127 0.3931058645248413 -0.10684575140476227 
vn -0.6570602655410767 0.37862733006477356 -0.651853621006012 
vn 0.0018878303235396743 0.7078762650489807 -0.7063339352607727 
vn 0.00376924779266119 -0.707868754863739 0.7063339352607727 
vn 0.00376924779266119 0.707868754863739 0.7063339352607727 
vn 0.0018878303235396743 -0.7078762650489807 -0.7063339352607727 
vt 0.4247337281703949 0 
vt 0.4247337281703949 0.4371863901615143 
vt 0.3845677375793457 0.09437170624732971 
vt 0.37956225872039795 0.4067872166633606 
vt 0.34171590209007263 0.13331681489944458 
vt 0.3440355360507965 0.31473514437675476 
vt 0.30692169070243835 0.14796702563762665 
vt 0.31119465827941895 0.26089563965797424 
vt 0.2718833088874817 0.1628613919019699 
vt 0.273470401763916 0.2374553233385086 
vt 0.21450334787368774 0.17690116167068481 
vt 0.2073003351688385 0.23708906769752502 
vt 0.13575851917266846 0.17995329201221466 
vt 0.12989844381809235 0.22268304228782654 
vt 0.0704430416226387 0.15944300591945648 
vt 0.06385045498609543 0.18166248500347137 
vt 0.035526733845472336 0.13551434874534607 
vt 0.03100959025323391 0.15065288543701172 
vt 0.002319615101441741 0.09888885170221329 
vt 0 0.1068243756890297 
vt 0.03845677524805069 0.12562546133995056 
vt 0.07325100153684616 0.14955411851406097 
vt 0.33548957109451294 0.7311670780181885 
vt 0.33548957109451294 0.6179942488670349 
vt 0.3481864333152771 0.7310450077056885 
vt 0.3481864333152771 0.6178721785545349 
vt 0.36332497000694275 0.7309228777885437 
vt 0.36332497000694275 0.6177501082420349 
vt 0.37956225872039795 0.7309228777885437 
vt 0.37956225872039795 0.6176280379295349 
vt 0.39592164754867554 0.7309228777885437 
vt 0.39592164754867554 0.6177501082420349 
vt 0.41142645478248596 0.7310450077056885 
vt 0.41142645478248596 0.6177501082420349 
vt 0.4247337281703949 0.7311670780181885 
vt 0.4247337281703949 0.6178721785545349 
vt 0.37980642914772034 0.7387363314628601 
vt 0.36564457416534424 0.7387363314628601 
vt 0.32865282893180847 0.961663544178009 
vt 0.32279273867607117 0.9606868624687195 
vt 0.3282865583896637 0.9493329524993896 
vt 0.3225485682487488 0.9487225413322449 
vt 0.3282865583896637 0.9327294230461121 
vt 0.3225485682487488 0.9327294230461121 
vt 0.32865282893180847 0.9162479043006897 
vt 0.32279273867607117 0.9167362451553345 
vt 0.317543089389801 0.9577568173408508 
vt 0.31729891896247864 0.9471354484558105 
vt 0.31729891896247864 0.9327294230461121 
vt 0.317543089389801 0.9184454679489136 
vt 0.8842616677284241 0.35380232334136963 
vt 0.8842616677284241 0.7055292129516602 
vt 0.8746169209480286 0.35319191217422485 
vt 0.8746169209480286 0.7047967314720154 
vt 0.8619201183319092 0.35294774174690247 
vt 0.8619201183319092 0.7045525312423706 
vt 0.8495895266532898 0.35319191217422485 
vt 0.8495895266532898 0.7049188017845154 
vt 0.18386000394821167 0.7613220810890198 
vt 0.19265012443065643 0.7581478357315063 
vt 0.1834937483072281 0.7842740416526794 
vt 0.19228386878967285 0.7837857007980347 
vt 0.1834937483072281 0.8085689544677734 
vt 0.19228386878967285 0.8108885884284973 
vt 0.18386000394821167 0.8276141881942749 
vt 0.19265012443065643 0.8321313858032227 
vt 0.20229484140872955 0.7570490837097168 
vt 0.20180650055408478 0.7836636304855347 
vt 0.20180650055408478 0.8117431402206421 
vt 0.20229484140872955 0.833718478679657 
vt 0.9186896085739136 0.7058954834938049 
vt 0.9186896085739136 0.35319191217422485 
vt 0.9287005662918091 0.7056512832641602 
vt 0.9287005662918091 0.35294774174690247 
vt 0.9415194988250732 0.7055292129516602 
vt 0.9415194988250732 0.35294774174690247 
vt 0.9827842712402344 0.6656073927879333 
vt 0.9910860061645508 0.6630436182022095 
vt 0.9824180006980896 0.6877048015594482 
vt 0.990597665309906 0.6877048015594482 
vt 0.9824180006980896 0.7100463509559631 
vt 0.990597665309906 0.712610125541687 
vt 0.9827842712402344 0.7266499400138855 
vt 0.9910860061645508 0.7310450077056885 
vt 0.9999982118606567 0.6621890664100647 
vt 0.999509871006012 0.6878268718719482 
vt 0.999509871006012 0.7135868072509766 
vt 0.9999982118606567 0.7326321005821228 
vt 0.9763137698173523 0.3528256416320801 
vt 0.9763137698173523 0.00024416999076493084 
vt 0.9885222315788269 0.35294774174690247 
vt 0.9885222315788269 0.0003662550006993115 
vt 0.8842616677284241 0 
vt 0.8842616677284241 0.3527035713195801 
vt 0.8746169209480286 0.00024416999076493084 
vt 0.8746169209480286 0.3528256416320801 
vt 0.8619201183319092 0.00024416999076493084 
vt 0.8619201183319092 0.35294774174690247 
vt 0.8495895266532898 0.00012208499538246542 
vt 0.8495895266532898 0.3528256416320801 
vt 0.9655702710151672 0.5687940120697021 
vt 0.9746045470237732 0.5701369643211365 
vt 0.9644715189933777 0.5885717868804932 
vt 0.9736278653144836 0.5891821980476379 
vt 0.9644715189933777 0.6145758628845215 
vt 0.9736278653144836 0.6143317222595215 
vt 0.9655702710151672 0.639847457408905 
vt 0.9746045470237732 0.6387487053871155 
vt 0.9832726120948792 0.5742878317832947 
vt 0.9822959303855896 0.5913797616958618 
vt 0.9822959303855896 0.6138433814048767 
vt 0.9832726120948792 0.6358186602592468 
vt 0.9415194988250732 0.5687940120697021 
vt 0.9532396793365479 0.5707473754882812 
vt 0.9421299695968628 0.59565269947052 
vt 0.9537280201911926 0.5966293811798096 
vt 0.9421299695968628 0.6298364996910095 
vt 0.9537280201911926 0.6295923590660095 
vt 0.9415194988250732 0.6621890664100647 
vt 0.9532396793365479 0.6609681844711304 
vt 0.9639831781387329 0.5761191248893738 
vt 0.9644715189933777 0.5994373559951782 
vt 0.9644715189933777 0.6289819478988647 
vt 0.9639831781387329 0.6570614576339722 
vt 0.9658144116401672 0.4793057143688202 
vt 0.9738720655441284 0.47600942850112915 
vt 0.9649598598480225 0.5001822710037231 
vt 0.9728953838348389 0.4993276596069336 
vt 0.9649598598480225 0.5231342315673828 
vt 0.9728953838348389 0.5249655246734619 
vt 0.9658144116401672 0.5419353246688843 
vt 0.9738720655441284 0.5458420515060425 
vt 0.9827842712402344 0.4750327467918396 
vt 0.9816854596138 0.4990834891796112 
vt 0.9816854596138 0.5255759358406067 
vt 0.9827842712402344 0.5473070740699768 
vt 0.5662302374839783 0.4368201196193695 
vt 0.6233659982681274 0.4368201196193695 
vt 0.5645210146903992 0.4729572832584381 
vt 0.6216568350791931 0.4729572832584381 
vt 0.5631781220436096 0.5377843976020813 
vt 0.6203138828277588 0.5377843976020813 
vt 0.5637885332107544 0.6161630153656006 
vt 0.6209242939949036 0.6161630153656006 
vt 0.5651314854621887 0.6711012721061707 
vt 0.6222672462463379 0.6711012721061707 
vt 0.5664743781089783 0.7051629424095154 
vt 0.6236101984977722 0.7051629424095154 
vt 0.5462082624435425 0.7392246723175049 
vt 0.6465621590614319 0.7392246723175049 
vt 0.5541437864303589 0.6718337535858154 
vt 0.5528008937835693 0.615430474281311 
vt 0.5521904826164246 0.5370519161224365 
vt 0.5535333752632141 0.4706376791000366 
vt 0.6316677927970886 0.7393467426300049 
vt 0.6316677927970886 0.8526416420936584 
vt 0.6192151308059692 0.7392246723175049 
vt 0.6192151308059692 0.8525195717811584 
vt 0.604564905166626 0.7392246723175049 
vt 0.604564905166626 0.8523974418640137 
vt 0.5889380574226379 0.7392246723175049 
vt 0.5889380574226379 0.8523974418640137 
vt 0.5733111500740051 0.7392246723175049 
vt 0.5733111500740051 0.8523974418640137 
vt 0.5587830543518066 0.7392246723175049 
vt 0.5587830543518066 0.8525195717811584 
vt 0.5462082624435425 0.7393467426300049 
vt 0.5462082624435425 0.8526416420936584 
vt 0.8390902280807495 0.7245744466781616 
vt 0.8455607295036316 0.7133426666259766 
vt 0.8390902280807495 0.7375155091285706 
vt 0.8455607295036316 0.7487472891807556 
vt 0.8567925095558167 0.7552177906036377 
vt 0.8698556423187256 0.7552177906036377 
vt 0.8810874223709106 0.7487472891807556 
vt 0.8875579237937927 0.7375155091285706 
vt 0.8875579237937927 0.7245744466781616 
vt 0.8810874223709106 0.7133426666259766 
vt 0.8698556423187256 0.7067500352859497 
vt 0.8567925095558167 0.7067500352859497 
vt 0.6310573816299438 0.9996320009231567 
vt 0.6221451759338379 0.9981669783592224 
vt 0.6306911110877991 0.9789996147155762 
vt 0.6217789053916931 0.9782671332359314 
vt 0.6306911110877991 0.9527513384819031 
vt 0.6217789053916931 0.9529955387115479 
vt 0.6310573816299438 0.9279680848121643 
vt 0.6221451759338379 0.9289447665214539 
vt 0.6138433814048767 0.9938939809799194 
vt 0.6134771108627319 0.9760695695877075 
vt 0.6134771108627319 0.9533617496490479 
vt 0.6138433814048767 0.9318748116493225 
vt 0.16627976298332214 0.8664372563362122 
vt 0.17812201380729675 0.8681464195251465 
vt 0.164814755320549 0.8921971917152405 
vt 0.17677907645702362 0.89305180311203 
vt 0.164814755320549 0.9261367917060852 
vt 0.17677907645702362 0.9257705807685852 
vt 0.16627976298332214 0.9590997695922852 
vt 0.17812201380729675 0.9576347470283508 
vt 0.1893538385629654 0.873640239238739 
vt 0.18813298642635345 0.8958597183227539 
vt 0.18813298642635345 0.9252822399139404 
vt 0.1893538385629654 0.9538500905036926 
vt 0.9183233976364136 0.7552177906036377 
vt 0.9052602648735046 0.7552177906036377 
vt 0.9295551776885986 0.7487472891807556 
vt 0.8940284252166748 0.7487472891807556 
vt 0.8875579237937927 0.7375155091285706 
vt 0.8875579237937927 0.7245744466781616 
vt 0.8940284252166748 0.7133426666259766 
vt 0.9052602648735046 0.7067500352859497 
vt 0.9183233976364136 0.7067500352859497 
vt 0.9295551776885986 0.7133426666259766 
vt 0.9360256791114807 0.7245744466781616 
vt 0.942007839679718 0.6667062044143677 
vt 0.9528734087944031 0.6632878184318542 
vt 0.9415194988250732 0.6955182552337646 
vt 0.9522629976272583 0.6955182552337646 
vt 0.9415194988250732 0.7245744466781616 
vt 0.9522629976272583 0.727992832660675 
vt 0.942007839679718 0.7461835145950317 
vt 0.9528734087944031 0.752043604850769 
vt 0.9644715189933777 0.6621890664100647 
vt 0.9639831781387329 0.6955182552337646 
vt 0.9639831781387329 0.7292137145996094 
vt 0.9644715189933777 0.7541190385818481 
vt 0.7228652834892273 0.8685126900672913 
vt 0.7228652834892273 0.9811971187591553 
vt 0.7066279649734497 0.8687568306922913 
vt 0.7066279649734497 0.9814413189888 
vt 0.6914894580841064 0.8694893717765808 
vt 0.6914894580841064 0.9821738004684448 
vt 0.6786705255508423 0.8704660534858704 
vt 0.6786705255508423 0.9831504821777344 
vt 0.9415194988250732 0.4750327467918396 
vt 0.9415194988250732 0.35355815291404724 
vt 0.9885222315788269 0.47430023550987244 
vt 0.9885222315788269 0.35294774174690247 
vt 0.8842616677284241 0.261261910200119 
vt 0.8943946957588196 0.25100675225257874 
vt 0.8842616677284241 0.3185197710990906 
vt 0.8947609663009644 0.32901906967163086 
vt 0.9025744199752808 0.32901906967163086 
vt 0.9025744199752808 0.25100675225257874 
vt 0.9429845213890076 0.3299957513809204 
vt 0.9429845213890076 0.2519834339618683 
vt 0.5265526175498962 0.9893768429756165 
vt 0.5175183415412903 0.9879118204116821 
vt 0.5263084173202515 0.9695990681648254 
vt 0.5173962116241455 0.9687444567680359 
vt 0.5265526175498962 0.9435949921607971 
vt 0.5175183415412903 0.9435949921607971 
vt 0.5093386173248291 0.9835167527198792 
vt 0.5090944766998291 0.966302752494812 
vt 0.5093386173248291 0.9438391327857971 
vt 0.9653260707855225 0.3467214107513428 
vt 0.9537280201911926 0.3468434810638428 
vt 0.9653260707855225 0.3137584626674652 
vt 0.9537280201911926 0.31510138511657715 
vt 0.9429845213890076 0.34733182191848755 
vt 0.9429845213890076 0.31876394152641296 
vt 0.6334990859031677 0.9811971187591553 
vt 0.6334990859031677 0.8685126900672913 
vt 0.6469284296035767 0.9821738004684448 
vt 0.6469284296035767 0.8694893717765808 
vt 0.6623111367225647 0.9826621413230896 
vt 0.6623111367225647 0.8699777126312256 
vt 0.6786705255508423 0.9829063415527344 
vt 0.6786705255508423 0.8702218532562256 
vt 0.9517746567726135 0.19374889135360718 
vt 0.9608089327812195 0.19496974349021912 
vt 0.9516525864601135 0.2154800295829773 
vt 0.9606868624687195 0.21596837043762207 
vt 0.9517746567726135 0.24185039103031158 
vt 0.9608089327812195 0.241484135389328 
vt 0.9692327976226807 0.19887647032737732 
vt 0.9691107273101807 0.2176775485277176 
vt 0.9692327976226807 0.24062953889369965 
vt 0.8748611211776733 0.9700874090194702 
vt 0.8658268451690674 0.9702094793319702 
vt 0.8748611211776733 0.9448158144950867 
vt 0.8658268451690674 0.9459145665168762 
vt 0.8576471209526062 0.970575749874115 
vt 0.8576471209526062 0.9487225413322449 
vt 0.9421299695968628 0.4750327467918396 
vt 0.9538500905036926 0.4767419397830963 
vt 0.9415194988250732 0.5023797750473022 
vt 0.9533617496490479 0.5032343864440918 
vt 0.9415194988250732 0.5366856455802917 
vt 0.9533617496490479 0.5363194346427917 
vt 0.9421299695968628 0.5687940120697021 
vt 0.9538500905036926 0.5673289895057678 
vt 0.9649598598480225 0.48211365938186646 
vt 0.9644715189933777 0.5057981610298157 
vt 0.9644715189933777 0.5354648232460022 
vt 0.9649598598480225 0.5633001923561096 
vt 0.9517746567726135 0.13429349660873413 
vt 0.9625181555747986 0.13404932618141174 
vt 0.9516525864601135 0.16359390318393707 
vt 0.9623960256576538 0.16676810383796692 
vt 0.9517746567726135 0.18593545258045197 
vt 0.9625181555747986 0.19167344272136688 
vt 0.9742382764816284 0.13404932618141174 
vt 0.9739941358566284 0.16798895597457886 
vt 0.9742382764816284 0.19374889135360718 
vt 0.334268718957901 0.844706118106842 
vt 0.3280423879623413 0.8437294363975525 
vt 0.3345128893852234 0.8306663632392883 
vt 0.3281644880771637 0.8301780223846436 
vt 0.3345128893852234 0.8124756813049316 
vt 0.3281644880771637 0.8125977516174316 
vt 0.334268718957901 0.7950175404548645 
vt 0.3280423879623413 0.7957500219345093 
vt 0.322060227394104 0.8407993912696838 
vt 0.3223043978214264 0.8285908699035645 
vt 0.3223043978214264 0.8129640221595764 
vt 0.322060227394104 0.7978254556655884 
vt 0.9644715189933777 0.6668282747268677 
vt 0.9730174541473389 0.6634098887443542 
vt 0.9648377299308777 0.6873385310173035 
vt 0.9733837246894836 0.6863618493080139 
vt 0.9648377299308777 0.7104126214981079 
vt 0.9733837246894836 0.7119997143745422 
vt 0.9644715189933777 0.7295799851417542 
vt 0.9730174541473389 0.7334866523742676 
vt 0.9820517301559448 0.6621890664100647 
vt 0.9824180006980896 0.6859956383705139 
vt 0.9824180006980896 0.712488055229187 
vt 0.9820517301559448 0.7347075343132019 
vt 0.9494550228118896 0.09681340306997299 
vt 0.9612972736358643 0.0965692326426506 
vt 0.9494550228118896 0.12831133604049683 
vt 0.9612972736358643 0.1269683986902237 
vt 0.9724070429801941 0.09559255838394165 
vt 0.9724070429801941 0.1228175088763237 
vt 0.906481146812439 0.9448158144950867 
vt 0.906481146812439 0.9726511836051941 
vt 0.8924413323402405 0.9459145665168762 
vt 0.8923192620277405 0.9736278653144836 
vt 0.25430306792259216 0.7449626922607422 
vt 0.2700520157814026 0.7450847625732422 
vt 0.23904243111610413 0.7491135597229004 
vt 0.2853126525878906 0.7494798302650452 
vt 0.29898616671562195 0.7577816247940063 
vt 0.3100959062576294 0.7695017457008362 
vt 0.3180314302444458 0.7837857007980347 
vt 0.322060227394104 0.7996567487716675 
vt 0.322060227394104 0.8161382079124451 
vt 0.3180314302444458 0.8320092558860779 
vt 0.3100959062576294 0.8461711406707764 
vt 0.29898616671562195 0.8577691912651062 
vt 0.2853126525878906 0.8658268451690674 
vt 0.2700520157814026 0.8699777126312256 
vt 0.25430306792259216 0.8698556423187256 
vt 0.23904243111610413 0.8655826449394226 
vt 0.225491002202034 0.8571587800979614 
vt 0.21425917744636536 0.8455607295036316 
vt 0.20644573867321014 0.8312767744064331 
vt 0.20229484140872955 0.8152836561203003 
vt 0.20229484140872955 0.7989242672920227 
vt 0.20644573867321014 0.7830532193183899 
vt 0.21425917744636536 0.7688913345336914 
vt 0.745573103427887 0.7552177906036377 
vt 0.745573103427887 0.5747761726379395 
vt 0.7709667682647705 0.7552177906036377 
vt 0.7709667682647705 0.5747761726379395 
vt 0.80515056848526 0.7552177906036377 
vt 0.80515056848526 0.5747761726379395 
vt 0.8390902280807495 0.7552177906036377 
vt 0.8390902280807495 0.5747761726379395 
vt 0.6465621590614319 0.7559503316879272 
vt 0.6465621590614319 0.575630784034729 
vt 0.6813563704490662 0.756560742855072 
vt 0.6813563704490662 0.5762411952018738 
vt 0.7176156044006348 0.7561944723129272 
vt 0.7176156044006348 0.5759970545768738 
vt 0.745573103427887 0.7549736499786377 
vt 0.745573103427887 0.5747761726379395 
vt 0.4247337281703949 0.4371863901615143 
vt 0.4247337281703949 0.6176280379295349 
vt 0.3905499279499054 0.4371863901615143 
vt 0.3905499279499054 0.6176280379295349 
vt 0.3566102981567383 0.4371863901615143 
vt 0.3566102981567383 0.6176280379295349 
vt 0.07898899167776108 0.6193372011184692 
vt 0.07898899167776108 0.4391397535800934 
vt 0.10438267141580582 0.6179942488670349 
vt 0.10438267141580582 0.43779680132865906 
vt 0.13978733122348785 0.6173838376998901 
vt 0.13978733122348785 0.4371863901615143 
vt 0.17568030953407288 0.6178721785545349 
vt 0.17568030953407288 0.43767473101615906 
vt 0.20229484140872955 0.6192151308059692 
vt 0.20229484140872955 0.439017653465271 
vt 0.5462082624435425 0.8837733268737793 
vt 0.4247337281703949 0.8837733268737793 
vt 0.5462082624435425 0.4469531774520874 
vt 0.5355868935585022 0.4368201196193695 
vt 0.4349888563156128 0.4368201196193695 
vt 0.4247337281703949 0.446709007024765 
vt 0.07898899167776108 0.7238419651985168 
vt 0.0008545949822291732 0.7232315540313721 
vt 0.0785006582736969 0.6892918944358826 
vt 0.0003662550006993115 0.6886814832687378 
vt 0.07813440263271332 0.6209242939949036 
vt 0 0.6204359531402588 
vt 0.0783785730600357 0.5429120063781738 
vt 0.0003662550006993115 0.542301595211029 
vt 0.07898899167776108 0.4767419397830963 
vt 0.0008545949822291732 0.47613149881362915 
vt 0.07874482870101929 0.43779680132865906 
vt 0.0006104250205680728 0.4371863901615143 
vt 0.8748611211776733 0.9489666819572449 
vt 0.8832849860191345 0.9457924962043762 
vt 0.8748611211776733 0.9699653387069702 
vt 0.8832849860191345 0.9692327976226807 
vt 0.8923192620277405 0.9448158144950867 
vt 0.8923192620277405 0.9689886569976807 
vt 0.3346349895000458 0.7920874953269958 
vt 0.32865282893180847 0.794284999370575 
vt 0.3343908190727234 0.7771931290626526 
vt 0.3284086585044861 0.7776814699172974 
vt 0.3343908190727234 0.7613220810890198 
vt 0.3284086585044861 0.7599791288375854 
vt 0.3346349895000458 0.7488694190979004 
vt 0.32865282893180847 0.7459393739700317 
vt 0.3224264979362488 0.7950175404548645 
vt 0.322060227394104 0.7778035402297974 
vt 0.322060227394104 0.7594907879829407 
vt 0.3224264979362488 0.7449626922607422 
vt 0.8671697378158569 0.8893892168998718 
vt 0.8619201183319092 0.8797445297241211 
vt 0.8738844394683838 0.8893892168998718 
vt 0.8702218532562256 0.8796223998069763 
vt 0.8818199634552002 0.8892671465873718 
vt 0.8798666000366211 0.8796223998069763 
vt 0.8902438282966614 0.8892671465873718 
vt 0.8902438282966614 0.8796223998069763 
vt 0.8986676931381226 0.8892671465873718 
vt 0.9004989862442017 0.8796223998069763 
vt 0.906481146812439 0.8893892168998718 
vt 0.9101436734199524 0.8796223998069763 
vt 0.913195788860321 0.8893892168998718 
vt 0.9184454679489136 0.8797445297241211 
vt 0.8587458729743958 0.8686347603797913 
vt 0.8679022789001465 0.8685126900672913 
vt 0.8786457180976868 0.8683906197547913 
vt 0.8902438282966614 0.8683906197547913 
vt 0.9017198085784912 0.8683906197547913 
vt 0.9124633073806763 0.8685126900672913 
vt 0.9217417240142822 0.8686347603797913 
vt 0.8576471209526062 0.8566704392433167 
vt 0.8671697378158569 0.8565483689308167 
vt 0.8782795071601868 0.8564262986183167 
vt 0.8902438282966614 0.8564262986183167 
vt 0.902086079120636 0.8564262986183167 
vt 0.913195788860321 0.8565483689308167 
vt 0.9228405356407166 0.8566704392433167 
vt 0.8671697378158569 0.7553399205207825 
vt 0.8782795071601868 0.7553399205207825 
vt 0.8902438282966614 0.7552177906036377 
vt 0.902086079120636 0.7553399205207825 
vt 0.913195788860321 0.7553399205207825 
vt 0.9228405356407166 0.7554619908332825 
vt 0.21169538795948029 0.4650217592716217 
vt 0.3122934401035309 0.46587637066841125 
vt 0.21242789924144745 0.5086061358451843 
vt 0.31302595138549805 0.5094606876373291 
vt 0.21242789924144745 0.6061519980430603 
vt 0.31302595138549805 0.6071286797523499 
vt 0.3237694203853607 0.4990834891796112 
vt 0.3237694203853607 0.5971177220344543 
vt 0.32303690910339355 0.45574331283569336 
vt 0.2898297905921936 0.4471973478794098 
vt 0.3005732595920563 0.4371863901615143 
vt 0.8548391461372375 0.9558034539222717 
vt 0.8437294363975525 0.9603205919265747 
vt 0.8543508052825928 0.9290668368339539 
vt 0.8432410955429077 0.9304097890853882 
vt 0.8543508052825928 0.8990339636802673 
vt 0.8432410955429077 0.8969584703445435 
vt 0.8548391461372375 0.8738844394683838 
vt 0.8437294363975525 0.869001030921936 
vt 0.8320092558860779 0.961785614490509 
vt 0.8315209150314331 0.930898129940033 
vt 0.8315209150314331 0.8963480591773987 
vt 0.8320092558860779 0.8672918677330017 
vt 0.6134771108627319 0.8532520532608032 
vt 0.6134771108627319 0.9092890620231628 
vt 0.575752854347229 0.8526416420936584 
vt 0.575752854347229 0.9086786508560181 
vt 0.5556088089942932 0.8677802085876465 
vt 0.5462082624435425 0.9101436734199524 
vt 0.6134771108627319 0.9652040004730225 
vt 0.575752854347229 0.9645935893058777 
vt 0.5556088089942932 0.9536059498786926 
vt 0.8357939124107361 0.4368201196193695 
vt 0.8412877321243286 0.4468311071395874 
vt 0.8288350701332092 0.4373084604740143 
vt 0.8328638672828674 0.4474415183067322 
vt 0.8207774758338928 0.43767473101615906 
vt 0.8229749798774719 0.44780778884887695 
vt 0.8119873404502869 0.43779680132865906 
vt 0.8122314810752869 0.44805195927619934 
vt 0.8030751347541809 0.43767473101615906 
vt 0.8013659119606018 0.44792985916137695 
vt 0.7947733402252197 0.43743056058883667 
vt 0.7911108136177063 0.44756361842155457 
vt 0.7875703573226929 0.4369422197341919 
vt 0.7823206782341003 0.4469531774520874 
vt 0.844828188419342 0.45818501710891724 
vt 0.8354276418685913 0.4589175283908844 
vt 0.8243179321289062 0.4594058692455292 
vt 0.8123536109924316 0.4595279395580292 
vt 0.8002671599388123 0.4594058692455292 
vt 0.7889132499694824 0.4590395987033844 
vt 0.7790243625640869 0.45830708742141724 
vt 0.8460490703582764 0.47014933824539185 
vt 0.8362822532653809 0.470881849527359 
vt 0.824806272983551 0.4713701903820038 
vt 0.8123536109924316 0.47161436080932617 
vt 0.7997788190841675 0.4714922606945038 
vt 0.7880586981773376 0.471003919839859 
vt 0.7779256105422974 0.47039350867271423 
vt 0.8362822532653809 0.5716019868850708 
vt 0.824806272983551 0.5720903277397156 
vt 0.8123536109924316 0.5723344683647156 
vt 0.7997788190841675 0.5722123980522156 
vt 0.7880586981773376 0.5717240571975708 
vt 0.7779256105422974 0.5709915161132812 
vt 0.8495895266532898 0.4368201196193695 
vt 0.809423565864563 0.3424484133720398 
vt 0.8495895266532898 0 
vt 0.8044180870056152 0.03039916418492794 
vt 0.7664496302604675 0.3035033047199249 
vt 0.7687692642211914 0.12245125323534012 
vt 0.7317774891853333 0.28897520899772644 
vt 0.7359283566474915 0.17641282081604004 
vt 0.6966170072555542 0.2739587426185608 
vt 0.6963728666305542 0.2844580411911011 
vt 0.6405799984931946 0.27078452706336975 
vt 0.6392370462417603 0.2599189579486847 
vt 0.6983261704444885 0.19985315203666687 
vt 0.6320340633392334 0.20021939277648926 
vt 0.560492217540741 0.25686684250831604 
vt 0.5546321272850037 0.21450334787368774 
vt 0.4950546622276306 0.2773771286010742 
vt 0.48858416080474854 0.2555238902568817 
vt 0.46026045083999634 0.30130577087402344 
vt 0.45586538314819336 0.28653350472450256 
vt 0.4270533323287964 0.3380533754825592 
vt 0.4247337281703949 0.3304840922355652 
vt 0.5619572401046753 0.2677324116230011 
vt 0.49810680747032166 0.2877543568611145 
vt 0.463190495967865 0.3116829991340637 
vt 0.42998337745666504 0.3484306037425995 
vt 0.34281468391418457 0.5636664628982544 
vt 0.3237694203853607 0.5636664628982544 
vt 0.34281468391418457 0.5004264116287231 
vt 0.3237694203853607 0.5004264116287231 
vt 0.34281468391418457 0.4371863901615143 
vt 0.3237694203853607 0.4371863901615143 
vt 0.20375986397266388 0.9306539297103882 
vt 0.20913159847259521 0.9250380396842957 
vt 0.2112070471048355 0.9381011128425598 
vt 0.2151137739419937 0.931142270565033 
vt 0.21621254086494446 0.9182012677192688 
vt 0.22060759365558624 0.9224742650985718 
vt 0.22256095707416534 0.9354152679443359 
vt 0.22585724294185638 0.9255263805389404 
vt 0.23086273670196533 0.937490701675415 
vt 0.2315952479839325 0.9269914031028748 
vt 0.2392866015434265 0.937246561050415 
vt 0.237699493765831 0.9268693327903748 
vt 0.2474662959575653 0.9346827864646912 
vt 0.2434374839067459 0.9250380396842957 
vt 0.25479140877723694 0.9301655888557434 
vt 0.24856506288051605 0.9217417240142822 
vt 0.26077356934547424 0.9236950874328613 
vt 0.25283804535865784 0.9172245860099792 
vt 0.26492443680763245 0.9158816933631897 
vt 0.2557680606842041 0.9117307662963867 
vt 0.26699990034103394 0.9073356986045837 
vt 0.2572330832481384 0.9056265354156494 
vt 0.26699990034103394 0.8984234929084778 
vt 0.2572330832481384 0.8994001746177673 
vt 0.26468026638031006 0.8899996280670166 
vt 0.2555238902568817 0.89341801404953 
vt 0.26028522849082947 0.882430374622345 
vt 0.25247177481651306 0.8880462646484375 
vt 0.2541809678077698 0.8763261437416077 
vt 0.24819880723953247 0.8837733268737793 
vt 0.24685586988925934 0.8720531463623047 
vt 0.24294914305210114 0.8807212114334106 
vt 0.23855409026145935 0.8699777126312256 
vt 0.23708906769752502 0.8792561888694763 
vt 0.23000814020633698 0.8702218532562256 
vt 0.23110690712928772 0.8793782591819763 
vt 0.22182844579219818 0.8727856874465942 
vt 0.2252468317747116 0.8812095522880554 
vt 0.21450334787368774 0.8773028254508972 
vt 0.22011925280094147 0.8845058083534241 
vt 0.20864325761795044 0.8837733268737793 
vt 0.21596837043762207 0.889022946357727 
vt 0.20449237525463104 0.8915867805480957 
vt 0.21303832530975342 0.8945167660713196 
vt 0.20229484140872955 0.9001327157020569 
vt 0.2114512175321579 0.9006210565567017 
vt 0.20241692662239075 0.9090449213981628 
vt 0.2115733027458191 0.906847357749939 
vt 0.20473654568195343 0.917468786239624 
vt 0.2131604105234146 0.9128295183181763 
vt 0.2231713831424713 0.9078240394592285 
vt 0.22475849092006683 0.9105099439620972 
vt 0.22707809507846832 0.9127074480056763 
vt 0.2297639697790146 0.9142945408821106 
vt 0.23281610012054443 0.9150270819664001 
vt 0.23586821556091309 0.9150270819664001 
vt 0.23892034590244293 0.9140504002571106 
vt 0.2416062206029892 0.9123411774635315 
vt 0.2436816543340683 0.9100216031074524 
vt 0.24526876211166382 0.9072136282920837 
vt 0.24600127339363098 0.9040394425392151 
vt 0.24600127339363098 0.9007431268692017 
vt 0.24514667689800262 0.897691011428833 
vt 0.2435595691204071 0.8948830366134644 
vt 0.2413620501756668 0.8926855325698853 
vt 0.23867617547512054 0.8910984396934509 
vt 0.2356240451335907 0.8903658986091614 
vt 0.23244984447956085 0.8904879689216614 
vt 0.2295197993516922 0.8913425803184509 
vt 0.22683392465114594 0.89305180311203 
vt 0.22463640570640564 0.8953713774681091 
vt 0.22304929792881012 0.8983014225959778 
vt 0.22231678664684296 0.9014756679534912 
vt 0.22231678664684296 0.9046498537063599 
vt 0.23415902256965637 0.9025744199752808 
vt 0.23696698248386383 0.9424961805343628 
vt 0.2541809678077698 0.9437170624732971 
vt 0.23586821556091309 0.9802204370498657 
vt 0.25296011567115784 0.9813192486763 
vt 0.24624544382095337 0.999509871006012 
vt 0.2541809678077698 0.9999982118606567 
vt 0.9964577555656433 0.8856045603752136 
vt 0.9885222315788269 0.8853604197502136 
vt 0.9952369332313538 0.8652163743972778 
vt 0.9781450033187866 0.8649722337722778 
vt 0.9964577555656433 0.8274921178817749 
vt 0.9792437553405762 0.8271258473396301 
vt 0.26699990034103394 0.9289447665214539 
vt 0.2597968876361847 0.9368802905082703 
vt 0.25076258182525635 0.9424961805343628 
vt 0.20229484140872955 0.5963852405548096 
vt 0.20229484140872955 0.49835097789764404 
vt 0.20229484140872955 0.8802328705787659 
vt 0.19631268084049225 0.882186233997345 
vt 0.20205067098140717 0.8649722337722778 
vt 0.19606851041316986 0.8650943040847778 
vt 0.20205067098140717 0.849345326423645 
vt 0.19606851041316986 0.8476361632347107 
vt 0.20229484140872955 0.8376252055168152 
vt 0.19631268084049225 0.8346951603889465 
vt 0.19008634984493256 0.8829187154769897 
vt 0.18984217941761017 0.8650943040847778 
vt 0.18984217941761017 0.8471478223800659 
vt 0.19008634984493256 0.833718478679657 
vt 0.3525814712047577 0.5339998006820679 
vt 0.3437913656234741 0.5339998006820679 
vt 0.35343608260154724 0.48577621579170227 
vt 0.34281468391418457 0.48577621579170227 
vt 0.3525814712047577 0.4371863901615143 
vt 0.3437913656234741 0.4371863901615143 
vt 0.8399447798728943 0.5747761726379395 
vt 0.8465374112129211 0.5747761726379395 
vt 0.8390902280807495 0.6114016771316528 
vt 0.8471478223800659 0.6114016771316528 
vt 0.8399447798728943 0.6480271816253662 
vt 0.8465374112129211 0.6480271816253662 
vt 0.4756431579589844 0.8837733268737793 
vt 0.4756431579589844 0.9214975833892822 
vt 0.4470752775669098 0.8843837380409241 
vt 0.4470752775669098 0.922107994556427 
vt 0.43193674087524414 0.8910984396934509 
vt 0.4247337281703949 0.9205209016799927 
vt 0.4756431579589844 0.9592218399047852 
vt 0.4470752775669098 0.9597101807594299 
vt 0.43193674087524414 0.9488446116447449 
vt 0.9451820850372314 0.009522629901766777 
vt 0.9483562707901001 0.02075444906949997 
vt 0.9368802905082703 0.009644715115427971 
vt 0.9391999244689941 0.02075444906949997 
vt 0.9272356033325195 0.009644715115427971 
vt 0.9284564256668091 0.020876534283161163 
vt 0.9168583750724792 0.009644715115427971 
vt 0.9168583750724792 0.020876534283161163 
vt 0.906603217124939 0.009644715115427971 
vt 0.9053823351860046 0.020876534283161163 
vt 0.8969584703445435 0.009644715115427971 
vt 0.8946388959884644 0.02075444906949997 
vt 0.888656735420227 0.009522629901766777 
vt 0.8853604197502136 0.02075444906949997 
vt 0.9494550228118896 0.03259669616818428 
vt 0.9399324059486389 0.032718781381845474 
vt 0.9288226962089539 0.03284086659550667 
vt 0.9168583750724792 0.03284086659550667 
vt 0.9050161242485046 0.03284086659550667 
vt 0.8939063549041748 0.032718781381845474 
vt 0.8842616677284241 0.03259669616818428 
vt 0.9399324059486389 0.13392724096775055 
vt 0.9288226962089539 0.13404932618141174 
vt 0.9168583750724792 0.13404932618141174 
vt 0.9050161242485046 0.13404932618141174 
vt 0.8939063549041748 0.13392724096775055 
vt 0.8842616677284241 0.13380515575408936 
vt 0.9006210565567017 0 
vt 0.9084345102310181 0 
vt 0.9168583750724792 0 
vt 0.9252822399139404 0 
vt 0.9332177639007568 0 
vt 0.9516525864601135 0.13441558182239532 
vt 0.9516525864601135 0.19277220964431763 
vt 0.9138062000274658 0.13404932618141174 
vt 0.9138062000274658 0.19228386878967285 
vt 0.8937842845916748 0.14943203330039978 
vt 0.8842616677284241 0.1935047209262848 
vt 0.9516525864601135 0.25100675225257874 
vt 0.9138062000274658 0.25051841139793396 
vt 0.8937842845916748 0.23867617547512054 
vt 0.2742029130458832 0.9335839748382568 
vt 0.26699990034103394 0.9045277833938599 
vt 0.28885310888290405 0.9456704258918762 
vt 0.28885310888290405 0.9078240394592285 
vt 0.31729891896247864 0.9475016593933105 
vt 0.31729891896247864 0.9096553325653076 
vt 0.2742029130458832 0.8755936026573181 
vt 0.28885310888290405 0.8699777126312256 
vt 0.31729891896247864 0.8718090057373047 
vt 0.5349764823913574 0.9439612030982971 
vt 0.54034823179245 0.9435949921607971 
vt 0.5265526175498962 0.9598322510719299 
vt 0.5381506681442261 0.9592218399047852 
vt 0.5286280512809753 0.9882780909538269 
vt 0.54034823179245 0.9876676797866821 
vt 0.10303974151611328 0.6193372011184692 
vt 0.1810520589351654 0.6193372011184692 
vt 0.08020984381437302 0.6692699790000916 
vt 0.20168441534042358 0.6692699790000916 
vt 0.07898899167776108 0.7570490837097168 
vt 0.20034147799015045 0.7570490837097168 
vt 0.34318092465400696 0.5341218709945679 
vt 0.3486747741699219 0.5339998006820679 
vt 0.34281468391418457 0.5498708486557007 
vt 0.3483085036277771 0.551580011844635 
vt 0.34318092465400696 0.5619572401046753 
vt 0.3486747741699219 0.5651314854621887 
vt 0.3547790050506592 0.5341218709945679 
vt 0.3544127643108368 0.5523125529289246 
vt 0.3547790050506592 0.5664743781089783 
vt 0.0543278232216835 0.9774125218391418 
vt 0.03845677524805069 0.9735057950019836 
vt 0.055670760571956635 0.9700874090194702 
vt 0.04175306856632233 0.9667910933494568 
vt 0.02417282946407795 0.9658144116401672 
vt 0.029300399124622345 0.9600764513015747 
vt 0.012452670373022556 0.9548267722129822 
vt 0.019167345017194748 0.9504317045211792 
vt 0.004272975027561188 0.9412753582000732 
vt 0.011964330449700356 0.9385894536972046 
vt 0 0.9261367917060852 
vt 0.008179695345461369 0.9254043102264404 
vt 0 0.9102657437324524 
vt 0.008179695345461369 0.9116086959838867 
vt 0.004272975027561188 0.8950051069259644 
vt 0.011964330449700356 0.8983014225959778 
vt 0.012452670373022556 0.8812095522880554 
vt 0.019167345017194748 0.8862150311470032 
vt 0.02417282946407795 0.8699777126312256 
vt 0.029300399124622345 0.8763261437416077 
vt 0.03845677524805069 0.8619201183319092 
vt 0.04175306856632233 0.8693673014640808 
vt 0.0543278232216835 0.8576471209526062 
vt 0.055670760571956635 0.8655826449394226 
vt 0.058478716760873795 0.7239640355110168 
vt 0.06372836977243423 0.7333645820617676 
vt 0.05127570033073425 0.7238419651985168 
vt 0.05481616407632828 0.7333645820617676 
vt 0.04285183548927307 0.7238419651985168 
vt 0.04468310996890068 0.7332425117492676 
vt 0.03406171500682831 0.7238419651985168 
vt 0.03381754457950592 0.7332425117492676 
vt 0.025271594524383545 0.7238419651985168 
vt 0.023074064403772354 0.7332425117492676 
vt 0.017213985323905945 0.7238419651985168 
vt 0.01318517979234457 0.7333645820617676 
vt 0.06702466309070587 0.7444743514060974 
vt 0.05713577941060066 0.7443522214889526 
vt 0.04578187316656113 0.7443522214889526 
vt 0.03369545936584473 0.7442301511764526 
vt 0.02173113077878952 0.7443522214889526 
vt 0.010621394962072372 0.7443522214889526 
vt 0.004639230202883482 0.7334866523742676 
vt 0.0012208500411361456 0.7444743514060974 
vt 0.06812343001365662 0.756316602230072 
vt 0.057868290692567825 0.756316602230072 
vt 0.04614812880754471 0.7561944723129272 
vt 0.03369545936584473 0.7561944723129272 
vt 0.021242789924144745 0.7561944723129272 
vt 0.009766800329089165 0.756316602230072 
vt 0 0.756438672542572 
vt 0.057868290692567825 0.8574029803276062 
vt 0.04614812880754471 0.8574029803276062 
vt 0.03369545936584473 0.8574029803276062 
vt 0.021242789924144745 0.8574029803276062 
vt 0.009766800329089165 0.8575250506401062 
vt 0 0.8576471209526062 
vt 0.9304097890853882 0.34745392203330994 
vt 0.9243055582046509 0.3478201627731323 
vt 0.9304097890853882 0.3299957513809204 
vt 0.9243055582046509 0.33085036277770996 
vt 0.9186896085739136 0.3481864333152771 
vt 0.9186896085739136 0.33304786682128906 
vt 0.8842616677284241 0.7057734131813049 
vt 0.8842616677284241 0.35319191217422485 
vt 0.8968364000320435 0.7058954834938049 
vt 0.8968364000320435 0.35331398248672485 
vt 0.9094111919403076 0.7057734131813049 
vt 0.9094111919403076 0.35319191217422485 
vt 0.9186896085739136 0.7055292129516602 
vt 0.9186896085739136 0.35294774174690247 
vt 0.4165540337562561 0.9444495439529419 
vt 0.42155951261520386 0.9440833330154419 
vt 0.40788599848747253 0.9605647921562195 
vt 0.4188736379146576 0.9598322510719299 
vt 0.4106939435005188 0.9890105724334717 
vt 0.42155951261520386 0.9881559610366821 
vt 0.056891608983278275 0.8631409406661987 
vt 0.06739091873168945 0.8589900732040405 
vt 0.055670760571956635 0.8903658986091614 
vt 0.06604798138141632 0.8893892168998718 
vt 0.055670760571956635 0.9202767014503479 
vt 0.06604798138141632 0.9227184057235718 
vt 0.056891608983278275 0.9448158144950867 
vt 0.06739091873168945 0.9500654935836792 
vt 0.07886690646409988 0.8576471209526062 
vt 0.07752397656440735 0.889022946357727 
vt 0.07752397656440735 0.9235730171203613 
vt 0.07886690646409988 0.9518967270851135 
vt 0.19045260548591614 0.8829187154769897 
vt 0.19631268084049225 0.8837733268737793 
vt 0.18984217941761017 0.8956155776977539 
vt 0.19570225477218628 0.8959817886352539 
vt 0.18984217941761017 0.9123411774635315 
vt 0.19570225477218628 0.9122191071510315 
vt 0.19045260548591614 0.9287005662918091 
vt 0.19631268084049225 0.9279680848121643 
vt 0.20192858576774597 0.8864591717720032 
vt 0.20131815969944 0.8974468111991882 
vt 0.20131815969944 0.9119749665260315 
vt 0.20192858576774597 0.9261367917060852 
vt 0.966058611869812 0.3120492696762085 
vt 0.9549488425254822 0.31327012181282043 
vt 0.9658144116401672 0.2821384370326996 
vt 0.9547047019004822 0.2799409031867981 
vt 0.966058611869812 0.2577214241027832 
vt 0.9549488425254822 0.25259387493133545 
vt 0.9431066513061523 0.3137584626674652 
vt 0.9429845213890076 0.27920839190483093 
vt 0.9431066513061523 0.25100675225257874 
vt 0.354046493768692 0.6176280379295349 
vt 0.3444017767906189 0.6160408854484558 
vt 0.35380232334136963 0.5965073108673096 
vt 0.3442797064781189 0.59553062915802 
vt 0.354046493768692 0.5686719417572021 
vt 0.3444017767906189 0.5686719417572021 
vt 0.3356116712093353 0.6112796068191528 
vt 0.33548957109451294 0.5929668545722961 
vt 0.3356116712093353 0.5689160823822021 
vt 0.9771683216094971 0.8749831914901733 
vt 0.9612972736358643 0.8708323240280151 
vt 0.9781450033187866 0.8669255971908569 
vt 0.9642273187637329 0.8632630109786987 
vt 0.9470133185386658 0.862774670124054 
vt 0.9517746567726135 0.8563041687011719 
vt 0.9352931976318359 0.8514208197593689 
vt 0.9415194988250732 0.8464152812957764 
vt 0.9271134734153748 0.8377472758293152 
vt 0.9344385862350464 0.8344509601593018 
vt 0.9228405356407166 0.8224866390228271 
vt 0.9306539297103882 0.8211436867713928 
vt 0.9228405356407166 0.8067376613616943 
vt 0.9306539297103882 0.8073481321334839 
vt 0.9271134734153748 0.7914770841598511 
vt 0.9344385862350464 0.794040858745575 
vt 0.9352931976318359 0.7779256105422974 
vt 0.9415194988250732 0.7821986079216003 
vt 0.9470133185386658 0.7669379711151123 
vt 0.9517746567726135 0.7726759910583496 
vt 0.9612972736358643 0.7591245174407959 
vt 0.9642273187637329 0.7658392190933228 
vt 0.9771683216094971 0.7552177906036377 
vt 0.9781450033187866 0.7624208331108093 
vt 0.07813440263271332 0.7903782725334167 
vt 0.06812343001365662 0.7903782725334167 
vt 0.07813440263271332 0.7570490837097168 
vt 0.06812343001365662 0.7570490837097168 
vt 0.07813440263271332 0.7238419651985168 
vt 0.06812343001365662 0.7238419651985168 
vt 0.07508227229118347 0.8417760729789734 
vt 0.06812343001365662 0.8415319323539734 
vt 0.07508227229118347 0.8218762278556824 
vt 0.06812343001365662 0.8216320276260376 
vt 0.07422768324613571 0.7906224727630615 
vt 0.07764606177806854 0.7903782725334167 
vt 0.06812343001365662 0.8018542528152466 
vt 0.07569269835948944 0.8013659119606018 
vt 0.07007679343223572 0.8216320276260376 
vt 0.07764606177806854 0.8211436867713928 
vt 0.3285307288169861 0.9162479043006897 
vt 0.32279273867607117 0.9152712225914001 
vt 0.3282865583896637 0.9029406309127808 
vt 0.3225485682487488 0.9024523496627808 
vt 0.3282865583896637 0.8860929012298584 
vt 0.3225485682487488 0.8860929012298584 
vt 0.3285307288169861 0.8699777126312256 
vt 0.32279273867607117 0.8705881237983704 
vt 0.31742098927497864 0.9125853776931763 
vt 0.31729891896247864 0.9011093974113464 
vt 0.31729891896247864 0.8864591717720032 
vt 0.31742098927497864 0.8725414872169495 
vt 0.9494550228118896 0 
vt 0.9638610482215881 0 
vt 0.9494550228118896 0.04773523658514023 
vt 0.9638610482215881 0.04773523658514023 
vt 0.9494550228118896 0.09559255838394165 
vt 0.9638610482215881 0.09559255838394165 
vt 0.9540942907333374 0.9811971187591553 
vt 0.9490888118743896 0.9630064964294434 
vt 0.9645935893058777 0.9884001612663269 
vt 0.9645935893058777 0.9642273187637329 
vt 0.9844934344291687 0.9880338907241821 
vt 0.9844934344291687 0.9637389779090881 
vt 0.9540942907333374 0.9440833330154419 
vt 0.9645935893058777 0.9400544762611389 
vt 0.9844934344291687 0.9395661354064941 
vt 0.28262677788734436 0.9475016593933105 
vt 0.28262677788734436 0.9713082313537598 
vt 0.26699990034103394 0.9486004710197449 
vt 0.2720053791999817 0.9674015641212463 
vt 0.913073718547821 0.9466471076011658 
vt 0.913073718547821 0.8893892168998718 
vt 0.9490888118743896 0.9477458596229553 
vt 0.9490888118743896 0.8904879689216614 
vt 0.849101185798645 0.7066279649734497 
vt 0.8390902280807495 0.7066279649734497 
vt 0.8462932109832764 0.6989366412162781 
vt 0.8416540026664734 0.6989366412162781 
vt 0.8466594815254211 0.6735429167747498 
vt 0.8410435914993286 0.6735429167747498 
vt 0.8462932109832764 0.6480271816253662 
vt 0.8416540026664734 0.6480271816253662 
vt 0.3347570598125458 0.5641548037528992 
vt 0.3347570598125458 0.6049311757087708 
vt 0.3237694203853607 0.5636664628982544 
vt 0.3237694203853607 0.604686975479126 
vt 0.9490888118743896 0.9111203551292419 
vt 0.9540942907333374 0.8924413323402405 
vt 0.9642273187637329 0.9136841297149658 
vt 0.9642273187637329 0.8893892168998718 
vt 0.9840050935745239 0.9152712225914001 
vt 0.9840050935745239 0.8908542394638062 
vt 0.9840050935745239 0.9395661354064941 
vt 0.9642273187637329 0.9381011128425598 
vt 0.9959694147109985 0.8229749798774719 
vt 0.9875455498695374 0.8260270953178406 
vt 0.9956032037734985 0.8016101121902466 
vt 0.9871793389320374 0.8023425936698914 
vt 0.9956032037734985 0.7787802219390869 
vt 0.9871793389320374 0.7768268585205078 
vt 0.9959694147109985 0.7607116103172302 
vt 0.9875455498695374 0.756560742855072 
vt 0.9785112738609314 0.8271258473396301 
vt 0.9781450033187866 0.8025867938995361 
vt 0.9781450033187866 0.776216447353363 
vt 0.9785112738609314 0.7552177906036377 
vt 0.20095190405845642 0.9582451581954956 
vt 0.1952139139175415 0.957268476486206 
vt 0.20082981884479523 0.9454262256622314 
vt 0.1950918287038803 0.9449378848075867 
vt 0.20095190405845642 0.9287005662918091 
vt 0.1952139139175415 0.9287005662918091 
vt 0.18984217941761017 0.9543384313583374 
vt 0.18984217941761017 0.9433507919311523 
vt 0.18984217941761017 0.9288226962089539 
vt 0.7239640355110168 0.8685126900672913 
vt 0.7337308526039124 0.8699777126312256 
vt 0.7228652834892273 0.8896334171295166 
vt 0.7326321005821228 0.8903658986091614 
vt 0.7228652834892273 0.917468786239624 
vt 0.7326321005821228 0.9172245860099792 
vt 0.7239640355110168 0.9444495439529419 
vt 0.7337308526039124 0.9433507919311523 
vt 0.7430093288421631 0.8743727803230286 
vt 0.7419105172157288 0.8926855325698853 
vt 0.7419105172157288 0.9167362451553345 
vt 0.7430093288421631 0.9401766061782837 
vt 0.4209490716457367 0.7389805316925049 
vt 0.4209490716457367 0.8522753715515137 
vt 0.4083743393421173 0.7388584017753601 
vt 0.4083743393421173 0.8521533012390137 
vt 0.39384621381759644 0.7387363314628601 
vt 0.39384621381759644 0.8520312309265137 
vt 0.378219336271286 0.7387363314628601 
vt 0.378219336271286 0.8519091010093689 
vt 0.3625924587249756 0.7387363314628601 
vt 0.3625924587249756 0.8520312309265137 
vt 0.3479422628879547 0.7388584017753601 
vt 0.3479422628879547 0.8521533012390137 
vt 0.33548957109451294 0.7389805316925049 
vt 0.33548957109451294 0.8522753715515137 
vt 0.7228652834892273 0.9450600147247314 
vt 0.732387900352478 0.9448158144950867 
vt 0.7228652834892273 0.9720407724380493 
vt 0.732387900352478 0.9709420204162598 
vt 0.741300106048584 0.9444495439529419 
vt 0.741300106048584 0.9678899049758911 
vt 0.6322782039642334 0.9279680848121643 
vt 0.6227555871009827 0.92625892162323 
vt 0.6317898631095886 0.9075798988342285 
vt 0.6222672462463379 0.906603217124939 
vt 0.6317898631095886 0.8799886703491211 
vt 0.6222672462463379 0.8799886703491211 
vt 0.6322782039642334 0.8526416420936584 
vt 0.6227555871009827 0.853496253490448 
vt 0.6138433814048767 0.9214975833892822 
vt 0.6134771108627319 0.9037952423095703 
vt 0.6134771108627319 0.8799886703491211 
vt 0.6138433814048767 0.8563041687011719 
vt 0.6427775025367737 0.7554619908332825 
vt 0.6370395421981812 0.7555840611457825 
vt 0.6427775025367737 0.7392246723175049 
vt 0.6370395421981812 0.7398350834846497 
vt 0.6316677927970886 0.7558282613754272 
vt 0.6316677927970886 0.7416663765907288 
vt 0.11036483943462372 0.9523850679397583 
vt 0.11256237328052521 0.9444495439529419 
vt 0.13343890011310577 0.9523850679397583 
vt 0.13136346638202667 0.9444495439529419 
vt 0.15333876013755798 0.9407870173454285 
vt 0.14772285521030426 0.9350489974021912 
vt 0.164814755320549 0.9208871722221375 
vt 0.157123401761055 0.9188117384910583 
vt 0.164814755320549 0.897935152053833 
vt 0.157123401761055 0.9000106453895569 
vt 0.15333876013755798 0.877913236618042 
vt 0.14772285521030426 0.8837733268737793 
vt 0.13343890011310577 0.8664372563362122 
vt 0.13136346638202667 0.8743727803230286 
vt 0.11036483943462372 0.8664372563362122 
vt 0.11256237328052521 0.8743727803230286 
vt 0.0904649868607521 0.877913236618042 
vt 0.09632506221532822 0.8837733268737793 
vt 0.07898899167776108 0.897935152053833 
vt 0.08692452311515808 0.9000106453895569 
vt 0.07898899167776108 0.9208871722221375 
vt 0.08692452311515808 0.9188117384910583 
vt 0.0904649868607521 0.9407870173454285 
vt 0.09632506221532822 0.9350489974021912 
vt 0.10389433801174164 0.9276018142700195 
vt 0.11537032574415207 0.9341944456100464 
vt 0.1286775916814804 0.9341944456100464 
vt 0.14027567207813263 0.9276018142700195 
vt 0.1468682587146759 0.9161258339881897 
vt 0.1468682587146759 0.9028185606002808 
vt 0.14027567207813263 0.8913425803184509 
vt 0.1286775916814804 0.8846279382705688 
vt 0.11537032574415207 0.8846279382705688 
vt 0.10389433801174164 0.8913425803184509 
vt 0.09730174392461777 0.9028185606002808 
vt 0.09730174392461777 0.9161258339881897 
vt 0.10926607251167297 0.9128295183181763 
vt 0.1126844584941864 0.9188117384910583 
vt 0.1186666190624237 0.922230064868927 
vt 0.12550337612628937 0.922230064868927 
vt 0.13148555159568787 0.9188117384910583 
vt 0.1349039226770401 0.9128295183181763 
vt 0.1349039226770401 0.9059928059577942 
vt 0.13148555159568787 0.9000106453895569 
vt 0.12550337612628937 0.8965922594070435 
vt 0.1186666190624237 0.8965922594070435 
vt 0.1126844584941864 0.9000106453895569 
vt 0.10926607251167297 0.9059928059577942 
vt 0.745573103427887 0.8262712955474854 
vt 0.7557061314582825 0.8234633207321167 
vt 0.7605895400047302 0.8522753715515137 
vt 0.7680367231369019 0.844706118106842 
vt 0.7865936756134033 0.8672918677330017 
vt 0.7891574501991272 0.8570367097854614 
vt 0.8166265487670898 0.8672918677330017 
vt 0.8136965036392212 0.8570367097854614 
vt 0.8426306843757629 0.8522753715515137 
vt 0.8349393010139465 0.844706118106842 
vt 0.8576471209526062 0.8262712955474854 
vt 0.8472698926925659 0.8234633207321167 
vt 0.8576471209526062 0.796238362789154 
vt 0.8472698926925659 0.7990463376045227 
vt 0.8426306843757629 0.7702342867851257 
vt 0.8349393010139465 0.7778035402297974 
vt 0.8166265487670898 0.7552177906036377 
vt 0.8136965036392212 0.765472948551178 
vt 0.7865936756134033 0.7552177906036377 
vt 0.7891574501991272 0.765472948551178 
vt 0.7605895400047302 0.7702342867851257 
vt 0.7680367231369019 0.7778035402297974 
vt 0.745573103427887 0.796238362789154 
vt 0.7557061314582825 0.7990463376045227 
vt 0.7690134048461914 0.8025867938995361 
vt 0.7690134048461914 0.8199228644371033 
vt 0.7776814699172974 0.8349393010139465 
vt 0.7926979064941406 0.8436073660850525 
vt 0.8100339770317078 0.8436073660850525 
vt 0.825050413608551 0.8349393010139465 
vt 0.833718478679657 0.8199228644371033 
vt 0.833718478679657 0.8025867938995361 
vt 0.825050413608551 0.7875703573226929 
vt 0.8100339770317078 0.7789022922515869 
vt 0.7926979064941406 0.7789022922515869 
vt 0.7776814699172974 0.7875703573226929 
vt 0.7890353798866272 0.7989242672920227 
vt 0.7846403121948242 0.8067376613616943 
vt 0.7846403121948242 0.8156498670578003 
vt 0.7890353798866272 0.8234633207321167 
vt 0.7968487739562988 0.8279804587364197 
vt 0.8057609796524048 0.8279804587364197 
vt 0.8135744333267212 0.8234633207321167 
vt 0.8180915713310242 0.8156498670578003 
vt 0.8180915713310242 0.8067376613616943 
vt 0.8135744333267212 0.7989242672920227 
vt 0.8057609796524048 0.794407069683075 
vt 0.7968487739562988 0.794407069683075 
vt 0.3728475868701935 0.9697211384773254 
vt 0.3658887445926666 0.9697211384773254 
vt 0.36942920088768005 0.9569022059440613 
vt 0.3600286543369293 0.966302752494812 
vt 0.3564881980419159 0.9603205919265747 
vt 0.3564881980419159 0.9534838795661926 
vt 0.3600286543369293 0.9475016593933105 
vt 0.3658887445926666 0.9440833330154419 
vt 0.3728475868701935 0.9440833330154419 
vt 0.3788297474384308 0.9475016593933105 
vt 0.3822481334209442 0.9534838795661926 
vt 0.3822481334209442 0.9603205919265747 
vt 0.3788297474384308 0.966302752494812 
vt 0.48785164952278137 0.9771683216094971 
vt 0.48016029596328735 0.9726511836051941 
vt 0.49236881732940674 0.9603205919265747 
vt 0.4756431579589844 0.9648377299308777 
vt 0.4756431579589844 0.9559255242347717 
vt 0.48016029596328735 0.9481121301651001 
vt 0.48785164952278137 0.9435949921607971 
vt 0.4968859553337097 0.9435949921607971 
vt 0.5046994090080261 0.9481121301651001 
vt 0.5090944766998291 0.9559255242347717 
vt 0.5090944766998291 0.9648377299308777 
vt 0.5046994090080261 0.9726511836051941 
vt 0.4968859553337097 0.9771683216094971 
vt 0.34134966135025024 0.9317527413368225 
vt 0.34745392203330994 0.9256484508514404 
vt 0.3627145290374756 0.9440833330154419 
vt 0.3649120628833771 0.9356594681739807 
vt 0.38737571239471436 0.9440833330154419 
vt 0.3849340081214905 0.9356594681739807 
vt 0.4086185097694397 0.9317527413368225 
vt 0.4023921489715576 0.9256484508514404 
vt 0.4209490716457367 0.9105099439620972 
vt 0.4124031364917755 0.9081903100013733 
vt 0.4209490716457367 0.8858487606048584 
vt 0.4124031364917755 0.8881683945655823 
vt 0.4086185097694397 0.8646059632301331 
vt 0.4023921489715576 0.8707101941108704 
vt 0.38737571239471436 0.8522753715515137 
vt 0.3849340081214905 0.8606992363929749 
vt 0.3627145290374756 0.8522753715515137 
vt 0.3649120628833771 0.8606992363929749 
vt 0.34134966135025024 0.8646059632301331 
vt 0.34745392203330994 0.8707101941108704 
vt 0.32914116978645325 0.8858487606048584 
vt 0.33744293451309204 0.8881683945655823 
vt 0.32914116978645325 0.9105099439620972 
vt 0.33744293451309204 0.9081903100013733 
vt 0.3483085036277771 0.9052602648735046 
vt 0.35538944602012634 0.917590856552124 
vt 0.36772000789642334 0.9246717691421509 
vt 0.3820039629936218 0.9246717691421509 
vt 0.3942124545574188 0.917590856552124 
vt 0.40141546726226807 0.9053823351860046 
vt 0.40141546726226807 0.8910984396934509 
vt 0.3942124545574188 0.8787678480148315 
vt 0.3820039629936218 0.8716868758201599 
vt 0.36772000789642334 0.8716868758201599 
vt 0.35538944602012634 0.8787678480148315 
vt 0.3483085036277771 0.8910984396934509 
vt 0.36112743616104126 0.8945167660713196 
vt 0.36112743616104126 0.901964008808136 
vt 0.3647899925708771 0.9083123803138733 
vt 0.37113839387893677 0.9119749665260315 
vt 0.3784635066986084 0.9119749665260315 
vt 0.3848119080066681 0.9083123803138733 
vt 0.3885965645313263 0.901964008808136 
vt 0.3885965645313263 0.8945167660713196 
vt 0.3848119080066681 0.8881683945655823 
vt 0.3784635066986084 0.8845058083534241 
vt 0.37113839387893677 0.8845058083534241 
vt 0.3647899925708771 0.8881683945655823 
vt 0.2313510775566101 0.9470133185386658 
vt 0.23586821556091309 0.9548267722129822 
vt 0.21902048587799072 0.9592218399047852 
vt 0.23586821556091309 0.9637389779090881 
vt 0.2313510775566101 0.9715524315834045 
vt 0.2235376387834549 0.9759474992752075 
vt 0.21462543308734894 0.9759474992752075 
vt 0.20681199431419373 0.9715524315834045 
vt 0.20229484140872955 0.9637389779090881 
vt 0.20229484140872955 0.9548267722129822 
vt 0.20681199431419373 0.9470133185386658 
vt 0.21462543308734894 0.9424961805343628 
vt 0.2235376387834549 0.9424961805343628 
vt 0.16334973275661469 0.7676704525947571 
vt 0.1729944497346878 0.7778035402297974 
vt 0.13124138116836548 0.8117431402206421 
vt 0.17995329201221466 0.7901341319084167 
vt 0.1834937483072281 0.8040518164634705 
vt 0.1834937483072281 0.818457841873169 
vt 0.17995329201221466 0.8323755264282227 
vt 0.1729944497346878 0.844828188419342 
vt 0.16334973275661469 0.8550833463668823 
vt 0.15138539671897888 0.862408459186554 
vt 0.13807813823223114 0.8663151860237122 
vt 0.12428253144025803 0.8664372563362122 
vt 0.11109735071659088 0.8628968000411987 
vt 0.09913302212953568 0.8558158278465271 
vt 0.08936621993780136 0.8456827998161316 
vt 0.0825294628739357 0.8333522081375122 
vt 0.07898899167776108 0.8195565938949585 
vt 0.07898899167776108 0.80515056848526 
vt 0.0825294628739357 0.7912328839302063 
vt 0.08936621993780136 0.7786581516265869 
vt 0.09913302212953568 0.7684029936790466 
vt 0.11109735071659088 0.761077880859375 
vt 0.12428253144025803 0.7571711540222168 
vt 0.13807813823223114 0.7570490837097168 
vt 0.15138539671897888 0.7607116103172302 
vt 0.4974963665008545 0.8837733268737793 
vt 0.4990834891796112 0.8892671465873718 
vt 0.48370078206062317 0.8918309211730957 
vt 0.48772957921028137 0.8958597183227539 
vt 0.4756431579589844 0.9057486057281494 
vt 0.4812590777873993 0.9072136282920837 
vt 0.4756431579589844 0.9217417240142822 
vt 0.4812590777873993 0.9202767014503479 
vt 0.48370078206062317 0.9356594681739807 
vt 0.48772957921028137 0.9316306114196777 
vt 0.4974963665008545 0.9435949921607971 
vt 0.4990834891796112 0.9381011128425598 
vt 0.5136116147041321 0.9435949921607971 
vt 0.5121465921401978 0.9381011128425598 
vt 0.5274072289466858 0.9356594681739807 
vt 0.5235005021095276 0.9316306114196777 
vt 0.5354648232460022 0.9217417240142822 
vt 0.5300930738449097 0.9202767014503479 
vt 0.5354648232460022 0.9057486057281494 
vt 0.5300930738449097 0.9072136282920837 
vt 0.5274072289466858 0.8918309211730957 
vt 0.5235005021095276 0.8958597183227539 
vt 0.5136116147041321 0.8837733268737793 
vt 0.5121465921401978 0.8892671465873718 
vt 0.5103152990341187 0.8964701294898987 
vt 0.5010368227958679 0.8964701294898987 
vt 0.4931013286113739 0.9011093974113464 
vt 0.48846209049224854 0.9090449213981628 
vt 0.48846209049224854 0.9183233976364136 
vt 0.4931013286113739 0.92638099193573 
vt 0.5010368227958679 0.931020200252533 
vt 0.5103152990341187 0.931020200252533 
vt 0.5183728933334351 0.92638099193573 
vt 0.5230121612548828 0.9183233976364136 
vt 0.5230121612548828 0.9090449213981628 
vt 0.5183728933334351 0.9011093974113464 
vt 0.5122686624526978 0.9072136282920837 
vt 0.5081177949905396 0.9047719240188599 
vt 0.5033564567565918 0.9047719240188599 
vt 0.4992055594921112 0.9072136282920837 
vt 0.49676385521888733 0.9112424254417419 
vt 0.49676385521888733 0.9161258339881897 
vt 0.4992055594921112 0.9202767014503479 
vt 0.5033564567565918 0.9225963354110718 
vt 0.5081177949905396 0.9225963354110718 
vt 0.5122686624526978 0.9202767014503479 
vt 0.5147103667259216 0.9161258339881897 
vt 0.5147103667259216 0.9112424254417419 
vt 0.745573103427887 0.8986676931381226 
vt 0.7532644271850586 0.9008651971817017 
vt 0.745573103427887 0.9217417240142822 
vt 0.7532644271850586 0.9196662902832031 
vt 0.7570490837097168 0.941641628742218 
vt 0.7626649737358093 0.9359036087989807 
vt 0.7769489288330078 0.9532396793365479 
vt 0.7790243625640869 0.9453041553497314 
vt 0.8000230193138123 0.9532396793365479 
vt 0.7978254556655884 0.9453041553497314 
vt 0.8199228644371033 0.941641628742218 
vt 0.814062774181366 0.9359036087989807 
vt 0.8315209150314331 0.9217417240142822 
vt 0.8234633207321167 0.9196662902832031 
vt 0.8315209150314331 0.8986676931381226 
vt 0.8234633207321167 0.9008651971817017 
vt 0.8199228644371033 0.8787678480148315 
vt 0.814062774181366 0.8846279382705688 
vt 0.8000230193138123 0.8672918677330017 
vt 0.7978254556655884 0.8752273917198181 
vt 0.7769489288330078 0.8672918677330017 
vt 0.7790243625640869 0.8752273917198181 
vt 0.7570490837097168 0.8787678480148315 
vt 0.7626649737358093 0.8846279382705688 
vt 0.770112156867981 0.8920751214027405 
vt 0.7635195851325989 0.9035511016845703 
vt 0.7635195851325989 0.9168583750724792 
vt 0.770112156867981 0.9284564256668091 
vt 0.7817102670669556 0.9350489974021912 
vt 0.7950175404548645 0.9350489974021912 
vt 0.8064935207366943 0.9284564256668091 
vt 0.8130860924720764 0.9168583750724792 
vt 0.8130860924720764 0.9035511016845703 
vt 0.8064935207366943 0.8920751214027405 
vt 0.7950175404548645 0.8854824900627136 
vt 0.7817102670669556 0.8854824900627136 
vt 0.7847623825073242 0.8974468111991882 
vt 0.7789022922515869 0.9008651971817017 
vt 0.7753618359565735 0.906847357749939 
vt 0.7753618359565735 0.9136841297149658 
vt 0.7789022922515869 0.9196662902832031 
vt 0.7847623825073242 0.9230846762657166 
vt 0.7917212247848511 0.9230846762657166 
vt 0.7977033853530884 0.9196662902832031 
vt 0.8011217713356018 0.9136841297149658 
vt 0.8011217713356018 0.906847357749939 
vt 0.7977033853530884 0.9008651971817017 
vt 0.7917212247848511 0.8974468111991882 
vt 0.6853851675987244 0.829201340675354 
vt 0.6811122298240662 0.844828188419342 
vt 0.6775717735290527 0.824806272983551 
vt 0.6660957336425781 0.8361601829528809 
vt 0.6731767058372498 0.8169928193092346 
vt 0.6574277281761169 0.8211436867713928 
vt 0.6731767058372498 0.8080806136131287 
vt 0.6574277281761169 0.8038076162338257 
vt 0.6775717735290527 0.8002671599388123 
vt 0.6660957336425781 0.7887911796569824 
vt 0.6853851675987244 0.7957500219345093 
vt 0.6811122298240662 0.7801231741905212 
vt 0.6942973732948303 0.7957500219345093 
vt 0.6984483003616333 0.7801231741905212 
vt 0.7021108269691467 0.8002671599388123 
vt 0.7134647369384766 0.7887911796569824 
vt 0.7066279649734497 0.8080806136131287 
vt 0.7221328020095825 0.8038076162338257 
vt 0.7066279649734497 0.8169928193092346 
vt 0.7221328020095825 0.8211436867713928 
vt 0.7021108269691467 0.824806272983551 
vt 0.7134647369384766 0.8361601829528809 
vt 0.6942973732948303 0.829201340675354 
vt 0.6984483003616333 0.844828188419342 
vt 0.7019887566566467 0.858257532119751 
vt 0.677449643611908 0.858257532119751 
vt 0.6562068462371826 0.8460490703582764 
vt 0.643876314163208 0.824806272983551 
vt 0.643876314163208 0.8002671599388123 
vt 0.6562068462371826 0.7790243625640869 
vt 0.677449643611908 0.7668159008026123 
vt 0.7019887566566467 0.7668159008026123 
vt 0.7231094837188721 0.7790243625640869 
vt 0.7354400157928467 0.8002671599388123 
vt 0.7354400157928467 0.824806272983551 
vt 0.7231094837188721 0.8460490703582764 
vt 0.7305566668510437 0.853496253490448 
vt 0.7045525312423706 0.8685126900672913 
vt 0.6745195984840393 0.8685126900672913 
vt 0.648515522480011 0.853496253490448 
vt 0.6334990859031677 0.8274921178817749 
vt 0.6334990859031677 0.7975813150405884 
vt 0.648515522480011 0.7715771794319153 
vt 0.6745195984840393 0.756560742855072 
vt 0.7045525312423706 0.756560742855072 
vt 0.7305566668510437 0.7715771794319153 
vt 0.745573103427887 0.7975813150405884 
vt 0.745573103427887 0.8274921178817749 
vt 0.8937842845916748 0.9193000793457031 
vt 0.9014756679534912 0.9213755130767822 
vt 0.8914646506309509 0.9232067465782166 
vt 0.8970806002616882 0.9288226962089539 
vt 0.8876800537109375 0.9254043102264404 
vt 0.8897554874420166 0.9330956339836121 
vt 0.8832849860191345 0.9254043102264404 
vt 0.8810874223709106 0.9330956339836121 
vt 0.8793782591819763 0.9232067465782166 
vt 0.8737623691558838 0.9288226962089539 
vt 0.8771806955337524 0.9193000793457031 
vt 0.8693673014640808 0.9213755130767822 
vt 0.8771806955337524 0.9149050116539001 
vt 0.8693673014640808 0.9128295183181763 
vt 0.8793782591819763 0.9109982848167419 
vt 0.8737623691558838 0.9053823351860046 
vt 0.8832849860191345 0.9088007211685181 
vt 0.8810874223709106 0.9011093974113464 
vt 0.8876800537109375 0.9088007211685181 
vt 0.8897554874420166 0.9011093974113464 
vt 0.8914646506309509 0.9109982848167419 
vt 0.8970806002616882 0.9053823351860046 
vt 0.8937842845916748 0.9149050116539001 
vt 0.9014756679534912 0.9128295183181763 
vt 0.9080682396888733 0.9109982848167419 
vt 0.9080682396888733 0.9232067465782166 
vt 0.901964008808136 0.9337061047554016 
vt 0.8914646506309509 0.9396882653236389 
vt 0.8792561888694763 0.9396882653236389 
vt 0.8687568306922913 0.9337061047554016 
vt 0.862774670124054 0.9232067465782166 
vt 0.862774670124054 0.9109982848167419 
vt 0.8687568306922913 0.9004989862442017 
vt 0.8792561888694763 0.8945167660713196 
vt 0.8914646506309509 0.8945167660713196 
vt 0.901964008808136 0.9004989862442017 
vt 0.9056265354156494 0.8968364000320435 
vt 0.913073718547821 0.9096553325653076 
vt 0.913073718547821 0.9245496988296509 
vt 0.9056265354156494 0.937368631362915 
vt 0.8928076028823853 0.9448158144950867 
vt 0.877913236618042 0.9448158144950867 
vt 0.8650943040847778 0.937368631362915 
vt 0.8576471209526062 0.9245496988296509 
vt 0.8576471209526062 0.9096553325653076 
vt 0.8650943040847778 0.8968364000320435 
vt 0.877913236618042 0.8893892168998718 
vt 0.8928076028823853 0.8893892168998718 
vt 0.3343908190727234 0.6929544806480408 
vt 0.3166884779930115 0.7251849174499512 
vt 0.2683428227901459 0.6761067509651184 
vt 0.2860451638698578 0.7442301511764526 
vt 0.25064051151275635 0.7449626922607422 
vt 0.21999716758728027 0.7272603511810303 
vt 0.20229484140872955 0.6958845257759094 
vt 0.20229484140872955 0.6591368913650513 
vt 0.21999716758728027 0.6269064545631409 
vt 0.25064051151275635 0.6078612208366394 
vt 0.2860451638698578 0.6071286797523499 
vt 0.3166884779930115 0.6248310208320618 
vt 0.3343908190727234 0.6562068462371826 
vt 0.9164921045303345 0.3321932852268219 
vt 0.9186896085739136 0.3361000120639801 
vt 0.9105099439620972 0.3382975459098816 
vt 0.9186896085739136 0.3404950797557831 
vt 0.9164921045303345 0.3444017767906189 
vt 0.9127074480056763 0.3465993106365204 
vt 0.9081903100013733 0.3465993106365204 
vt 0.9044056534767151 0.3444017767906189 
vt 0.902208149433136 0.3404950797557831 
vt 0.902208149433136 0.3361000120639801 
vt 0.9044056534767151 0.3321932852268219 
vt 0.9081903100013733 0.3299957513809204 
vt 0.9127074480056763 0.3299957513809204 
vt 0.8956155776977539 0.3479422628879547 
vt 0.8908542394638062 0.3479422628879547 
vt 0.89317387342453 0.33890795707702637 
vt 0.886703372001648 0.34550055861473083 
vt 0.8842616677284241 0.34134966135025024 
vt 0.8842616677284241 0.3365883529186249 
vt 0.886703372001648 0.3324374556541443 
vt 0.8908542394638062 0.3299957513809204 
vt 0.8956155776977539 0.3299957513809204 
vt 0.8997664451599121 0.3324374556541443 
vt 0.902208149433136 0.3365883529186249 
vt 0.902208149433136 0.34134966135025024 
vt 0.8997664451599121 0.34550055861473083 
vt 0.3984854519367218 0.9440833330154419 
vt 0.4044676125049591 0.9475016593933105 
vt 0.3950670659542084 0.9569022059440613 
vt 0.40788599848747253 0.9534838795661926 
vt 0.40788599848747253 0.9603205919265747 
vt 0.4044676125049591 0.966302752494812 
vt 0.3984854519367218 0.9697211384773254 
vt 0.39164867997169495 0.9697211384773254 
vt 0.38566651940345764 0.966302752494812 
vt 0.3822481334209442 0.9603205919265747 
vt 0.3822481334209442 0.9534838795661926 
vt 0.38566651940345764 0.9475016593933105 
vt 0.39164867997169495 0.9440833330154419 
vt 0.7298241257667542 0.5740436911582947 
vt 0.6946636438369751 0.5747761726379395 
vt 0.712243914604187 0.5057981610298157 
vt 0.664142370223999 0.5570738315582275 
vt 0.6465621590614319 0.5255759358406067 
vt 0.6465621590614319 0.4888283312320709 
vt 0.664142370223999 0.4565978944301605 
vt 0.6946636438369751 0.43755263090133667 
vt 0.7298241257667542 0.4368201196193695 
vt 0.7603453993797302 0.4545224606990814 
vt 0.7779256105422974 0.48602038621902466 
vt 0.7779256105422974 0.522767961025238 
vt 0.7603453993797302 0.5549983978271484 
vt 0.3328036963939667 0.9678899049758911 
vt 0.32914116978645325 0.961541473865509 
vt 0.34281468391418457 0.9578788876533508 
vt 0.32914116978645325 0.9540942907333374 
vt 0.3328036963939667 0.9477458596229553 
vt 0.33915212750434875 0.9440833330154419 
vt 0.3464772403240204 0.9440833330154419 
vt 0.3528256416320801 0.9477458596229553 
vt 0.3564881980419159 0.9540942907333374 
vt 0.3564881980419159 0.961541473865509 
vt 0.3528256416320801 0.9678899049758911 
vt 0.3464772403240204 0.9715524315834045 
vt 0.33915212750434875 0.9715524315834045 
vt 0.5554867386817932 0.7060175538063049 
vt 0.005249654874205589 0.08887787908315659 
vt 0.7314112186431885 0.29935240745544434 
vt 0.225491002202034 0.7572932839393616 
vt 0.3940903842449188 0.7387363314628601 
vt 0.9360256791114807 0.7375155091285706 
vt 0.06812343001365662 0.8575250506401062 
vt 0.8460490703582764 0.5708694458007812 
vt 0.9494550228118896 0.13380515575408936 
vt 0.8576471209526062 0.7554619908332825 
s on 
f 1/1/1 2/2/2 3/3/3 
f 2/2/2 4/4/4 3/3/3 
f 3/3/3 4/4/4 5/5/5 
f 4/4/4 6/6/6 5/5/5 
f 5/5/5 6/6/6 7/7/7 
f 6/6/6 8/8/8 7/7/7 
f 7/7/7 8/8/8 9/9/9 
f 8/8/8 10/10/10 9/9/9 
f 9/9/9 10/10/10 11/11/11 
f 10/10/10 12/12/12 11/11/11 
f 11/11/11 12/12/12 13/13/13 
f 12/12/12 14/14/14 13/13/13 
f 13/13/13 14/14/14 15/15/15 
f 14/14/14 16/16/16 15/15/15 
f 15/15/15 16/16/16 17/17/17 
f 16/16/16 18/18/18 17/17/17 
f 17/17/17 18/18/18 19/19/19 
f 18/18/18 20/20/20 19/19/19 
f 19/19/19 20/20/20 20/20/20 
f 20/20/20 19/19/19 20/20/20 
f 20/20/20 19/19/19 19/19/19 
f 19/19/19 21/21/21 19/19/19 
f 19/19/19 21/21/21 17/17/17 
f 21/21/21 22/22/22 17/17/17 
f 17/17/17 22/22/22 15/15/15 
f 22/22/22 15/15/15 15/15/15 
f 15/15/15 15/15/15 23/23/23 
f 15/15/15 23/23/23 23/23/23 
f 23/23/23 23/23/23 23/23/23 
f 23/23/23 24/24/24 23/23/23 
f 23/23/23 24/24/24 25/25/25 
f 24/24/24 26/26/26 25/25/25 
f 25/25/25 26/26/26 27/27/27 
f 26/26/26 28/28/28 27/27/27 
f 27/27/27 28/28/28 29/29/29 
f 28/28/28 30/30/30 29/29/29 
f 29/29/29 30/30/30 31/31/31 
f 30/30/30 32/32/32 31/31/31 
f 31/31/31 32/32/32 33/33/33 
f 32/32/32 34/34/34 33/33/33 
f 33/33/33 34/34/34 35/35/35 
f 34/34/34 36/36/36 35/35/35 
f 35/35/35 36/36/36 36/36/36 
f 36/36/36 31/31/31 36/36/36 
f 36/36/36 31/31/31 31/31/31 
f 31/31/31 37/37/37 31/31/31 
f 31/31/31 37/37/37 29/29/29 
f 37/37/37 38/38/38 29/29/29 
f 29/29/29 38/38/38 27/27/27 
f 38/38/38 27/27/27 27/27/27 
f 27/27/27 27/27/27 39/39/39 
f 27/27/27 39/39/39 39/39/39 
f 39/39/39 39/39/39 39/39/39 
f 39/39/39 40/40/40 39/39/39 
f 39/39/39 40/40/40 41/41/41 
f 40/40/40 42/42/42 41/41/41 
f 41/41/41 42/42/42 43/43/43 
f 42/42/42 44/44/44 43/43/43 
f 43/43/43 44/44/44 45/45/45 
f 44/44/44 46/46/46 45/45/45 
f 45/45/45 46/46/46 46/46/46 
f 46/46/46 40/40/40 46/46/46 
f 46/46/46 40/40/40 40/40/40 
f 40/40/40 47/47/47 40/40/40 
f 40/40/40 47/47/47 42/42/42 
f 47/47/47 48/48/48 42/42/42 
f 42/42/42 48/48/48 44/44/44 
f 48/48/48 49/49/49 44/44/44 
f 44/44/44 49/49/49 46/46/46 
f 49/49/49 50/50/50 46/46/46 
f 46/46/46 50/50/50 50/50/50 
f 50/50/50 51/51/51 50/50/50 
f 50/50/50 51/51/51 51/51/51 
f 51/51/51 52/52/52 51/51/51 
f 51/51/51 52/52/52 53/53/53 
f 52/52/52 54/54/54 53/53/53 
f 53/53/53 54/54/54 55/55/55 
f 54/54/54 56/56/56 55/55/55 
f 55/55/55 56/56/56 57/57/57 
f 56/56/56 58/58/58 57/57/57 
f 57/57/57 58/58/58 58/58/58 
f 58/58/58 59/59/59 58/58/58 
f 58/58/58 59/59/59 59/59/59 
f 59/59/59 60/60/60 59/59/59 
f 59/59/59 60/60/60 61/61/61 
f 60/60/60 62/62/62 61/61/61 
f 61/61/61 62/62/62 63/63/63 
f 62/62/62 64/64/64 63/63/63 
f 63/63/63 64/64/64 65/65/65 
f 64/64/64 66/66/66 65/65/65 
f 65/65/65 66/66/66 66/66/66 
f 66/66/66 60/60/60 66/66/66 
f 66/66/66 60/60/60 60/60/60 
f 60/60/60 67/67/67 60/60/60 
f 60/60/60 67/67/67 62/62/62 
f 67/67/67 68/68/68 62/62/62 
f 62/62/62 68/68/68 64/64/64 
f 68/68/68 69/69/69 64/64/64 
f 64/64/64 69/69/69 66/66/66 
f 69/69/69 70/70/70 66/66/66 
f 66/66/66 70/70/70 70/70/70 
f 70/70/70 71/71/71 70/70/70 
f 70/70/70 71/71/71 71/71/71 
f 71/71/71 72/72/72 71/71/71 
f 71/71/71 72/72/72 73/73/73 
f 72/72/72 74/74/74 73/73/73 
f 73/73/73 74/74/74 75/75/75 
f 74/74/74 76/76/76 75/75/75 
f 75/75/75 76/76/76 76/76/76 
f 76/76/76 77/77/77 76/76/76 
f 76/76/76 77/77/77 77/77/77 
f 77/77/77 78/78/78 77/77/77 
f 77/77/77 78/78/78 79/79/79 
f 78/78/78 80/80/80 79/79/79 
f 79/79/79 80/80/80 81/81/81 
f 80/80/80 82/82/82 81/81/81 
f 81/81/81 82/82/82 83/83/83 
f 82/82/82 84/84/84 83/83/83 
f 83/83/83 84/84/84 84/84/84 
f 84/84/84 78/78/78 84/84/84 
f 84/84/84 78/78/78 78/78/78 
f 78/78/78 85/85/85 78/78/78 
f 78/78/78 85/85/85 80/80/80 
f 85/85/85 86/86/86 80/80/80 
f 80/80/80 86/86/86 82/82/82 
f 86/86/86 87/87/87 82/82/82 
f 82/82/82 87/87/87 84/84/84 
f 87/87/87 88/88/88 84/84/84 
f 84/84/84 88/88/88 88/88/88 
f 88/88/88 89/89/89 88/88/88 
f 88/88/88 89/89/89 89/89/89 
f 89/89/89 90/90/90 89/89/89 
f 89/89/89 90/90/90 91/91/91 
f 90/90/90 92/92/92 91/91/91 
f 91/91/91 92/92/92 92/92/92 
f 92/92/92 93/93/93 92/92/92 
f 92/92/92 93/93/93 93/93/93 
f 93/93/93 94/94/94 93/93/93 
f 93/93/93 94/94/94 95/95/95 
f 94/94/94 96/96/96 95/95/95 
f 95/95/95 96/96/96 97/97/97 
f 96/96/96 98/98/98 97/97/97 
f 97/97/97 98/98/98 99/99/99 
f 98/98/98 100/100/100 99/99/99 
f 99/99/99 100/100/100 100/100/100 
f 100/100/100 101/101/101 100/100/100 
f 100/100/100 101/101/101 101/101/101 
f 101/101/101 102/102/102 101/101/101 
f 101/101/101 102/102/102 103/103/103 
f 102/102/102 104/104/104 103/103/103 
f 103/103/103 104/104/104 105/105/105 
f 104/104/104 106/106/106 105/105/105 
f 105/105/105 106/106/106 107/107/107 
f 106/106/106 108/108/108 107/107/107 
f 107/107/107 108/108/108 108/108/108 
f 108/108/108 102/102/102 108/108/108 
f 108/108/108 102/102/102 102/102/102 
f 102/102/102 109/109/109 102/102/102 
f 102/102/102 109/109/109 104/104/104 
f 109/109/109 110/110/110 104/104/104 
f 104/104/104 110/110/110 106/106/106 
f 110/110/110 111/111/111 106/106/106 
f 106/106/106 111/111/111 108/108/108 
f 111/111/111 112/112/112 108/108/108 
f 108/108/108 112/112/112 112/112/112 
f 112/112/112 113/113/113 112/112/112 
f 112/112/112 113/113/113 113/113/113 
f 113/113/113 114/114/114 113/113/113 
f 113/113/113 114/114/114 115/115/115 
f 114/114/114 116/116/116 115/115/115 
f 115/115/115 116/116/116 117/117/117 
f 116/116/116 118/118/118 117/117/117 
f 117/117/117 118/118/118 119/119/119 
f 118/118/118 120/120/120 119/119/119 
f 119/119/119 120/120/120 120/120/120 
f 120/120/120 114/114/114 120/120/120 
f 120/120/120 114/114/114 114/114/114 
f 114/114/114 121/121/121 114/114/114 
f 114/114/114 121/121/121 116/116/116 
f 121/121/121 122/122/122 116/116/116 
f 116/116/116 122/122/122 118/118/118 
f 122/122/122 123/123/123 118/118/118 
f 118/118/118 123/123/123 120/120/120 
f 123/123/123 124/124/124 120/120/120 
f 120/120/120 124/124/124 124/124/124 
f 124/124/124 125/125/125 124/124/124 
f 124/124/124 125/125/125 125/125/125 
f 125/125/125 126/126/126 125/125/125 
f 125/125/125 126/126/126 127/127/127 
f 126/126/126 128/128/128 127/127/127 
f 127/127/127 128/128/128 129/129/129 
f 128/128/128 130/130/130 129/129/129 
f 129/129/129 130/130/130 131/131/131 
f 130/130/130 132/132/132 131/131/131 
f 131/131/131 132/132/132 132/132/132 
f 132/132/132 126/126/126 132/132/132 
f 132/132/132 126/126/126 126/126/126 
f 126/126/126 133/133/133 126/126/126 
f 126/126/126 133/133/133 128/128/128 
f 133/133/133 134/134/134 128/128/128 
f 128/128/128 134/134/134 130/130/130 
f 134/134/134 135/135/135 130/130/130 
f 130/130/130 135/135/135 132/132/132 
f 135/135/135 136/136/136 132/132/132 
f 132/132/132 136/136/136 136/136/136 
f 136/136/136 137/137/137 136/136/136 
f 136/136/136 137/137/137 137/137/137 
f 137/137/137 138/138/138 137/137/137 
f 137/137/137 138/138/138 139/139/139 
f 138/138/138 140/140/140 139/139/139 
f 139/139/139 140/140/140 141/141/141 
f 140/140/140 142/142/142 141/141/141 
f 141/141/141 142/142/142 143/143/143 
f 142/142/142 144/144/144 143/143/143 
f 143/143/143 144/144/144 145/145/145 
f 144/144/144 146/146/146 145/145/145 
f 145/145/145 146/146/146 147/147/147 
f 146/146/146 148/148/148 147/147/147 
f 147/147/147 148/148/148 149/149/149 
f 148/148/148 150/150/150 149/149/149 
f 149/149/149 150/150/150 150/150/150 
f 150/150/150 147/147/147 150/150/150 
f 150/150/150 147/147/147 147/147/147 
f 147/147/147 151/151/151 147/147/147 
f 147/147/147 151/151/151 145/145/145 
f 151/151/151 152/152/152 145/145/145 
f 145/145/145 152/152/152 143/143/143 
f 152/152/152 153/153/153 143/143/143 
f 143/143/143 153/153/153 141/141/141 
f 153/153/153 154/154/154 141/141/141 
f 141/141/141 154/154/154 139/139/139 
f 154/154/154 139/139/139 139/139/139 
f 139/139/139 139/139/139 155/155/155 
f 139/139/139 155/155/155 155/155/155 
f 155/155/155 155/155/155 155/155/155 
f 155/155/155 156/156/156 155/155/155 
f 155/155/155 156/156/156 157/157/157 
f 156/156/156 158/158/158 157/157/157 
f 157/157/157 158/158/158 159/159/159 
f 158/158/158 160/160/160 159/159/159 
f 159/159/159 160/160/160 161/161/161 
f 160/160/160 162/162/162 161/161/161 
f 161/161/161 162/162/162 163/163/163 
f 162/162/162 164/164/164 163/163/163 
f 163/163/163 164/164/164 165/165/165 
f 164/164/164 166/166/166 165/165/165 
f 165/165/165 166/166/166 167/167/167 
f 166/166/166 168/168/168 167/167/167 
f 167/167/167 168/168/168 168/168/168 
f 168/168/168 169/169/169 168/168/168 
f 168/168/168 169/169/169 169/169/169 
f 169/169/169 170/170/170 169/169/169 
f 169/169/169 170/170/170 171/171/171 
f 170/170/170 172/172/172 171/171/171 
f 171/171/171 172/172/172 172/172/172 
f 172/172/172 170/170/170 172/172/172 
f 172/172/172 170/170/170 173/173/173 
f 170/170/170 174/174/174 173/173/173 
f 173/173/173 174/174/174 174/174/174 
f 174/174/174 170/170/170 174/174/174 
f 174/174/174 170/170/170 175/175/175 
f 170/170/170 176/176/176 175/175/175 
f 175/175/175 176/176/176 176/176/176 
f 176/176/176 170/170/170 176/176/176 
f 176/176/176 170/170/170 177/177/177 
f 170/170/170 178/178/178 177/177/177 
f 177/177/177 178/178/178 178/178/178 
f 178/178/178 170/170/170 178/178/178 
f 178/178/178 170/170/170 179/179/179 
f 170/170/170 180/180/180 179/179/179 
f 179/179/179 180/180/180 180/180/180 
f 180/180/180 181/181/181 180/180/180 
f 180/180/180 181/181/181 181/181/181 
f 181/181/181 182/182/182 181/181/181 
f 181/181/181 182/182/182 183/183/183 
f 182/182/182 184/184/184 183/183/183 
f 183/183/183 184/184/184 185/185/185 
f 184/184/184 186/186/186 185/185/185 
f 185/185/185 186/186/186 187/187/187 
f 186/186/186 188/188/188 187/187/187 
f 187/187/187 188/188/188 188/188/188 
f 188/188/188 182/182/182 188/188/188 
f 188/188/188 182/182/182 182/182/182 
f 182/182/182 189/189/189 182/182/182 
f 182/182/182 189/189/189 184/184/184 
f 189/189/189 190/190/190 184/184/184 
f 184/184/184 190/190/190 186/186/186 
f 190/190/190 191/191/191 186/186/186 
f 186/186/186 191/191/191 188/188/188 
f 191/191/191 192/192/192 188/188/188 
f 188/188/188 192/192/192 192/192/192 
f 192/192/192 193/193/193 192/192/192 
f 192/192/192 193/193/193 193/193/193 
f 193/193/193 194/194/194 193/193/193 
f 193/193/193 194/194/194 195/195/195 
f 194/194/194 196/196/196 195/195/195 
f 195/195/195 196/196/196 197/197/197 
f 196/196/196 198/198/198 197/197/197 
f 197/197/197 198/198/198 199/199/199 
f 198/198/198 200/200/200 199/199/199 
f 199/199/199 200/200/200 200/200/200 
f 200/200/200 194/194/194 200/200/200 
f 200/200/200 194/194/194 194/194/194 
f 194/194/194 201/201/201 194/194/194 
f 194/194/194 201/201/201 196/196/196 
f 201/201/201 202/202/202 196/196/196 
f 196/196/196 202/202/202 198/198/198 
f 202/202/202 203/203/203 198/198/198 
f 198/198/198 203/203/203 200/200/200 
f 203/203/203 204/204/204 200/200/200 
f 200/200/200 204/204/204 204/204/204 
f 204/204/204 205/205/205 204/204/204 
f 204/204/204 205/205/205 205/205/205 
f 205/205/205 206/206/206 205/205/205 
f 205/205/205 206/206/206 207/207/207 
f 206/206/206 208/208/208 207/207/207 
f 207/207/207 208/208/208 209/209/209 
f 208/208/208 209/209/209 209/209/209 
f 209/209/209 209/209/209 209/209/209 
f 209/209/209 210/210/210 209/209/209 
f 209/209/209 210/210/210 207/207/207 
f 210/210/210 211/211/211 207/207/207 
f 207/207/207 211/211/211 212/212/212 
f 211/211/211 212/212/212 212/212/212 
f 212/212/212 212/212/212 212/212/212 
f 212/212/212 213/213/213 212/212/212 
f 212/212/212 213/213/213 207/207/207 
f 213/213/213 214/214/214 207/207/207 
f 207/207/207 214/214/214 215/215/215 
f 214/214/214 215/215/215 215/215/215 
f 215/215/215 215/215/215 216/216/216 
f 215/215/215 216/216/216 216/216/216 
f 216/216/216 216/216/216 216/216/216 
f 216/216/216 217/217/217 216/216/216 
f 216/216/216 217/217/217 218/218/218 
f 217/217/217 219/219/219 218/218/218 
f 218/218/218 219/219/219 220/220/220 
f 219/219/219 221/221/221 220/220/220 
f 220/220/220 221/221/221 222/222/222 
f 221/221/221 223/223/223 222/222/222 
f 222/222/222 223/223/223 223/223/223 
f 223/223/223 217/217/217 223/223/223 
f 223/223/223 217/217/217 217/217/217 
f 217/217/217 224/224/224 217/217/217 
f 217/217/217 224/224/224 219/219/219 
f 224/224/224 225/225/225 219/219/219 
f 219/219/219 225/225/225 221/221/221 
f 225/225/225 226/226/226 221/221/221 
f 221/221/221 226/226/226 223/223/223 
f 226/226/226 227/227/227 223/223/223 
f 223/223/223 227/227/227 227/227/227 
f 227/227/227 228/228/228 227/227/227 
f 227/227/227 228/228/228 228/228/228 
f 228/228/228 229/229/229 228/228/228 
f 228/228/228 229/229/229 230/230/230 
f 229/229/229 231/231/231 230/230/230 
f 230/230/230 231/231/231 232/232/232 
f 231/231/231 233/233/233 232/232/232 
f 232/232/232 233/233/233 234/234/234 
f 233/233/233 235/235/235 234/234/234 
f 234/234/234 235/235/235 235/235/235 
f 235/235/235 236/236/236 235/235/235 
f 235/235/235 236/236/236 236/236/236 
f 236/236/236 237/237/237 236/236/236 
f 236/236/236 237/237/237 238/238/238 
f 237/237/237 239/239/239 238/238/238 
f 238/238/238 239/239/239 239/239/239 
f 239/239/239 240/240/240 239/239/239 
f 239/239/239 240/240/240 240/240/240 
f 240/240/240 241/241/241 240/240/240 
f 240/240/240 241/241/241 242/242/242 
f 241/241/241 243/243/243 242/242/242 
f 242/242/242 243/243/243 243/243/243 
f 243/243/243 241/241/241 243/243/243 
f 243/243/243 241/241/241 244/244/244 
f 241/241/241 245/245/245 244/244/244 
f 244/244/244 245/245/245 246/246/246 
f 245/245/245 247/247/247 246/246/246 
f 246/246/246 247/247/247 247/247/247 
f 247/247/247 248/248/248 247/247/247 
f 247/247/247 248/248/248 248/248/248 
f 248/248/248 249/249/249 248/248/248 
f 248/248/248 249/249/249 250/250/250 
f 249/249/249 251/251/251 250/250/250 
f 250/250/250 251/251/251 252/252/252 
f 251/251/251 253/253/253 252/252/252 
f 252/252/252 253/253/253 253/253/253 
f 253/253/253 249/249/249 253/253/253 
f 253/253/253 249/249/249 249/249/249 
f 249/249/249 254/254/254 249/249/249 
f 249/249/249 254/254/254 251/251/251 
f 254/254/254 255/255/255 251/251/251 
f 251/251/251 255/255/255 253/253/253 
f 255/255/255 256/256/256 253/253/253 
f 253/253/253 256/256/256 256/256/256 
f 256/256/256 257/257/257 256/256/256 
f 256/256/256 257/257/257 257/257/257 
f 257/257/257 258/258/258 257/257/257 
f 257/257/257 258/258/258 259/259/259 
f 258/258/258 260/260/260 259/259/259 
f 259/259/259 260/260/260 260/260/260 
f 260/260/260 258/258/258 260/260/260 
f 260/260/260 258/258/258 258/258/258 
f 258/258/258 261/261/261 258/258/258 
f 258/258/258 261/261/261 260/260/260 
f 261/261/261 262/262/262 260/260/260 
f 260/260/260 262/262/262 262/262/262 
f 262/262/262 263/263/263 262/262/262 
f 262/262/262 263/263/263 263/263/263 
f 263/263/263 264/264/264 263/263/263 
f 263/263/263 264/264/264 265/265/265 
f 264/264/264 266/266/266 265/265/265 
f 265/265/265 266/266/266 267/267/267 
f 266/266/266 268/268/268 267/267/267 
f 267/267/267 268/268/268 269/269/269 
f 268/268/268 270/270/270 269/269/269 
f 269/269/269 270/270/270 270/270/270 
f 270/270/270 271/271/271 270/270/270 
f 270/270/270 271/271/271 271/271/271 
f 271/271/271 272/272/272 271/271/271 
f 271/271/271 272/272/272 273/273/273 
f 272/272/272 274/274/274 273/273/273 
f 273/273/273 274/274/274 275/275/275 
f 274/274/274 276/276/276 275/275/275 
f 275/275/275 276/276/276 276/276/276 
f 276/276/276 272/272/272 276/276/276 
f 276/276/276 272/272/272 272/272/272 
f 272/272/272 277/277/277 272/272/272 
f 272/272/272 277/277/277 274/274/274 
f 277/277/277 278/278/278 274/274/274 
f 274/274/274 278/278/278 276/276/276 
f 278/278/278 279/279/279 276/276/276 
f 276/276/276 279/279/279 279/279/279 
f 279/279/279 280/280/280 279/279/279 
f 279/279/279 280/280/280 280/280/280 
f 280/280/280 281/281/281 280/280/280 
f 280/280/280 281/281/281 282/282/282 
f 281/281/281 283/283/283 282/282/282 
f 282/282/282 283/283/283 283/283/283 
f 283/283/283 281/281/281 283/283/283 
f 283/283/283 281/281/281 281/281/281 
f 281/281/281 284/284/284 281/281/281 
f 281/281/281 284/284/284 283/283/283 
f 284/284/284 285/285/285 283/283/283 
f 283/283/283 285/285/285 285/285/285 
f 285/285/285 286/286/286 285/285/285 
f 285/285/285 286/286/286 286/286/286 
f 286/286/286 287/287/287 286/286/286 
f 286/286/286 287/287/287 288/288/288 
f 287/287/287 289/289/289 288/288/288 
f 288/288/288 289/289/289 290/290/290 
f 289/289/289 291/291/291 290/290/290 
f 290/290/290 291/291/291 292/292/292 
f 291/291/291 293/293/293 292/292/292 
f 292/292/292 293/293/293 293/293/293 
f 293/293/293 287/287/287 293/293/293 
f 293/293/293 287/287/287 287/287/287 
f 287/287/287 294/294/294 287/287/287 
f 287/287/287 294/294/294 289/289/289 
f 294/294/294 295/295/295 289/289/289 
f 289/289/289 295/295/295 291/291/291 
f 295/295/295 296/296/296 291/291/291 
f 291/291/291 296/296/296 293/293/293 
f 296/296/296 297/297/297 293/293/293 
f 293/293/293 297/297/297 297/297/297 
f 297/297/297 298/298/298 297/297/297 
f 297/297/297 298/298/298 298/298/298 
f 298/298/298 299/299/299 298/298/298 
f 298/298/298 299/299/299 300/300/300 
f 299/299/299 301/301/301 300/300/300 
f 300/300/300 301/301/301 302/302/302 
f 301/301/301 303/303/303 302/302/302 
f 302/302/302 303/303/303 303/303/303 
f 303/303/303 299/299/299 303/303/303 
f 303/303/303 299/299/299 299/299/299 
f 299/299/299 304/304/304 299/299/299 
f 299/299/299 304/304/304 301/301/301 
f 304/304/304 305/305/305 301/301/301 
f 301/301/301 305/305/305 303/303/303 
f 305/305/305 306/306/306 303/303/303 
f 303/303/303 306/306/306 306/306/306 
f 306/306/306 307/307/307 306/306/306 
f 306/306/306 307/307/307 307/307/307 
f 307/307/307 308/308/308 307/307/307 
f 307/307/307 308/308/308 309/309/309 
f 308/308/308 310/310/310 309/309/309 
f 309/309/309 310/310/310 311/311/311 
f 310/310/310 312/312/312 311/311/311 
f 311/311/311 312/312/312 313/313/313 
f 312/312/312 314/314/314 313/313/313 
f 313/313/313 314/314/314 314/314/314 
f 314/314/314 308/308/308 314/314/314 
f 314/314/314 308/308/308 308/308/308 
f 308/308/308 315/315/315 308/308/308 
f 308/308/308 315/315/315 310/310/310 
f 315/315/315 316/316/316 310/310/310 
f 310/310/310 316/316/316 312/312/312 
f 316/316/316 317/317/317 312/312/312 
f 312/312/312 317/317/317 314/314/314 
f 317/317/317 318/318/318 314/314/314 
f 314/314/314 318/318/318 318/318/318 
f 318/318/318 319/319/319 318/318/318 
f 318/318/318 319/319/319 319/319/319 
f 319/319/319 320/320/320 319/319/319 
f 319/319/319 320/320/320 321/321/321 
f 320/320/320 322/322/322 321/321/321 
f 321/321/321 322/322/322 323/323/323 
f 322/322/322 324/324/324 323/323/323 
f 323/323/323 324/324/324 325/325/325 
f 324/324/324 326/326/326 325/325/325 
f 325/325/325 326/326/326 326/326/326 
f 326/326/326 320/320/320 326/326/326 
f 326/326/326 320/320/320 320/320/320 
f 320/320/320 327/327/327 320/320/320 
f 320/320/320 327/327/327 322/322/322 
f 327/327/327 328/328/328 322/322/322 
f 322/322/322 328/328/328 324/324/324 
f 328/328/328 329/329/329 324/324/324 
f 324/324/324 329/329/329 326/326/326 
f 329/329/329 330/330/330 326/326/326 
f 326/326/326 330/330/330 330/330/330 
f 330/330/330 331/331/331 330/330/330 
f 330/330/330 331/331/331 331/331/331 
f 331/331/331 332/332/332 331/331/331 
f 331/331/331 332/332/332 333/333/333 
f 332/332/332 334/334/334 333/333/333 
f 333/333/333 334/334/334 334/334/334 
f 334/334/334 332/332/332 334/334/334 
f 334/334/334 332/332/332 332/332/332 
f 332/332/332 335/335/335 332/332/332 
f 332/332/332 335/335/335 334/334/334 
f 335/335/335 336/336/336 334/334/334 
f 334/334/334 336/336/336 336/336/336 
f 336/336/336 337/337/337 336/336/336 
f 336/336/336 337/337/337 337/337/337 
f 337/337/337 338/338/338 337/337/337 
f 337/337/337 338/338/338 339/339/339 
f 338/338/338 340/340/340 339/339/339 
f 339/339/339 340/340/340 340/340/340 
f 340/340/340 341/341/341 340/340/340 
f 340/340/340 341/341/341 341/341/341 
f 341/341/341 342/342/342 341/341/341 
f 341/341/341 342/342/342 343/343/343 
f 342/342/342 344/344/344 343/343/343 
f 343/343/343 344/344/344 345/345/345 
f 344/344/344 345/345/345 345/345/345 
f 345/345/345 345/345/345 345/345/345 
f 345/345/345 346/346/346 345/345/345 
f 345/345/345 346/346/346 343/343/343 
f 346/346/346 347/347/347 343/343/343 
f 343/343/343 347/347/347 348/348/348 
f 347/347/347 348/348/348 348/348/348 
f 348/348/348 348/348/348 348/348/348 
f 348/348/348 349/349/349 348/348/348 
f 348/348/348 349/349/349 343/343/343 
f 349/349/349 350/350/350 343/343/343 
f 343/343/343 350/350/350 351/351/351 
f 350/350/350 351/351/351 351/351/351 
f 351/351/351 351/351/351 351/351/351 
f 351/351/351 352/352/352 351/351/351 
f 351/351/351 352/352/352 343/343/343 
f 352/352/352 353/353/353 343/343/343 
f 343/343/343 353/353/353 354/354/354 
f 353/353/353 354/354/354 354/354/354 
f 354/354/354 354/354/354 354/354/354 
f 354/354/354 355/355/355 354/354/354 
f 354/354/354 355/355/355 343/343/343 
f 355/355/355 356/356/356 343/343/343 
f 343/343/343 356/356/356 357/357/357 
f 356/356/356 357/357/357 357/357/357 
f 357/357/357 357/357/357 357/357/357 
f 357/357/357 358/358/358 357/357/357 
f 357/357/357 358/358/358 343/343/343 
f 358/358/358 359/359/359 343/343/343 
f 343/343/343 359/359/359 360/360/360 
f 359/359/359 360/360/360 360/360/360 
f 360/360/360 360/360/360 360/360/360 
f 360/360/360 361/361/361 360/360/360 
f 360/360/360 361/361/361 343/343/343 
f 361/361/361 362/362/362 343/343/343 
f 343/343/343 362/362/362 363/363/363 
f 362/362/362 363/363/363 363/363/363 
f 363/363/363 363/363/363 364/364/364 
f 363/363/363 364/364/364 364/364/364 
f 364/364/364 364/364/364 364/364/364 
f 364/364/364 365/365/365 364/364/364 
f 364/364/364 365/365/365 366/366/366 
f 365/365/365 367/367/367 366/366/366 
f 366/366/366 367/367/367 368/368/368 
f 367/367/367 369/369/369 368/368/368 
f 368/368/368 369/369/369 370/370/370 
f 369/369/369 371/371/371 370/370/370 
f 370/370/370 371/371/371 371/371/371 
f 371/371/371 372/372/372 371/371/371 
f 371/371/371 372/372/372 372/372/372 
f 372/372/372 373/373/373 372/372/372 
f 372/372/372 373/373/373 374/374/374 
f 373/373/373 375/375/375 374/374/374 
f 374/374/374 375/375/375 376/376/376 
f 375/375/375 377/377/377 376/376/376 
f 376/376/376 377/377/377 378/378/378 
f 377/377/377 379/379/379 378/378/378 
f 378/378/378 379/379/379 379/379/379 
f 379/379/379 380/380/380 379/379/379 
f 379/379/379 380/380/380 380/380/380 
f 380/380/380 381/381/381 380/380/380 
f 380/380/380 381/381/381 382/382/382 
f 381/381/381 383/383/383 382/382/382 
f 382/382/382 383/383/383 384/384/384 
f 383/383/383 385/385/385 384/384/384 
f 384/384/384 385/385/385 385/385/385 
f 385/385/385 386/386/386 385/385/385 
f 385/385/385 386/386/386 386/386/386 
f 386/386/386 387/387/387 386/386/386 
f 386/386/386 387/387/387 388/388/388 
f 387/387/387 389/389/389 388/388/388 
f 388/388/388 389/389/389 390/390/390 
f 389/389/389 391/391/391 390/390/390 
f 390/390/390 391/391/391 392/392/392 
f 391/391/391 393/393/393 392/392/392 
f 392/392/392 393/393/393 394/394/394 
f 393/393/393 395/395/395 394/394/394 
f 394/394/394 395/395/395 395/395/395 
f 395/395/395 396/396/396 395/395/395 
f 395/395/395 396/396/396 396/396/396 
f 396/396/396 397/397/397 396/396/396 
f 396/396/396 397/397/397 398/398/398 
f 397/397/397 399/399/399 398/398/398 
f 398/398/398 399/399/399 399/399/399 
f 399/399/399 397/397/397 399/399/399 
f 399/399/399 397/397/397 400/400/400 
f 397/397/397 401/401/401 400/400/400 
f 400/400/400 401/401/401 401/401/401 
f 401/401/401 402/402/402 401/401/401 
f 401/401/401 402/402/402 402/402/402 
f 402/402/402 403/403/403 402/402/402 
f 402/402/402 403/403/403 404/404/404 
f 403/403/403 405/405/405 404/404/404 
f 404/404/404 405/405/405 406/406/406 
f 405/405/405 407/407/407 406/406/406 
f 406/406/406 407/407/407 408/408/408 
f 407/407/407 409/409/409 408/408/408 
f 408/408/408 409/409/409 410/410/410 
f 409/409/409 411/411/411 410/410/410 
f 410/410/410 411/411/411 412/412/412 
f 411/411/411 413/413/413 412/412/412 
f 412/412/412 413/413/413 413/413/413 
f 413/413/413 414/414/414 413/413/413 
f 413/413/413 414/414/414 414/414/414 
f 414/414/414 415/415/415 414/414/414 
f 414/414/414 415/415/415 416/416/416 
f 415/415/415 417/417/417 416/416/416 
f 416/416/416 417/417/417 417/417/417 
f 417/417/417 415/415/415 417/417/417 
f 417/417/417 415/415/415 415/415/415 
f 415/415/415 418/418/418 415/415/415 
f 415/415/415 418/418/418 417/417/417 
f 418/418/418 419/419/419 417/417/417 
f 417/417/417 419/419/419 419/419/419 
f 419/419/419 420/420/420 419/419/419 
f 419/419/419 420/420/420 420/420/420 
f 420/420/420 421/421/421 420/420/420 
f 420/420/420 421/421/421 422/422/422 
f 421/421/421 423/423/423 422/422/422 
f 422/422/422 423/423/423 424/424/424 
f 423/423/423 425/425/425 424/424/424 
f 424/424/424 425/425/425 426/426/426 
f 425/425/425 427/427/427 426/426/426 
f 426/426/426 427/427/427 427/427/427 
f 427/427/427 421/421/421 427/427/427 
f 427/427/427 421/421/421 421/421/421 
f 421/421/421 428/428/428 421/421/421 
f 421/421/421 428/428/428 423/423/423 
f 428/428/428 429/429/429 423/423/423 
f 423/423/423 429/429/429 425/425/425 
f 429/429/429 430/430/430 425/425/425 
f 425/425/425 430/430/430 427/427/427 
f 430/430/430 431/431/431 427/427/427 
f 427/427/427 431/431/431 431/431/431 
f 431/431/431 432/432/432 431/431/431 
f 431/431/431 432/432/432 432/432/432 
f 432/432/432 433/433/433 432/432/432 
f 432/432/432 433/433/433 434/434/434 
f 433/433/433 435/435/435 434/434/434 
f 434/434/434 435/435/435 436/436/436 
f 435/435/435 437/437/437 436/436/436 
f 436/436/436 437/437/437 438/438/438 
f 437/437/437 439/439/439 438/438/438 
f 438/438/438 439/439/439 440/440/440 
f 439/439/439 441/441/441 440/440/440 
f 440/440/440 441/441/441 442/442/442 
f 441/441/441 443/443/443 442/442/442 
f 442/442/442 443/443/443 444/444/444 
f 443/443/443 445/445/445 444/444/444 
f 444/444/444 445/445/445 445/445/445 
f 445/445/445 433/433/433 445/445/445 
f 445/445/445 433/433/433 433/433/433 
f 433/433/433 446/446/446 433/433/433 
f 433/433/433 446/446/446 435/435/435 
f 446/446/446 447/447/447 435/435/435 
f 435/435/435 447/447/447 437/437/437 
f 447/447/447 448/448/448 437/437/437 
f 437/437/437 448/448/448 439/439/439 
f 448/448/448 449/449/449 439/439/439 
f 439/439/439 449/449/449 441/441/441 
f 449/449/449 450/450/450 441/441/441 
f 441/441/441 450/450/450 443/443/443 
f 450/450/450 451/451/451 443/443/443 
f 443/443/443 451/451/451 445/445/445 
f 451/451/451 452/452/452 445/445/445 
f 445/445/445 452/452/452 452/452/452 
f 452/452/452 446/446/446 452/452/452 
f 452/452/452 446/446/446 446/446/446 
f 446/446/446 453/453/453 446/446/446 
f 446/446/446 453/453/453 447/447/447 
f 453/453/453 454/454/454 447/447/447 
f 447/447/447 454/454/454 448/448/448 
f 454/454/454 455/455/455 448/448/448 
f 448/448/448 455/455/455 449/449/449 
f 455/455/455 456/456/456 449/449/449 
f 449/449/449 456/456/456 450/450/450 
f 456/456/456 457/457/457 450/450/450 
f 450/450/450 457/457/457 451/451/451 
f 457/457/457 458/458/458 451/451/451 
f 451/451/451 458/458/458 452/452/452 
f 458/458/458 459/459/459 452/452/452 
f 452/452/452 459/459/459 459/459/459 
f 459/459/459 453/453/453 459/459/459 
f 459/459/459 453/453/453 453/453/453 
f 453/453/453 460/460/460 453/453/453 
f 453/453/453 460/460/460 454/454/454 
f 460/460/460 461/461/461 454/454/454 
f 454/454/454 461/461/461 455/455/455 
f 461/461/461 462/462/462 455/455/455 
f 455/455/455 462/462/462 456/456/456 
f 462/462/462 463/463/463 456/456/456 
f 456/456/456 463/463/463 457/457/457 
f 463/463/463 464/464/464 457/457/457 
f 457/457/457 464/464/464 458/458/458 
f 464/464/464 465/465/465 458/458/458 
f 458/458/458 465/465/465 459/459/459 
f 465/465/465 459/459/459 459/459/459 
f 459/459/459 459/459/459 466/466/466 
f 459/459/459 466/466/466 466/466/466 
f 466/466/466 466/466/466 466/466/466 
f 466/466/466 467/467/467 466/466/466 
f 466/466/466 467/467/467 468/468/468 
f 467/467/467 469/469/469 468/468/468 
f 468/468/468 469/469/469 470/470/470 
f 469/469/469 471/471/471 470/470/470 
f 470/470/470 471/471/471 471/471/471 
f 471/471/471 467/467/467 471/471/471 
f 471/471/471 467/467/467 467/467/467 
f 467/467/467 472/472/472 467/467/467 
f 467/467/467 472/472/472 469/469/469 
f 472/472/472 473/473/473 469/469/469 
f 469/469/469 473/473/473 471/471/471 
f 473/473/473 471/471/471 471/471/471 
f 471/471/471 471/471/471 472/472/472 
f 471/471/471 472/472/472 472/472/472 
f 472/472/472 472/472/472 472/472/472 
f 472/472/472 467/467/467 472/472/472 
f 472/472/472 467/467/467 474/474/474 
f 467/467/467 475/475/475 474/474/474 
f 474/474/474 475/475/475 476/476/476 
f 475/475/475 476/476/476 476/476/476 
f 476/476/476 476/476/476 477/477/477 
f 476/476/476 477/477/477 477/477/477 
f 477/477/477 477/477/477 477/477/477 
f 477/477/477 478/478/478 477/477/477 
f 477/477/477 478/478/478 479/479/479 
f 478/478/478 480/480/480 479/479/479 
f 479/479/479 480/480/480 481/481/481 
f 480/480/480 482/482/482 481/481/481 
f 481/481/481 482/482/482 483/483/483 
f 482/482/482 484/484/484 483/483/483 
f 483/483/483 484/484/484 484/484/484 
f 484/484/484 478/478/478 484/484/484 
f 484/484/484 478/478/478 478/478/478 
f 478/478/478 485/485/485 478/478/478 
f 478/478/478 485/485/485 480/480/480 
f 485/485/485 486/486/486 480/480/480 
f 480/480/480 486/486/486 482/482/482 
f 486/486/486 487/487/487 482/482/482 
f 482/482/482 487/487/487 484/484/484 
f 487/487/487 488/488/488 484/484/484 
f 484/484/484 488/488/488 488/488/488 
f 488/488/488 489/489/489 488/488/488 
f 488/488/488 489/489/489 489/489/489 
f 489/489/489 490/490/490 489/489/489 
f 489/489/489 490/490/490 491/491/491 
f 490/490/490 492/492/492 491/491/491 
f 491/491/491 492/492/492 493/493/493 
f 492/492/492 494/494/494 493/493/493 
f 493/493/493 494/494/494 494/494/494 
f 494/494/494 490/490/490 494/494/494 
f 494/494/494 490/490/490 490/490/490 
f 490/490/490 495/495/495 490/490/490 
f 490/490/490 495/495/495 492/492/492 
f 495/495/495 496/496/496 492/492/492 
f 492/492/492 496/496/496 494/494/494 
f 496/496/496 497/497/497 494/494/494 
f 494/494/494 497/497/497 497/497/497 
f 497/497/497 498/498/498 497/497/497 
f 497/497/497 498/498/498 498/498/498 
f 498/498/498 499/499/499 498/498/498 
f 498/498/498 499/499/499 500/500/500 
f 499/499/499 501/501/501 500/500/500 
f 500/500/500 501/501/501 502/502/502 
f 501/501/501 503/503/503 502/502/502 
f 502/502/502 503/503/503 504/504/504 
f 503/503/503 505/505/505 504/504/504 
f 504/504/504 505/505/505 506/506/506 
f 505/505/505 507/507/507 506/506/506 
f 506/506/506 507/507/507 508/508/508 
f 507/507/507 509/509/509 508/508/508 
f 508/508/508 509/509/509 510/510/510 
f 509/509/509 511/511/511 510/510/510 
f 510/510/510 511/511/511 511/511/511 
f 511/511/511 499/499/499 511/511/511 
f 511/511/511 499/499/499 499/499/499 
f 499/499/499 512/512/512 499/499/499 
f 499/499/499 512/512/512 501/501/501 
f 512/512/512 513/513/513 501/501/501 
f 501/501/501 513/513/513 503/503/503 
f 513/513/513 514/514/514 503/503/503 
f 503/503/503 514/514/514 505/505/505 
f 514/514/514 515/515/515 505/505/505 
f 505/505/505 515/515/515 507/507/507 
f 515/515/515 516/516/516 507/507/507 
f 507/507/507 516/516/516 509/509/509 
f 516/516/516 517/517/517 509/509/509 
f 509/509/509 517/517/517 511/511/511 
f 517/517/517 518/518/518 511/511/511 
f 511/511/511 518/518/518 518/518/518 
f 518/518/518 512/512/512 518/518/518 
f 518/518/518 512/512/512 512/512/512 
f 512/512/512 519/519/519 512/512/512 
f 512/512/512 519/519/519 513/513/513 
f 519/519/519 520/520/520 513/513/513 
f 513/513/513 520/520/520 514/514/514 
f 520/520/520 521/521/521 514/514/514 
f 514/514/514 521/521/521 515/515/515 
f 521/521/521 522/522/522 515/515/515 
f 515/515/515 522/522/522 516/516/516 
f 522/522/522 523/523/523 516/516/516 
f 516/516/516 523/523/523 517/517/517 
f 523/523/523 524/524/524 517/517/517 
f 517/517/517 524/524/524 518/518/518 
f 524/524/524 525/525/525 518/518/518 
f 518/518/518 525/525/525 525/525/525 
f 525/525/525 519/519/519 525/525/525 
f 525/525/525 519/519/519 519/519/519 
f 519/519/519 526/526/526 519/519/519 
f 519/519/519 526/526/526 520/520/520 
f 526/526/526 527/527/527 520/520/520 
f 520/520/520 527/527/527 521/521/521 
f 527/527/527 528/528/528 521/521/521 
f 521/521/521 528/528/528 522/522/522 
f 528/528/528 529/529/529 522/522/522 
f 522/522/522 529/529/529 523/523/523 
f 529/529/529 530/530/530 523/523/523 
f 523/523/523 530/530/530 524/524/524 
f 530/530/530 531/531/531 524/524/524 
f 524/524/524 531/531/531 525/525/525 
f 531/531/531 525/525/525 525/525/525 
f 525/525/525 525/525/525 532/532/532 
f 525/525/525 532/532/532 532/532/532 
f 532/532/532 532/532/532 532/532/532 
f 532/532/532 533/533/533 532/532/532 
f 532/532/532 533/533/533 534/534/534 
f 533/533/533 535/535/535 534/534/534 
f 534/534/534 535/535/535 535/535/535 
f 535/535/535 533/533/533 535/535/535 
f 535/535/535 533/533/533 533/533/533 
f 533/533/533 536/536/536 533/533/533 
f 533/533/533 536/536/536 535/535/535 
f 536/536/536 537/537/537 535/535/535 
f 535/535/535 537/537/537 537/537/537 
f 537/537/537 536/536/536 537/537/537 
f 537/537/537 536/536/536 536/536/536 
f 536/536/536 538/538/538 536/536/536 
f 536/536/536 538/538/538 537/537/537 
f 538/538/538 539/539/539 537/537/537 
f 537/537/537 539/539/539 539/539/539 
f 539/539/539 538/538/538 539/539/539 
f 539/539/539 538/538/538 540/540/540 
f 538/538/538 541/541/541 540/540/540 
f 540/540/540 541/541/541 542/542/542 
f 541/541/541 542/542/542 542/542/542 
f 542/542/542 542/542/542 542/542/542 
f 542/542/542 543/543/543 542/542/542 
f 542/542/542 543/543/543 540/540/540 
f 543/543/543 544/544/544 540/540/540 
f 540/540/540 544/544/544 539/539/539 
f 544/544/544 539/539/539 539/539/539 
f 539/539/539 539/539/539 544/544/544 
f 539/539/539 544/544/544 544/544/544 
f 544/544/544 544/544/544 544/544/544 
f 544/544/544 543/543/543 544/544/544 
f 544/544/544 543/543/543 545/545/545 
f 543/543/543 546/546/546 545/545/545 
f 545/545/545 546/546/546 547/547/547 
f 546/546/546 548/548/548 547/547/547 
f 547/547/547 548/548/548 549/549/549 
f 548/548/548 550/550/550 549/549/549 
f 549/549/549 550/550/550 551/551/551 
f 550/550/550 552/552/552 551/551/551 
f 551/551/551 552/552/552 553/553/553 
f 552/552/552 553/553/553 553/553/553 
f 553/553/553 553/553/553 543/543/543 
f 553/553/553 543/543/543 543/543/543 
f 543/543/543 543/543/543 543/543/543 
f 543/543/543 554/554/554 543/543/543 
f 543/543/543 554/554/554 546/546/546 
f 554/554/554 555/555/555 546/546/546 
f 546/546/546 555/555/555 548/548/548 
f 555/555/555 556/556/556 548/548/548 
f 548/548/548 556/556/556 550/550/550 
f 556/556/556 557/557/557 550/550/550 
f 550/550/550 557/557/557 552/552/552 
f 557/557/557 552/552/552 552/552/552 
f 552/552/552 552/552/552 558/558/558 
f 552/552/552 558/558/558 558/558/558 
f 558/558/558 558/558/558 558/558/558 
f 558/558/558 559/559/559 558/558/558 
f 558/558/558 559/559/559 560/560/560 
f 559/559/559 561/561/561 560/560/560 
f 560/560/560 561/561/561 562/562/562 
f 561/561/561 563/563/563 562/562/562 
f 562/562/562 563/563/563 563/563/563 
f 563/563/563 564/564/564 563/563/563 
f 563/563/563 564/564/564 564/564/564 
f 564/564/564 565/565/565 564/564/564 
f 564/564/564 565/565/565 566/566/566 
f 565/565/565 567/567/567 566/566/566 
f 566/566/566 567/567/567 567/567/567 
f 567/567/567 565/565/565 567/567/567 
f 567/567/567 565/565/565 565/565/565 
f 565/565/565 568/568/568 565/565/565 
f 565/565/565 568/568/568 567/567/567 
f 568/568/568 569/569/569 567/567/567 
f 567/567/567 569/569/569 570/570/570 
f 569/569/569 571/571/571 570/570/570 
f 570/570/570 571/571/571 572/572/572 
f 571/571/571 573/573/573 572/572/572 
f 572/572/572 573/573/573 574/574/574 
f 573/573/573 575/575/575 574/574/574 
f 574/574/574 575/575/575 576/576/576 
f 575/575/575 577/577/577 576/576/576 
f 576/576/576 577/577/577 578/578/578 
f 577/577/577 579/579/579 578/578/578 
f 578/578/578 579/579/579 580/580/580 
f 579/579/579 581/581/581 580/580/580 
f 580/580/580 581/581/581 582/582/582 
f 581/581/581 583/583/583 582/582/582 
f 582/582/582 583/583/583 584/584/584 
f 583/583/583 585/585/585 584/584/584 
f 584/584/584 585/585/585 586/586/586 
f 585/585/585 587/587/587 586/586/586 
f 586/586/586 587/587/587 588/588/588 
f 587/587/587 589/589/589 588/588/588 
f 588/588/588 589/589/589 590/590/590 
f 589/589/589 591/591/591 590/590/590 
f 590/590/590 591/591/591 592/592/592 
f 591/591/591 593/593/593 592/592/592 
f 592/592/592 593/593/593 594/594/594 
f 593/593/593 595/595/595 594/594/594 
f 594/594/594 595/595/595 596/596/596 
f 595/595/595 597/597/597 596/596/596 
f 596/596/596 597/597/597 598/598/598 
f 597/597/597 599/599/599 598/598/598 
f 598/598/598 599/599/599 600/600/600 
f 599/599/599 601/601/601 600/600/600 
f 600/600/600 601/601/601 602/602/602 
f 601/601/601 603/603/603 602/602/602 
f 602/602/602 603/603/603 604/604/604 
f 603/603/603 605/605/605 604/604/604 
f 604/604/604 605/605/605 606/606/606 
f 605/605/605 607/607/607 606/606/606 
f 606/606/606 607/607/607 608/608/608 
f 607/607/607 609/609/609 608/608/608 
f 608/608/608 609/609/609 610/610/610 
f 609/609/609 611/611/611 610/610/610 
f 610/610/610 611/611/611 612/612/612 
f 611/611/611 613/613/613 612/612/612 
f 612/612/612 613/613/613 565/565/565 
f 613/613/613 568/568/568 565/565/565 
f 565/565/565 568/568/568 568/568/568 
f 568/568/568 613/613/613 568/568/568 
f 568/568/568 613/613/613 613/613/613 
f 613/613/613 614/614/614 613/613/613 
f 613/613/613 614/614/614 568/568/568 
f 614/614/614 615/615/615 568/568/568 
f 568/568/568 615/615/615 569/569/569 
f 615/615/615 616/616/616 569/569/569 
f 569/569/569 616/616/616 571/571/571 
f 616/616/616 617/617/617 571/571/571 
f 571/571/571 617/617/617 573/573/573 
f 617/617/617 618/618/618 573/573/573 
f 573/573/573 618/618/618 575/575/575 
f 618/618/618 619/619/619 575/575/575 
f 575/575/575 619/619/619 577/577/577 
f 619/619/619 620/620/620 577/577/577 
f 577/577/577 620/620/620 579/579/579 
f 620/620/620 621/621/621 579/579/579 
f 579/579/579 621/621/621 581/581/581 
f 621/621/621 622/622/622 581/581/581 
f 581/581/581 622/622/622 583/583/583 
f 622/622/622 623/623/623 583/583/583 
f 583/583/583 623/623/623 585/585/585 
f 623/623/623 624/624/624 585/585/585 
f 585/585/585 624/624/624 587/587/587 
f 624/624/624 625/625/625 587/587/587 
f 587/587/587 625/625/625 589/589/589 
f 625/625/625 626/626/626 589/589/589 
f 589/589/589 626/626/626 591/591/591 
f 626/626/626 627/627/627 591/591/591 
f 591/591/591 627/627/627 593/593/593 
f 627/627/627 628/628/628 593/593/593 
f 593/593/593 628/628/628 595/595/595 
f 628/628/628 629/629/629 595/595/595 
f 595/595/595 629/629/629 597/597/597 
f 629/629/629 630/630/630 597/597/597 
f 597/597/597 630/630/630 599/599/599 
f 630/630/630 631/631/631 599/599/599 
f 599/599/599 631/631/631 601/601/601 
f 631/631/631 632/632/632 601/601/601 
f 601/601/601 632/632/632 603/603/603 
f 632/632/632 633/633/633 603/603/603 
f 603/603/603 633/633/633 605/605/605 
f 633/633/633 634/634/634 605/605/605 
f 605/605/605 634/634/634 607/607/607 
f 634/634/634 635/635/635 607/607/607 
f 607/607/607 635/635/635 609/609/609 
f 635/635/635 636/636/636 609/609/609 
f 609/609/609 636/636/636 611/611/611 
f 636/636/636 637/637/637 611/611/611 
f 611/611/611 637/637/637 613/613/613 
f 637/637/637 614/614/614 613/613/613 
f 613/613/613 614/614/614 614/614/614 
f 614/614/614 637/637/637 614/614/614 
f 614/614/614 637/637/637 638/638/638 
f 637/637/637 636/636/636 638/638/638 
f 638/638/638 636/636/636 635/635/635 
f 636/636/636 635/635/635 635/635/635 
f 635/635/635 635/635/635 635/635/635 
f 635/635/635 634/634/634 635/635/635 
f 635/635/635 634/634/634 638/638/638 
f 634/634/634 633/633/633 638/638/638 
f 638/638/638 633/633/633 632/632/632 
f 633/633/633 632/632/632 632/632/632 
f 632/632/632 632/632/632 632/632/632 
f 632/632/632 631/631/631 632/632/632 
f 632/632/632 631/631/631 638/638/638 
f 631/631/631 630/630/630 638/638/638 
f 638/638/638 630/630/630 629/629/629 
f 630/630/630 629/629/629 629/629/629 
f 629/629/629 629/629/629 629/629/629 
f 629/629/629 628/628/628 629/629/629 
f 629/629/629 628/628/628 638/638/638 
f 628/628/628 627/627/627 638/638/638 
f 638/638/638 627/627/627 626/626/626 
f 627/627/627 626/626/626 626/626/626 
f 626/626/626 626/626/626 626/626/626 
f 626/626/626 625/625/625 626/626/626 
f 626/626/626 625/625/625 638/638/638 
f 625/625/625 624/624/624 638/638/638 
f 638/638/638 624/624/624 623/623/623 
f 624/624/624 623/623/623 623/623/623 
f 623/623/623 623/623/623 623/623/623 
f 623/623/623 622/622/622 623/623/623 
f 623/623/623 622/622/622 638/638/638 
f 622/622/622 621/621/621 638/638/638 
f 638/638/638 621/621/621 620/620/620 
f 621/621/621 620/620/620 620/620/620 
f 620/620/620 620/620/620 620/620/620 
f 620/620/620 619/619/619 620/620/620 
f 620/620/620 619/619/619 638/638/638 
f 619/619/619 618/618/618 638/638/638 
f 638/638/638 618/618/618 617/617/617 
f 618/618/618 617/617/617 617/617/617 
f 617/617/617 617/617/617 617/617/617 
f 617/617/617 616/616/616 617/617/617 
f 617/617/617 616/616/616 638/638/638 
f 616/616/616 615/615/615 638/638/638 
f 638/638/638 615/615/615 614/614/614 
f 615/615/615 614/614/614 614/614/614 
f 614/614/614 614/614/614 639/639/639 
f 614/614/614 639/639/639 639/639/639 
f 639/639/639 639/639/639 639/639/639 
f 639/639/639 640/640/640 639/639/639 
f 639/639/639 640/640/640 641/641/641 
f 640/640/640 642/642/642 641/641/641 
f 641/641/641 642/642/642 643/643/643 
f 642/642/642 644/644/644 643/643/643 
f 643/643/643 644/644/644 644/644/644 
f 644/644/644 645/645/645 644/644/644 
f 644/644/644 645/645/645 645/645/645 
f 645/645/645 646/646/646 645/645/645 
f 645/645/645 646/646/646 647/647/647 
f 646/646/646 648/648/648 647/647/647 
f 647/647/647 648/648/648 649/649/649 
f 648/648/648 650/650/650 649/649/649 
f 649/649/649 650/650/650 650/650/650 
f 650/650/650 580/580/580 650/650/650 
f 650/650/650 580/580/580 580/580/580 
f 580/580/580 651/651/651 580/580/580 
f 580/580/580 651/651/651 578/578/578 
f 651/651/651 652/652/652 578/578/578 
f 578/578/578 652/652/652 576/576/576 
f 652/652/652 653/653/653 576/576/576 
f 576/576/576 653/653/653 653/653/653 
f 653/653/653 654/654/654 653/653/653 
f 653/653/653 654/654/654 654/654/654 
f 654/654/654 655/655/655 654/654/654 
f 654/654/654 655/655/655 470/470/470 
f 655/655/655 468/468/468 470/470/470 
f 470/470/470 468/468/468 468/468/468 
f 468/468/468 656/656/656 468/468/468 
f 468/468/468 656/656/656 656/656/656 
f 656/656/656 657/657/657 656/656/656 
f 656/656/656 657/657/657 658/658/658 
f 657/657/657 659/659/659 658/658/658 
f 658/658/658 659/659/659 660/660/660 
f 659/659/659 661/661/661 660/660/660 
f 660/660/660 661/661/661 662/662/662 
f 661/661/661 663/663/663 662/662/662 
f 662/662/662 663/663/663 663/663/663 
f 663/663/663 657/657/657 663/663/663 
f 663/663/663 657/657/657 657/657/657 
f 657/657/657 664/664/664 657/657/657 
f 657/657/657 664/664/664 659/659/659 
f 664/664/664 665/665/665 659/659/659 
f 659/659/659 665/665/665 661/661/661 
f 665/665/665 666/666/666 661/661/661 
f 661/661/661 666/666/666 663/663/663 
f 666/666/666 667/667/667 663/663/663 
f 663/663/663 667/667/667 667/667/667 
f 667/667/667 668/668/668 667/667/667 
f 667/667/667 668/668/668 668/668/668 
f 668/668/668 669/669/669 668/668/668 
f 668/668/668 669/669/669 670/670/670 
f 669/669/669 671/671/671 670/670/670 
f 670/670/670 671/671/671 672/672/672 
f 671/671/671 673/673/673 672/672/672 
f 672/672/672 673/673/673 673/673/673 
f 673/673/673 674/674/674 673/673/673 
f 673/673/673 674/674/674 674/674/674 
f 674/674/674 675/675/675 674/674/674 
f 674/674/674 675/675/675 676/676/676 
f 675/675/675 677/677/677 676/676/676 
f 676/676/676 677/677/677 678/678/678 
f 677/677/677 679/679/679 678/678/678 
f 678/678/678 679/679/679 679/679/679 
f 679/679/679 680/680/680 679/679/679 
f 679/679/679 680/680/680 680/680/680 
f 680/680/680 681/681/681 680/680/680 
f 680/680/680 681/681/681 682/682/682 
f 681/681/681 683/683/683 682/682/682 
f 682/682/682 683/683/683 684/684/684 
f 683/683/683 685/685/685 684/684/684 
f 684/684/684 685/685/685 685/685/685 
f 685/685/685 681/681/681 685/685/685 
f 685/685/685 681/681/681 681/681/681 
f 681/681/681 686/686/686 681/681/681 
f 681/681/681 686/686/686 683/683/683 
f 686/686/686 687/687/687 683/683/683 
f 683/683/683 687/687/687 685/685/685 
f 687/687/687 688/688/688 685/685/685 
f 685/685/685 688/688/688 688/688/688 
f 688/688/688 689/689/689 688/688/688 
f 688/688/688 689/689/689 689/689/689 
f 689/689/689 690/690/690 689/689/689 
f 689/689/689 690/690/690 691/691/691 
f 690/690/690 692/692/692 691/691/691 
f 691/691/691 692/692/692 693/693/693 
f 692/692/692 694/694/694 693/693/693 
f 693/693/693 694/694/694 695/695/695 
f 694/694/694 696/696/696 695/695/695 
f 695/695/695 696/696/696 697/697/697 
f 696/696/696 698/698/698 697/697/697 
f 697/697/697 698/698/698 699/699/699 
f 698/698/698 700/700/700 699/699/699 
f 699/699/699 700/700/700 701/701/701 
f 700/700/700 702/702/702 701/701/701 
f 701/701/701 702/702/702 702/702/702 
f 702/702/702 690/690/690 702/702/702 
f 702/702/702 690/690/690 690/690/690 
f 690/690/690 703/703/703 690/690/690 
f 690/690/690 703/703/703 692/692/692 
f 703/703/703 704/704/704 692/692/692 
f 692/692/692 704/704/704 694/694/694 
f 704/704/704 705/705/705 694/694/694 
f 694/694/694 705/705/705 696/696/696 
f 705/705/705 706/706/706 696/696/696 
f 696/696/696 706/706/706 698/698/698 
f 706/706/706 707/707/707 698/698/698 
f 698/698/698 707/707/707 700/700/700 
f 707/707/707 708/708/708 700/700/700 
f 700/700/700 708/708/708 702/702/702 
f 708/708/708 709/709/709 702/702/702 
f 702/702/702 709/709/709 709/709/709 
f 709/709/709 703/703/703 709/709/709 
f 709/709/709 703/703/703 703/703/703 
f 703/703/703 710/710/710 703/703/703 
f 703/703/703 710/710/710 704/704/704 
f 710/710/710 711/711/711 704/704/704 
f 704/704/704 711/711/711 705/705/705 
f 711/711/711 712/712/712 705/705/705 
f 705/705/705 712/712/712 706/706/706 
f 712/712/712 713/713/713 706/706/706 
f 706/706/706 713/713/713 707/707/707 
f 713/713/713 714/714/714 707/707/707 
f 707/707/707 714/714/714 708/708/708 
f 714/714/714 715/715/715 708/708/708 
f 708/708/708 715/715/715 709/709/709 
f 715/715/715 709/709/709 709/709/709 
f 709/709/709 709/709/709 699/699/699 
f 709/709/709 699/699/699 699/699/699 
f 699/699/699 699/699/699 699/699/699 
f 699/699/699 716/716/716 699/699/699 
f 699/699/699 716/716/716 697/697/697 
f 716/716/716 717/717/717 697/697/697 
f 697/697/697 717/717/717 695/695/695 
f 717/717/717 718/718/718 695/695/695 
f 695/695/695 718/718/718 693/693/693 
f 718/718/718 719/719/719 693/693/693 
f 693/693/693 719/719/719 691/691/691 
f 719/719/719 720/720/720 691/691/691 
f 691/691/691 720/720/720 720/720/720 
f 720/720/720 721/721/721 720/720/720 
f 720/720/720 721/721/721 721/721/721 
f 721/721/721 722/722/722 721/721/721 
f 721/721/721 722/722/722 723/723/723 
f 722/722/722 724/724/724 723/723/723 
f 723/723/723 724/724/724 725/725/725 
f 724/724/724 726/726/726 725/725/725 
f 725/725/725 726/726/726 726/726/726 
f 726/726/726 722/722/722 726/726/726 
f 726/726/726 722/722/722 722/722/722 
f 722/722/722 727/727/727 722/722/722 
f 722/722/722 727/727/727 724/724/724 
f 727/727/727 728/728/728 724/724/724 
f 724/724/724 728/728/728 726/726/726 
f 728/728/728 729/729/729 726/726/726 
f 726/726/726 729/729/729 729/729/729 
f 729/729/729 730/730/730 729/729/729 
f 729/729/729 730/730/730 730/730/730 
f 730/730/730 731/731/731 730/730/730 
f 730/730/730 731/731/731 732/732/732 
f 731/731/731 733/733/733 732/732/732 
f 732/732/732 733/733/733 734/734/734 
f 733/733/733 735/735/735 734/734/734 
f 734/734/734 735/735/735 735/735/735 
f 735/735/735 731/731/731 735/735/735 
f 735/735/735 731/731/731 731/731/731 
f 731/731/731 736/736/736 731/731/731 
f 731/731/731 736/736/736 733/733/733 
f 736/736/736 737/737/737 733/733/733 
f 733/733/733 737/737/737 735/735/735 
f 737/737/737 738/738/738 735/735/735 
f 735/735/735 738/738/738 738/738/738 
f 738/738/738 739/739/739 738/738/738 
f 738/738/738 739/739/739 739/739/739 
f 739/739/739 740/740/740 739/739/739 
f 739/739/739 740/740/740 741/741/741 
f 740/740/740 742/742/742 741/741/741 
f 741/741/741 742/742/742 743/743/743 
f 742/742/742 744/744/744 743/743/743 
f 743/743/743 744/744/744 744/744/744 
f 744/744/744 745/745/745 744/744/744 
f 744/744/744 745/745/745 745/745/745 
f 745/745/745 746/746/746 745/745/745 
f 745/745/745 746/746/746 747/747/747 
f 746/746/746 748/748/748 747/747/747 
f 747/747/747 748/748/748 749/749/749 
f 748/748/748 750/750/750 749/749/749 
f 749/749/749 750/750/750 750/750/750 
f 750/750/750 751/751/751 750/750/750 
f 750/750/750 751/751/751 751/751/751 
f 751/751/751 752/752/752 751/751/751 
f 751/751/751 752/752/752 753/753/753 
f 752/752/752 754/754/754 753/753/753 
f 753/753/753 754/754/754 755/755/755 
f 754/754/754 756/756/756 755/755/755 
f 755/755/755 756/756/756 756/756/756 
f 756/756/756 752/752/752 756/756/756 
f 756/756/756 752/752/752 752/752/752 
f 752/752/752 757/757/757 752/752/752 
f 752/752/752 757/757/757 754/754/754 
f 757/757/757 758/758/758 754/754/754 
f 754/754/754 758/758/758 756/756/756 
f 758/758/758 759/759/759 756/756/756 
f 756/756/756 759/759/759 759/759/759 
f 759/759/759 760/760/760 759/759/759 
f 759/759/759 760/760/760 760/760/760 
f 760/760/760 761/761/761 760/760/760 
f 760/760/760 761/761/761 762/762/762 
f 761/761/761 763/763/763 762/762/762 
f 762/762/762 763/763/763 763/763/763 
f 763/763/763 761/761/761 763/763/763 
f 763/763/763 761/761/761 761/761/761 
f 761/761/761 764/764/764 761/761/761 
f 761/761/761 764/764/764 763/763/763 
f 764/764/764 765/765/765 763/763/763 
f 763/763/763 765/765/765 765/765/765 
f 765/765/765 764/764/764 765/765/765 
f 765/765/765 764/764/764 764/764/764 
f 764/764/764 766/766/766 764/764/764 
f 764/764/764 766/766/766 765/765/765 
f 766/766/766 767/767/767 765/765/765 
f 765/765/765 767/767/767 767/767/767 
f 767/767/767 766/766/766 767/767/767 
f 767/767/767 766/766/766 766/766/766 
f 766/766/766 768/768/768 766/766/766 
f 766/766/766 768/768/768 767/767/767 
f 768/768/768 769/769/769 767/767/767 
f 767/767/767 769/769/769 769/769/769 
f 769/769/769 768/768/768 769/769/769 
f 769/769/769 768/768/768 768/768/768 
f 768/768/768 770/770/770 768/768/768 
f 768/768/768 770/770/770 769/769/769 
f 770/770/770 771/771/771 769/769/769 
f 769/769/769 771/771/771 771/771/771 
f 771/771/771 770/770/770 771/771/771 
f 771/771/771 770/770/770 770/770/770 
f 770/770/770 772/772/772 770/770/770 
f 770/770/770 772/772/772 771/771/771 
f 772/772/772 773/773/773 771/771/771 
f 771/771/771 773/773/773 773/773/773 
f 773/773/773 772/772/772 773/773/773 
f 773/773/773 772/772/772 772/772/772 
f 772/772/772 774/774/774 772/772/772 
f 772/772/772 774/774/774 773/773/773 
f 774/774/774 775/775/775 773/773/773 
f 773/773/773 775/775/775 775/775/775 
f 775/775/775 774/774/774 775/775/775 
f 775/775/775 774/774/774 774/774/774 
f 774/774/774 776/776/776 774/774/774 
f 774/774/774 776/776/776 775/775/775 
f 776/776/776 777/777/777 775/775/775 
f 775/775/775 777/777/777 777/777/777 
f 777/777/777 776/776/776 777/777/777 
f 777/777/777 776/776/776 776/776/776 
f 776/776/776 778/778/778 776/776/776 
f 776/776/776 778/778/778 777/777/777 
f 778/778/778 779/779/779 777/777/777 
f 777/777/777 779/779/779 779/779/779 
f 779/779/779 778/778/778 779/779/779 
f 779/779/779 778/778/778 778/778/778 
f 778/778/778 780/780/780 778/778/778 
f 778/778/778 780/780/780 779/779/779 
f 780/780/780 781/781/781 779/779/779 
f 779/779/779 781/781/781 781/781/781 
f 781/781/781 780/780/780 781/781/781 
f 781/781/781 780/780/780 780/780/780 
f 780/780/780 782/782/782 780/780/780 
f 780/780/780 782/782/782 781/781/781 
f 782/782/782 783/783/783 781/781/781 
f 781/781/781 783/783/783 783/783/783 
f 783/783/783 784/784/784 783/783/783 
f 783/783/783 784/784/784 784/784/784 
f 784/784/784 785/785/785 784/784/784 
f 784/784/784 785/785/785 786/786/786 
f 785/785/785 787/787/787 786/786/786 
f 786/786/786 787/787/787 788/788/788 
f 787/787/787 789/789/789 788/788/788 
f 788/788/788 789/789/789 790/790/790 
f 789/789/789 791/791/791 790/790/790 
f 790/790/790 791/791/791 792/792/792 
f 791/791/791 793/793/793 792/792/792 
f 792/792/792 793/793/793 794/794/794 
f 793/793/793 795/795/795 794/794/794 
f 794/794/794 795/795/795 795/795/795 
f 795/795/795 785/785/785 795/795/795 
f 795/795/795 785/785/785 785/785/785 
f 785/785/785 796/796/796 785/785/785 
f 785/785/785 796/796/796 787/787/787 
f 796/796/796 797/797/797 787/787/787 
f 787/787/787 797/797/797 789/789/789 
f 797/797/797 798/798/798 789/789/789 
f 789/789/789 798/798/798 791/791/791 
f 798/798/798 799/799/799 791/791/791 
f 791/791/791 799/799/799 793/793/793 
f 799/799/799 800/800/800 793/793/793 
f 793/793/793 800/800/800 795/795/795 
f 800/800/800 801/801/801 795/795/795 
f 795/795/795 801/801/801 802/802/802 
f 801/801/801 803/803/803 802/802/802 
f 802/802/802 803/803/803 803/803/803 
f 803/803/803 796/796/796 803/803/803 
f 803/803/803 796/796/796 796/796/796 
f 796/796/796 804/804/804 796/796/796 
f 796/796/796 804/804/804 797/797/797 
f 804/804/804 805/805/805 797/797/797 
f 797/797/797 805/805/805 798/798/798 
f 805/805/805 806/806/806 798/798/798 
f 798/798/798 806/806/806 799/799/799 
f 806/806/806 807/807/807 799/799/799 
f 799/799/799 807/807/807 800/800/800 
f 807/807/807 808/808/808 800/800/800 
f 800/800/800 808/808/808 801/801/801 
f 808/808/808 809/809/809 801/801/801 
f 801/801/801 809/809/809 803/803/803 
f 809/809/809 810/810/810 803/803/803 
f 803/803/803 810/810/810 810/810/810 
f 810/810/810 804/804/804 810/810/810 
f 810/810/810 804/804/804 804/804/804 
f 804/804/804 811/811/811 804/804/804 
f 804/804/804 811/811/811 805/805/805 
f 811/811/811 812/812/812 805/805/805 
f 805/805/805 812/812/812 806/806/806 
f 812/812/812 813/813/813 806/806/806 
f 806/806/806 813/813/813 807/807/807 
f 813/813/813 814/814/814 807/807/807 
f 807/807/807 814/814/814 808/808/808 
f 814/814/814 815/815/815 808/808/808 
f 808/808/808 815/815/815 809/809/809 
f 815/815/815 816/816/816 809/809/809 
f 809/809/809 816/816/816 810/810/810 
f 816/816/816 810/810/810 810/810/810 
f 810/810/810 810/810/810 817/817/817 
f 810/810/810 817/817/817 817/817/817 
f 817/817/817 817/817/817 817/817/817 
f 817/817/817 818/818/818 817/817/817 
f 817/817/817 818/818/818 819/819/819 
f 818/818/818 820/820/820 819/819/819 
f 819/819/819 820/820/820 820/820/820 
f 820/820/820 818/818/818 820/820/820 
f 820/820/820 818/818/818 818/818/818 
f 818/818/818 821/821/821 818/818/818 
f 818/818/818 821/821/821 820/820/820 
f 821/821/821 822/822/822 820/820/820 
f 820/820/820 822/822/822 822/822/822 
f 822/822/822 823/823/823 822/822/822 
f 822/822/822 823/823/823 823/823/823 
f 823/823/823 824/824/824 823/823/823 
f 823/823/823 824/824/824 825/825/825 
f 824/824/824 826/826/826 825/825/825 
f 825/825/825 826/826/826 827/827/827 
f 826/826/826 828/828/828 827/827/827 
f 827/827/827 828/828/828 829/829/829 
f 828/828/828 830/830/830 829/829/829 
f 829/829/829 830/830/830 830/830/830 
f 830/830/830 831/831/831 830/830/830 
f 830/830/830 831/831/831 831/831/831 
f 831/831/831 832/832/832 831/831/831 
f 831/831/831 832/832/832 833/833/833 
f 832/832/832 834/834/834 833/833/833 
f 833/833/833 834/834/834 835/835/835 
f 834/834/834 836/836/836 835/835/835 
f 835/835/835 836/836/836 836/836/836 
f 836/836/836 837/837/837 836/836/836 
f 836/836/836 837/837/837 837/837/837 
f 837/837/837 838/838/838 837/837/837 
f 837/837/837 838/838/838 839/839/839 
f 838/838/838 840/840/840 839/839/839 
f 839/839/839 840/840/840 841/841/841 
f 840/840/840 842/842/842 841/841/841 
f 841/841/841 842/842/842 843/843/843 
f 842/842/842 844/844/844 843/843/843 
f 843/843/843 844/844/844 844/844/844 
f 844/844/844 838/838/838 844/844/844 
f 844/844/844 838/838/838 838/838/838 
f 838/838/838 845/845/845 838/838/838 
f 838/838/838 845/845/845 840/840/840 
f 845/845/845 846/846/846 840/840/840 
f 840/840/840 846/846/846 842/842/842 
f 846/846/846 847/847/847 842/842/842 
f 842/842/842 847/847/847 844/844/844 
f 847/847/847 848/848/848 844/844/844 
f 844/844/844 848/848/848 848/848/848 
f 848/848/848 849/849/849 848/848/848 
f 848/848/848 849/849/849 849/849/849 
f 849/849/849 850/850/850 849/849/849 
f 849/849/849 850/850/850 851/851/851 
f 850/850/850 852/852/852 851/851/851 
f 851/851/851 852/852/852 853/853/853 
f 852/852/852 854/854/854 853/853/853 
f 853/853/853 854/854/854 855/855/855 
f 854/854/854 856/856/856 855/855/855 
f 855/855/855 856/856/856 856/856/856 
f 856/856/856 850/850/850 856/856/856 
f 856/856/856 850/850/850 850/850/850 
f 850/850/850 857/857/857 850/850/850 
f 850/850/850 857/857/857 852/852/852 
f 857/857/857 858/858/858 852/852/852 
f 852/852/852 858/858/858 854/854/854 
f 858/858/858 859/859/859 854/854/854 
f 854/854/854 859/859/859 856/856/856 
f 859/859/859 860/860/860 856/856/856 
f 856/856/856 860/860/860 860/860/860 
f 860/860/860 861/861/861 860/860/860 
f 860/860/860 861/861/861 861/861/861 
f 861/861/861 862/862/862 861/861/861 
f 861/861/861 862/862/862 863/863/863 
f 862/862/862 864/864/864 863/863/863 
f 863/863/863 864/864/864 865/865/865 
f 864/864/864 866/866/866 865/865/865 
f 865/865/865 866/866/866 866/866/866 
f 866/866/866 862/862/862 866/866/866 
f 866/866/866 862/862/862 862/862/862 
f 862/862/862 867/867/867 862/862/862 
f 862/862/862 867/867/867 864/864/864 
f 867/867/867 868/868/868 864/864/864 
f 864/864/864 868/868/868 866/866/866 
f 868/868/868 869/869/869 866/866/866 
f 866/866/866 869/869/869 869/869/869 
f 869/869/869 870/870/870 869/869/869 
f 869/869/869 870/870/870 870/870/870 
f 870/870/870 871/871/871 870/870/870 
f 870/870/870 871/871/871 872/872/872 
f 871/871/871 873/873/873 872/872/872 
f 872/872/872 873/873/873 874/874/874 
f 873/873/873 875/875/875 874/874/874 
f 874/874/874 875/875/875 875/875/875 
f 875/875/875 871/871/871 875/875/875 
f 875/875/875 871/871/871 871/871/871 
f 871/871/871 876/876/876 871/871/871 
f 871/871/871 876/876/876 873/873/873 
f 876/876/876 877/877/877 873/873/873 
f 873/873/873 877/877/877 875/875/875 
f 877/877/877 878/878/878 875/875/875 
f 875/875/875 878/878/878 878/878/878 
f 878/878/878 879/879/879 878/878/878 
f 878/878/878 879/879/879 879/879/879 
f 879/879/879 880/880/880 879/879/879 
f 879/879/879 880/880/880 881/881/881 
f 880/880/880 882/882/882 881/881/881 
f 881/881/881 882/882/882 882/882/882 
f 882/882/882 880/880/880 882/882/882 
f 882/882/882 880/880/880 880/880/880 
f 880/880/880 883/883/883 880/880/880 
f 880/880/880 883/883/883 882/882/882 
f 883/883/883 884/884/884 882/882/882 
f 882/882/882 884/884/884 884/884/884 
f 884/884/884 883/883/883 884/884/884 
f 884/884/884 883/883/883 883/883/883 
f 883/883/883 885/885/885 883/883/883 
f 883/883/883 885/885/885 884/884/884 
f 885/885/885 886/886/886 884/884/884 
f 884/884/884 886/886/886 886/886/886 
f 886/886/886 885/885/885 886/886/886 
f 886/886/886 885/885/885 885/885/885 
f 885/885/885 887/887/887 885/885/885 
f 885/885/885 887/887/887 886/886/886 
f 887/887/887 888/888/888 886/886/886 
f 886/886/886 888/888/888 888/888/888 
f 888/888/888 887/887/887 888/888/888 
f 888/888/888 887/887/887 887/887/887 
f 887/887/887 889/889/889 887/887/887 
f 887/887/887 889/889/889 888/888/888 
f 889/889/889 890/890/890 888/888/888 
f 888/888/888 890/890/890 890/890/890 
f 890/890/890 889/889/889 890/890/890 
f 890/890/890 889/889/889 889/889/889 
f 889/889/889 891/891/891 889/889/889 
f 889/889/889 891/891/891 890/890/890 
f 891/891/891 892/892/892 890/890/890 
f 890/890/890 892/892/892 892/892/892 
f 892/892/892 891/891/891 892/892/892 
f 892/892/892 891/891/891 891/891/891 
f 891/891/891 893/893/893 891/891/891 
f 891/891/891 893/893/893 892/892/892 
f 893/893/893 894/894/894 892/892/892 
f 892/892/892 894/894/894 894/894/894 
f 894/894/894 893/893/893 894/894/894 
f 894/894/894 893/893/893 893/893/893 
f 893/893/893 895/895/895 893/893/893 
f 893/893/893 895/895/895 894/894/894 
f 895/895/895 896/896/896 894/894/894 
f 894/894/894 896/896/896 896/896/896 
f 896/896/896 895/895/895 896/896/896 
f 896/896/896 895/895/895 895/895/895 
f 895/895/895 897/897/897 895/895/895 
f 895/895/895 897/897/897 896/896/896 
f 897/897/897 898/898/898 896/896/896 
f 896/896/896 898/898/898 898/898/898 
f 898/898/898 897/897/897 898/898/898 
f 898/898/898 897/897/897 897/897/897 
f 897/897/897 899/899/899 897/897/897 
f 897/897/897 899/899/899 898/898/898 
f 899/899/899 900/900/900 898/898/898 
f 898/898/898 900/900/900 900/900/900 
f 900/900/900 899/899/899 900/900/900 
f 900/900/900 899/899/899 899/899/899 
f 899/899/899 901/901/901 899/899/899 
f 899/899/899 901/901/901 900/900/900 
f 901/901/901 902/902/902 900/900/900 
f 900/900/900 902/902/902 902/902/902 
f 902/902/902 903/903/903 902/902/902 
f 902/902/902 903/903/903 903/903/903 
f 903/903/903 904/904/904 903/903/903 
f 903/903/903 904/904/904 905/905/905 
f 904/904/904 906/906/906 905/905/905 
f 905/905/905 906/906/906 907/907/907 
f 906/906/906 908/908/908 907/907/907 
f 907/907/907 908/908/908 908/908/908 
f 908/908/908 909/909/909 908/908/908 
f 908/908/908 909/909/909 909/909/909 
f 909/909/909 910/910/910 909/909/909 
f 909/909/909 910/910/910 911/911/911 
f 910/910/910 912/912/912 911/911/911 
f 911/911/911 912/912/912 912/912/912 
f 912/912/912 913/913/913 912/912/912 
f 912/912/912 913/913/913 913/913/913 
f 913/913/913 914/914/914 913/913/913 
f 913/913/913 914/914/914 915/915/915 
f 914/914/914 916/916/916 915/915/915 
f 915/915/915 916/916/916 917/917/917 
f 916/916/916 918/918/918 917/917/917 
f 917/917/917 918/918/918 918/918/918 
f 918/918/918 919/919/919 918/918/918 
f 918/918/918 919/919/919 919/919/919 
f 919/919/919 920/920/920 919/919/919 
f 919/919/919 920/920/920 921/921/921 
f 920/920/920 922/922/922 921/921/921 
f 921/921/921 922/922/922 923/923/923 
f 922/922/922 924/924/924 923/923/923 
f 923/923/923 924/924/924 925/925/925 
f 924/924/924 926/926/926 925/925/925 
f 925/925/925 926/926/926 926/926/926 
f 926/926/926 920/920/920 926/926/926 
f 926/926/926 920/920/920 920/920/920 
f 920/920/920 927/927/927 920/920/920 
f 920/920/920 927/927/927 922/922/922 
f 927/927/927 928/928/928 922/922/922 
f 922/922/922 928/928/928 924/924/924 
f 928/928/928 929/929/929 924/924/924 
f 924/924/924 929/929/929 926/926/926 
f 929/929/929 930/930/930 926/926/926 
f 926/926/926 930/930/930 930/930/930 
f 930/930/930 931/931/931 930/930/930 
f 930/930/930 931/931/931 931/931/931 
f 931/931/931 932/932/932 931/931/931 
f 931/931/931 932/932/932 933/933/933 
f 932/932/932 934/934/934 933/933/933 
f 933/933/933 934/934/934 935/935/935 
f 934/934/934 936/936/936 935/935/935 
f 935/935/935 936/936/936 936/936/936 
f 936/936/936 937/937/937 936/936/936 
f 936/936/936 937/937/937 937/937/937 
f 937/937/937 938/938/938 937/937/937 
f 937/937/937 938/938/938 939/939/939 
f 938/938/938 940/940/940 939/939/939 
f 939/939/939 940/940/940 941/941/941 
f 940/940/940 942/942/942 941/941/941 
f 941/941/941 942/942/942 942/942/942 
f 942/942/942 938/938/938 942/942/942 
f 942/942/942 938/938/938 938/938/938 
f 938/938/938 943/943/943 938/938/938 
f 938/938/938 943/943/943 940/940/940 
f 943/943/943 944/944/944 940/940/940 
f 940/940/940 944/944/944 942/942/942 
f 944/944/944 945/945/945 942/942/942 
f 942/942/942 945/945/945 945/945/945 
f 945/945/945 946/946/946 945/945/945 
f 945/945/945 946/946/946 946/946/946 
f 946/946/946 947/947/947 946/946/946 
f 946/946/946 947/947/947 948/948/948 
f 947/947/947 949/949/949 948/948/948 
f 948/948/948 949/949/949 949/949/949 
f 949/949/949 950/950/950 949/949/949 
f 949/949/949 950/950/950 950/950/950 
f 950/950/950 951/951/951 950/950/950 
f 950/950/950 951/951/951 952/952/952 
f 951/951/951 953/953/953 952/952/952 
f 952/952/952 953/953/953 953/953/953 
f 953/953/953 954/954/954 953/953/953 
f 953/953/953 954/954/954 954/954/954 
f 954/954/954 955/955/955 954/954/954 
f 954/954/954 955/955/955 956/956/956 
f 955/955/955 957/957/957 956/956/956 
f 956/956/956 957/957/957 958/958/958 
f 957/957/957 959/959/959 958/958/958 
f 958/958/958 959/959/959 960/960/960 
f 959/959/959 961/961/961 960/960/960 
f 960/960/960 961/961/961 961/961/961 
f 961/961/961 962/962/962 961/961/961 
f 961/961/961 962/962/962 962/962/962 
f 962/962/962 963/963/963 962/962/962 
f 962/962/962 963/963/963 964/964/964 
f 963/963/963 965/965/965 964/964/964 
f 964/964/964 965/965/965 965/965/965 
f 965/965/965 966/966/966 965/965/965 
f 965/965/965 966/966/966 966/966/966 
f 966/966/966 967/967/967 966/966/966 
f 966/966/966 967/967/967 968/968/968 
f 967/967/967 969/969/969 968/968/968 
f 968/968/968 969/969/969 970/970/970 
f 969/969/969 971/971/971 970/970/970 
f 970/970/970 971/971/971 971/971/971 
f 971/971/971 970/970/970 971/971/971 
f 971/971/971 970/970/970 970/970/970 
f 970/970/970 972/972/972 970/970/970 
f 970/970/970 972/972/972 968/968/968 
f 972/972/972 973/973/973 968/968/968 
f 968/968/968 973/973/973 973/973/973 
f 973/973/973 974/974/974 973/973/973 
f 973/973/973 974/974/974 974/974/974 
f 974/974/974 975/975/975 974/974/974 
f 974/974/974 975/975/975 976/976/976 
f 975/975/975 977/977/977 976/976/976 
f 976/976/976 977/977/977 978/978/978 
f 977/977/977 979/979/979 978/978/978 
f 978/978/978 979/979/979 980/980/980 
f 979/979/979 981/981/981 980/980/980 
f 980/980/980 981/981/981 981/981/981 
f 981/981/981 975/975/975 981/981/981 
f 981/981/981 975/975/975 975/975/975 
f 975/975/975 982/982/982 975/975/975 
f 975/975/975 982/982/982 977/977/977 
f 982/982/982 983/983/983 977/977/977 
f 977/977/977 983/983/983 979/979/979 
f 983/983/983 984/984/984 979/979/979 
f 979/979/979 984/984/984 981/981/981 
f 984/984/984 985/985/985 981/981/981 
f 981/981/981 985/985/985 985/985/985 
f 985/985/985 986/986/986 985/985/985 
f 985/985/985 986/986/986 986/986/986 
f 986/986/986 987/987/987 986/986/986 
f 986/986/986 987/987/987 988/988/988 
f 987/987/987 989/989/989 988/988/988 
f 988/988/988 989/989/989 990/990/990 
f 989/989/989 991/991/991 990/990/990 
f 990/990/990 991/991/991 991/991/991 
f 991/991/991 987/987/987 991/991/991 
f 991/991/991 987/987/987 987/987/987 
f 987/987/987 992/992/992 987/987/987 
f 987/987/987 992/992/992 989/989/989 
f 992/992/992 993/993/993 989/989/989 
f 989/989/989 993/993/993 991/991/991 
f 993/993/993 994/994/994 991/991/991 
f 991/991/991 994/994/994 994/994/994 
f 994/994/994 995/995/995 994/994/994 
f 994/994/994 995/995/995 995/995/995 
f 995/995/995 996/996/996 995/995/995 
f 995/995/995 996/996/996 997/997/997 
f 996/996/996 998/998/998 997/997/997 
f 997/997/997 998/998/998 999/999/999 
f 998/998/998 1000/1000/1000 999/999/999 
f 999/999/999 1000/1000/1000 1001/1001/1001 
f 1000/1000/1000 1002/1002/1002 1001/1001/1001 
f 1001/1001/1001 1002/1002/1002 1002/1002/1002 
f 1002/1002/1002 996/996/996 1002/1002/1002 
f 1002/1002/1002 996/996/996 996/996/996 
f 996/996/996 1003/1003/1003 996/996/996 
f 996/996/996 1003/1003/1003 998/998/998 
f 1003/1003/1003 1004/1004/1004 998/998/998 
f 998/998/998 1004/1004/1004 1000/1000/1000 
f 1004/1004/1004 1005/1005/1005 1000/1000/1000 
f 1000/1000/1000 1005/1005/1005 1002/1002/1002 
f 1005/1005/1005 1006/1006/1006 1002/1002/1002 
f 1002/1002/1002 1006/1006/1006 1006/1006/1006 
f 1006/1006/1006 1007/1007/1007 1006/1006/1006 
f 1006/1006/1006 1007/1007/1007 1007/1007/1007 
f 1007/1007/1007 1008/1008/1008 1007/1007/1007 
f 1007/1007/1007 1008/1008/1008 1009/1009/1009 
f 1008/1008/1008 1010/1010/1010 1009/1009/1009 
f 1009/1009/1009 1010/1010/1010 1011/1011/1011 
f 1010/1010/1010 1012/1012/1012 1011/1011/1011 
f 1011/1011/1011 1012/1012/1012 1013/1013/1013 
f 1012/1012/1012 1014/1014/1014 1013/1013/1013 
f 1013/1013/1013 1014/1014/1014 1015/1015/1015 
f 1014/1014/1014 1016/1016/1016 1015/1015/1015 
f 1015/1015/1015 1016/1016/1016 1017/1017/1017 
f 1016/1016/1016 1018/1018/1018 1017/1017/1017 
f 1017/1017/1017 1018/1018/1018 1019/1019/1019 
f 1018/1018/1018 1020/1020/1020 1019/1019/1019 
f 1019/1019/1019 1020/1020/1020 1020/1020/1020 
f 1020/1020/1020 1021/1021/1021 1020/1020/1020 
f 1020/1020/1020 1021/1021/1021 1021/1021/1021 
f 1021/1021/1021 1022/1022/1022 1021/1021/1021 
f 1021/1021/1021 1022/1022/1022 1023/1023/1023 
f 1022/1022/1022 1024/1024/1024 1023/1023/1023 
f 1023/1023/1023 1024/1024/1024 1024/1024/1024 
f 1024/1024/1024 1022/1022/1022 1024/1024/1024 
f 1024/1024/1024 1022/1022/1022 1022/1022/1022 
f 1022/1022/1022 1025/1025/1025 1022/1022/1022 
f 1022/1022/1022 1025/1025/1025 1024/1024/1024 
f 1025/1025/1025 1026/1026/1026 1024/1024/1024 
f 1024/1024/1024 1026/1026/1026 1026/1026/1026 
f 1026/1026/1026 1027/1027/1027 1026/1026/1026 
f 1026/1026/1026 1027/1027/1027 1027/1027/1027 
f 1027/1027/1027 1028/1028/1028 1027/1027/1027 
f 1027/1027/1027 1028/1028/1028 1029/1029/1029 
f 1028/1028/1028 1030/1030/1030 1029/1029/1029 
f 1029/1029/1029 1030/1030/1030 1031/1031/1031 
f 1030/1030/1030 1032/1032/1032 1031/1031/1031 
f 1031/1031/1031 1032/1032/1032 1033/1033/1033 
f 1032/1032/1032 1034/1034/1034 1033/1033/1033 
f 1033/1033/1033 1034/1034/1034 1034/1034/1034 
f 1034/1034/1034 1028/1028/1028 1034/1034/1034 
f 1034/1034/1034 1028/1028/1028 1028/1028/1028 
f 1028/1028/1028 1035/1035/1035 1028/1028/1028 
f 1028/1028/1028 1035/1035/1035 1030/1030/1030 
f 1035/1035/1035 1036/1036/1036 1030/1030/1030 
f 1030/1030/1030 1036/1036/1036 1032/1032/1032 
f 1036/1036/1036 1037/1037/1037 1032/1032/1032 
f 1032/1032/1032 1037/1037/1037 1034/1034/1034 
f 1037/1037/1037 1038/1038/1038 1034/1034/1034 
f 1034/1034/1034 1038/1038/1038 1038/1038/1038 
f 1038/1038/1038 1039/1039/1039 1038/1038/1038 
f 1038/1038/1038 1039/1039/1039 1039/1039/1039 
f 1039/1039/1039 1040/1040/1040 1039/1039/1039 
f 1039/1039/1039 1040/1040/1040 1041/1041/1041 
f 1040/1040/1040 1042/1042/1042 1041/1041/1041 
f 1041/1041/1041 1042/1042/1042 1042/1042/1042 
f 1042/1042/1042 1040/1040/1040 1042/1042/1042 
f 1042/1042/1042 1040/1040/1040 1040/1040/1040 
f 1040/1040/1040 1043/1043/1043 1040/1040/1040 
f 1040/1040/1040 1043/1043/1043 1042/1042/1042 
f 1043/1043/1043 1044/1044/1044 1042/1042/1042 
f 1042/1042/1042 1044/1044/1044 1044/1044/1044 
f 1044/1044/1044 1045/1045/1045 1044/1044/1044 
f 1044/1044/1044 1045/1045/1045 1045/1045/1045 
f 1045/1045/1045 1046/1046/1046 1045/1045/1045 
f 1045/1045/1045 1046/1046/1046 1047/1047/1047 
f 1046/1046/1046 1048/1048/1048 1047/1047/1047 
f 1047/1047/1047 1048/1048/1048 1049/1049/1049 
f 1048/1048/1048 1050/1050/1050 1049/1049/1049 
f 1049/1049/1049 1050/1050/1050 1051/1051/1051 
f 1050/1050/1050 1052/1052/1052 1051/1051/1051 
f 1051/1051/1051 1052/1052/1052 1053/1053/1053 
f 1052/1052/1052 1054/1054/1054 1053/1053/1053 
f 1053/1053/1053 1054/1054/1054 1055/1055/1055 
f 1054/1054/1054 1056/1056/1056 1055/1055/1055 
f 1055/1055/1055 1056/1056/1056 1057/1057/1057 
f 1056/1056/1056 1058/1058/1058 1057/1057/1057 
f 1057/1057/1057 1058/1058/1058 1059/1059/1059 
f 1058/1058/1058 1060/1060/1060 1059/1059/1059 
f 1059/1059/1059 1060/1060/1060 1061/1061/1061 
f 1060/1060/1060 1062/1062/1062 1061/1061/1061 
f 1061/1061/1061 1062/1062/1062 1063/1063/1063 
f 1062/1062/1062 1064/1064/1064 1063/1063/1063 
f 1063/1063/1063 1064/1064/1064 1065/1065/1065 
f 1064/1064/1064 1066/1066/1066 1065/1065/1065 
f 1065/1065/1065 1066/1066/1066 1067/1067/1067 
f 1066/1066/1066 1068/1068/1068 1067/1067/1067 
f 1067/1067/1067 1068/1068/1068 1045/1045/1045 
f 1068/1068/1068 1046/1046/1046 1045/1045/1045 
f 1045/1045/1045 1046/1046/1046 1046/1046/1046 
f 1046/1046/1046 1068/1068/1068 1046/1046/1046 
f 1046/1046/1046 1068/1068/1068 1068/1068/1068 
f 1068/1068/1068 1069/1069/1069 1068/1068/1068 
f 1068/1068/1068 1069/1069/1069 1046/1046/1046 
f 1069/1069/1069 1070/1070/1070 1046/1046/1046 
f 1046/1046/1046 1070/1070/1070 1048/1048/1048 
f 1070/1070/1070 1071/1071/1071 1048/1048/1048 
f 1048/1048/1048 1071/1071/1071 1050/1050/1050 
f 1071/1071/1071 1072/1072/1072 1050/1050/1050 
f 1050/1050/1050 1072/1072/1072 1052/1052/1052 
f 1072/1072/1072 1073/1073/1073 1052/1052/1052 
f 1052/1052/1052 1073/1073/1073 1054/1054/1054 
f 1073/1073/1073 1074/1074/1074 1054/1054/1054 
f 1054/1054/1054 1074/1074/1074 1056/1056/1056 
f 1074/1074/1074 1075/1075/1075 1056/1056/1056 
f 1056/1056/1056 1075/1075/1075 1058/1058/1058 
f 1075/1075/1075 1076/1076/1076 1058/1058/1058 
f 1058/1058/1058 1076/1076/1076 1060/1060/1060 
f 1076/1076/1076 1077/1077/1077 1060/1060/1060 
f 1060/1060/1060 1077/1077/1077 1062/1062/1062 
f 1077/1077/1077 1078/1078/1078 1062/1062/1062 
f 1062/1062/1062 1078/1078/1078 1064/1064/1064 
f 1078/1078/1078 1079/1079/1079 1064/1064/1064 
f 1064/1064/1064 1079/1079/1079 1066/1066/1066 
f 1079/1079/1079 1080/1080/1080 1066/1066/1066 
f 1066/1066/1066 1080/1080/1080 1068/1068/1068 
f 1080/1080/1080 1069/1069/1069 1068/1068/1068 
f 1068/1068/1068 1069/1069/1069 1069/1069/1069 
f 1069/1069/1069 1080/1080/1080 1069/1069/1069 
f 1069/1069/1069 1080/1080/1080 1080/1080/1080 
f 1080/1080/1080 1081/1081/1081 1080/1080/1080 
f 1080/1080/1080 1081/1081/1081 1069/1069/1069 
f 1081/1081/1081 1082/1082/1082 1069/1069/1069 
f 1069/1069/1069 1082/1082/1082 1070/1070/1070 
f 1082/1082/1082 1083/1083/1083 1070/1070/1070 
f 1070/1070/1070 1083/1083/1083 1071/1071/1071 
f 1083/1083/1083 1084/1084/1084 1071/1071/1071 
f 1071/1071/1071 1084/1084/1084 1072/1072/1072 
f 1084/1084/1084 1085/1085/1085 1072/1072/1072 
f 1072/1072/1072 1085/1085/1085 1073/1073/1073 
f 1085/1085/1085 1086/1086/1086 1073/1073/1073 
f 1073/1073/1073 1086/1086/1086 1074/1074/1074 
f 1086/1086/1086 1087/1087/1087 1074/1074/1074 
f 1074/1074/1074 1087/1087/1087 1075/1075/1075 
f 1087/1087/1087 1088/1088/1088 1075/1075/1075 
f 1075/1075/1075 1088/1088/1088 1076/1076/1076 
f 1088/1088/1088 1089/1089/1089 1076/1076/1076 
f 1076/1076/1076 1089/1089/1089 1077/1077/1077 
f 1089/1089/1089 1090/1090/1090 1077/1077/1077 
f 1077/1077/1077 1090/1090/1090 1078/1078/1078 
f 1090/1090/1090 1091/1091/1091 1078/1078/1078 
f 1078/1078/1078 1091/1091/1091 1079/1079/1079 
f 1091/1091/1091 1092/1092/1092 1079/1079/1079 
f 1079/1079/1079 1092/1092/1092 1080/1080/1080 
f 1092/1092/1092 1081/1081/1081 1080/1080/1080 
f 1080/1080/1080 1081/1081/1081 1081/1081/1081 
f 1081/1081/1081 1093/1093/1093 1081/1081/1081 
f 1081/1081/1081 1093/1093/1093 1093/1093/1093 
f 1093/1093/1093 1094/1094/1094 1093/1093/1093 
f 1093/1093/1093 1094/1094/1094 1095/1095/1095 
f 1094/1094/1094 1096/1096/1096 1095/1095/1095 
f 1095/1095/1095 1096/1096/1096 1097/1097/1097 
f 1096/1096/1096 1098/1098/1098 1097/1097/1097 
f 1097/1097/1097 1098/1098/1098 1099/1099/1099 
f 1098/1098/1098 1100/1100/1100 1099/1099/1099 
f 1099/1099/1099 1100/1100/1100 1101/1101/1101 
f 1100/1100/1100 1102/1102/1102 1101/1101/1101 
f 1101/1101/1101 1102/1102/1102 1103/1103/1103 
f 1102/1102/1102 1104/1104/1104 1103/1103/1103 
f 1103/1103/1103 1104/1104/1104 1105/1105/1105 
f 1104/1104/1104 1106/1106/1106 1105/1105/1105 
f 1105/1105/1105 1106/1106/1106 1107/1107/1107 
f 1106/1106/1106 1108/1108/1108 1107/1107/1107 
f 1107/1107/1107 1108/1108/1108 1109/1109/1109 
f 1108/1108/1108 1110/1110/1110 1109/1109/1109 
f 1109/1109/1109 1110/1110/1110 1111/1111/1111 
f 1110/1110/1110 1112/1112/1112 1111/1111/1111 
f 1111/1111/1111 1112/1112/1112 1113/1113/1113 
f 1112/1112/1112 1114/1114/1114 1113/1113/1113 
f 1113/1113/1113 1114/1114/1114 1115/1115/1115 
f 1114/1114/1114 1116/1116/1116 1115/1115/1115 
f 1115/1115/1115 1116/1116/1116 1093/1093/1093 
f 1116/1116/1116 1094/1094/1094 1093/1093/1093 
f 1093/1093/1093 1094/1094/1094 1094/1094/1094 
f 1094/1094/1094 1116/1116/1116 1094/1094/1094 
f 1094/1094/1094 1116/1116/1116 1116/1116/1116 
f 1116/1116/1116 1117/1117/1117 1116/1116/1116 
f 1116/1116/1116 1117/1117/1117 1094/1094/1094 
f 1117/1117/1117 1118/1118/1118 1094/1094/1094 
f 1094/1094/1094 1118/1118/1118 1096/1096/1096 
f 1118/1118/1118 1119/1119/1119 1096/1096/1096 
f 1096/1096/1096 1119/1119/1119 1098/1098/1098 
f 1119/1119/1119 1120/1120/1120 1098/1098/1098 
f 1098/1098/1098 1120/1120/1120 1100/1100/1100 
f 1120/1120/1120 1121/1121/1121 1100/1100/1100 
f 1100/1100/1100 1121/1121/1121 1102/1102/1102 
f 1121/1121/1121 1122/1122/1122 1102/1102/1102 
f 1102/1102/1102 1122/1122/1122 1104/1104/1104 
f 1122/1122/1122 1123/1123/1123 1104/1104/1104 
f 1104/1104/1104 1123/1123/1123 1106/1106/1106 
f 1123/1123/1123 1124/1124/1124 1106/1106/1106 
f 1106/1106/1106 1124/1124/1124 1108/1108/1108 
f 1124/1124/1124 1125/1125/1125 1108/1108/1108 
f 1108/1108/1108 1125/1125/1125 1110/1110/1110 
f 1125/1125/1125 1126/1126/1126 1110/1110/1110 
f 1110/1110/1110 1126/1126/1126 1112/1112/1112 
f 1126/1126/1126 1127/1127/1127 1112/1112/1112 
f 1112/1112/1112 1127/1127/1127 1114/1114/1114 
f 1127/1127/1127 1128/1128/1128 1114/1114/1114 
f 1114/1114/1114 1128/1128/1128 1116/1116/1116 
f 1128/1128/1128 1117/1117/1117 1116/1116/1116 
f 1116/1116/1116 1117/1117/1117 1117/1117/1117 
f 1117/1117/1117 1128/1128/1128 1117/1117/1117 
f 1117/1117/1117 1128/1128/1128 1128/1128/1128 
f 1128/1128/1128 1129/1129/1129 1128/1128/1128 
f 1128/1128/1128 1129/1129/1129 1117/1117/1117 
f 1129/1129/1129 1130/1130/1130 1117/1117/1117 
f 1117/1117/1117 1130/1130/1130 1118/1118/1118 
f 1130/1130/1130 1131/1131/1131 1118/1118/1118 
f 1118/1118/1118 1131/1131/1131 1119/1119/1119 
f 1131/1131/1131 1132/1132/1132 1119/1119/1119 
f 1119/1119/1119 1132/1132/1132 1120/1120/1120 
f 1132/1132/1132 1133/1133/1133 1120/1120/1120 
f 1120/1120/1120 1133/1133/1133 1121/1121/1121 
f 1133/1133/1133 1134/1134/1134 1121/1121/1121 
f 1121/1121/1121 1134/1134/1134 1122/1122/1122 
f 1134/1134/1134 1135/1135/1135 1122/1122/1122 
f 1122/1122/1122 1135/1135/1135 1123/1123/1123 
f 1135/1135/1135 1136/1136/1136 1123/1123/1123 
f 1123/1123/1123 1136/1136/1136 1124/1124/1124 
f 1136/1136/1136 1137/1137/1137 1124/1124/1124 
f 1124/1124/1124 1137/1137/1137 1125/1125/1125 
f 1137/1137/1137 1138/1138/1138 1125/1125/1125 
f 1125/1125/1125 1138/1138/1138 1126/1126/1126 
f 1138/1138/1138 1139/1139/1139 1126/1126/1126 
f 1126/1126/1126 1139/1139/1139 1127/1127/1127 
f 1139/1139/1139 1140/1140/1140 1127/1127/1127 
f 1127/1127/1127 1140/1140/1140 1128/1128/1128 
f 1140/1140/1140 1129/1129/1129 1128/1128/1128 
f 1128/1128/1128 1129/1129/1129 1129/1129/1129 
f 1129/1129/1129 1141/1141/1141 1129/1129/1129 
f 1129/1129/1129 1141/1141/1141 1141/1141/1141 
f 1141/1141/1141 1142/1142/1142 1141/1141/1141 
f 1141/1141/1141 1142/1142/1142 1143/1143/1143 
f 1142/1142/1142 1144/1144/1144 1143/1143/1143 
f 1143/1143/1143 1144/1144/1144 1145/1145/1145 
f 1144/1144/1144 1145/1145/1145 1145/1145/1145 
f 1145/1145/1145 1145/1145/1145 1145/1145/1145 
f 1145/1145/1145 1146/1146/1146 1145/1145/1145 
f 1145/1145/1145 1146/1146/1146 1143/1143/1143 
f 1146/1146/1146 1147/1147/1147 1143/1143/1143 
f 1143/1143/1143 1147/1147/1147 1148/1148/1148 
f 1147/1147/1147 1148/1148/1148 1148/1148/1148 
f 1148/1148/1148 1148/1148/1148 1148/1148/1148 
f 1148/1148/1148 1149/1149/1149 1148/1148/1148 
f 1148/1148/1148 1149/1149/1149 1143/1143/1143 
f 1149/1149/1149 1150/1150/1150 1143/1143/1143 
f 1143/1143/1143 1150/1150/1150 1151/1151/1151 
f 1150/1150/1150 1151/1151/1151 1151/1151/1151 
f 1151/1151/1151 1151/1151/1151 1151/1151/1151 
f 1151/1151/1151 1152/1152/1152 1151/1151/1151 
f 1151/1151/1151 1152/1152/1152 1143/1143/1143 
f 1152/1152/1152 1153/1153/1153 1143/1143/1143 
f 1143/1143/1143 1153/1153/1153 1141/1141/1141 
f 1153/1153/1153 1141/1141/1141 1141/1141/1141 
f 1141/1141/1141 1141/1141/1141 1154/1154/1154 
f 1141/1141/1141 1154/1154/1154 1154/1154/1154 
f 1154/1154/1154 1154/1154/1154 1154/1154/1154 
f 1154/1154/1154 1155/1155/1155 1154/1154/1154 
f 1154/1154/1154 1155/1155/1155 1156/1156/1156 
f 1155/1155/1155 1157/1157/1157 1156/1156/1156 
f 1156/1156/1156 1157/1157/1157 1158/1158/1158 
f 1157/1157/1157 1158/1158/1158 1158/1158/1158 
f 1158/1158/1158 1158/1158/1158 1158/1158/1158 
f 1158/1158/1158 1159/1159/1159 1158/1158/1158 
f 1158/1158/1158 1159/1159/1159 1156/1156/1156 
f 1159/1159/1159 1160/1160/1160 1156/1156/1156 
f 1156/1156/1156 1160/1160/1160 1161/1161/1161 
f 1160/1160/1160 1161/1161/1161 1161/1161/1161 
f 1161/1161/1161 1161/1161/1161 1161/1161/1161 
f 1161/1161/1161 1162/1162/1162 1161/1161/1161 
f 1161/1161/1161 1162/1162/1162 1156/1156/1156 
f 1162/1162/1162 1163/1163/1163 1156/1156/1156 
f 1156/1156/1156 1163/1163/1163 1164/1164/1164 
f 1163/1163/1163 1164/1164/1164 1164/1164/1164 
f 1164/1164/1164 1164/1164/1164 1164/1164/1164 
f 1164/1164/1164 1165/1165/1165 1164/1164/1164 
f 1164/1164/1164 1165/1165/1165 1156/1156/1156 
f 1165/1165/1165 1166/1166/1166 1156/1156/1156 
f 1156/1156/1156 1166/1166/1166 1154/1154/1154 
f 1166/1166/1166 1154/1154/1154 1154/1154/1154 
f 1154/1154/1154 1154/1154/1154 1167/1167/1167 
f 1154/1154/1154 1167/1167/1167 1167/1167/1167 
f 1167/1167/1167 1167/1167/1167 1167/1167/1167 
f 1167/1167/1167 1168/1168/1168 1167/1167/1167 
f 1167/1167/1167 1168/1168/1168 1169/1169/1169 
f 1168/1168/1168 1170/1170/1170 1169/1169/1169 
f 1169/1169/1169 1170/1170/1170 1171/1171/1171 
f 1170/1170/1170 1172/1172/1172 1171/1171/1171 
f 1171/1171/1171 1172/1172/1172 1173/1173/1173 
f 1172/1172/1172 1174/1174/1174 1173/1173/1173 
f 1173/1173/1173 1174/1174/1174 1175/1175/1175 
f 1174/1174/1174 1176/1176/1176 1175/1175/1175 
f 1175/1175/1175 1176/1176/1176 1177/1177/1177 
f 1176/1176/1176 1178/1178/1178 1177/1177/1177 
f 1177/1177/1177 1178/1178/1178 1179/1179/1179 
f 1178/1178/1178 1180/1180/1180 1179/1179/1179 
f 1179/1179/1179 1180/1180/1180 1181/1181/1181 
f 1180/1180/1180 1182/1182/1182 1181/1181/1181 
f 1181/1181/1181 1182/1182/1182 1183/1183/1183 
f 1182/1182/1182 1184/1184/1184 1183/1183/1183 
f 1183/1183/1183 1184/1184/1184 1185/1185/1185 
f 1184/1184/1184 1186/1186/1186 1185/1185/1185 
f 1185/1185/1185 1186/1186/1186 1187/1187/1187 
f 1186/1186/1186 1188/1188/1188 1187/1187/1187 
f 1187/1187/1187 1188/1188/1188 1189/1189/1189 
f 1188/1188/1188 1190/1190/1190 1189/1189/1189 
f 1189/1189/1189 1190/1190/1190 1167/1167/1167 
f 1190/1190/1190 1168/1168/1168 1167/1167/1167 
f 1167/1167/1167 1168/1168/1168 1168/1168/1168 
f 1168/1168/1168 1190/1190/1190 1168/1168/1168 
f 1168/1168/1168 1190/1190/1190 1190/1190/1190 
f 1190/1190/1190 1191/1191/1191 1190/1190/1190 
f 1190/1190/1190 1191/1191/1191 1168/1168/1168 
f 1191/1191/1191 1192/1192/1192 1168/1168/1168 
f 1168/1168/1168 1192/1192/1192 1170/1170/1170 
f 1192/1192/1192 1193/1193/1193 1170/1170/1170 
f 1170/1170/1170 1193/1193/1193 1172/1172/1172 
f 1193/1193/1193 1194/1194/1194 1172/1172/1172 
f 1172/1172/1172 1194/1194/1194 1174/1174/1174 
f 1194/1194/1194 1195/1195/1195 1174/1174/1174 
f 1174/1174/1174 1195/1195/1195 1176/1176/1176 
f 1195/1195/1195 1196/1196/1196 1176/1176/1176 
f 1176/1176/1176 1196/1196/1196 1178/1178/1178 
f 1196/1196/1196 1197/1197/1197 1178/1178/1178 
f 1178/1178/1178 1197/1197/1197 1180/1180/1180 
f 1197/1197/1197 1198/1198/1198 1180/1180/1180 
f 1180/1180/1180 1198/1198/1198 1182/1182/1182 
f 1198/1198/1198 1199/1199/1199 1182/1182/1182 
f 1182/1182/1182 1199/1199/1199 1184/1184/1184 
f 1199/1199/1199 1200/1200/1200 1184/1184/1184 
f 1184/1184/1184 1200/1200/1200 1186/1186/1186 
f 1200/1200/1200 1201/1201/1201 1186/1186/1186 
f 1186/1186/1186 1201/1201/1201 1188/1188/1188 
f 1201/1201/1201 1202/1202/1202 1188/1188/1188 
f 1188/1188/1188 1202/1202/1202 1190/1190/1190 
f 1202/1202/1202 1191/1191/1191 1190/1190/1190 
f 1190/1190/1190 1191/1191/1191 1191/1191/1191 
f 1191/1191/1191 1202/1202/1202 1191/1191/1191 
f 1191/1191/1191 1202/1202/1202 1202/1202/1202 
f 1202/1202/1202 1203/1203/1203 1202/1202/1202 
f 1202/1202/1202 1203/1203/1203 1191/1191/1191 
f 1203/1203/1203 1204/1204/1204 1191/1191/1191 
f 1191/1191/1191 1204/1204/1204 1192/1192/1192 
f 1204/1204/1204 1205/1205/1205 1192/1192/1192 
f 1192/1192/1192 1205/1205/1205 1193/1193/1193 
f 1205/1205/1205 1206/1206/1206 1193/1193/1193 
f 1193/1193/1193 1206/1206/1206 1194/1194/1194 
f 1206/1206/1206 1207/1207/1207 1194/1194/1194 
f 1194/1194/1194 1207/1207/1207 1195/1195/1195 
f 1207/1207/1207 1208/1208/1208 1195/1195/1195 
f 1195/1195/1195 1208/1208/1208 1196/1196/1196 
f 1208/1208/1208 1209/1209/1209 1196/1196/1196 
f 1196/1196/1196 1209/1209/1209 1197/1197/1197 
f 1209/1209/1209 1210/1210/1210 1197/1197/1197 
f 1197/1197/1197 1210/1210/1210 1198/1198/1198 
f 1210/1210/1210 1211/1211/1211 1198/1198/1198 
f 1198/1198/1198 1211/1211/1211 1199/1199/1199 
f 1211/1211/1211 1212/1212/1212 1199/1199/1199 
f 1199/1199/1199 1212/1212/1212 1200/1200/1200 
f 1212/1212/1212 1213/1213/1213 1200/1200/1200 
f 1200/1200/1200 1213/1213/1213 1201/1201/1201 
f 1213/1213/1213 1214/1214/1214 1201/1201/1201 
f 1201/1201/1201 1214/1214/1214 1202/1202/1202 
f 1214/1214/1214 1203/1203/1203 1202/1202/1202 
f 1202/1202/1202 1203/1203/1203 1203/1203/1203 
f 1203/1203/1203 1215/1215/1215 1203/1203/1203 
f 1203/1203/1203 1215/1215/1215 1215/1215/1215 
f 1215/1215/1215 1216/1216/1216 1215/1215/1215 
f 1215/1215/1215 1216/1216/1216 1217/1217/1217 
f 1216/1216/1216 1218/1218/1218 1217/1217/1217 
f 1217/1217/1217 1218/1218/1218 1219/1219/1219 
f 1218/1218/1218 1219/1219/1219 1219/1219/1219 
f 1219/1219/1219 1219/1219/1219 1219/1219/1219 
f 1219/1219/1219 1220/1220/1220 1219/1219/1219 
f 1219/1219/1219 1220/1220/1220 1217/1217/1217 
f 1220/1220/1220 1221/1221/1221 1217/1217/1217 
f 1217/1217/1217 1221/1221/1221 1222/1222/1222 
f 1221/1221/1221 1222/1222/1222 1222/1222/1222 
f 1222/1222/1222 1222/1222/1222 1222/1222/1222 
f 1222/1222/1222 1223/1223/1223 1222/1222/1222 
f 1222/1222/1222 1223/1223/1223 1217/1217/1217 
f 1223/1223/1223 1224/1224/1224 1217/1217/1217 
f 1217/1217/1217 1224/1224/1224 1225/1225/1225 
f 1224/1224/1224 1225/1225/1225 1225/1225/1225 
f 1225/1225/1225 1225/1225/1225 1225/1225/1225 
f 1225/1225/1225 1226/1226/1226 1225/1225/1225 
f 1225/1225/1225 1226/1226/1226 1217/1217/1217 
f 1226/1226/1226 1227/1227/1227 1217/1217/1217 
f 1217/1217/1217 1227/1227/1227 1215/1215/1215 
f 1227/1227/1227 1215/1215/1215 1215/1215/1215 
f 1215/1215/1215 1215/1215/1215 1228/1228/1228 
f 1215/1215/1215 1228/1228/1228 1228/1228/1228 
f 1228/1228/1228 1228/1228/1228 1228/1228/1228 
f 1228/1228/1228 1229/1229/1229 1228/1228/1228 
f 1228/1228/1228 1229/1229/1229 1230/1230/1230 
f 1229/1229/1229 1231/1231/1231 1230/1230/1230 
f 1230/1230/1230 1231/1231/1231 1232/1232/1232 
f 1231/1231/1231 1232/1232/1232 1232/1232/1232 
f 1232/1232/1232 1232/1232/1232 1232/1232/1232 
f 1232/1232/1232 1233/1233/1233 1232/1232/1232 
f 1232/1232/1232 1233/1233/1233 1230/1230/1230 
f 1233/1233/1233 1234/1234/1234 1230/1230/1230 
f 1230/1230/1230 1234/1234/1234 1235/1235/1235 
f 1234/1234/1234 1235/1235/1235 1235/1235/1235 
f 1235/1235/1235 1235/1235/1235 1235/1235/1235 
f 1235/1235/1235 1236/1236/1236 1235/1235/1235 
f 1235/1235/1235 1236/1236/1236 1230/1230/1230 
f 1236/1236/1236 1237/1237/1237 1230/1230/1230 
f 1230/1230/1230 1237/1237/1237 1238/1238/1238 
f 1237/1237/1237 1238/1238/1238 1238/1238/1238 
f 1238/1238/1238 1238/1238/1238 1238/1238/1238 
f 1238/1238/1238 1239/1239/1239 1238/1238/1238 
f 1238/1238/1238 1239/1239/1239 1230/1230/1230 
f 1239/1239/1239 1240/1240/1240 1230/1230/1230 
f 1230/1230/1230 1240/1240/1240 1241/1241/1241 
f 1240/1240/1240 1241/1241/1241 1241/1241/1241 
f 1241/1241/1241 1241/1241/1241 1241/1241/1241 
f 1241/1241/1241 1242/1242/1242 1241/1241/1241 
f 1241/1241/1241 1242/1242/1242 1230/1230/1230 
f 1242/1242/1242 1243/1243/1243 1230/1230/1230 
f 1230/1230/1230 1243/1243/1243 1244/1244/1244 
f 1243/1243/1243 1244/1244/1244 1244/1244/1244 
f 1244/1244/1244 1244/1244/1244 1244/1244/1244 
f 1244/1244/1244 1245/1245/1245 1244/1244/1244 
f 1244/1244/1244 1245/1245/1245 1230/1230/1230 
f 1245/1245/1245 1246/1246/1246 1230/1230/1230 
f 1230/1230/1230 1246/1246/1246 1247/1247/1247 
f 1246/1246/1246 1247/1247/1247 1247/1247/1247 
f 1247/1247/1247 1247/1247/1247 1247/1247/1247 
f 1247/1247/1247 1248/1248/1248 1247/1247/1247 
f 1247/1247/1247 1248/1248/1248 1230/1230/1230 
f 1248/1248/1248 1249/1249/1249 1230/1230/1230 
f 1230/1230/1230 1249/1249/1249 1250/1250/1250 
f 1249/1249/1249 1250/1250/1250 1250/1250/1250 
f 1250/1250/1250 1250/1250/1250 1250/1250/1250 
f 1250/1250/1250 1251/1251/1251 1250/1250/1250 
f 1250/1250/1250 1251/1251/1251 1230/1230/1230 
f 1251/1251/1251 1252/1252/1252 1230/1230/1230 
f 1230/1230/1230 1252/1252/1252 1228/1228/1228 
f 1252/1252/1252 1228/1228/1228 1228/1228/1228 
f 1228/1228/1228 1228/1228/1228 1253/1253/1253 
f 1228/1228/1228 1253/1253/1253 1253/1253/1253 
f 1253/1253/1253 1253/1253/1253 1253/1253/1253 
f 1253/1253/1253 1254/1254/1254 1253/1253/1253 
f 1253/1253/1253 1254/1254/1254 1255/1255/1255 
f 1254/1254/1254 1256/1256/1256 1255/1255/1255 
f 1255/1255/1255 1256/1256/1256 1257/1257/1257 
f 1256/1256/1256 1258/1258/1258 1257/1257/1257 
f 1257/1257/1257 1258/1258/1258 1259/1259/1259 
f 1258/1258/1258 1260/1260/1260 1259/1259/1259 
f 1259/1259/1259 1260/1260/1260 1261/1261/1261 
f 1260/1260/1260 1262/1262/1262 1261/1261/1261 
f 1261/1261/1261 1262/1262/1262 1263/1263/1263 
f 1262/1262/1262 1264/1264/1264 1263/1263/1263 
f 1263/1263/1263 1264/1264/1264 1265/1265/1265 
f 1264/1264/1264 1266/1266/1266 1265/1265/1265 
f 1265/1265/1265 1266/1266/1266 1267/1267/1267 
f 1266/1266/1266 1268/1268/1268 1267/1267/1267 
f 1267/1267/1267 1268/1268/1268 1269/1269/1269 
f 1268/1268/1268 1270/1270/1270 1269/1269/1269 
f 1269/1269/1269 1270/1270/1270 1271/1271/1271 
f 1270/1270/1270 1272/1272/1272 1271/1271/1271 
f 1271/1271/1271 1272/1272/1272 1273/1273/1273 
f 1272/1272/1272 1274/1274/1274 1273/1273/1273 
f 1273/1273/1273 1274/1274/1274 1275/1275/1275 
f 1274/1274/1274 1276/1276/1276 1275/1275/1275 
f 1275/1275/1275 1276/1276/1276 1253/1253/1253 
f 1276/1276/1276 1254/1254/1254 1253/1253/1253 
f 1253/1253/1253 1254/1254/1254 1254/1254/1254 
f 1254/1254/1254 1276/1276/1276 1254/1254/1254 
f 1254/1254/1254 1276/1276/1276 1276/1276/1276 
f 1276/1276/1276 1277/1277/1277 1276/1276/1276 
f 1276/1276/1276 1277/1277/1277 1254/1254/1254 
f 1277/1277/1277 1278/1278/1278 1254/1254/1254 
f 1254/1254/1254 1278/1278/1278 1256/1256/1256 
f 1278/1278/1278 1279/1279/1279 1256/1256/1256 
f 1256/1256/1256 1279/1279/1279 1258/1258/1258 
f 1279/1279/1279 1280/1280/1280 1258/1258/1258 
f 1258/1258/1258 1280/1280/1280 1260/1260/1260 
f 1280/1280/1280 1281/1281/1281 1260/1260/1260 
f 1260/1260/1260 1281/1281/1281 1262/1262/1262 
f 1281/1281/1281 1282/1282/1282 1262/1262/1262 
f 1262/1262/1262 1282/1282/1282 1264/1264/1264 
f 1282/1282/1282 1283/1283/1283 1264/1264/1264 
f 1264/1264/1264 1283/1283/1283 1266/1266/1266 
f 1283/1283/1283 1284/1284/1284 1266/1266/1266 
f 1266/1266/1266 1284/1284/1284 1268/1268/1268 
f 1284/1284/1284 1285/1285/1285 1268/1268/1268 
f 1268/1268/1268 1285/1285/1285 1270/1270/1270 
f 1285/1285/1285 1286/1286/1286 1270/1270/1270 
f 1270/1270/1270 1286/1286/1286 1272/1272/1272 
f 1286/1286/1286 1287/1287/1287 1272/1272/1272 
f 1272/1272/1272 1287/1287/1287 1274/1274/1274 
f 1287/1287/1287 1288/1288/1288 1274/1274/1274 
f 1274/1274/1274 1288/1288/1288 1276/1276/1276 
f 1288/1288/1288 1277/1277/1277 1276/1276/1276 
f 1276/1276/1276 1277/1277/1277 1277/1277/1277 
f 1277/1277/1277 1288/1288/1288 1277/1277/1277 
f 1277/1277/1277 1288/1288/1288 1288/1288/1288 
f 1288/1288/1288 1289/1289/1289 1288/1288/1288 
f 1288/1288/1288 1289/1289/1289 1277/1277/1277 
f 1289/1289/1289 1290/1290/1290 1277/1277/1277 
f 1277/1277/1277 1290/1290/1290 1278/1278/1278 
f 1290/1290/1290 1291/1291/1291 1278/1278/1278 
f 1278/1278/1278 1291/1291/1291 1279/1279/1279 
f 1291/1291/1291 1292/1292/1292 1279/1279/1279 
f 1279/1279/1279 1292/1292/1292 1280/1280/1280 
f 1292/1292/1292 1293/1293/1293 1280/1280/1280 
f 1280/1280/1280 1293/1293/1293 1281/1281/1281 
f 1293/1293/1293 1294/1294/1294 1281/1281/1281 
f 1281/1281/1281 1294/1294/1294 1282/1282/1282 
f 1294/1294/1294 1295/1295/1295 1282/1282/1282 
f 1282/1282/1282 1295/1295/1295 1283/1283/1283 
f 1295/1295/1295 1296/1296/1296 1283/1283/1283 
f 1283/1283/1283 1296/1296/1296 1284/1284/1284 
f 1296/1296/1296 1297/1297/1297 1284/1284/1284 
f 1284/1284/1284 1297/1297/1297 1285/1285/1285 
f 1297/1297/1297 1298/1298/1298 1285/1285/1285 
f 1285/1285/1285 1298/1298/1298 1286/1286/1286 
f 1298/1298/1298 1299/1299/1299 1286/1286/1286 
f 1286/1286/1286 1299/1299/1299 1287/1287/1287 
f 1299/1299/1299 1300/1300/1300 1287/1287/1287 
f 1287/1287/1287 1300/1300/1300 1288/1288/1288 
f 1300/1300/1300 1289/1289/1289 1288/1288/1288 
f 1288/1288/1288 1289/1289/1289 1289/1289/1289 
f 1289/1289/1289 1301/1301/1301 1289/1289/1289 
f 1289/1289/1289 1301/1301/1301 1301/1301/1301 
f 1301/1301/1301 1302/1302/1302 1301/1301/1301 
f 1301/1301/1301 1302/1302/1302 1303/1303/1303 
f 1302/1302/1302 1304/1304/1304 1303/1303/1303 
f 1303/1303/1303 1304/1304/1304 1305/1305/1305 
f 1304/1304/1304 1306/1306/1306 1305/1305/1305 
f 1305/1305/1305 1306/1306/1306 1307/1307/1307 
f 1306/1306/1306 1308/1308/1308 1307/1307/1307 
f 1307/1307/1307 1308/1308/1308 1309/1309/1309 
f 1308/1308/1308 1310/1310/1310 1309/1309/1309 
f 1309/1309/1309 1310/1310/1310 1311/1311/1311 
f 1310/1310/1310 1312/1312/1312 1311/1311/1311 
f 1311/1311/1311 1312/1312/1312 1313/1313/1313 
f 1312/1312/1312 1314/1314/1314 1313/1313/1313 
f 1313/1313/1313 1314/1314/1314 1315/1315/1315 
f 1314/1314/1314 1316/1316/1316 1315/1315/1315 
f 1315/1315/1315 1316/1316/1316 1317/1317/1317 
f 1316/1316/1316 1318/1318/1318 1317/1317/1317 
f 1317/1317/1317 1318/1318/1318 1319/1319/1319 
f 1318/1318/1318 1320/1320/1320 1319/1319/1319 
f 1319/1319/1319 1320/1320/1320 1321/1321/1321 
f 1320/1320/1320 1322/1322/1322 1321/1321/1321 
f 1321/1321/1321 1322/1322/1322 1323/1323/1323 
f 1322/1322/1322 1324/1324/1324 1323/1323/1323 
f 1323/1323/1323 1324/1324/1324 1301/1301/1301 
f 1324/1324/1324 1302/1302/1302 1301/1301/1301 
f 1301/1301/1301 1302/1302/1302 1302/1302/1302 
f 1302/1302/1302 1324/1324/1324 1302/1302/1302 
f 1302/1302/1302 1324/1324/1324 1324/1324/1324 
f 1324/1324/1324 1325/1325/1325 1324/1324/1324 
f 1324/1324/1324 1325/1325/1325 1302/1302/1302 
f 1325/1325/1325 1326/1326/1326 1302/1302/1302 
f 1302/1302/1302 1326/1326/1326 1304/1304/1304 
f 1326/1326/1326 1327/1327/1327 1304/1304/1304 
f 1304/1304/1304 1327/1327/1327 1306/1306/1306 
f 1327/1327/1327 1328/1328/1328 1306/1306/1306 
f 1306/1306/1306 1328/1328/1328 1308/1308/1308 
f 1328/1328/1328 1329/1329/1329 1308/1308/1308 
f 1308/1308/1308 1329/1329/1329 1310/1310/1310 
f 1329/1329/1329 1330/1330/1330 1310/1310/1310 
f 1310/1310/1310 1330/1330/1330 1312/1312/1312 
f 1330/1330/1330 1331/1331/1331 1312/1312/1312 
f 1312/1312/1312 1331/1331/1331 1314/1314/1314 
f 1331/1331/1331 1332/1332/1332 1314/1314/1314 
f 1314/1314/1314 1332/1332/1332 1316/1316/1316 
f 1332/1332/1332 1333/1333/1333 1316/1316/1316 
f 1316/1316/1316 1333/1333/1333 1318/1318/1318 
f 1333/1333/1333 1334/1334/1334 1318/1318/1318 
f 1318/1318/1318 1334/1334/1334 1320/1320/1320 
f 1334/1334/1334 1335/1335/1335 1320/1320/1320 
f 1320/1320/1320 1335/1335/1335 1322/1322/1322 
f 1335/1335/1335 1336/1336/1336 1322/1322/1322 
f 1322/1322/1322 1336/1336/1336 1324/1324/1324 
f 1336/1336/1336 1325/1325/1325 1324/1324/1324 
f 1324/1324/1324 1325/1325/1325 1325/1325/1325 
f 1325/1325/1325 1336/1336/1336 1325/1325/1325 
f 1325/1325/1325 1336/1336/1336 1336/1336/1336 
f 1336/1336/1336 1337/1337/1337 1336/1336/1336 
f 1336/1336/1336 1337/1337/1337 1325/1325/1325 
f 1337/1337/1337 1338/1338/1338 1325/1325/1325 
f 1325/1325/1325 1338/1338/1338 1326/1326/1326 
f 1338/1338/1338 1339/1339/1339 1326/1326/1326 
f 1326/1326/1326 1339/1339/1339 1327/1327/1327 
f 1339/1339/1339 1340/1340/1340 1327/1327/1327 
f 1327/1327/1327 1340/1340/1340 1328/1328/1328 
f 1340/1340/1340 1341/1341/1341 1328/1328/1328 
f 1328/1328/1328 1341/1341/1341 1329/1329/1329 
f 1341/1341/1341 1342/1342/1342 1329/1329/1329 
f 1329/1329/1329 1342/1342/1342 1330/1330/1330 
f 1342/1342/1342 1343/1343/1343 1330/1330/1330 
f 1330/1330/1330 1343/1343/1343 1331/1331/1331 
f 1343/1343/1343 1344/1344/1344 1331/1331/1331 
f 1331/1331/1331 1344/1344/1344 1332/1332/1332 
f 1344/1344/1344 1345/1345/1345 1332/1332/1332 
f 1332/1332/1332 1345/1345/1345 1333/1333/1333 
f 1345/1345/1345 1346/1346/1346 1333/1333/1333 
f 1333/1333/1333 1346/1346/1346 1334/1334/1334 
f 1346/1346/1346 1347/1347/1347 1334/1334/1334 
f 1334/1334/1334 1347/1347/1347 1335/1335/1335 
f 1347/1347/1347 1348/1348/1348 1335/1335/1335 
f 1335/1335/1335 1348/1348/1348 1336/1336/1336 
f 1348/1348/1348 1337/1337/1337 1336/1336/1336 
f 1336/1336/1336 1337/1337/1337 1337/1337/1337 
f 1337/1337/1337 1349/1349/1349 1337/1337/1337 
f 1337/1337/1337 1349/1349/1349 1349/1349/1349 
f 1349/1349/1349 1350/1350/1350 1349/1349/1349 
f 1349/1349/1349 1350/1350/1350 1351/1351/1351 
f 1350/1350/1350 1352/1352/1352 1351/1351/1351 
f 1351/1351/1351 1352/1352/1352 1353/1353/1353 
f 1352/1352/1352 1354/1354/1354 1353/1353/1353 
f 1353/1353/1353 1354/1354/1354 1355/1355/1355 
f 1354/1354/1354 1356/1356/1356 1355/1355/1355 
f 1355/1355/1355 1356/1356/1356 1357/1357/1357 
f 1356/1356/1356 1358/1358/1358 1357/1357/1357 
f 1357/1357/1357 1358/1358/1358 1359/1359/1359 
f 1358/1358/1358 1360/1360/1360 1359/1359/1359 
f 1359/1359/1359 1360/1360/1360 1361/1361/1361 
f 1360/1360/1360 1362/1362/1362 1361/1361/1361 
f 1361/1361/1361 1362/1362/1362 1363/1363/1363 
f 1362/1362/1362 1364/1364/1364 1363/1363/1363 
f 1363/1363/1363 1364/1364/1364 1365/1365/1365 
f 1364/1364/1364 1366/1366/1366 1365/1365/1365 
f 1365/1365/1365 1366/1366/1366 1367/1367/1367 
f 1366/1366/1366 1368/1368/1368 1367/1367/1367 
f 1367/1367/1367 1368/1368/1368 1369/1369/1369 
f 1368/1368/1368 1370/1370/1370 1369/1369/1369 
f 1369/1369/1369 1370/1370/1370 1371/1371/1371 
f 1370/1370/1370 1372/1372/1372 1371/1371/1371 
f 1371/1371/1371 1372/1372/1372 1349/1349/1349 
f 1372/1372/1372 1350/1350/1350 1349/1349/1349 
f 1349/1349/1349 1350/1350/1350 1350/1350/1350 
f 1350/1350/1350 1372/1372/1372 1350/1350/1350 
f 1350/1350/1350 1372/1372/1372 1372/1372/1372 
f 1372/1372/1372 1373/1373/1373 1372/1372/1372 
f 1372/1372/1372 1373/1373/1373 1350/1350/1350 
f 1373/1373/1373 1374/1374/1374 1350/1350/1350 
f 1350/1350/1350 1374/1374/1374 1352/1352/1352 
f 1374/1374/1374 1375/1375/1375 1352/1352/1352 
f 1352/1352/1352 1375/1375/1375 1354/1354/1354 
f 1375/1375/1375 1376/1376/1376 1354/1354/1354 
f 1354/1354/1354 1376/1376/1376 1356/1356/1356 
f 1376/1376/1376 1377/1377/1377 1356/1356/1356 
f 1356/1356/1356 1377/1377/1377 1358/1358/1358 
f 1377/1377/1377 1378/1378/1378 1358/1358/1358 
f 1358/1358/1358 1378/1378/1378 1360/1360/1360 
f 1378/1378/1378 1379/1379/1379 1360/1360/1360 
f 1360/1360/1360 1379/1379/1379 1362/1362/1362 
f 1379/1379/1379 1380/1380/1380 1362/1362/1362 
f 1362/1362/1362 1380/1380/1380 1364/1364/1364 
f 1380/1380/1380 1381/1381/1381 1364/1364/1364 
f 1364/1364/1364 1381/1381/1381 1366/1366/1366 
f 1381/1381/1381 1382/1382/1382 1366/1366/1366 
f 1366/1366/1366 1382/1382/1382 1368/1368/1368 
f 1382/1382/1382 1383/1383/1383 1368/1368/1368 
f 1368/1368/1368 1383/1383/1383 1370/1370/1370 
f 1383/1383/1383 1384/1384/1384 1370/1370/1370 
f 1370/1370/1370 1384/1384/1384 1372/1372/1372 
f 1384/1384/1384 1373/1373/1373 1372/1372/1372 
f 1372/1372/1372 1373/1373/1373 1373/1373/1373 
f 1373/1373/1373 1384/1384/1384 1373/1373/1373 
f 1373/1373/1373 1384/1384/1384 1384/1384/1384 
f 1384/1384/1384 1385/1385/1385 1384/1384/1384 
f 1384/1384/1384 1385/1385/1385 1373/1373/1373 
f 1385/1385/1385 1386/1386/1386 1373/1373/1373 
f 1373/1373/1373 1386/1386/1386 1374/1374/1374 
f 1386/1386/1386 1387/1387/1387 1374/1374/1374 
f 1374/1374/1374 1387/1387/1387 1375/1375/1375 
f 1387/1387/1387 1388/1388/1388 1375/1375/1375 
f 1375/1375/1375 1388/1388/1388 1376/1376/1376 
f 1388/1388/1388 1389/1389/1389 1376/1376/1376 
f 1376/1376/1376 1389/1389/1389 1377/1377/1377 
f 1389/1389/1389 1390/1390/1390 1377/1377/1377 
f 1377/1377/1377 1390/1390/1390 1378/1378/1378 
f 1390/1390/1390 1391/1391/1391 1378/1378/1378 
f 1378/1378/1378 1391/1391/1391 1379/1379/1379 
f 1391/1391/1391 1392/1392/1392 1379/1379/1379 
f 1379/1379/1379 1392/1392/1392 1380/1380/1380 
f 1392/1392/1392 1393/1393/1393 1380/1380/1380 
f 1380/1380/1380 1393/1393/1393 1381/1381/1381 
f 1393/1393/1393 1394/1394/1394 1381/1381/1381 
f 1381/1381/1381 1394/1394/1394 1382/1382/1382 
f 1394/1394/1394 1395/1395/1395 1382/1382/1382 
f 1382/1382/1382 1395/1395/1395 1383/1383/1383 
f 1395/1395/1395 1396/1396/1396 1383/1383/1383 
f 1383/1383/1383 1396/1396/1396 1384/1384/1384 
f 1396/1396/1396 1385/1385/1385 1384/1384/1384 
f 1384/1384/1384 1385/1385/1385 1385/1385/1385 
f 1385/1385/1385 1397/1397/1397 1385/1385/1385 
f 1385/1385/1385 1397/1397/1397 1397/1397/1397 
f 1397/1397/1397 1398/1398/1398 1397/1397/1397 
f 1397/1397/1397 1398/1398/1398 1399/1399/1399 
f 1398/1398/1398 1400/1400/1400 1399/1399/1399 
f 1399/1399/1399 1400/1400/1400 1401/1401/1401 
f 1400/1400/1400 1402/1402/1402 1401/1401/1401 
f 1401/1401/1401 1402/1402/1402 1403/1403/1403 
f 1402/1402/1402 1404/1404/1404 1403/1403/1403 
f 1403/1403/1403 1404/1404/1404 1405/1405/1405 
f 1404/1404/1404 1406/1406/1406 1405/1405/1405 
f 1405/1405/1405 1406/1406/1406 1407/1407/1407 
f 1406/1406/1406 1408/1408/1408 1407/1407/1407 
f 1407/1407/1407 1408/1408/1408 1409/1409/1409 
f 1408/1408/1408 1410/1410/1410 1409/1409/1409 
f 1409/1409/1409 1410/1410/1410 1411/1411/1411 
f 1410/1410/1410 1412/1412/1412 1411/1411/1411 
f 1411/1411/1411 1412/1412/1412 1413/1413/1413 
f 1412/1412/1412 1414/1414/1414 1413/1413/1413 
f 1413/1413/1413 1414/1414/1414 1415/1415/1415 
f 1414/1414/1414 1416/1416/1416 1415/1415/1415 
f 1415/1415/1415 1416/1416/1416 1417/1417/1417 
f 1416/1416/1416 1418/1418/1418 1417/1417/1417 
f 1417/1417/1417 1418/1418/1418 1419/1419/1419 
f 1418/1418/1418 1420/1420/1420 1419/1419/1419 
f 1419/1419/1419 1420/1420/1420 1397/1397/1397 
f 1420/1420/1420 1398/1398/1398 1397/1397/1397 
f 1397/1397/1397 1398/1398/1398 1398/1398/1398 
f 1398/1398/1398 1420/1420/1420 1398/1398/1398 
f 1398/1398/1398 1420/1420/1420 1420/1420/1420 
f 1420/1420/1420 1421/1421/1421 1420/1420/1420 
f 1420/1420/1420 1421/1421/1421 1398/1398/1398 
f 1421/1421/1421 1422/1422/1422 1398/1398/1398 
f 1398/1398/1398 1422/1422/1422 1400/1400/1400 
f 1422/1422/1422 1423/1423/1423 1400/1400/1400 
f 1400/1400/1400 1423/1423/1423 1402/1402/1402 
f 1423/1423/1423 1424/1424/1424 1402/1402/1402 
f 1402/1402/1402 1424/1424/1424 1404/1404/1404 
f 1424/1424/1424 1425/1425/1425 1404/1404/1404 
f 1404/1404/1404 1425/1425/1425 1406/1406/1406 
f 1425/1425/1425 1426/1426/1426 1406/1406/1406 
f 1406/1406/1406 1426/1426/1426 1408/1408/1408 
f 1426/1426/1426 1427/1427/1427 1408/1408/1408 
f 1408/1408/1408 1427/1427/1427 1410/1410/1410 
f 1427/1427/1427 1428/1428/1428 1410/1410/1410 
f 1410/1410/1410 1428/1428/1428 1412/1412/1412 
f 1428/1428/1428 1429/1429/1429 1412/1412/1412 
f 1412/1412/1412 1429/1429/1429 1414/1414/1414 
f 1429/1429/1429 1430/1430/1430 1414/1414/1414 
f 1414/1414/1414 1430/1430/1430 1416/1416/1416 
f 1430/1430/1430 1431/1431/1431 1416/1416/1416 
f 1416/1416/1416 1431/1431/1431 1418/1418/1418 
f 1431/1431/1431 1432/1432/1432 1418/1418/1418 
f 1418/1418/1418 1432/1432/1432 1420/1420/1420 
f 1432/1432/1432 1421/1421/1421 1420/1420/1420 
f 1420/1420/1420 1421/1421/1421 1421/1421/1421 
f 1421/1421/1421 1432/1432/1432 1421/1421/1421 
f 1421/1421/1421 1432/1432/1432 1432/1432/1432 
f 1432/1432/1432 1433/1433/1433 1432/1432/1432 
f 1432/1432/1432 1433/1433/1433 1421/1421/1421 
f 1433/1433/1433 1434/1434/1434 1421/1421/1421 
f 1421/1421/1421 1434/1434/1434 1422/1422/1422 
f 1434/1434/1434 1435/1435/1435 1422/1422/1422 
f 1422/1422/1422 1435/1435/1435 1423/1423/1423 
f 1435/1435/1435 1436/1436/1436 1423/1423/1423 
f 1423/1423/1423 1436/1436/1436 1424/1424/1424 
f 1436/1436/1436 1437/1437/1437 1424/1424/1424 
f 1424/1424/1424 1437/1437/1437 1425/1425/1425 
f 1437/1437/1437 1438/1438/1438 1425/1425/1425 
f 1425/1425/1425 1438/1438/1438 1426/1426/1426 
f 1438/1438/1438 1439/1439/1439 1426/1426/1426 
f 1426/1426/1426 1439/1439/1439 1427/1427/1427 
f 1439/1439/1439 1440/1440/1440 1427/1427/1427 
f 1427/1427/1427 1440/1440/1440 1428/1428/1428 
f 1440/1440/1440 1441/1441/1441 1428/1428/1428 
f 1428/1428/1428 1441/1441/1441 1429/1429/1429 
f 1441/1441/1441 1442/1442/1442 1429/1429/1429 
f 1429/1429/1429 1442/1442/1442 1430/1430/1430 
f 1442/1442/1442 1443/1443/1443 1430/1430/1430 
f 1430/1430/1430 1443/1443/1443 1431/1431/1431 
f 1443/1443/1443 1444/1444/1444 1431/1431/1431 
f 1431/1431/1431 1444/1444/1444 1432/1432/1432 
f 1444/1444/1444 1433/1433/1433 1432/1432/1432 
f 1432/1432/1432 1433/1433/1433 1433/1433/1433 
f 1433/1433/1433 1445/1445/1445 1433/1433/1433 
f 1433/1433/1433 1445/1445/1445 1445/1445/1445 
f 1445/1445/1445 1446/1446/1446 1445/1445/1445 
f 1445/1445/1445 1446/1446/1446 1447/1447/1447 
f 1446/1446/1446 1448/1448/1448 1447/1447/1447 
f 1447/1447/1447 1448/1448/1448 1449/1449/1449 
f 1448/1448/1448 1449/1449/1449 1449/1449/1449 
f 1449/1449/1449 1449/1449/1449 1449/1449/1449 
f 1449/1449/1449 1450/1450/1450 1449/1449/1449 
f 1449/1449/1449 1450/1450/1450 1447/1447/1447 
f 1450/1450/1450 1451/1451/1451 1447/1447/1447 
f 1447/1447/1447 1451/1451/1451 1452/1452/1452 
f 1451/1451/1451 1452/1452/1452 1452/1452/1452 
f 1452/1452/1452 1452/1452/1452 1452/1452/1452 
f 1452/1452/1452 1453/1453/1453 1452/1452/1452 
f 1452/1452/1452 1453/1453/1453 1447/1447/1447 
f 1453/1453/1453 1454/1454/1454 1447/1447/1447 
f 1447/1447/1447 1454/1454/1454 1455/1455/1455 
f 1454/1454/1454 1455/1455/1455 1455/1455/1455 
f 1455/1455/1455 1455/1455/1455 1455/1455/1455 
f 1455/1455/1455 1456/1456/1456 1455/1455/1455 
f 1455/1455/1455 1456/1456/1456 1447/1447/1447 
f 1456/1456/1456 1457/1457/1457 1447/1447/1447 
f 1447/1447/1447 1457/1457/1457 1445/1445/1445 
f 1457/1457/1457 1445/1445/1445 1445/1445/1445 
f 1445/1445/1445 1445/1445/1445 1458/1458/1458 
f 1445/1445/1445 1458/1458/1458 1458/1458/1458 
f 1458/1458/1458 1458/1458/1458 1458/1458/1458 
f 1458/1458/1458 1459/1459/1459 1458/1458/1458 
f 1458/1458/1458 1459/1459/1459 1460/1460/1460 
f 1459/1459/1459 1461/1461/1461 1460/1460/1460 
f 1460/1460/1460 1461/1461/1461 1462/1462/1462 
f 1461/1461/1461 1462/1462/1462 1462/1462/1462 
f 1462/1462/1462 1462/1462/1462 1462/1462/1462 
f 1462/1462/1462 1463/1463/1463 1462/1462/1462 
f 1462/1462/1462 1463/1463/1463 1460/1460/1460 
f 1463/1463/1463 1464/1464/1464 1460/1460/1460 
f 1460/1460/1460 1464/1464/1464 1465/1465/1465 
f 1464/1464/1464 1465/1465/1465 1465/1465/1465 
f 1465/1465/1465 1465/1465/1465 1465/1465/1465 
f 1465/1465/1465 1466/1466/1466 1465/1465/1465 
f 1465/1465/1465 1466/1466/1466 1460/1460/1460 
f 1466/1466/1466 1467/1467/1467 1460/1460/1460 
f 1460/1460/1460 1467/1467/1467 1468/1468/1468 
f 1467/1467/1467 1468/1468/1468 1468/1468/1468 
f 1468/1468/1468 1468/1468/1468 1468/1468/1468 
f 1468/1468/1468 1469/1469/1469 1468/1468/1468 
f 1468/1468/1468 1469/1469/1469 1460/1460/1460 
f 1469/1469/1469 1470/1470/1470 1460/1460/1460 
f 1460/1460/1460 1470/1470/1470 1458/1458/1458 
f 1470/1470/1470 1458/1458/1458 1458/1458/1458 
f 1458/1458/1458 1458/1458/1458 1471/1471/1471 
f 1458/1458/1458 1471/1471/1471 1471/1471/1471 
f 1471/1471/1471 1471/1471/1471 1471/1471/1471 
f 1471/1471/1471 1472/1472/1472 1471/1471/1471 
f 1471/1471/1471 1472/1472/1472 1473/1473/1473 
f 1472/1472/1472 1474/1474/1474 1473/1473/1473 
f 1473/1473/1473 1474/1474/1474 1475/1475/1475 
f 1474/1474/1474 1475/1475/1475 1475/1475/1475 
f 1475/1475/1475 1475/1475/1475 1475/1475/1475 
f 1475/1475/1475 1476/1476/1476 1475/1475/1475 
f 1475/1475/1475 1476/1476/1476 1473/1473/1473 
f 1476/1476/1476 1477/1477/1477 1473/1473/1473 
f 1473/1473/1473 1477/1477/1477 1478/1478/1478 
f 1477/1477/1477 1478/1478/1478 1478/1478/1478 
f 1478/1478/1478 1478/1478/1478 1478/1478/1478 
f 1478/1478/1478 1479/1479/1479 1478/1478/1478 
f 1478/1478/1478 1479/1479/1479 1473/1473/1473 
f 1479/1479/1479 1480/1480/1480 1473/1473/1473 
f 1473/1473/1473 1480/1480/1480 1481/1481/1481 
f 1480/1480/1480 1481/1481/1481 1481/1481/1481 
f 1481/1481/1481 1481/1481/1481 1481/1481/1481 
f 1481/1481/1481 1482/1482/1482 1481/1481/1481 
f 1481/1481/1481 1482/1482/1482 1473/1473/1473 
f 1482/1482/1482 1483/1483/1483 1473/1473/1473 
f 1473/1473/1473 1483/1483/1483 1471/1471/1471 
f 1483/1483/1483 1471/1471/1471 1471/1471/1471 
f 1471/1471/1471 1471/1471/1471 1484/1484/1484 
f 1471/1471/1471 1484/1484/1484 1484/1484/1484 
f 1484/1484/1484 1484/1484/1484 1484/1484/1484 
f 1484/1484/1484 1485/1485/1485 1484/1484/1484 
f 1484/1484/1484 1485/1485/1485 1486/1486/1486 
f 1485/1485/1485 1487/1487/1487 1486/1486/1486 
f 1486/1486/1486 1487/1487/1487 1488/1488/1488 
f 1487/1487/1487 1488/1488/1488 1488/1488/1488 
f 1488/1488/1488 1488/1488/1488 1488/1488/1488 
f 1488/1488/1488 1489/1489/1489 1488/1488/1488 
f 1488/1488/1488 1489/1489/1489 1486/1486/1486 
f 1489/1489/1489 1490/1490/1490 1486/1486/1486 
f 1486/1486/1486 1490/1490/1490 1491/1491/1491 
f 1490/1490/1490 1491/1491/1491 1491/1491/1491 
f 1491/1491/1491 1491/1491/1491 1491/1491/1491 
f 1491/1491/1491 1492/1492/1492 1491/1491/1491 
f 1491/1491/1491 1492/1492/1492 1486/1486/1486 
f 1492/1492/1492 1493/1493/1493 1486/1486/1486 
f 1486/1486/1486 1493/1493/1493 1494/1494/1494 
f 1493/1493/1493 1494/1494/1494 1494/1494/1494 
f 1494/1494/1494 1494/1494/1494 1494/1494/1494 
f 1494/1494/1494 1495/1495/1495 1494/1494/1494 
f 1494/1494/1494 1495/1495/1495 1486/1486/1486 
f 1495/1495/1495 1496/1496/1496 1486/1486/1486 
f 1486/1486/1486 1496/1496/1496 1484/1484/1484 
f 1496/1496/1496 1484/1484/1484 1484/1484/1484 
f 1484/1484/1484 1484/1484/1484 1497/1497/1497 
f 1484/1484/1484 1497/1497/1497 1497/1497/1497 
f 1497/1497/1497 1497/1497/1497 1497/1497/1497 
f 1497/1497/1497 1498/1498/1498 1497/1497/1497 
f 1497/1497/1497 1498/1498/1498 1499/1499/1499 
f 1498/1498/1498 1500/1500/1500 1499/1499/1499 
f 1499/1499/1499 1500/1500/1500 1501/1501/1501 
f 1500/1500/1500 1501/1501/1501 1501/1501/1501 
f 1501/1501/1501 1501/1501/1501 1501/1501/1501 
f 1501/1501/1501 1502/1502/1502 1501/1501/1501 
f 1501/1501/1501 1502/1502/1502 1499/1499/1499 
f 1502/1502/1502 1503/1503/1503 1499/1499/1499 
f 1499/1499/1499 1503/1503/1503 1504/1504/1504 
f 1503/1503/1503 1504/1504/1504 1504/1504/1504 
f 1504/1504/1504 1504/1504/1504 1504/1504/1504 
f 1504/1504/1504 1505/1505/1505 1504/1504/1504 
f 1504/1504/1504 1505/1505/1505 1499/1499/1499 
f 1505/1505/1505 1506/1506/1506 1499/1499/1499 
f 1499/1499/1499 1506/1506/1506 1507/1507/1507 
f 1506/1506/1506 1507/1507/1507 1507/1507/1507 
f 1507/1507/1507 1507/1507/1507 1507/1507/1507 
f 1507/1507/1507 1508/1508/1508 1507/1507/1507 
f 1507/1507/1507 1508/1508/1508 1499/1499/1499 
f 1508/1508/1508 1509/1509/1509 1499/1499/1499 
f 1499/1499/1499 1509/1509/1509 1497/1497/1497 
f 1509/1509/1509 1497/1497/1497 1497/1497/1497 
f 1497/1497/1497 1497/1497/1497 1510/1510/1510 
f 1497/1497/1497 1510/1510/1510 1510/1510/1510 
f 1510/1510/1510 1510/1510/1510 1510/1510/1510 
f 1510/1510/1510 1511/1511/1511 1510/1510/1510 
f 1510/1510/1510 1511/1511/1511 1512/1512/1512 
f 1511/1511/1511 1513/1513/1513 1512/1512/1512 
f 1512/1512/1512 1513/1513/1513 1514/1514/1514 
f 1513/1513/1513 1514/1514/1514 1514/1514/1514 
f 1514/1514/1514 1514/1514/1514 1514/1514/1514 
f 1514/1514/1514 1515/1515/1515 1514/1514/1514 
f 1514/1514/1514 1515/1515/1515 1512/1512/1512 
f 1515/1515/1515 1516/1516/1516 1512/1512/1512 
f 1512/1512/1512 1516/1516/1516 1517/1517/1517 
f 1516/1516/1516 1517/1517/1517 1517/1517/1517 
f 1517/1517/1517 1517/1517/1517 1517/1517/1517 
f 1517/1517/1517 1518/1518/1518 1517/1517/1517 
f 1517/1517/1517 1518/1518/1518 1512/1512/1512 
f 1518/1518/1518 1519/1519/1519 1512/1512/1512 
f 1512/1512/1512 1519/1519/1519 1520/1520/1520 
f 1519/1519/1519 1520/1520/1520 1520/1520/1520 
f 1520/1520/1520 1520/1520/1520 1520/1520/1520 
f 1520/1520/1520 1521/1521/1521 1520/1520/1520 
f 1520/1520/1520 1521/1521/1521 1512/1512/1512 
f 1521/1521/1521 1522/1522/1522 1512/1512/1512 
f 1512/1512/1512 1522/1522/1522 1510/1510/1510 
f 147/147/147 1523/1523/1523 151/151/151 
f 19/19/19 1524/1524/1524 21/21/21 
f 543/543/543 542/542/542 554/554/554 
f 538/538/538 1525/1525/1525 541/541/541 
f 363/363/363 1526/1526/1526 343/343/343 
f 31/31/31 1527/1527/1527 37/37/37 
f 215/215/215 1528/1528/1528 207/207/207 
f 804/804/804 1529/1529/1529 811/811/811 
f 519/519/519 1530/1530/1530 526/526/526 
f 703/703/703 1531/1531/1531 710/710/710 
f 453/453/453 1532/1532/1532 460/460/460 

