mtllib model_0.mtl
o model_0
v 0.15439535677433014 0.0089193070307374 -0.00510017154738307 
v 0.15159568190574646 0.0089193070307374 -0.00510017154738307 
v 0.15439535677433014 0.0089193070307374 0.02224651165306568 
v 0.15159568190574646 0.0089193070307374 0.02224651165306568 
v 0.15159568190574646 0.0089193070307374 -0.00510017154738307 
v 0.15439535677433014 0.0089193070307374 -0.00510017154738307 
v 0.15159568190574646 0.039081186056137085 -0.00510017154738307 
v 0.15439535677433014 0.039081186056137085 -0.00510017154738307 
v 0.15159568190574646 0.06924305856227875 -0.00510017154738307 
v 0.15439535677433014 0.06924305856227875 -0.00510017154738307 
v 0.15439535677433014 0.06580133736133575 -0.02130710892379284 
v 0.15439535677433014 0.06924305856227875 -0.016871189698576927 
v 0.15439535677433014 0.039081186056137085 -0.028178850188851357 
v 0.15439535677433014 0.06924305856227875 -0.00510017154738307 
v 0.15439535677433014 0.039081186056137085 -0.00510017154738307 
v 0.15439535677433014 0.0089193070307374 -0.00510017154738307 
v 0.15439535677433014 0.0089193070307374 -0.035934798419475555 
v 0.15439535677433014 -0.021915951743721962 -0.00510017154738307 
v 0.15439535677433014 -0.021915951743721962 0.025736583396792412 
v 0.15439535677433014 -0.02569436840713024 0.025685571134090424 
v 0.15439535677433014 -0.023720987141132355 -0.00510017154738307 
v 0.15439535677433014 -0.019942568615078926 -0.035883788019418716 
v 0.15439535677433014 -0.023720987141132355 -0.035934798419475555 
v 0.15439535677433014 -0.05455624684691429 -0.00510017154738307 
v 0.15439535677433014 -0.05106775462627411 -0.035934798419475555 
v 0.15439535677433014 -0.05455624684691429 -0.03244685381650925 
v 0.15439535677433014 -0.05455624684691429 0.025736583396792412 
v 0.15439535677433014 -0.08471812307834625 0.017980633303523064 
v 0.15439535677433014 -0.08471812307834625 -0.00510017154738307 
v 0.15439535677433014 -0.11488000303506851 -0.00510017154738307 
v 0.15439535677433014 -0.11488000303506851 0.006670847535133362 
v -0.14695951342582703 0.09845098108053207 0.030015213415026665 
v -0.1428377628326416 0.10235098004341125 0.030015213415026665 
v -0.14790570735931396 0.09449486434459686 0.030015213415026665 
v -0.14316178858280182 0.09352220594882965 0.030015213415026665 
v -0.14740020036697388 0.09053874760866165 0.030015213415026665 
v -0.14349879324436188 0.08469342440366745 0.030015213415026665 
v -0.13694027066230774 0.10419342666864395 0.030015213415026665 
v -0.13844381272792816 0.09384018927812576 0.030015213415026665 
v -0.13996030390262604 0.08348695188760757 0.030015213415026665 
v -0.13104279339313507 0.10364162921905518 0.030015213415026665 
v -0.13333697617053986 0.09368119388818741 0.030015213415026665 
v -0.135618194937706 0.08323442935943604 0.030015213415026665 
v -0.1213475912809372 0.09280206263065338 0.030015213415026665 
v -0.12794499099254608 0.08906105160713196 0.030015213415026665 
v -0.1324685513973236 0.08399198204278946 0.030015213415026665 
v -0.04094740375876427 0.1037912666797638 0.030015213415026665 
v -0.042334284633398056 0.0925401896238327 0.030015213415026665 
v -0.039845675230026245 0.1035013422369957 0.030015213415026665 
v -0.041478823870420456 0.08434738218784332 0.030015213415026665 
v -0.041478823870420456 0.07910996675491333 0.030015213415026665 
v -0.040804825723171234 0.0628272294998169 0.030015213415026665 
v -0.04101221263408661 0.06293010711669922 0.030015213415026665 
v -0.04128440469503403 0.06949558109045029 0.030015213415026665 
v -0.11675921827554703 0.06237831339240074 0.030015213415026665 
v -0.115683414041996 0.06885960698127747 0.030015213415026665 
v -0.13620147109031677 0.06490349024534225 0.030015213415026665 
v -0.13464608788490295 0.06960780918598175 0.030015213415026665 
v -0.15386798977851868 0.07040277123451233 0.030015213415026665 
v -0.15180711448192596 0.07327399402856827 0.030015213415026665 
v -0.18071125447750092 0.08427256345748901 0.030015213415026665 
v -0.17928549647331238 0.08737760037183762 0.030015213415026665 
v -0.18454785645008087 0.08517040312290192 0.030015213415026665 
v -0.18410716950893402 0.08932292461395264 0.030015213415026665 
v -0.20300504565238953 0.0838329941034317 0.030015213415026665 
v -0.20301799476146698 0.08572220057249069 0.030015213415026665 
v 0.15159568190574646 -0.11488000303506851 -0.00897708348929882 
v 0.15159568190574646 -0.11488000303506851 -0.00510017154738307 
v 0.15159568190574646 -0.08471812307834625 -0.00897708348929882 
v 0.15159568190574646 -0.08471812307834625 -0.00510017154738307 
v 0.15159568190574646 -0.08471812307834625 0.017980633303523064 
v 0.15159568190574646 -0.05455624684691429 0.025736583396792412 
v 0.15159568190574646 -0.05455624684691429 -0.00510017154738307 
v 0.15159568190574646 -0.02569436840713024 0.025685571134090424 
v 0.15159568190574646 -0.023720987141132355 -0.00510017154738307 
v 0.15159568190574646 -0.05455624684691429 -0.03244685381650925 
v 0.15159568190574646 -0.05106775462627411 -0.035934798419475555 
v 0.16249629855155945 -0.11488000303506851 -0.00510017154738307 
v 0.16249629855155945 -0.11488000303506851 -0.00897708348929882 
v 0.16637179255485535 -0.1139073371887207 -0.005225575994700193 
v 0.16637179255485535 -0.1139073371887207 -0.008851679041981697 
v 0.1697806566953659 -0.08846848458051682 -0.006492373999208212 
v 0.1697806566953659 -0.11112964153289795 -0.006492373999208212 
v 0.1697806566953659 -0.08846848458051682 -0.007584881037473679 
v 0.1697806566953659 -0.11112964153289795 -0.007584881037473679 
v -0.04128440469503403 0.06949558109045029 0.03371145948767662 
v -0.04128440469503403 0.06949558109045029 0.030015213415026665 
v -0.115683414041996 0.06885960698127747 0.03371145948767662 
v -0.115683414041996 0.06885960698127747 0.030015213415026665 
v -0.13464608788490295 0.06960780918598175 0.03371145948767662 
v -0.13464608788490295 0.06960780918598175 0.030015213415026665 
v -0.017564857378602028 0.06322003901004791 0.030015213415026665 
v -0.017564857378602028 0.06322003901004791 0.032918646931648254 
v -0.040804825723171234 0.0628272294998169 0.030015213415026665 
v -0.03909390792250633 0.0628272294998169 0.032918646931648254 
v -0.04101221263408661 0.06293010711669922 0.030015213415026665 
v -0.04101221263408661 0.06293010711669922 0.032918646931648254 
v -0.11675921827554703 0.06237831339240074 0.030015213415026665 
v -0.11675921827554703 0.06237831339240074 0.032918646931648254 
v -0.13620147109031677 0.06490349024534225 0.030015213415026665 
v -0.13620147109031677 0.06490349024534225 0.032918646931648254 
v -0.03861433267593384 0.06362219899892807 0.03371145948767662 
v -0.017577819526195526 0.06401500105857849 0.03371145948767662 
v 0.15159568190574646 -0.11488000303506851 0.006670847535133362 
v 0.15439535677433014 -0.11488000303506851 0.006670847535133362 
v 0.15159568190574646 -0.11143827438354492 0.011108891107141972 
v 0.15439535677433014 -0.11143827438354492 0.011108891107141972 
v -0.04128440469503403 0.06949558109045029 0.030015213415026665 
v -0.04128440469503403 0.06949558109045029 0.03371145948767662 
v -0.041478823870420456 0.07910996675491333 0.030015213415026665 
v -0.041478823870420456 0.07910996675491333 0.03371145948767662 
v -0.017772242426872253 0.1035013422369957 0.030015213415026665 
v -0.017772242426872253 0.1035013422369957 0.03243615850806236 
v -0.00806407816708088 0.10111644864082336 0.030015213415026665 
v -0.00806407816708088 0.10111644864082336 0.03243615850806236 
v -0.0026720943860709667 0.09768407791852951 0.030015213415026665 
v -0.0026720943860709667 0.09768407791852951 0.03243615850806236 
v 0.0018514690455049276 0.088050976395607 0.030015213415026665 
v 0.0018514690455049276 0.088050976395607 0.03243615850806236 
v 0.0020458914805203676 0.0796617716550827 0.032918646931648254 
v 0.001125624985434115 0.08672291785478592 0.03371145948767662 
v 0.0012811629567295313 0.08042867481708527 0.03371145948767662 
v -0.008051116950809956 0.09984450787305832 0.03371145948767662 
v -0.0026591329369693995 0.09641212970018387 0.03371145948767662 
v 0.15439535677433014 -0.11488000303506851 0.006670847535133362 
v 0.15159568190574646 -0.11488000303506851 0.006670847535133362 
v 0.15439535677433014 -0.11488000303506851 -0.00510017154738307 
v 0.15159568190574646 -0.11488000303506851 -0.00510017154738307 
v 0.15159568190574646 -0.11488000303506851 -0.00897708348929882 
v 0.15439535677433014 -0.11488000303506851 -0.00897708348929882 
v 0.16249629855155945 -0.11488000303506851 -0.00510017154738307 
v 0.1697806566953659 0.04283154383301735 -0.0026133365463465452 
v 0.1697806566953659 0.06548334658145905 -0.0026133365463465452 
v 0.16879558563232422 0.041503485292196274 -0.0018120229942724109 
v 0.16879558563232422 0.06682075560092926 -0.0018120229942724109 
v -0.0024776719510555267 0.07105745375156403 0.03371145948767662 
v -0.0024776719510555267 0.07026248425245285 0.032918646931648254 
v -0.0024776719510555267 0.07026248425245285 0.030015213415026665 
v -0.007856694050133228 0.06580133736133575 0.030015213415026665 
v -0.007869656197726727 0.0665869489312172 0.03371145948767662 
v -0.007856694050133228 0.06580133736133575 0.032918646931648254 
v -0.017564857378602028 0.06322003901004791 0.030015213415026665 
v -0.017577819526195526 0.06401500105857849 0.03371145948767662 
v -0.017564857378602028 0.06322003901004791 0.032918646931648254 
v 0.1697806566953659 0.06548334658145905 -0.003705843584612012 
v 0.1697806566953659 0.04283154383301735 -0.003705843584612012 
v 0.16879558563232422 0.06682075560092926 -0.004507157020270824 
v 0.16879558563232422 0.041503485292196274 -0.004507157020270824 
v -0.041478823870420456 0.07910996675491333 0.030015213415026665 
v -0.041478823870420456 0.07910996675491333 0.03371145948767662 
v -0.10212568193674088 0.07581788301467896 0.030015213415026665 
v -0.10212568193674088 0.07581788301467896 0.03371145948767662 
v -0.1213475912809372 0.09280206263065338 0.03371145948767662 
v -0.1213475912809372 0.09280206263065338 0.030015213415026665 
v -0.042334284633398056 0.0925401896238327 0.03371145948767662 
v -0.042334284633398056 0.0925401896238327 0.030015213415026665 
v -0.041478823870420456 0.08434738218784332 0.03371145948767662 
v -0.041478823870420456 0.08434738218784332 0.030015213415026665 
v -0.10212568193674088 0.07785673439502716 0.03371145948767662 
v -0.10212568193674088 0.07785673439502716 0.030015213415026665 
v -0.10212568193674088 0.07581788301467896 0.030015213415026665 
v -0.10212568193674088 0.07581788301467896 0.03371145948767662 
v -0.10212568193674088 0.07785673439502716 0.030015213415026665 
v -0.10212568193674088 0.07785673439502716 0.03371145948767662 
v 0.15439535677433014 0.0089193070307374 -0.035934798419475555 
v 0.15159568190574646 0.0089193070307374 -0.035934798419475555 
v 0.15439535677433014 0.039081186056137085 -0.028178850188851357 
v 0.15159568190574646 0.039081186056137085 -0.028178850188851357 
v 0.15439535677433014 0.06580133736133575 -0.02130710892379284 
v 0.15159568190574646 0.06580133736133575 -0.02130710892379284 
v 0.16879558563232422 0.06682075560092926 -0.0018120229942724109 
v 0.16879558563232422 0.06682075560092926 -0.004507157020270824 
v 0.16637179255485535 0.0682610496878624 -0.0013465385418385267 
v 0.16637179255485535 0.0682610496878624 -0.004974767100065947 
v -0.1213475912809372 0.09280206263065338 0.030015213415026665 
v -0.1213475912809372 0.09280206263065338 0.03371145948767662 
v -0.12794499099254608 0.08906105160713196 0.030015213415026665 
v -0.12794499099254608 0.08906105160713196 0.03371145948767662 
v -0.1324685513973236 0.08399198204278946 0.030015213415026665 
v -0.1324685513973236 0.08399198204278946 0.03243403136730194 
v -0.135618194937706 0.08323442935943604 0.030015213415026665 
v -0.135618194937706 0.08323442935943604 0.03243403136730194 
v -0.13021326065063477 0.08650781214237213 0.03371145948767662 
v -0.1351645439863205 0.0846560150384903 0.03371145948767662 
v 0.15159568190574646 -0.021915951743721962 0.025736583396792412 
v 0.15439535677433014 -0.021915951743721962 0.025736583396792412 
v 0.15159568190574646 0.005430817138403654 0.025736583396792412 
v 0.15439535677433014 0.005430817138403654 0.025736583396792412 
v 0.15159568190574646 -0.021915951743721962 0.025736583396792412 
v 0.15159568190574646 -0.02569436840713024 0.025685571134090424 
v 0.15159568190574646 -0.021915951743721962 -0.00510017154738307 
v 0.15159568190574646 -0.023720987141132355 -0.00510017154738307 
v 0.15159568190574646 -0.019942568615078926 -0.035883788019418716 
v 0.15159568190574646 -0.023720987141132355 -0.035934798419475555 
v 0.16637179255485535 0.040053848177194595 -0.0013465385418385267 
v 0.16637179255485535 0.040053848177194595 -0.004974767100065947 
v 0.16879558563232422 0.041503485292196274 -0.0018120229942724109 
v 0.16879558563232422 0.041503485292196274 -0.004507157020270824 
v 0.16637179255485535 -0.08569078147411346 -0.005225575994700193 
v 0.16637179255485535 -0.1139073371887207 -0.005225575994700193 
v 0.16879558563232422 -0.08714042603969574 -0.005691060330718756 
v 0.16879558563232422 -0.11245770007371902 -0.005691060330718756 
v 0.0020458914805203676 0.0796617716550827 0.030015213415026665 
v 0.16879558563232422 -0.08714042603969574 -0.005691060330718756 
v 0.16879558563232422 -0.11245770007371902 -0.005691060330718756 
v 0.1697806566953659 -0.08846848458051682 -0.006492373999208212 
v 0.1697806566953659 -0.11112964153289795 -0.006492373999208212 
v 0.16879558563232422 0.041503485292196274 -0.0018120229942724109 
v 0.16879558563232422 0.041503485292196274 -0.004507157020270824 
v 0.1697806566953659 0.04283154383301735 -0.0026133365463465452 
v 0.1697806566953659 0.04283154383301735 -0.003705843584612012 
v 0.16637179255485535 -0.1139073371887207 -0.008851679041981697 
v 0.16637179255485535 -0.08569078147411346 -0.008851679041981697 
v 0.16879558563232422 -0.11245770007371902 -0.008386194705963135 
v 0.16879558563232422 -0.08714042603969574 -0.008386194705963135 
v 0.15159568190574646 -0.019942568615078926 -0.035883788019418716 
v 0.15439535677433014 -0.019942568615078926 -0.035883788019418716 
v 0.15159568190574646 -0.021915951743721962 -0.00510017154738307 
v 0.15439535677433014 -0.021915951743721962 -0.00510017154738307 
v 0.16249629855155945 0.039081186056137085 -0.00510017154738307 
v 0.16249629855155945 0.06924305856227875 -0.00510017154738307 
v 0.16637179255485535 0.040053848177194595 -0.004974767100065947 
v 0.16637179255485535 0.0682610496878624 -0.004974767100065947 
v 0.1697806566953659 -0.08846848458051682 -0.007584881037473679 
v 0.1697806566953659 -0.11112964153289795 -0.007584881037473679 
v 0.16879558563232422 -0.08714042603969574 -0.008386194705963135 
v 0.16879558563232422 -0.11245770007371902 -0.008386194705963135 
v 0.16637179255485535 -0.1139073371887207 -0.005225575994700193 
v 0.16637179255485535 -0.1139073371887207 -0.008851679041981697 
v 0.16879558563232422 -0.11245770007371902 -0.005691060330718756 
v 0.16879558563232422 -0.11245770007371902 -0.008386194705963135 
v 0.15159568190574646 0.039081186056137085 -0.0012211339781060815 
v 0.15159568190574646 0.039081186056137085 -0.00510017154738307 
v 0.15439535677433014 0.039081186056137085 -0.0012211339781060815 
v 0.15439535677433014 0.039081186056137085 -0.00510017154738307 
v 0.16249629855155945 0.039081186056137085 -0.0012211339781060815 
v 0.16249629855155945 0.039081186056137085 -0.00510017154738307 
v 0.16879558563232422 0.06682075560092926 -0.004507157020270824 
v 0.16879558563232422 0.06682075560092926 -0.0018120229942724109 
v 0.1697806566953659 0.06548334658145905 -0.003705843584612012 
v 0.1697806566953659 0.06548334658145905 -0.0026133365463465452 
v 0.16879558563232422 -0.11245770007371902 -0.005691060330718756 
v 0.16879558563232422 -0.11245770007371902 -0.008386194705963135 
v 0.1697806566953659 -0.11112964153289795 -0.006492373999208212 
v 0.1697806566953659 -0.11112964153289795 -0.007584881037473679 
v 0.16637179255485535 -0.08569078147411346 -0.008851679041981697 
v 0.16637179255485535 -0.08569078147411346 -0.005225575994700193 
v 0.16879558563232422 -0.08714042603969574 -0.008386194705963135 
v 0.16879558563232422 -0.08714042603969574 -0.005691060330718756 
v 0.0020458914805203676 0.0796617716550827 0.030015213415026665 
v -0.0024776719510555267 0.07026248425245285 0.030015213415026665 
v 0.0018514690455049276 0.088050976395607 0.030015213415026665 
v -0.0026720943860709667 0.09768407791852951 0.030015213415026665 
v -0.007856694050133228 0.06580133736133575 0.030015213415026665 
v -0.00806407816708088 0.10111644864082336 0.030015213415026665 
v -0.017564857378602028 0.06322003901004791 0.030015213415026665 
v -0.017772242426872253 0.1035013422369957 0.030015213415026665 
v 0.16879558563232422 -0.08714042603969574 -0.008386194705963135 
v 0.16879558563232422 -0.08714042603969574 -0.005691060330718756 
v 0.1697806566953659 -0.08846848458051682 -0.007584881037473679 
v 0.1697806566953659 -0.08846848458051682 -0.006492373999208212 
v 0.16249629855155945 -0.08471812307834625 -0.00510017154738307 
v 0.16249629855155945 -0.11488000303506851 -0.00510017154738307 
v 0.16637179255485535 -0.08569078147411346 -0.005225575994700193 
v 0.16637179255485535 -0.1139073371887207 -0.005225575994700193 
v 0.16249629855155945 0.06924305856227875 -0.0012211339781060815 
v 0.16249629855155945 0.06924305856227875 -0.00510017154738307 
v 0.15439535677433014 0.06924305856227875 -0.0012211339781060815 
v 0.15439535677433014 0.06924305856227875 -0.00510017154738307 
v 0.15159568190574646 0.06924305856227875 -0.0012211339781060815 
v 0.15159568190574646 0.06924305856227875 -0.00510017154738307 
v 0.15159568190574646 0.06924305856227875 -0.016871189698576927 
v 0.15439535677433014 0.06924305856227875 -0.016871189698576927 
v 0.16249629855155945 -0.11488000303506851 -0.00510017154738307 
v 0.16249629855155945 -0.08471812307834625 -0.00510017154738307 
v 0.15439535677433014 -0.11488000303506851 -0.00510017154738307 
v 0.15439535677433014 -0.08471812307834625 -0.00510017154738307 
v 0.15159568190574646 -0.05106775462627411 -0.035934798419475555 
v 0.15439535677433014 -0.05106775462627411 -0.035934798419475555 
v 0.15159568190574646 -0.05455624684691429 -0.03244685381650925 
v 0.15439535677433014 -0.05455624684691429 -0.03244685381650925 
v -0.18410716950893402 0.08932292461395264 0.030015213415026665 
v -0.18410716950893402 0.08932292461395264 0.03371145948767662 
v -0.17928549647331238 0.08737760037183762 0.030015213415026665 
v -0.17928549647331238 0.08737760037183762 0.03371145948767662 
v -0.15180711448192596 0.07327399402856827 0.030015213415026665 
v -0.15180711448192596 0.07327399402856827 0.03371145948767662 
v -0.13464608788490295 0.06960780918598175 0.030015213415026665 
v -0.13464608788490295 0.06960780918598175 0.03371145948767662 
v 0.0012811629567295313 0.08042867481708527 0.03371145948767662 
v 0.001125624985434115 0.08672291785478592 0.03371145948767662 
v -0.0024776719510555267 0.07105745375156403 0.03371145948767662 
v -0.0026591329369693995 0.09641212970018387 0.03371145948767662 
v -0.007869656197726727 0.0665869489312172 0.03371145948767662 
v -0.008051116950809956 0.09984450787305832 0.03371145948767662 
v -0.017577819526195526 0.06401500105857849 0.03371145948767662 
v -0.017759280279278755 0.10222004354000092 0.03371145948767662 
v -0.037849605083465576 0.10222004354000092 0.03371145948767662 
v -0.03861433267593384 0.06362219899892807 0.03371145948767662 
v -0.041478823870420456 0.07910996675491333 0.03371145948767662 
v -0.04103813320398331 0.0637250766158104 0.03371145948767662 
v -0.04128440469503403 0.06949558109045029 0.03371145948767662 
v -0.11662960052490234 0.06317327916622162 0.03371145948767662 
v -0.115683414041996 0.06885960698127747 0.03371145948767662 
v -0.13595519959926605 0.06567975133657455 0.03371145948767662 
v -0.13464608788490295 0.06960780918598175 0.03371145948767662 
v -0.15336249768733978 0.07110421359539032 0.03371145948767662 
v -0.15180711448192596 0.07327399402856827 0.03371145948767662 
v -0.1803613007068634 0.08504881709814072 0.03371145948767662 
v -0.17928549647331238 0.08737760037183762 0.03371145948767662 
v -0.18445713818073273 0.08601213246583939 0.03371145948767662 
v -0.18410716950893402 0.08932292461395264 0.03371145948767662 
v -0.20301799476146698 0.08467471599578857 0.03371145948767662 
v -0.20301799476146698 0.08572220057249069 0.03371145948767662 
v -0.11675921827554703 0.06237831339240074 0.032918646931648254 
v -0.04101221263408661 0.06293010711669922 0.032918646931648254 
v -0.03909390792250633 0.0628272294998169 0.032918646931648254 
v -0.18454785645008087 0.08517040312290192 0.032918646931648254 
v -0.20300504565238953 0.0838329941034317 0.032918646931648254 
v 0.15159568190574646 -0.021915951743721962 0.025736583396792412 
v 0.15159568190574646 -0.02569436840713024 0.025685571134090424 
v 0.15439535677433014 -0.021915951743721962 0.025736583396792412 
v 0.15439535677433014 -0.02569436840713024 0.025685571134090424 
v 0.16249629855155945 -0.08471812307834625 -0.00897708348929882 
v 0.16249629855155945 -0.08471812307834625 -0.00510017154738307 
v 0.16637179255485535 -0.08569078147411346 -0.008851679041981697 
v 0.16637179255485535 -0.08569078147411346 -0.005225575994700193 
v -0.20300504565238953 0.0838329941034317 0.032918646931648254 
v -0.20301799476146698 0.08467471599578857 0.03371145948767662 
v -0.20300504565238953 0.0838329941034317 0.030015213415026665 
v -0.20301799476146698 0.08572220057249069 0.030015213415026665 
v -0.18410716950893402 0.08932292461395264 0.03371145948767662 
v -0.18410716950893402 0.08932292461395264 0.030015213415026665 
v -0.20301799476146698 0.08572220057249069 0.03371145948767662 
v -0.20301799476146698 0.08572220057249069 0.030015213415026665 
v 0.15439535677433014 -0.019942568615078926 -0.035883788019418716 
v 0.15439535677433014 -0.023720987141132355 -0.035934798419475555 
v 0.15159568190574646 -0.019942568615078926 -0.035883788019418716 
v 0.15159568190574646 -0.023720987141132355 -0.035934798419475555 
v 0.014307470060884953 0.16970783472061157 0.023883147165179253 
v 0.22169147431850433 0.16970783472061157 0.023883147165179253 
v 0.014307470060884953 0.1753661036491394 0.023139221593737602 
v 0.22169147431850433 0.1753661036491394 0.023139221593737602 
v 0.014307470060884953 0.18064092099666595 0.020954206585884094 
v 0.22169147431850433 0.18064092099666595 0.020954206585884094 
v 0.014307470060884953 0.18516755104064941 0.01747901551425457 
v 0.22169147431850433 0.18516755104064941 0.01747901551425457 
v 0.014307470060884953 0.18864668905735016 0.012951700016856194 
v 0.22169147431850433 0.18864668905735016 0.012951700016856194 
v 0.014307470060884953 0.19082581996917725 0.007678334601223469 
v 0.22169147431850433 0.19082581996917725 0.007678334601223469 
v 0.014307470060884953 0.19157402217388153 0.0020181280560791492 
v 0.22169147431850433 0.19157402217388153 0.0020181280560791492 
v 0.014307470060884953 0.19082581996917725 -0.003639952978119254 
v 0.22169147431850433 0.19082581996917725 -0.003639952978119254 
v -0.13964922726154327 0.08491788804531097 0.03371145948767662 
v -0.1434210240840912 0.08619917929172516 0.03371145948767662 
v -0.13996030390262604 0.08348695188760757 0.03243403136730194 
v -0.14349879324436188 0.08469342440366745 0.03243403136730194 
v -0.14349879324436188 0.08469342440366745 0.030015213415026665 
v -0.14740020036697388 0.09053874760866165 0.030015213415026665 
v -0.1462595909833908 0.09112795442342758 0.03371145948767662 
v -0.14740020036697388 0.09053874760866165 0.03243403136730194 
v -0.14790570735931396 0.09449486434459686 0.030015213415026665 
v -0.1466614007949829 0.09424234926700592 0.03371145948767662 
v -0.14790570735931396 0.09449486434459686 0.03243403136730194 
v -0.14695951342582703 0.09845098108053207 0.030015213415026665 
v -0.14562447369098663 0.09853515028953552 0.03371145948767662 
v -0.14695951342582703 0.09845098108053207 0.03243403136730194 
v -0.1428377628326416 0.10235098004341125 0.030015213415026665 
v -0.14287663996219635 0.1011257991194725 0.03371145948767662 
v -0.1428377628326416 0.10235098004341125 0.03243403136730194 
v -0.13694027066230774 0.10419342666864395 0.030015213415026665 
v -0.13712173700332642 0.10293083637952805 0.03371145948767662 
v -0.13694027066230774 0.10419342666864395 0.03243403136730194 
v 0.16249629855155945 0.039081186056137085 -0.0012211339781060815 
v 0.16249629855155945 0.06924305856227875 -0.0012211339781060815 
v 0.15439535677433014 0.039081186056137085 -0.0012211339781060815 
v 0.15439535677433014 0.06924305856227875 -0.0012211339781060815 
v 0.15159568190574646 0.039081186056137085 -0.0012211339781060815 
v 0.15159568190574646 0.06924305856227875 -0.0012211339781060815 
v 0.15439535677433014 -0.05455624684691429 -0.00510017154738307 
v 0.15159568190574646 -0.05455624684691429 -0.00510017154738307 
v 0.15439535677433014 -0.05455624684691429 -0.03244685381650925 
v 0.15159568190574646 -0.05455624684691429 -0.03244685381650925 
v -0.042334284633398056 0.0925401896238327 0.03371145948767662 
v -0.042334284633398056 0.0925401896238327 0.030015213415026665 
v -0.041478823870420456 0.08434738218784332 0.03371145948767662 
v -0.041478823870420456 0.08434738218784332 0.030015213415026665 
v 0.16879558563232422 0.06682075560092926 -0.004507157020270824 
v 0.16879558563232422 0.041503485292196274 -0.004507157020270824 
v 0.16637179255485535 0.0682610496878624 -0.004974767100065947 
v 0.16637179255485535 0.040053848177194595 -0.004974767100065947 
v 0.15159568190574646 -0.05455624684691429 -0.00510017154738307 
v 0.15439535677433014 -0.05455624684691429 -0.00510017154738307 
v 0.15159568190574646 -0.08471812307834625 -0.00510017154738307 
v 0.15439535677433014 -0.08471812307834625 -0.00510017154738307 
v 0.15159568190574646 -0.11488000303506851 -0.00510017154738307 
v 0.15439535677433014 -0.11488000303506851 -0.00510017154738307 
v 0.16637179255485535 0.040053848177194595 -0.0013465385418385267 
v 0.16637179255485535 0.0682610496878624 -0.0013465385418385267 
v 0.16249629855155945 0.039081186056137085 -0.0012211339781060815 
v 0.16249629855155945 0.06924305856227875 -0.0012211339781060815 
v -0.13996030390262604 0.08348695188760757 0.03243403136730194 
v -0.13996030390262604 0.08348695188760757 0.030015213415026665 
v -0.135618194937706 0.08323442935943604 0.03243403136730194 
v -0.135618194937706 0.08323442935943604 0.030015213415026665 
v 0.15159568190574646 -0.11488000303506851 -0.00897708348929882 
v 0.15159568190574646 -0.08471812307834625 -0.00897708348929882 
v 0.15439535677433014 -0.11488000303506851 -0.00897708348929882 
v 0.15439535677433014 -0.08471812307834625 -0.00897708348929882 
v 0.16249629855155945 -0.11488000303506851 -0.00897708348929882 
v 0.16249629855155945 -0.08471812307834625 -0.00897708348929882 
v 0.15159568190574646 -0.023720987141132355 -0.035934798419475555 
v 0.15439535677433014 -0.023720987141132355 -0.035934798419475555 
v 0.15159568190574646 -0.05106775462627411 -0.035934798419475555 
v 0.15439535677433014 -0.05106775462627411 -0.035934798419475555 
v -0.13694027066230774 0.10419342666864395 0.030015213415026665 
v -0.13694027066230774 0.10419342666864395 0.03243403136730194 
v -0.13104279339313507 0.10364162921905518 0.030015213415026665 
v -0.13104279339313507 0.10364162921905518 0.03243403136730194 
v -0.04094740375876427 0.1037912666797638 0.030015213415026665 
v -0.04094740375876427 0.1037912666797638 0.03243403136730194 
v -0.039845675230026245 0.1035013422369957 0.030015213415026665 
v -0.0384976789355278 0.1035013422369957 0.03243615850806236 
v -0.017772242426872253 0.1035013422369957 0.030015213415026665 
v -0.017772242426872253 0.1035013422369957 0.03243615850806236 
v -0.13119833171367645 0.10237903892993927 0.03371145948767662 
v -0.04110294207930565 0.10252867639064789 0.03371145948767662 
v -0.037849605083465576 0.10222004354000092 0.03371145948767662 
v -0.017759280279278755 0.10222004354000092 0.03371145948767662 
v 0.15439535677433014 -0.02569436840713024 0.025685571134090424 
v 0.15159568190574646 -0.02569436840713024 0.025685571134090424 
v 0.15439535677433014 -0.05455624684691429 0.025736583396792412 
v 0.15159568190574646 -0.05455624684691429 0.025736583396792412 
v -0.10212568193674088 0.07785673439502716 0.03371145948767662 
v -0.10212568193674088 0.07581788301467896 0.03371145948767662 
v -0.041478823870420456 0.08434738218784332 0.03371145948767662 
v -0.042334284633398056 0.0925401896238327 0.03371145948767662 
v -0.04110294207930565 0.10252867639064789 0.03371145948767662 
v -0.1213475912809372 0.09280206263065338 0.03371145948767662 
v -0.13119833171367645 0.10237903892993927 0.03371145948767662 
v -0.13333697617053986 0.09368119388818741 0.03371145948767662 
v -0.13844381272792816 0.09384018927812576 0.03371145948767662 
v -0.13964922726154327 0.08491788804531097 0.03371145948767662 
v -0.1434210240840912 0.08619917929172516 0.03371145948767662 
v -0.13712173700332642 0.10293083637952805 0.03371145948767662 
v -0.14316178858280182 0.09352220594882965 0.03371145948767662 
v -0.1462595909833908 0.09112795442342758 0.03371145948767662 
v -0.14287663996219635 0.1011257991194725 0.03371145948767662 
v -0.1466614007949829 0.09424234926700592 0.03371145948767662 
v 0.15159568190574646 -0.08471812307834625 -0.00897708348929882 
v 0.15159568190574646 -0.08471812307834625 -0.00510017154738307 
v 0.15439535677433014 -0.08471812307834625 -0.00897708348929882 
v 0.15439535677433014 -0.08471812307834625 -0.00510017154738307 
v 0.16249629855155945 -0.08471812307834625 -0.00897708348929882 
v 0.16249629855155945 -0.08471812307834625 -0.00510017154738307 
v -0.12794499099254608 0.08906105160713196 0.03371145948767662 
v -0.1351645439863205 0.0846560150384903 0.03371145948767662 
v -0.13021326065063477 0.08650781214237213 0.03371145948767662 
v -0.135618194937706 0.08323442935943604 0.03243403136730194 
v 0.15159568190574646 0.06924305856227875 -0.016871189698576927 
v 0.15439535677433014 0.06924305856227875 -0.016871189698576927 
v 0.15159568190574646 0.06580133736133575 -0.02130710892379284 
v 0.15439535677433014 0.06580133736133575 -0.02130710892379284 
v -0.13595519959926605 0.06567975133657455 0.03371145948767662 
v -0.15336249768733978 0.07110421359539032 0.03371145948767662 
v -0.13620147109031677 0.06490349024534225 0.032918646931648254 
v -0.15386798977851868 0.07040277123451233 0.032918646931648254 
v -0.15386798977851868 0.07040277123451233 0.030015213415026665 
v -0.18071125447750092 0.08427256345748901 0.030015213415026665 
v -0.1803613007068634 0.08504881709814072 0.03371145948767662 
v -0.18071125447750092 0.08427256345748901 0.032918646931648254 
v -0.18454785645008087 0.08517040312290192 0.030015213415026665 
v -0.18445713818073273 0.08601213246583939 0.03371145948767662 
v -0.18454785645008087 0.08517040312290192 0.032918646931648254 
v 0.15439535677433014 -0.019942568615078926 -0.035883788019418716 
v 0.15159568190574646 -0.019942568615078926 -0.035883788019418716 
v 0.15439535677433014 0.0089193070307374 -0.035934798419475555 
v 0.15159568190574646 0.0089193070307374 -0.035934798419475555 
v 0.15159568190574646 0.005430817138403654 0.025736583396792412 
v 0.15439535677433014 0.005430817138403654 0.025736583396792412 
v 0.15159568190574646 0.0089193070307374 0.02224651165306568 
v 0.15439535677433014 0.0089193070307374 0.02224651165306568 
v 0.15159568190574646 -0.023720987141132355 -0.00510017154738307 
v 0.15439535677433014 -0.023720987141132355 -0.00510017154738307 
v 0.15159568190574646 -0.023720987141132355 -0.035934798419475555 
v 0.15439535677433014 -0.023720987141132355 -0.035934798419475555 
v 0.1697806566953659 0.04283154383301735 -0.003705843584612012 
v 0.1697806566953659 0.06548334658145905 -0.003705843584612012 
v 0.1697806566953659 0.04283154383301735 -0.0026133365463465452 
v 0.1697806566953659 0.06548334658145905 -0.0026133365463465452 
v 0.16637179255485535 0.040053848177194595 -0.004974767100065947 
v 0.16637179255485535 0.040053848177194595 -0.0013465385418385267 
v 0.16249629855155945 0.039081186056137085 -0.00510017154738307 
v 0.16249629855155945 0.039081186056137085 -0.0012211339781060815 
v 0.15439535677433014 -0.05455624684691429 0.025736583396792412 
v 0.15159568190574646 -0.05455624684691429 0.025736583396792412 
v 0.15439535677433014 -0.08471812307834625 0.017980633303523064 
v 0.15159568190574646 -0.08471812307834625 0.017980633303523064 
v 0.15439535677433014 -0.11143827438354492 0.011108891107141972 
v 0.15159568190574646 -0.11143827438354492 0.011108891107141972 
v 0.15439535677433014 0.005430817138403654 0.025736583396792412 
v 0.15439535677433014 0.0089193070307374 0.02224651165306568 
v 0.16637179255485535 0.0682610496878624 -0.0013465385418385267 
v 0.16637179255485535 0.040053848177194595 -0.0013465385418385267 
v 0.16879558563232422 0.06682075560092926 -0.0018120229942724109 
v 0.16879558563232422 0.041503485292196274 -0.0018120229942724109 
v 0.16637179255485535 -0.08569078147411346 -0.008851679041981697 
v 0.16637179255485535 -0.1139073371887207 -0.008851679041981697 
v 0.16249629855155945 -0.08471812307834625 -0.00897708348929882 
v 0.16249629855155945 -0.11488000303506851 -0.00897708348929882 
v 0.15159568190574646 -0.021915951743721962 0.025736583396792412 
v 0.15159568190574646 0.005430817138403654 0.025736583396792412 
v 0.15159568190574646 -0.021915951743721962 -0.00510017154738307 
v 0.15159568190574646 0.0089193070307374 0.02224651165306568 
v 0.15159568190574646 0.0089193070307374 -0.00510017154738307 
v 0.15159568190574646 -0.019942568615078926 -0.035883788019418716 
v 0.15159568190574646 0.0089193070307374 -0.035934798419475555 
v 0.15159568190574646 0.039081186056137085 -0.00510017154738307 
v 0.15159568190574646 0.039081186056137085 -0.028178850188851357 
v 0.15159568190574646 0.06924305856227875 -0.00510017154738307 
v 0.15159568190574646 0.039081186056137085 -0.0012211339781060815 
v 0.15159568190574646 0.06924305856227875 -0.0012211339781060815 
v 0.15159568190574646 0.06924305856227875 -0.016871189698576927 
v 0.15159568190574646 0.06580133736133575 -0.02130710892379284 
v 0.16249629855155945 0.06924305856227875 -0.00510017154738307 
v 0.16249629855155945 0.039081186056137085 -0.00510017154738307 
v 0.15439535677433014 0.06924305856227875 -0.00510017154738307 
v 0.15439535677433014 0.039081186056137085 -0.00510017154738307 
v 0.16637179255485535 0.0682610496878624 -0.0013465385418385267 
v 0.16637179255485535 0.0682610496878624 -0.004974767100065947 
v 0.16249629855155945 0.06924305856227875 -0.0012211339781060815 
v 0.16249629855155945 0.06924305856227875 -0.00510017154738307 
v 0.15159568190574646 -0.11143827438354492 0.011108891107141972 
v 0.15159568190574646 -0.11488000303506851 0.006670847535133362 
v 0.15159568190574646 -0.021915951743721962 -0.00510017154738307 
v 0.15439535677433014 -0.021915951743721962 -0.00510017154738307 
v 0.15159568190574646 -0.021915951743721962 0.025736583396792412 
v 0.15439535677433014 -0.021915951743721962 0.025736583396792412 
v 0.15159568190574646 -0.02569436840713024 0.025685571134090424 
v 0.15439535677433014 -0.02569436840713024 0.025685571134090424 
v 0.15159568190574646 -0.023720987141132355 -0.00510017154738307 
v 0.15439535677433014 -0.023720987141132355 -0.00510017154738307 
v -0.10212568193674088 0.07785673439502716 0.030015213415026665 
v -0.10212568193674088 0.07581788301467896 0.030015213415026665 
v -0.20300504565238953 0.0838329941034317 0.032918646931648254 
v -0.20300504565238953 0.0838329941034317 0.030015213415026665 
v -0.18454785645008087 0.08517040312290192 0.032918646931648254 
v -0.18454785645008087 0.08517040312290192 0.030015213415026665 
v 0.15159568190574646 -0.023720987141132355 -0.035934798419475555 
v 0.15439535677433014 -0.11143827438354492 0.011108891107141972 
v 0.16249629855155945 -0.11488000303506851 -0.00897708348929882 
v -0.13620147109031677 0.06490349024534225 0.030015213415026665 
v -0.13996030390262604 0.08348695188760757 0.030015213415026665 
v -0.14562447369098663 0.09853515028953552 0.03371145948767662 
v -0.20301799476146698 0.08572220057249069 0.03371145948767662 
v -0.13620147109031677 0.06490349024534225 0.032918646931648254 
v -0.017759280279278755 0.10222004354000092 0.03371145948767662 
v -0.13996030390262604 0.08348695188760757 0.03243403136730194 
v -0.13712173700332642 0.10293083637952805 0.03371145948767662 
vn -1.0341130485562108e-13 0.999997615814209 0.002184694167226553 
vn -1.0341130485562108e-13 0.999997615814209 0.002184694167226553 
vn -1.0341130485562108e-13 0.999997615814209 0.002184694167226553 
vn -1.0341130485562108e-13 0.999997615814209 0.002184694167226553 
vn 0 0 1 
vn 0 0 1 
vn 0 0 1 
vn 0 0 1 
vn 0 0 1 
vn 0 0 1 
vn 0.999997615814209 0 0.002184694167226553 
vn 0.999997615814209 0 0.002184694167226553 
vn 0.999997615814209 0 0.002184694167226553 
vn 0.999997615814209 0 0.002184694167226553 
vn 0.999997615814209 0 0.002184694167226553 
vn 0.999997615814209 0 0.002184694167226553 
vn 0.999997615814209 0 0.002184694167226553 
vn 0.999997615814209 0 0.002184694167226553 
vn 0.999997615814209 0 0.002184694167226553 
vn 0.999997615814209 0 0.002184694167226553 
vn 0.999997615814209 0 0.002184694167226553 
vn 0.999997615814209 0 0.002184694167226553 
vn 0.999997615814209 0 0.002184694167226553 
vn 0.999997615814209 0 0.002184694167226553 
vn 0.999997615814209 0 0.002184694167226553 
vn 0.999997615814209 0 0.002184694167226553 
vn 0.999997615814209 0 0.002184694167226553 
vn 0.999997615814209 0 0.002184694167226553 
vn 0.999997615814209 0 0.002184694167226553 
vn 0.999997615814209 0 0.002184694167226553 
vn 0.999997615814209 0 0.002184694167226553 
vn -0.6601486206054688 0.3789559006690979 -0.6485338807106018 
vn -0.37848833203315735 0.6505249738693237 -0.6584556698799133 
vn -0.742764949798584 0.0415102019906044 -0.6682642698287964 
vn -2.0682311115474694e-13 0 -1 
vn -0.704020082950592 -0.26606741547584534 -0.6584556698799133 
vn -0.46706250309944153 -0.6081708073616028 -0.641857385635376 
vn -0.08107104897499084 0.7424234747886658 -0.6650074124336243 
vn -2.0682311115474694e-13 0 -1 
vn -0.1445692777633667 -0.7207444906234741 -0.677958071231842 
vn 0.034004971385002136 0.6945943832397461 -0.7185974717140198 
vn -2.0682311115474694e-13 0 -1 
vn 0.06411680579185486 -0.7352655529975891 -0.67473965883255 
vn 0.15902940928936005 -0.6166413426399231 -0.7710143327713013 
vn 0.4164855480194092 -0.5205240249633789 -0.7453821301460266 
vn 0.39394527673721313 -0.6546157598495483 -0.6452018022537231 
vn 0.05664302781224251 0.726944625377655 -0.6843559741973877 
vn -0.30640897154808044 -0.33578476309776306 -0.8907088041305542 
vn 0.07534616440534592 0.6590813994407654 -0.7482877969741821 
vn -0.3317386209964752 0.2690419554710388 -0.9041935205459595 
vn -0.2827456295490265 -0.30949631333351135 -0.9078915119171143 
vn -0.04721821844577789 -0.7625517249107361 -0.6452018022537231 
vn -0.028321359306573868 -0.6594904661178589 -0.7511792182922363 
vn -0.30451828241348267 0.2938365638256073 -0.9060511589050293 
vn -0.04344441369175911 -0.7218336462974548 -0.6907016038894653 
vn 0.013233121484518051 0.701554536819458 -0.7124928832054138 
vn -0.15737266838550568 -0.7088927626609802 -0.6875353455543518 
vn 0.08672210574150085 0.6804432272911072 -0.7276512384414673 
vn -0.2726433575153351 -0.6730235815048218 -0.6875353455543518 
vn 0.22618617117404938 0.6374086141586304 -0.736579954624176 
vn -0.2332981526851654 -0.6348400712013245 -0.736579954624176 
vn 0.3003826439380646 0.6511289477348328 -0.6969945430755615 
vn -0.0509578213095665 -0.6679469347000122 -0.7424622178077698 
vn 0.07731097936630249 0.7572494745254517 -0.6485338807106018 
vn -0.5593969225883484 -0.5994490385055542 -0.5724822878837585 
vn -0.6246245503425598 0.5153627395629883 -0.5867242813110352 
vn -0.999997615814209 -2.0682260971124217e-13 0.002184694167226553 
vn -0.999997615814209 -2.0682260971124217e-13 0.002184694167226553 
vn -0.999997615814209 -2.0682260971124217e-13 0.002184694167226553 
vn -0.999997615814209 -2.0682260971124217e-13 0.002184694167226553 
vn -0.999997615814209 -2.0682260971124217e-13 0.002184694167226553 
vn -0.999997615814209 -2.0682260971124217e-13 0.002184694167226553 
vn -0.999997615814209 -2.0682260971124217e-13 0.002184694167226553 
vn -0.999997615814209 -2.0682260971124217e-13 0.002184694167226553 
vn -0.999997615814209 -2.0682260971124217e-13 0.002184694167226553 
vn -0.999997615814209 -2.0682260971124217e-13 0.002184694167226553 
vn -0.999997615814209 -2.0682260971124217e-13 0.002184694167226553 
vn 0.2466406375169754 -0.969104528427124 0.002184694167226553 
vn 0.2466406375169754 -0.969104528427124 0.002184694167226553 
vn 0.2466406375169754 -0.969104528427124 0.002184694167226553 
vn 0.2466406375169754 -0.969104528427124 0.002184694167226553 
vn 0.999997615814209 0 0.002184694167226553 
vn 0.999997615814209 0 0.002184694167226553 
vn 0.999997615814209 0 0.002184694167226553 
vn 0.999997615814209 0 0.002184694167226553 
vn -0.3025352656841278 0.2958778738975525 0.9060511589050293 
vn -0.30451828241348267 0.2938365638256073 -0.9060511589050293 
vn 0.009420190006494522 0.701616108417511 0.7124928832054138 
vn 0.013233121484518051 0.701554536819458 -0.7124928832054138 
vn 0.0826818123459816 0.6809459924697876 0.7276512384414673 
vn 0.08672210574150085 0.6804432272911072 -0.7276512384414673 
vn 0.09977320581674576 -0.7253010272979736 -0.681163489818573 
vn 0.12411849200725555 -0.9210972785949707 0.3690181374549866 
vn -0.04721821844577789 -0.7625517249107361 -0.6452018022537231 
vn -0.02264740690588951 -0.9225530624389648 0.3852050006389618 
vn -0.028321359306573868 -0.6594904661178589 -0.7511792182922363 
vn -0.0339299701154232 -0.918803334236145 0.3932546079158783 
vn -0.04344441369175911 -0.7218336462974548 -0.6907016038894653 
vn -0.05654428154230118 -0.9227745532989502 0.3811691105365753 
vn -0.15737266838550568 -0.7088927626609802 -0.6875353455543518 
vn -0.19836021959781647 -0.9029747247695923 0.3811691105365753 
vn -0.0018831010675057769 -0.38721561431884766 0.9219872951507568 
vn 0.0581887923181057 -0.4071181118488312 0.9115201234817505 
vn -0.0018865399761125445 -0.7914631962776184 0.6112139225006104 
vn -0.0018865399761125445 -0.7914631962776184 0.6112139225006104 
vn -0.0018865399761125445 -0.7914631962776184 0.6112139225006104 
vn -0.0018865399761125445 -0.7914631962776184 0.6112139225006104 
vn -0.30451828241348267 0.2938365638256073 -0.9060511589050293 
vn -0.3025352656841278 0.2958778738975525 0.9060511589050293 
vn -0.2827456295490265 -0.30949631333351135 -0.9078915119171143 
vn -0.28421127796173096 -0.3081509470939636 0.9078915119171143 
vn 0.08478685468435287 0.727205216884613 -0.681163489818573 
vn 0.10722560435533524 0.9215840697288513 0.37307560443878174 
vn 0.29400789737701416 0.680173397064209 -0.6715083718299866 
vn 0.3585239052772522 0.8643206357955933 0.3527185618877411 
vn 0.5699483752250671 0.5045419931411743 -0.6485338807106018 
vn 0.6890315413475037 0.650355875492096 0.3198012113571167 
vn 0.7267056703567505 0.17223241925239563 -0.6650074124336243 
vn 0.9272037744522095 0.24616557359695435 0.28230419754981995 
vn 0.9208977818489075 -0.2168211191892624 0.3239381015300751 
vn 0.4899689555168152 0.08236343413591385 0.8678402304649353 
vn 0.47872093319892883 -0.05258622765541077 0.8763908743858337 
vn 0.18607227504253387 0.3975474238395691 0.8985171914100647 
vn 0.42578867077827454 0.28421977162361145 0.8590245246887207 
vn 3.097898456858039e-13 -0.999997615814209 0.002184694167226553 
vn 3.097898456858039e-13 -0.999997615814209 0.002184694167226553 
vn 3.097898456858039e-13 -0.999997615814209 0.002184694167226553 
vn 3.097898456858039e-13 -0.999997615814209 0.002184694167226553 
vn 3.097898456858039e-13 -0.999997615814209 0.002184694167226553 
vn 3.097898456858039e-13 -0.999997615814209 0.002184694167226553 
vn 3.097898456858039e-13 -0.999997615814209 0.002184694167226553 
vn 0.6334428787231445 0 0.7737894654273987 
vn 0.6334428787231445 0 0.7737894654273987 
vn 0.6334428787231445 0 0.7737894654273987 
vn 0.6334428787231445 0 0.7737894654273987 
vn 0.39802098274230957 -0.25009316205978394 0.882628321647644 
vn 0.7274247407913208 -0.6049110293388367 0.3239381015300751 
vn 0.5901792645454407 -0.4623759090900421 -0.661737859249115 
vn 0.34171730279922485 -0.6673322319984436 -0.661737859249115 
vn 0.22814449667930603 -0.3976649045944214 0.888714075088501 
vn 0.41844847798347473 -0.8403578400611877 0.34452807903289795 
vn 0.09977320581674576 -0.7253010272979736 -0.681163489818573 
vn 0.0581887923181057 -0.4071181118488312 0.9115201234817505 
vn 0.12411849200725555 -0.9210972785949707 0.3690181374549866 
vn 0.6334428787231445 0 -0.7737894654273987 
vn 0.6334428787231445 0 -0.7737894654273987 
vn 0.6334428787231445 0 -0.7737894654273987 
vn 0.6334428787231445 0 -0.7737894654273987 
vn -0.2827456295490265 -0.30949631333351135 -0.9078915119171143 
vn -0.28421127796173096 -0.3081509470939636 0.9078915119171143 
vn -0.5617526769638062 -0.5937924981117249 -0.5760593414306641 
vn -0.5597190856933594 -0.5957098007202148 0.5760593414306641 
vn 0.1620895117521286 -0.6158440709114075 0.7710143327713013 
vn 0.15902940928936005 -0.6166413426399231 -0.7710143327713013 
vn -0.30435624718666077 -0.3376464545726776 0.8907088041305542 
vn -0.30640897154808044 -0.33578476309776306 -0.8907088041305542 
vn -0.3327632546424866 0.2677735984325409 0.9041935205459595 
vn -0.3317386209964752 0.2690419554710388 -0.9041935205459595 
vn -0.6061204671859741 0.5408498644828796 0.5831804275512695 
vn -0.6030141711235046 0.5443110466003418 -0.5831804275512695 
vn -0.5617526769638062 -0.5937924981117249 -0.5760593414306641 
vn -0.5597190856933594 -0.5957098007202148 0.5760593414306641 
vn -0.6030141711235046 0.5443110466003418 -0.5831804275512695 
vn -0.6061204671859741 0.5408498644828796 0.5831804275512695 
vn -2.5927422711504063e-14 0.2507207691669464 -0.9680594801902771 
vn -2.5927422711504063e-14 0.2507207691669464 -0.9680594801902771 
vn -2.5927422711504063e-14 0.2507207691669464 -0.9680594801902771 
vn -2.5927422711504063e-14 0.2507207691669464 -0.9680594801902771 
vn -2.5927422711504063e-14 0.2507207691669464 -0.9680594801902771 
vn -2.5927422711504063e-14 0.2507207691669464 -0.9680594801902771 
vn 0.5108591318130493 0.8596616387367249 0.002184694167226553 
vn 0.5108591318130493 0.8596616387367249 0.002184694167226553 
vn 0.5108591318130493 0.8596616387367249 0.002184694167226553 
vn 0.5108591318130493 0.8596616387367249 0.002184694167226553 
vn 0.15902940928936005 -0.6166413426399231 -0.7710143327713013 
vn 0.1620895117521286 -0.6158440709114075 0.7710143327713013 
vn 0.4164855480194092 -0.5205240249633789 -0.7453821301460266 
vn 0.418161004781723 -0.5191789865493774 0.7453821301460266 
vn 0.39394527673721313 -0.6546157598495483 -0.6452018022537231 
vn 0.4355672299861908 -0.8299040198326111 0.34862664341926575 
vn 0.06411680579185486 -0.7352655529975891 -0.67473965883255 
vn 0.08097891509532928 -0.9123713374137878 0.401274174451828 
vn 0.49921146035194397 -0.501876711845398 0.7063339352607727 
vn 0.06559101492166519 -0.3816245496273041 0.9219872951507568 
vn 0 0 1 
vn 0 0 1 
vn 0 0 1 
vn 0 0 1 
vn 0.999997615814209 0 0.002184694167226553 
vn 0.999997615814209 0 0.002184694167226553 
vn 0.999997615814209 0 0.002184694167226553 
vn 0.999997615814209 0 0.002184694167226553 
vn 0.999997615814209 0 0.002184694167226553 
vn 0.999997615814209 0 0.002184694167226553 
vn 0.5108591318130493 -0.8596616387367249 0.002184694167226553 
vn 0.5108591318130493 -0.8596616387367249 0.002184694167226553 
vn 0.5108591318130493 -0.8596616387367249 0.002184694167226553 
vn 0.5108591318130493 -0.8596616387367249 0.002184694167226553 
vn 0.19107110798358917 0 0.9815762042999268 
vn 0.19107110798358917 0 0.9815762042999268 
vn 0.19107110798358917 0 0.9815762042999268 
vn 0.19107110798358917 0 0.9815762042999268 
vn 0.7359629273414612 -0.1574634611606598 -0.6584556698799133 
vn 0.6334428787231445 0 0.7737894654273987 
vn 0.6334428787231445 0 0.7737894654273987 
vn 0.6334428787231445 0 0.7737894654273987 
vn 0.6334428787231445 0 0.7737894654273987 
vn 0.8054491877555847 -0.5926607847213745 0.002184694167226553 
vn 0.8054491877555847 -0.5926607847213745 0.002184694167226553 
vn 0.8054491877555847 -0.5926607847213745 0.002184694167226553 
vn 0.8054491877555847 -0.5926607847213745 0.002184694167226553 
vn 0.19107110798358917 0 -0.9815762042999268 
vn 0.19107110798358917 0 -0.9815762042999268 
vn 0.19107110798358917 0 -0.9815762042999268 
vn 0.19107110798358917 0 -0.9815762042999268 
vn -0.0018864546436816454 -0.9979918599128723 -0.0633138045668602 
vn -0.0018864546436816454 -0.9979918599128723 -0.0633138045668602 
vn -0.0018864546436816454 -0.9979918599128723 -0.0633138045668602 
vn -0.0018864546436816454 -0.9979918599128723 -0.0633138045668602 
vn 0.030580973252654076 0 -0.9995322823524475 
vn 0.030580973252654076 0 -0.9995322823524475 
vn 0.030580973252654076 0 -0.9995322823524475 
vn 0.030580973252654076 0 -0.9995322823524475 
vn 0.6334428787231445 0 -0.7737894654273987 
vn 0.6334428787231445 0 -0.7737894654273987 
vn 0.6334428787231445 0 -0.7737894654273987 
vn 0.6334428787231445 0 -0.7737894654273987 
vn 0.5108591318130493 -0.8596616387367249 0.002184694167226553 
vn 0.5108591318130493 -0.8596616387367249 0.002184694167226553 
vn 0.5108591318130493 -0.8596616387367249 0.002184694167226553 
vn 0.5108591318130493 -0.8596616387367249 0.002184694167226553 
vn 3.097898456858039e-13 -0.999997615814209 0.002184694167226553 
vn 3.097898456858039e-13 -0.999997615814209 0.002184694167226553 
vn 3.097898456858039e-13 -0.999997615814209 0.002184694167226553 
vn 3.097898456858039e-13 -0.999997615814209 0.002184694167226553 
vn 3.097898456858039e-13 -0.999997615814209 0.002184694167226553 
vn 3.097898456858039e-13 -0.999997615814209 0.002184694167226553 
vn 0.8054491877555847 0.5926607847213745 0.002184694167226553 
vn 0.8054491877555847 0.5926607847213745 0.002184694167226553 
vn 0.8054491877555847 0.5926607847213745 0.002184694167226553 
vn 0.8054491877555847 0.5926607847213745 0.002184694167226553 
vn 0.8054491877555847 -0.5926607847213745 0.002184694167226553 
vn 0.8054491877555847 -0.5926607847213745 0.002184694167226553 
vn 0.8054491877555847 -0.5926607847213745 0.002184694167226553 
vn 0.8054491877555847 -0.5926607847213745 0.002184694167226553 
vn 0.5108591318130493 0.8596616387367249 0.002184694167226553 
vn 0.5108591318130493 0.8596616387367249 0.002184694167226553 
vn 0.5108591318130493 0.8596616387367249 0.002184694167226553 
vn 0.5108591318130493 0.8596616387367249 0.002184694167226553 
vn 0.7359629273414612 -0.1574634611606598 -0.6584556698799133 
vn 0.5901792645454407 -0.4623759090900421 -0.661737859249115 
vn 0.7267056703567505 0.17223241925239563 -0.6650074124336243 
vn 0.5699483752250671 0.5045419931411743 -0.6485338807106018 
vn 0.34171730279922485 -0.6673322319984436 -0.661737859249115 
vn 0.29400789737701416 0.680173397064209 -0.6715083718299866 
vn 0.09977320581674576 -0.7253010272979736 -0.681163489818573 
vn 0.08478685468435287 0.727205216884613 -0.681163489818573 
vn 0.8054491877555847 0.5926607847213745 0.002184694167226553 
vn 0.8054491877555847 0.5926607847213745 0.002184694167226553 
vn 0.8054491877555847 0.5926607847213745 0.002184694167226553 
vn 0.8054491877555847 0.5926607847213745 0.002184694167226553 
vn 0.030580973252654076 0 0.9995322823524475 
vn 0.030580973252654076 0 0.9995322823524475 
vn 0.030580973252654076 0 0.9995322823524475 
vn 0.030580973252654076 0 0.9995322823524475 
vn -1.0341130485562108e-13 0.999997615814209 0.002184694167226553 
vn -1.0341130485562108e-13 0.999997615814209 0.002184694167226553 
vn -1.0341130485562108e-13 0.999997615814209 0.002184694167226553 
vn -1.0341130485562108e-13 0.999997615814209 0.002184694167226553 
vn -1.0341130485562108e-13 0.999997615814209 0.002184694167226553 
vn -1.0341130485562108e-13 0.999997615814209 0.002184694167226553 
vn -1.0341130485562108e-13 0.999997615814209 0.002184694167226553 
vn -1.0341130485562108e-13 0.999997615814209 0.002184694167226553 
vn 0 0 1 
vn 0 0 1 
vn 0 0 1 
vn 0 0 1 
vn 0.0018878303235396743 -0.7078762650489807 -0.7063339352607727 
vn 0.0018878303235396743 -0.7078762650489807 -0.7063339352607727 
vn 0.0018878303235396743 -0.7078762650489807 -0.7063339352607727 
vn 0.0018878303235396743 -0.7078762650489807 -0.7063339352607727 
vn 0.07731097936630249 0.7572494745254517 -0.6485338807106018 
vn 0.07155881077051163 0.7578147053718567 0.6485338807106018 
vn 0.3003826439380646 0.6511289477348328 -0.6969945430755615 
vn 0.2960139811038971 0.65312659740448 0.6969945430755615 
vn 0.22618617117404938 0.6374086141586304 -0.736579954624176 
vn 0.22896376252174377 0.6364161968231201 0.736579954624176 
vn 0.08672210574150085 0.6804432272911072 -0.7276512384414673 
vn 0.0826818123459816 0.6809459924697876 0.7276512384414673 
vn 0.47872093319892883 -0.05258622765541077 0.8763908743858337 
vn 0.4899689555168152 0.08236343413591385 0.8678402304649353 
vn 0.39802098274230957 -0.25009316205978394 0.882628321647644 
vn 0.42578867077827454 0.28421977162361145 0.8590245246887207 
vn 0.22814449667930603 -0.3976649045944214 0.888714075088501 
vn 0.18607227504253387 0.3975474238395691 0.8985171914100647 
vn 0.0581887923181057 -0.4071181118488312 0.9115201234817505 
vn 0.052537355571985245 0.4038659334182739 0.913308322429657 
vn 0.01693633385002613 0.37471914291381836 0.926983654499054 
vn -0.0018831010675057769 -0.38721561431884766 0.9219872951507568 
vn -0.28421127796173096 -0.3081509470939636 0.9078915119171143 
vn -0.00564715126529336 -0.37505918741226196 0.926983654499054 
vn -0.3025352656841278 0.2958778738975525 0.9060511589050293 
vn -0.02632072940468788 -0.3943850100040436 0.9185682535171509 
vn 0.009420190006494522 0.701616108417511 0.7124928832054138 
vn -0.08585654199123383 -0.3858250677585602 0.9185682535171509 
vn 0.0826818123459816 0.6809459924697876 0.7276512384414673 
vn -0.14163434505462646 -0.36038753390312195 0.9219872951507568 
vn 0.22896376252174377 0.6364161968231201 0.736579954624176 
vn -0.11944640427827835 -0.31658393144607544 0.9410139322280884 
vn 0.2960139811038971 0.65312659740448 0.6969945430755615 
vn -0.024442551657557487 -0.33335813879966736 0.9424833655357361 
vn 0.07155881077051163 0.7578147053718567 0.6485338807106018 
vn -0.6227850317955017 -0.302308052778244 0.7216291427612305 
vn -0.6275398135185242 0.5118089914321899 0.5867242813110352 
vn -0.05654428154230118 -0.9227745532989502 0.3811691105365753 
vn -0.0339299701154232 -0.918803334236145 0.3932546079158783 
vn -0.02264740690588951 -0.9225530624389648 0.3852050006389618 
vn -0.07163450121879578 -0.9077975153923035 0.41324591636657715 
vn -0.6012766361236572 -0.7358181476593018 0.31150925159454346 
vn 4.0606729845218004e-15 -0.013107799924910069 0.9999141097068787 
vn 4.0606729845218004e-15 -0.013107799924910069 0.9999141097068787 
vn 4.0606729845218004e-15 -0.013107799924910069 0.9999141097068787 
vn 4.0606729845218004e-15 -0.013107799924910069 0.9999141097068787 
vn 0.2466406375169754 0.969104528427124 0.002184694167226553 
vn 0.2466406375169754 0.969104528427124 0.002184694167226553 
vn 0.2466406375169754 0.969104528427124 0.002184694167226553 
vn 0.2466406375169754 0.969104528427124 0.002184694167226553 
vn -0.6012766361236572 -0.7358181476593018 0.31150925159454346 
vn -0.6227850317955017 -0.302308052778244 0.7216291427612305 
vn -0.5593969225883484 -0.5994490385055542 -0.5724822878837585 
vn -0.6246245503425598 0.5153627395629883 -0.5867242813110352 
vn 0.07155881077051163 0.7578147053718567 0.6485338807106018 
vn 0.07731097936630249 0.7572494745254517 -0.6485338807106018 
vn -0.6275398135185242 0.5118089914321899 0.5867242813110352 
vn -0.6246245503425598 0.5153627395629883 -0.5867242813110352 
vn 0.0040505328215658665 0.012466258369386196 -0.9999141097068787 
vn 0.0040505328215658665 0.012466258369386196 -0.9999141097068787 
vn 0.0040505328215658665 0.012466258369386196 -0.9999141097068787 
vn 0.0040505328215658665 0.012466258369386196 -0.9999141097068787 
vn 0.0037324668373912573 0.13065338134765625 0.991421103477478 
vn 0.0037324668373912573 0.13065338134765625 0.991421103477478 
vn 0.0018760409438982606 0.2591639459133148 0.9658315181732178 
vn 0.0018760409438982606 0.2591639459133148 0.9658315181732178 
vn 0.0037625895347446203 0.5006163716316223 0.865661084651947 
vn 0.0037625895347446203 0.5006163716316223 0.865661084651947 
vn 0.00376924779266119 0.707868754863739 0.7063339352607727 
vn 0.00376924779266119 0.707868754863739 0.7063339352607727 
vn 0.0037714340724051 0.8667445182800293 0.4987381398677826 
vn 0.0037714340724051 0.8667445182800293 0.4987381398677826 
vn 0.0018857260001823306 0.9663935899734497 0.25706008076667786 
vn 0.0018857260001823306 0.9663935899734497 0.25706008076667786 
vn -1.0341130485562108e-13 0.999997615814209 0.002184694167226553 
vn -1.0341130485562108e-13 0.999997615814209 0.002184694167226553 
vn 0.0018881993601098657 0.9917024970054626 -0.12854042649269104 
vn 0.0018881993601098657 0.9917024970054626 -0.12854042649269104 
vn -0.07281617820262909 -0.37209051847457886 0.9253358840942383 
vn -0.32076582312583923 -0.322098046541214 0.8907088041305542 
vn -0.174299955368042 -0.8992210626602173 0.401274174451828 
vn -0.5452998876571655 -0.7486147284507751 0.37712597846984863 
vn -0.46706250309944153 -0.6081708073616028 -0.641857385635376 
vn -0.704020082950592 -0.26606741547584534 -0.6584556698799133 
vn -0.4175627827644348 -0.1475343257188797 0.8965907096862793 
vn -0.8780790567398071 -0.3320806622505188 0.34452807903289795 
vn -0.742764949798584 0.0415102019906044 -0.6682642698287964 
vn -0.42274928092956543 0.018824126571416855 0.9060511589050293 
vn -0.9293051362037659 0.05657615885138512 0.3649536371231079 
vn -0.6601486206054688 0.3789559006690979 -0.6485338807106018 
vn -0.399316668510437 0.28267043828964233 0.872148871421814 
vn -0.8244754076004028 0.4520537555217743 0.34042292833328247 
vn -0.37848833203315735 0.6505249738693237 -0.6584556698799133 
vn -0.27023938298225403 0.40783214569091797 0.872148871421814 
vn -0.46210938692092896 0.8255416750907898 0.3239381015300751 
vn -0.08107104897499084 0.7424234747886658 -0.6650074124336243 
vn -0.052534181624650955 0.42785659432411194 0.9023185968399048 
vn -0.08847972750663757 0.9284047484397888 0.36088213324546814 
vn 0 0 1 
vn 0 0 1 
vn 0 0 1 
vn 0 0 1 
vn 0 0 1 
vn 0 0 1 
vn 3.097898456858039e-13 -0.999997615814209 0.002184694167226553 
vn 3.097898456858039e-13 -0.999997615814209 0.002184694167226553 
vn 3.097898456858039e-13 -0.999997615814209 0.002184694167226553 
vn 3.097898456858039e-13 -0.999997615814209 0.002184694167226553 
vn -0.30435624718666077 -0.3376464545726776 0.8907088041305542 
vn -0.30640897154808044 -0.33578476309776306 -0.8907088041305542 
vn -0.3327632546424866 0.2677735984325409 0.9041935205459595 
vn -0.3317386209964752 0.2690419554710388 -0.9041935205459595 
vn 0.19107110798358917 0 -0.9815762042999268 
vn 0.19107110798358917 0 -0.9815762042999268 
vn 0.19107110798358917 0 -0.9815762042999268 
vn 0.19107110798358917 0 -0.9815762042999268 
vn -2.0682311115474694e-13 0 -1 
vn -2.0682311115474694e-13 0 -1 
vn -2.0682311115474694e-13 0 -1 
vn -2.0682311115474694e-13 0 -1 
vn -2.0682311115474694e-13 0 -1 
vn -2.0682311115474694e-13 0 -1 
vn 0.030580973252654076 0 0.9995322823524475 
vn 0.030580973252654076 0 0.9995322823524475 
vn 0.030580973252654076 0 0.9995322823524475 
vn 0.030580973252654076 0 0.9995322823524475 
vn -0.174299955368042 -0.8992210626602173 0.401274174451828 
vn -0.1445692777633667 -0.7207444906234741 -0.677958071231842 
vn 0.08097891509532928 -0.9123713374137878 0.401274174451828 
vn 0.06411680579185486 -0.7352655529975891 -0.67473965883255 
vn -2.0682311115474694e-13 0 -1 
vn -2.0682311115474694e-13 0 -1 
vn -2.0682311115474694e-13 0 -1 
vn -2.0682311115474694e-13 0 -1 
vn -2.0682311115474694e-13 0 -1 
vn -2.0682311115474694e-13 0 -1 
vn -2.0682311115474694e-13 0 -1 
vn -2.0682311115474694e-13 0 -1 
vn -2.0682311115474694e-13 0 -1 
vn -2.0682311115474694e-13 0 -1 
vn -0.08107104897499084 0.7424234747886658 -0.6650074124336243 
vn -0.08847972750663757 0.9284047484397888 0.36088213324546814 
vn 0.034004971385002136 0.6945943832397461 -0.7185974717140198 
vn 0.03773894160985947 0.9220590591430664 0.3852050006389618 
vn 0.05664302781224251 0.726944625377655 -0.6843559741973877 
vn 0.06599082797765732 0.9286840558052063 0.3649536371231079 
vn 0.07534616440534592 0.6590813994407654 -0.7482877969741821 
vn 0.05845550075173378 0.9243153929710388 0.37712597846984863 
vn 0.08478685468435287 0.727205216884613 -0.681163489818573 
vn 0.10722560435533524 0.9215840697288513 0.37307560443878174 
vn 0.01693633385002613 0.37471914291381836 0.926983654499054 
vn 0.018807338550686836 0.3948146402835846 0.9185682535171509 
vn 0.01693633385002613 0.37471914291381836 0.926983654499054 
vn 0.052537355571985245 0.4038659334182739 0.913308322429657 
vn 0 0 1 
vn 0 0 1 
vn 0 0 1 
vn 0 0 1 
vn -0.6061204671859741 0.5408498644828796 0.5831804275512695 
vn -0.5597190856933594 -0.5957098007202148 0.5760593414306641 
vn -0.3327632546424866 0.2677735984325409 0.9041935205459595 
vn -0.30435624718666077 -0.3376464545726776 0.8907088041305542 
vn 0.018807338550686836 0.3948146402835846 0.9185682535171509 
vn 0.1620895117521286 -0.6158440709114075 0.7710143327713013 
vn 0.01693633385002613 0.37471914291381836 0.926983654499054 
vn 0 0 1 
vn 0 0 1 
vn -0.07281617820262909 -0.37209051847457886 0.9253358840942383 
vn -0.32076582312583923 -0.322098046541214 0.8907088041305542 
vn -0.052534181624650955 0.42785659432411194 0.9023185968399048 
vn 0 0 1 
vn -0.4175627827644348 -0.1475343257188797 0.8965907096862793 
vn -0.27023938298225403 0.40783214569091797 0.872148871421814 
vn -0.42274928092956543 0.018824126571416855 0.9060511589050293 
vn -1.0341130485562108e-13 0.999997615814209 0.002184694167226553 
vn -1.0341130485562108e-13 0.999997615814209 0.002184694167226553 
vn -1.0341130485562108e-13 0.999997615814209 0.002184694167226553 
vn -1.0341130485562108e-13 0.999997615814209 0.002184694167226553 
vn -1.0341130485562108e-13 0.999997615814209 0.002184694167226553 
vn -1.0341130485562108e-13 0.999997615814209 0.002184694167226553 
vn 0.418161004781723 -0.5191789865493774 0.7453821301460266 
vn 0.06559101492166519 -0.3816245496273041 0.9219872951507568 
vn 0.49921146035194397 -0.501876711845398 0.7063339352607727 
vn 0.08097891509532928 -0.9123713374137878 0.401274174451828 
vn 0.003778803162276745 0.791456401348114 -0.6112139225006104 
vn 0.003778803162276745 0.791456401348114 -0.6112139225006104 
vn 0.003778803162276745 0.791456401348114 -0.6112139225006104 
vn 0.003778803162276745 0.791456401348114 -0.6112139225006104 
vn -0.08585654199123383 -0.3858250677585602 0.9185682535171509 
vn -0.14163434505462646 -0.36038753390312195 0.9219872951507568 
vn -0.19836021959781647 -0.9029747247695923 0.3811691105365753 
vn -0.3546821177005768 -0.8501163721084595 0.3892335295677185 
vn -0.2726433575153351 -0.6730235815048218 -0.6875353455543518 
vn -0.2332981526851654 -0.6348400712013245 -0.736579954624176 
vn -0.11944640427827835 -0.31658393144607544 0.9410139322280884 
vn -0.3142069876194 -0.8546939492225647 0.41324591636657715 
vn -0.0509578213095665 -0.6679469347000122 -0.7424622178077698 
vn -0.024442551657557487 -0.33335813879966736 0.9424833655357361 
vn -0.07163450121879578 -0.9077975153923035 0.41324591636657715 
vn -2.0682311115474694e-13 0 -1 
vn -2.0682311115474694e-13 0 -1 
vn -2.0682311115474694e-13 0 -1 
vn -2.0682311115474694e-13 0 -1 
vn 0.00376924779266119 0.707868754863739 0.7063339352607727 
vn 0.00376924779266119 0.707868754863739 0.7063339352607727 
vn 0.00376924779266119 0.707868754863739 0.7063339352607727 
vn 0.00376924779266119 0.707868754863739 0.7063339352607727 
vn -1.0341130485562108e-13 0.999997615814209 0.002184694167226553 
vn -1.0341130485562108e-13 0.999997615814209 0.002184694167226553 
vn -1.0341130485562108e-13 0.999997615814209 0.002184694167226553 
vn -1.0341130485562108e-13 0.999997615814209 0.002184694167226553 
vn 0.999997615814209 0 0.002184694167226553 
vn 0.999997615814209 0 0.002184694167226553 
vn 0.999997615814209 0 0.002184694167226553 
vn 0.999997615814209 0 0.002184694167226553 
vn 0.2466406375169754 -0.969104528427124 0.002184694167226553 
vn 0.2466406375169754 -0.969104528427124 0.002184694167226553 
vn 0.2466406375169754 -0.969104528427124 0.002184694167226553 
vn 0.2466406375169754 -0.969104528427124 0.002184694167226553 
vn 0.0037506339140236378 -0.2506926953792572 0.9680594801902771 
vn 0.0037506339140236378 -0.2506926953792572 0.9680594801902771 
vn 0.0037506339140236378 -0.2506926953792572 0.9680594801902771 
vn 0.0037506339140236378 -0.2506926953792572 0.9680594801902771 
vn 0.0037506339140236378 -0.2506926953792572 0.9680594801902771 
vn 0.0037506339140236378 -0.2506926953792572 0.9680594801902771 
vn 0.999997615814209 0 0.002184694167226553 
vn 0.999997615814209 0 0.002184694167226553 
vn 0.19107110798358917 0 0.9815762042999268 
vn 0.19107110798358917 0 0.9815762042999268 
vn 0.19107110798358917 0 0.9815762042999268 
vn 0.19107110798358917 0 0.9815762042999268 
vn 0.030580973252654076 0 -0.9995322823524475 
vn 0.030580973252654076 0 -0.9995322823524475 
vn 0.030580973252654076 0 -0.9995322823524475 
vn 0.030580973252654076 0 -0.9995322823524475 
vn -0.999997615814209 -2.0682260971124217e-13 0.002184694167226553 
vn -0.999997615814209 -2.0682260971124217e-13 0.002184694167226553 
vn -0.999997615814209 -2.0682260971124217e-13 0.002184694167226553 
vn -0.999997615814209 -2.0682260971124217e-13 0.002184694167226553 
vn -0.999997615814209 -2.0682260971124217e-13 0.002184694167226553 
vn -0.999997615814209 -2.0682260971124217e-13 0.002184694167226553 
vn -0.999997615814209 -2.0682260971124217e-13 0.002184694167226553 
vn -0.999997615814209 -2.0682260971124217e-13 0.002184694167226553 
vn -0.999997615814209 -2.0682260971124217e-13 0.002184694167226553 
vn -0.999997615814209 -2.0682260971124217e-13 0.002184694167226553 
vn -0.999997615814209 -2.0682260971124217e-13 0.002184694167226553 
vn -0.999997615814209 -2.0682260971124217e-13 0.002184694167226553 
vn -0.999997615814209 -2.0682260971124217e-13 0.002184694167226553 
vn -0.999997615814209 -2.0682260971124217e-13 0.002184694167226553 
vn -2.0682311115474694e-13 0 -1 
vn -2.0682311115474694e-13 0 -1 
vn -2.0682311115474694e-13 0 -1 
vn -2.0682311115474694e-13 0 -1 
vn 0.2466406375169754 0.969104528427124 0.002184694167226553 
vn 0.2466406375169754 0.969104528427124 0.002184694167226553 
vn 0.2466406375169754 0.969104528427124 0.002184694167226553 
vn 0.2466406375169754 0.969104528427124 0.002184694167226553 
vn -0.999997615814209 -2.0682260971124217e-13 0.002184694167226553 
vn -0.999997615814209 -2.0682260971124217e-13 0.002184694167226553 
vn 3.097898456858039e-13 -0.999997615814209 0.002184694167226553 
vn 3.097898456858039e-13 -0.999997615814209 0.002184694167226553 
vn 3.097898456858039e-13 -0.999997615814209 0.002184694167226553 
vn 3.097898456858039e-13 -0.999997615814209 0.002184694167226553 
vn -0.0018864546436816454 0.9979918599128723 0.0633138045668602 
vn -0.0018864546436816454 0.9979918599128723 0.0633138045668602 
vn -0.0018864546436816454 0.9979918599128723 0.0633138045668602 
vn -0.0018864546436816454 0.9979918599128723 0.0633138045668602 
vn -0.6030141711235046 0.5443110466003418 -0.5831804275512695 
vn -0.5617526769638062 -0.5937924981117249 -0.5760593414306641 
vn -0.6012766361236572 -0.7358181476593018 0.31150925159454346 
vn -0.5593969225883484 -0.5994490385055542 -0.5724822878837585 
vn -0.07163450121879578 -0.9077975153923035 0.41324591636657715 
vn -0.0509578213095665 -0.6679469347000122 -0.7424622178077698 
vn -0.999997615814209 -2.0682260971124217e-13 0.002184694167226553 
vn 0.999997615814209 0 0.002184694167226553 
vn 3.097898456858039e-13 -0.999997615814209 0.002184694167226553 
vn -0.15737266838550568 -0.7088927626609802 -0.6875353455543518 
vn -0.1445692777633667 -0.7207444906234741 -0.677958071231842 
vn -0.399316668510437 0.28267043828964233 0.872148871421814 
vn -0.6275398135185242 0.5118089914321899 0.5867242813110352 
vn -0.19836021959781647 -0.9029747247695923 0.3811691105365753 
vn 0.052537355571985245 0.4038659334182739 0.913308322429657 
vn -0.174299955368042 -0.8992210626602173 0.401274174451828 
vn -0.052534181624650955 0.42785659432411194 0.9023185968399048 
vt 0.9941098690032959 0.7343969345092773 
vt 0.9907001256942749 0.7343969345092773 
vt 0.9941098690032959 0.5862929821014404 
vt 0.9907001256942749 0.5862929821014404 
vt 0.9741384387016296 0.8008975386619568 
vt 0.9707286953926086 0.8008975386619568 
vt 0.9741384387016296 0.6374472975730896 
vt 0.9707286953926086 0.6374472975730896 
vt 0.9741384387016296 0.4739970862865448 
vt 0.9707286953926086 0.4739970862865448 
vt 0.08565346151590347 0.01981978863477707 
vt 0.1112266331911087 0.001184999942779541 
vt 0.04595416039228439 0.16463522613048553 
vt 0.17917819321155548 0.001184999942779541 
vt 0.17917819321155548 0.16463522613048553 
vt 0.17917819321155548 0.32808545231819153 
vt 0.0012619999470189214 0.3279636800289154 
vt 0.17917819321155548 0.4950677752494812 
vt 0.357094407081604 0.4951895773410797 
vt 0.35672906041145325 0.515651285648346 
vt 0.17917819321155548 0.50493323802948 
vt 0.0015055539552122355 0.48434972763061523 
vt 0.0012619999470189214 0.5048114657402039 
vt 0.17917819321155548 0.671915590763092 
vt 0.0012619999470189214 0.6530371904373169 
vt 0.02135520428419113 0.671915590763092 
vt 0.357094407081604 0.6720373630523682 
vt 0.31228044629096985 0.8353658318519592 
vt 0.17917819321155548 0.8353658318519592 
vt 0.17917819321155548 0.9988160133361816 
vt 0.24712976813316345 0.9988160133361816 
vt 0.9259147644042969 0.06561508029699326 
vt 0.9484435319900513 0.07048692554235458 
vt 0.9031424522399902 0.06439712643623352 
vt 0.8974189162254333 0.0697561502456665 
vt 0.8802483677864075 0.06488430500030518 
vt 0.8465161323547363 0.06914716958999634 
vt 0.9590380787849426 0.07718570530414581 
vt 0.8992456197738647 0.0752369686961174 
vt 0.8395748734474182 0.07316643744707108 
vt 0.9557501077651978 0.08400627970695496 
vt 0.898271381855011 0.08108317852020264 
vt 0.8379917740821838 0.07816006988286972 
vt 0.8931567668914795 0.09472432732582092 
vt 0.8716022372245789 0.08705118298530579 
vt 0.8423757553100586 0.08181395381689072 
vt 0.9561154842376709 0.18692390620708466 
vt 0.8910865187644958 0.18497516214847565 
vt 0.9544105529785156 0.1881418526172638 
vt 0.8438370823860168 0.18570594489574432 
vt 0.8136363625526428 0.1855841428041458 
vt 0.7196245193481445 0.18594953417778015 
vt 0.7202333807945251 0.18570594489574432 
vt 0.7582278251647949 0.1855841428041458 
vt 0.7175543308258057 0.09910898655653 
vt 0.75493985414505 0.10057053714990616 
vt 0.7322893142700195 0.07694210857152939 
vt 0.7594456076622009 0.0788908451795578 
vt 0.7640731334686279 0.05696756765246391 
vt 0.7806348204612732 0.05940348654985428 
vt 0.8443241715431213 0.02664036490023136 
vt 0.8622254133224487 0.028345508500933647 
vt 0.849560558795929 0.022255707532167435 
vt 0.8734288811683655 0.022986484691500664 
vt 0.8418886065483093 0.001184999942779541 
vt 0.8528485894203186 0.001184999942779541 
vt 0.514308512210846 0.001184999942779541 
vt 0.5367154479026794 0.001184999942779541 
vt 0.5146738290786743 0.16451343894004822 
vt 0.5369590520858765 0.16451343894004822 
vt 0.6700612902641296 0.16451343894004822 
vt 0.7149969935417175 0.3278418779373169 
vt 0.5373243689537048 0.3277200758457184 
vt 0.7149969935417175 0.4841061532497406 
vt 0.5375679135322571 0.49470239877700806 
vt 0.379623144865036 0.3277200758457184 
vt 0.35952994227409363 0.34659844636917114 
vt 0.7399612665176392 0.8768982291221619 
vt 0.7175543308258057 0.8768982291221619 
vt 0.7391088604927063 0.8716610074043274 
vt 0.7181631922721863 0.8716610074043274 
vt 0.7316804528236389 0.7339097261428833 
vt 0.7316804528236389 0.8566800951957703 
vt 0.7253480553627014 0.7339097261428833 
vt 0.7253480553627014 0.8566800951957703 
vt 0.9615954160690308 0.11128858476877213 
vt 0.9829064011573792 0.11128858476877213 
vt 0.9614736437797546 0.19630219042301178 
vt 0.982784628868103 0.19630219042301178 
vt 0.9615954160690308 0.21798187494277954 
vt 0.9829064011573792 0.21798187494277954 
vt 0.9042384624481201 0.8491287231445312 
vt 0.8875550031661987 0.8491287231445312 
vt 0.9042384624481201 0.8225772380828857 
vt 0.8875550031661987 0.8246477842330933 
vt 0.9042384624481201 0.8224554061889648 
vt 0.8875550031661987 0.8224554061889648 
vt 0.9042384624481201 0.7358585000038147 
vt 0.8874332308769226 0.7358585000038147 
vt 0.9042384624481201 0.7135698199272156 
vt 0.8875550031661987 0.7135698199272156 
vt 0.8829274773597717 0.8251349329948425 
vt 0.8829274773597717 0.8491287231445312 
vt 0.9721900224685669 0.8347568511962891 
vt 0.9687802791595459 0.8347568511962891 
vt 0.9721900224685669 0.8107630014419556 
vt 0.9687802791595459 0.8107630014419556 
vt 0.7175543308258057 0.8793341517448425 
vt 0.738865315914154 0.8793341517448425 
vt 0.7175543308258057 0.9313410520553589 
vt 0.738865315914154 0.9313410520553589 
vt 0.9541670083999634 0.2377128303050995 
vt 0.9681713581085205 0.2377128303050995 
vt 0.9539234638214111 0.2507449984550476 
vt 0.9678060412406921 0.2507449984550476 
vt 0.9536799192428589 0.26937979459762573 
vt 0.967684268951416 0.26937979459762573 
vt 0.9535581469535828 0.3216302692890167 
vt 0.9675624966621399 0.32175207138061523 
vt 0.9703633785247803 0.3671819865703583 
vt 0.9749909043312073 0.3288162350654602 
vt 0.9748691320419312 0.3629191219806671 
vt 0.9752344489097595 0.25768738985061646 
vt 0.9749909043312073 0.2763221561908722 
vt 0.9687802791595459 0.8347568511962891 
vt 0.9721900224685669 0.8347568511962891 
vt 0.9687802791595459 0.8984561562538147 
vt 0.9721900224685669 0.8984561562538147 
vt 0.9721900224685669 0.9195268154144287 
vt 0.9687802791595459 0.9195268154144287 
vt 0.9590380787849426 0.8984561562538147 
vt 0.7565229535102844 0.8566800951957703 
vt 0.7565229535102844 0.7339097261428833 
vt 0.7612722516059875 0.8638660907745361 
vt 0.7612722516059875 0.7267237901687622 
vt 0.9749909043312073 0.41370806097984314 
vt 0.9704851508140564 0.4179709255695343 
vt 0.9536799192428589 0.4179709255695343 
vt 0.9539234638214111 0.44208651781082153 
vt 0.9752344489097595 0.43782365322113037 
vt 0.9706069231033325 0.44208651781082153 
vt 0.9541670083999634 0.45597127079963684 
vt 0.9754779934883118 0.45158660411834717 
vt 0.9709722399711609 0.45597127079963684 
vt 0.750312328338623 0.7339097261428833 
vt 0.750312328338623 0.8566800951957703 
vt 0.745684802532196 0.7267237901687622 
vt 0.745684802532196 0.8638660907745361 
vt 0.8143670558929443 0.852295458316803 
vt 0.835677981376648 0.852295458316803 
vt 0.8143670558929443 0.9215973615646362 
vt 0.835677981376648 0.9215973615646362 
vt 0.9067957997322083 0.8325644731521606 
vt 0.9281067252159119 0.8325644731521606 
vt 0.9067957997322083 0.9229371547698975 
vt 0.9281067252159119 0.9228153228759766 
vt 0.9042384624481201 0.9206230044364929 
vt 0.8829274773597717 0.9209883809089661 
vt 0.9042384624481201 0.8515646457672119 
vt 0.8829274773597717 0.8518082499504089 
vt 0.8789088129997253 0.902840793132782 
vt 0.8789088129997253 0.9228153228759766 
vt 0.8672182559967041 0.902840793132782 
vt 0.8672182559967041 0.9228153228759766 
vt 0.9814450740814209 0.5470746755599976 
vt 0.9780353307723999 0.5470746755599976 
vt 0.9816886186599731 0.3830154538154602 
vt 0.9782788753509521 0.3830154538154602 
vt 0.9818103909492493 0.2377128303050995 
vt 0.9784006476402283 0.2377128303050995 
vt 0.7612722516059875 0.7267237901687622 
vt 0.745684802532196 0.7267237901687622 
vt 0.7639513611793518 0.71880704164505 
vt 0.7430056929588318 0.71880704164505 
vt 0.7639513611793518 0.9310974478721619 
vt 0.7425186038017273 0.9308538436889648 
vt 0.7638295888900757 0.9108793139457703 
vt 0.7425186038017273 0.9107575416564941 
vt 0.7639513611793518 0.8834752440452576 
vt 0.7499470114707947 0.8833534121513367 
vt 0.7638295888900757 0.8794559836387634 
vt 0.7498252391815186 0.8793341517448425 
vt 0.7425186038017273 0.8969945907592773 
vt 0.7423968315124512 0.8870072960853577 
vt 0.9846112728118896 0.7228263020515442 
vt 0.9880210161209106 0.7228263020515442 
vt 0.9847330451011658 0.8709302544593811 
vt 0.9881427884101868 0.8709302544593811 
vt 0.9345609545707703 0.47436246275901794 
vt 0.9563590288162231 0.4739970862865448 
vt 0.9402844309806824 0.6413447856903076 
vt 0.9506354928016663 0.6409794092178345 
vt 0.9345609545707703 0.8083270788192749 
vt 0.9563590288162231 0.8079617023468018 
vt 0.7639513611793518 0.8716610074043274 
vt 0.7430056929588318 0.8716610074043274 
vt 0.7612722516059875 0.8638660907745361 
vt 0.745684802532196 0.8638660907745361 
vt 0.8457854986190796 0.7189288139343262 
vt 0.8457854986190796 0.8717827796936035 
vt 0.8428628444671631 0.7267237901687622 
vt 0.8428628444671631 0.8638660907745361 
vt 0.9535581469535828 0.36706018447875977 
vt 0.7363079786300659 0.7267237901687622 
vt 0.7363079786300659 0.8638660907745361 
vt 0.7316804528236389 0.7339097261428833 
vt 0.7316804528236389 0.8566800951957703 
vt 0.7612722516059875 0.8638660907745361 
vt 0.745684802532196 0.8638660907745361 
vt 0.7565229535102844 0.8566800951957703 
vt 0.750312328338623 0.8566800951957703 
vt 0.7937867045402527 0.71880704164505 
vt 0.7937867045402527 0.8716610074043274 
vt 0.7908640503883362 0.7267237901687622 
vt 0.7908640503883362 0.8638660907745361 
vt 0.9682931303977966 0.8079617023468018 
vt 0.9648833870887756 0.8079617023468018 
vt 0.9682931303977966 0.6411011815071106 
vt 0.9648833870887756 0.6411011815071106 
vt 0.8706279993057251 0.7135698199272156 
vt 0.8706279993057251 0.8770200610160828 
vt 0.865878701210022 0.7189288139343262 
vt 0.865878701210022 0.8717827796936035 
vt 0.7253480553627014 0.7339097261428833 
vt 0.7253480553627014 0.8566800951957703 
vt 0.7207205295562744 0.7267237901687622 
vt 0.7207205295562744 0.8638660907745361 
vt 0.7391088604927063 0.8716610074043274 
vt 0.7181631922721863 0.8716610074043274 
vt 0.7363079786300659 0.8638660907745361 
vt 0.7207205295562744 0.8638660907745361 
vt 0.8672182559967041 0.9004048705101013 
vt 0.8672182559967041 0.8794559836387634 
vt 0.8706279993057251 0.9004048705101013 
vt 0.8706279993057251 0.8794559836387634 
vt 0.8803701400756836 0.9004048705101013 
vt 0.8803701400756836 0.8794559836387634 
vt 0.745684802532196 0.7267237901687622 
vt 0.7612722516059875 0.7267237901687622 
vt 0.750312328338623 0.7339097261428833 
vt 0.7565229535102844 0.7339097261428833 
vt 0.7363079786300659 0.8638660907745361 
vt 0.7207205295562744 0.8638660907745361 
vt 0.7316804528236389 0.8566800951957703 
vt 0.7253480553627014 0.8566800951957703 
vt 0.7181631922721863 0.71880704164505 
vt 0.7391088604927063 0.71880704164505 
vt 0.7207205295562744 0.7267237901687622 
vt 0.7363079786300659 0.7267237901687622 
vt 0.8165590167045593 0.23539870977401733 
vt 0.7623682618141174 0.22991788387298584 
vt 0.8649044632911682 0.23539870977401733 
vt 0.9206783771514893 0.2304050773382187 
vt 0.7366732954978943 0.22370629012584686 
vt 0.9404062032699585 0.22443707287311554 
vt 0.7218164801597595 0.21250106394290924 
vt 0.9542887806892395 0.21335363388061523 
vt 0.7207205295562744 0.7267237901687622 
vt 0.7363079786300659 0.7267237901687622 
vt 0.7253480553627014 0.7339097261428833 
vt 0.7316804528236389 0.7339097261428833 
vt 0.8505347967147827 0.7135698199272156 
vt 0.8505347967147827 0.8770200610160828 
vt 0.8457854986190796 0.7189288139343262 
vt 0.8457854986190796 0.8717827796936035 
vt 0.9854637384414673 0.2195652276277542 
vt 0.9854637384414673 0.19861631095409393 
vt 0.9953276515007019 0.2195652276277542 
vt 0.9953276515007019 0.19861631095409393 
vt 0.9987373948097229 0.2195652276277542 
vt 0.9987373948097229 0.19861631095409393 
vt 0.9987373948097229 0.13479521870613098 
vt 0.9953276515007019 0.13479521870613098 
vt 0.8505347967147827 0.8770200610160828 
vt 0.8505347967147827 0.7135698199272156 
vt 0.8603987097740173 0.8770200610160828 
vt 0.8603987097740173 0.7135698199272156 
vt 0.9941098690032959 0.9039369225502014 
vt 0.9907001256942749 0.9039369225502014 
vt 0.9941098690032959 0.885058581829071 
vt 0.9907001256942749 0.885058581829071 
vt 0.9831499457359314 0.10860907286405563 
vt 0.9617171883583069 0.10897445678710938 
vt 0.9831499457359314 0.09801281988620758 
vt 0.9617171883583069 0.09837821125984192 
vt 0.982784628868103 0.02128133922815323 
vt 0.9614736437797546 0.021524932235479355 
vt 0.9831499457359314 0.001184999942779541 
vt 0.9617171883583069 0.0014285920187830925 
vt 0.8245962858200073 0.2377128303050995 
vt 0.8608858585357666 0.23856540024280548 
vt 0.7704055309295654 0.24100132286548615 
vt 0.9166597127914429 0.24392442405223846 
vt 0.74446702003479 0.24672573804855347 
vt 0.9363875985145569 0.250501424074173 
vt 0.729366660118103 0.25744378566741943 
vt 0.9499048590660095 0.2618284523487091 
vt 0.9494177103042603 0.284726083278656 
vt 0.7265658378601074 0.28143760561943054 
vt 0.8159501552581787 0.286431223154068 
vt 0.727174699306488 0.28423890471458435 
vt 0.7604198455810547 0.28521326184272766 
vt 0.7221818566322327 0.37059226632118225 
vt 0.75493985414505 0.3701050877571106 
vt 0.7361862063407898 0.39288094639778137 
vt 0.7588367462158203 0.39178475737571716 
vt 0.7671175599098206 0.4133426547050476 
vt 0.7796605825424194 0.41175931692123413 
vt 0.8468815088272095 0.44574040174484253 
vt 0.8602769374847412 0.4447660446166992 
vt 0.8523614406585693 0.45049044489860535 
vt 0.8713586926460266 0.45049044489860535 
vt 0.8440806269645691 0.47156116366386414 
vt 0.8501694798469543 0.47168293595314026 
vt 0.7175543308258057 0.37059226632118225 
vt 0.722547173500061 0.28411710262298584 
vt 0.7220600843429565 0.2819247841835022 
vt 0.8474903702735901 0.45049044489860535 
vt 0.839331328868866 0.4714393615722656 
vt 0.9846112728118896 0.7228263020515442 
vt 0.9844895005226135 0.7023645639419556 
vt 0.9880210161209106 0.7228263020515442 
vt 0.9878992438316345 0.7023645639419556 
vt 0.7175543308258057 0.7134479880332947 
vt 0.7399612665176392 0.7135698199272156 
vt 0.7181631922721863 0.71880704164505 
vt 0.7391088604927063 0.71880704164505 
vt 0.8428628444671631 0.9080780148506165 
vt 0.8476121425628662 0.9038151502609253 
vt 0.8428628444671631 0.9237896800041199 
vt 0.8537009954452515 0.9237896800041199 
vt 0.8428628444671631 0.8799431324005127 
vt 0.8641738295555115 0.8794559836387634 
vt 0.8428628444671631 0.9013792276382446 
vt 0.8641738295555115 0.9008920788764954 
vt 0.9816886186599731 0.7034607529640198 
vt 0.9816886186599731 0.7239224910736084 
vt 0.9782788753509521 0.7034607529640198 
vt 0.9782788753509521 0.7239224910736084 
vt 0.9320036172866821 0.4739970862865448 
vt 0.9320036172866821 0.711012065410614 
vt 0.8993673920631409 0.4741188585758209 
vt 0.8993673920631409 0.711012065410614 
vt 0.8689231276512146 0.4741188585758209 
vt 0.8689231276512146 0.7111338973045349 
vt 0.841523289680481 0.47424066066741943 
vt 0.841523289680481 0.711255669593811 
vt 0.8136363625526428 0.4741188585758209 
vt 0.8136363625526428 0.711012065410614 
vt 0.7828267812728882 0.4739970862865448 
vt 0.7828267812728882 0.711012065410614 
vt 0.7500687837600708 0.4739970862865448 
vt 0.7500687837600708 0.711012065410614 
vt 0.7175543308258057 0.4739970862865448 
vt 0.7175543308258057 0.711012065410614 
vt 0.9564808011054993 0.8185579776763916 
vt 0.956237256526947 0.8256221413612366 
vt 0.9490523934364319 0.8107630014419556 
vt 0.9488088488578796 0.8174617886543274 
vt 0.9349262714385986 0.8174617886543274 
vt 0.9346827268600464 0.8492505550384521 
vt 0.95599365234375 0.8524172306060791 
vt 0.9485653042793274 0.8493723273277283 
vt 0.9345609545707703 0.8706866502761841 
vt 0.95599365234375 0.8693469166755676 
vt 0.9485653042793274 0.8708084225654602 
vt 0.9345609545707703 0.892122745513916 
vt 0.95599365234375 0.8924881219863892 
vt 0.9485653042793274 0.892122745513916 
vt 0.9348044991493225 0.9129498600959778 
vt 0.9561154842376709 0.906494677066803 
vt 0.9488088488578796 0.9130716323852539 
vt 0.9351698160171509 0.9226935505867004 
vt 0.9564808011054993 0.9158729314804077 
vt 0.9490523934364319 0.9226935505867004 
vt 0.7750330567359924 0.8768982291221619 
vt 0.7750330567359924 0.7134479880332947 
vt 0.784896969795227 0.8768982291221619 
vt 0.784896969795227 0.7134479880332947 
vt 0.7883067727088928 0.8768982291221619 
vt 0.7883067727088928 0.7134479880332947 
vt 0.9907001256942749 0.736832857131958 
vt 0.9941098690032959 0.736832857131958 
vt 0.9907001256942749 0.885058581829071 
vt 0.9941098690032959 0.885058581829071 
vt 0.7886720895767212 0.9236679077148438 
vt 0.7673611044883728 0.9236679077148438 
vt 0.7886720895767212 0.8793341517448425 
vt 0.7673611044883728 0.8793341517448425 
vt 0.8628342747688293 0.8639878630638123 
vt 0.8628342747688293 0.7268455624580383 
vt 0.865878701210022 0.8717827796936035 
vt 0.865878701210022 0.7189288139343262 
vt 0.9941098690032959 0.5646132826805115 
vt 0.9907001256942749 0.5646132826805115 
vt 0.9941098690032959 0.4011630713939667 
vt 0.9907001256942749 0.4011630713939667 
vt 0.9941098690032959 0.2377128303050995 
vt 0.9907001256942749 0.2377128303050995 
vt 0.7702837586402893 0.8716610074043274 
vt 0.7702837586402893 0.71880704164505 
vt 0.7750330567359924 0.8768982291221619 
vt 0.7750330567359924 0.7134479880332947 
vt 0.9589163064956665 0.458285391330719 
vt 0.9589163064956665 0.4714393615722656 
vt 0.9535581469535828 0.458285391330719 
vt 0.9535581469535828 0.4714393615722656 
vt 0.8118097186088562 0.7134479880332947 
vt 0.8118097186088562 0.8768982291221619 
vt 0.8083999752998352 0.7134479880332947 
vt 0.8083999752998352 0.8768982291221619 
vt 0.7985360026359558 0.7134479880332947 
vt 0.7985360026359558 0.8768982291221619 
vt 0.9782788753509521 0.7239224910736084 
vt 0.9816886186599731 0.7239224910736084 
vt 0.9784006476402283 0.8720263838768005 
vt 0.9818103909492493 0.8720263838768005 
vt 0.835921585559845 0.8497377038002014 
vt 0.8219171762466431 0.8497377038002014 
vt 0.8357997536659241 0.8430389761924744 
vt 0.8219171762466431 0.8429171442985535 
vt 0.835921585559845 0.739999532699585 
vt 0.8219171762466431 0.739999532699585 
vt 0.835921585559845 0.7387815713882446 
vt 0.8219171762466431 0.7371982336044312 
vt 0.835921585559845 0.7135698199272156 
vt 0.8219171762466431 0.7135698199272156 
vt 0.8143670558929443 0.8431607484817505 
vt 0.8143670558929443 0.740243136882782 
vt 0.8143670558929443 0.7364674806594849 
vt 0.8143670558929443 0.7134479880332947 
vt 0.9878992438316345 0.7023645639419556 
vt 0.9844895005226135 0.7023645639419556 
vt 0.9877774715423584 0.5459784865379333 
vt 0.9843677282333374 0.5459784865379333 
vt 0.8071821928024292 0.3556113541126251 
vt 0.7954915761947632 0.3553677797317505 
vt 0.846150815486908 0.28704020380973816 
vt 0.8934003114700317 0.28886714577674866 
vt 0.9510008096694946 0.2885017693042755 
vt 0.8930349946022034 0.3791179955005646 
vt 0.9480781555175781 0.391419380903244 
vt 0.8977842926979065 0.39288094639778137 
vt 0.8986366987228394 0.398727148771286 
vt 0.8470032811164856 0.39921432733535767 
vt 0.8543098568916321 0.40359899401664734 
vt 0.9510008096694946 0.39823997020721436 
vt 0.8966882824897766 0.404086172580719 
vt 0.8826839327812195 0.40737465023994446 
vt 0.9405279755592346 0.40457335114479065 
vt 0.900706946849823 0.40822723507881165 
vt 0.7950044870376587 0.9237896800041199 
vt 0.7950044870376587 0.9027190208435059 
vt 0.7984142303466797 0.9237896800041199 
vt 0.7984142303466797 0.9027190208435059 
vt 0.8082782030105591 0.9237896800041199 
vt 0.8082782030105591 0.9027190208435059 
vt 0.8712368607521057 0.38630396127700806 
vt 0.8456637263298035 0.3939771056175232 
vt 0.8565018773078918 0.3886180818080902 
vt 0.8375046849250793 0.39434248208999634 
vt 0.9987373948097229 0.13479521870613098 
vt 0.9953276515007019 0.13479521870613098 
vt 0.9986156225204468 0.11128858476877213 
vt 0.9952058792114258 0.11128858476877213 
vt 0.928472101688385 0.7177108526229858 
vt 0.928228497505188 0.7480380535125732 
vt 0.923844575881958 0.7135698199272156 
vt 0.9234791994094849 0.7442623972892761 
vt 0.9067957997322083 0.7446277737617493 
vt 0.9070393443107605 0.8209939002990723 
vt 0.928472101688385 0.8247695565223694 
vt 0.923844575881958 0.8207502961158752 
vt 0.9070393443107605 0.8261092901229858 
vt 0.928472101688385 0.8302503824234009 
vt 0.9237228035926819 0.8257439136505127 
vt 0.9816886186599731 0.7034607529640198 
vt 0.9782788753509521 0.7034607529640198 
vt 0.9814450740814209 0.5470746755599976 
vt 0.9780353307723999 0.5470746755599976 
vt 0.9907001256942749 0.566927433013916 
vt 0.9941098690032959 0.566927433013916 
vt 0.9907001256942749 0.5862929821014404 
vt 0.9941098690032959 0.5862929821014404 
vt 0.9589163064956665 0.6411011815071106 
vt 0.9623261094093323 0.6411011815071106 
vt 0.9589163064956665 0.8080834746360779 
vt 0.9623261094093323 0.8080834746360779 
vt 0.750312328338623 0.8566800951957703 
vt 0.750312328338623 0.7339097261428833 
vt 0.7565229535102844 0.8566800951957703 
vt 0.7565229535102844 0.7339097261428833 
vt 0.7430056929588318 0.8716610074043274 
vt 0.7639513611793518 0.8716610074043274 
vt 0.7423968315124512 0.8768982291221619 
vt 0.7648037672042847 0.8768982291221619 
vt 0.9877774715423584 0.5459784865379333 
vt 0.9843677282333374 0.5459784865379333 
vt 0.9880210161209106 0.38252827525138855 
vt 0.9846112728118896 0.38252827525138855 
vt 0.9881427884101868 0.2377128303050995 
vt 0.9847330451011658 0.2377128303050995 
vt 0.357094407081604 0.3469638526439667 
vt 0.3368794023990631 0.32808545231819153 
vt 0.7702837586402893 0.71880704164505 
vt 0.7702837586402893 0.8716610074043274 
vt 0.7673611044883728 0.7266019582748413 
vt 0.7673611044883728 0.8638660907745361 
vt 0.7937867045402527 0.8716610074043274 
vt 0.7937867045402527 0.71880704164505 
vt 0.7985360026359558 0.8768982291221619 
vt 0.7985360026359558 0.7134479880332947 
vt 0.359895259141922 0.9905338883399963 
vt 0.35952994227409363 0.8424299955368042 
vt 0.5375679135322571 0.9905338883399963 
vt 0.379623144865036 0.823551595211029 
vt 0.5373243689537048 0.8236733675003052 
vt 0.7149969935417175 0.9799376726150513 
vt 0.7149969935417175 0.8236733675003052 
vt 0.5369590520858765 0.6603449583053589 
vt 0.6700612902641296 0.6603449583053589 
vt 0.5367154479026794 0.4970165193080902 
vt 0.5146738290786743 0.6603449583053589 
vt 0.514308512210846 0.4970165193080902 
vt 0.6045452356338501 0.4971383213996887 
vt 0.6301184296607971 0.5157731175422668 
vt 0.8706279993057251 0.8770200610160828 
vt 0.8706279993057251 0.7135698199272156 
vt 0.8803701400756836 0.8770200610160828 
vt 0.8803701400756836 0.7135698199272156 
vt 0.7639513611793518 0.71880704164505 
vt 0.7430056929588318 0.71880704164505 
vt 0.7648037672042847 0.7135698199272156 
vt 0.7423968315124512 0.7134479880332947 
vt 0.6301184296607971 0.01981978863477707 
vt 0.6045452356338501 0.001184999942779541 
vt 0.9682931303977966 0.6411011815071106 
vt 0.9648833870887756 0.6411011815071106 
vt 0.9682931303977966 0.4739970862865448 
vt 0.9648833870887756 0.4739970862865448 
vt 0.9589163064956665 0.4739970862865448 
vt 0.9623261094093323 0.4739970862865448 
vt 0.9589163064956665 0.6411011815071106 
vt 0.9623261094093323 0.6411011815071106 
vt 0.8068168759346008 0.11628221720457077 
vt 0.7950044870376587 0.11628221720457077 
vt 0.8118097186088562 0.9004048705101013 
vt 0.7950044870376587 0.9004048705101013 
vt 0.8118097186088562 0.8793341517448425 
vt 0.7950044870376587 0.8793341517448425 
vt 0.359895259141922 0.49458059668540955 
vt 0.2727029323577881 0.9801812767982483 
vt 0.9590380787849426 0.9195268154144287 
vt 0.9071611166000366 0.7139351963996887 
vt 0.9351698160171509 0.8107630014419556 
vt 0.9255494475364685 0.40749645233154297 
vt 0.8537009954452515 0.9038151502609253 
vt 0.7316804528236389 0.393124520778656 
vt 0.9754779934883118 0.24465520679950714 
vt 0.8388441801071167 0.3993361294269562 
vt 0.8143670558929443 0.8498595356941223 
s on 
f 1/1/1 2/2/2 3/3/3 
f 2/2/2 4/4/4 3/3/3 
f 3/3/3 4/4/4 4/4/4 
f 4/4/4 5/5/5 4/4/4 
f 4/4/4 5/5/5 5/5/5 
f 5/5/5 6/6/6 5/5/5 
f 5/5/5 6/6/6 7/7/7 
f 6/6/6 8/8/8 7/7/7 
f 7/7/7 8/8/8 9/9/9 
f 8/8/8 10/10/10 9/9/9 
f 9/9/9 10/10/10 10/10/10 
f 10/10/10 11/11/11 10/10/10 
f 10/10/10 11/11/11 11/11/11 
f 11/11/11 12/12/12 11/11/11 
f 11/11/11 12/12/12 13/13/13 
f 12/12/12 14/14/14 13/13/13 
f 13/13/13 14/14/14 15/15/15 
f 14/14/14 15/15/15 15/15/15 
f 15/15/15 15/15/15 15/15/15 
f 15/15/15 16/16/16 15/15/15 
f 15/15/15 16/16/16 13/13/13 
f 16/16/16 17/17/17 13/13/13 
f 13/13/13 17/17/17 17/17/17 
f 17/17/17 16/16/16 17/17/17 
f 17/17/17 16/16/16 18/18/18 
f 16/16/16 19/19/19 18/18/18 
f 18/18/18 19/19/19 20/20/20 
f 19/19/19 20/20/20 20/20/20 
f 20/20/20 20/20/20 20/20/20 
f 20/20/20 21/21/21 20/20/20 
f 20/20/20 21/21/21 18/18/18 
f 21/21/21 22/22/22 18/18/18 
f 18/18/18 22/22/22 17/17/17 
f 22/22/22 17/17/17 17/17/17 
f 17/17/17 17/17/17 22/22/22 
f 17/17/17 22/22/22 22/22/22 
f 22/22/22 22/22/22 22/22/22 
f 22/22/22 21/21/21 22/22/22 
f 22/22/22 21/21/21 23/23/23 
f 21/21/21 24/24/24 23/23/23 
f 23/23/23 24/24/24 25/25/25 
f 24/24/24 26/26/26 25/25/25 
f 25/25/25 26/26/26 26/26/26 
f 26/26/26 24/24/24 26/26/26 
f 26/26/26 24/24/24 24/24/24 
f 24/24/24 21/21/21 24/24/24 
f 24/24/24 21/21/21 27/27/27 
f 21/21/21 20/20/20 27/27/27 
f 27/27/27 20/20/20 20/20/20 
f 20/20/20 27/27/27 20/20/20 
f 20/20/20 27/27/27 27/27/27 
f 27/27/27 28/28/28 27/27/27 
f 27/27/27 28/28/28 24/24/24 
f 28/28/28 29/29/29 24/24/24 
f 24/24/24 29/29/29 29/29/29 
f 29/29/29 28/28/28 29/29/29 
f 29/29/29 28/28/28 30/30/30 
f 28/28/28 31/31/31 30/30/30 
f 30/30/30 31/31/31 31/31/31 
f 31/31/31 32/32/32 31/31/31 
f 31/31/31 32/32/32 32/32/32 
f 32/32/32 33/33/33 32/32/32 
f 32/32/32 33/33/33 34/34/34 
f 33/33/33 35/35/35 34/34/34 
f 34/34/34 35/35/35 36/36/36 
f 35/35/35 37/37/37 36/36/36 
f 36/36/36 37/37/37 37/37/37 
f 37/37/37 33/33/33 37/37/37 
f 37/37/37 33/33/33 33/33/33 
f 33/33/33 38/38/38 33/33/33 
f 33/33/33 38/38/38 35/35/35 
f 38/38/38 39/39/39 35/35/35 
f 35/35/35 39/39/39 37/37/37 
f 39/39/39 40/40/40 37/37/37 
f 37/37/37 40/40/40 40/40/40 
f 40/40/40 38/38/38 40/40/40 
f 40/40/40 38/38/38 38/38/38 
f 38/38/38 41/41/41 38/38/38 
f 38/38/38 41/41/41 39/39/39 
f 41/41/41 42/42/42 39/39/39 
f 39/39/39 42/42/42 40/40/40 
f 42/42/42 43/43/43 40/40/40 
f 40/40/40 43/43/43 43/43/43 
f 43/43/43 41/41/41 43/43/43 
f 43/43/43 41/41/41 41/41/41 
f 41/41/41 44/44/44 41/41/41 
f 41/41/41 44/44/44 42/42/42 
f 44/44/44 45/45/45 42/42/42 
f 42/42/42 45/45/45 43/43/43 
f 45/45/45 46/46/46 43/43/43 
f 43/43/43 46/46/46 46/46/46 
f 46/46/46 41/41/41 46/46/46 
f 46/46/46 41/41/41 41/41/41 
f 41/41/41 47/47/47 41/41/41 
f 41/41/41 47/47/47 44/44/44 
f 47/47/47 48/48/48 44/44/44 
f 44/44/44 48/48/48 48/48/48 
f 48/48/48 47/47/47 48/48/48 
f 48/48/48 47/47/47 47/47/47 
f 47/47/47 49/49/49 47/47/47 
f 47/47/47 49/49/49 48/48/48 
f 49/49/49 50/50/50 48/48/48 
f 48/48/48 50/50/50 50/50/50 
f 50/50/50 49/49/49 50/50/50 
f 50/50/50 49/49/49 51/51/51 
f 49/49/49 52/52/52 51/51/51 
f 51/51/51 52/52/52 53/53/53 
f 52/52/52 53/53/53 53/53/53 
f 53/53/53 53/53/53 51/51/51 
f 53/53/53 51/51/51 51/51/51 
f 51/51/51 51/51/51 51/51/51 
f 51/51/51 53/53/53 51/51/51 
f 51/51/51 53/53/53 54/54/54 
f 53/53/53 55/55/55 54/54/54 
f 54/54/54 55/55/55 56/56/56 
f 55/55/55 57/57/57 56/56/56 
f 56/56/56 57/57/57 58/58/58 
f 57/57/57 59/59/59 58/58/58 
f 58/58/58 59/59/59 60/60/60 
f 59/59/59 61/61/61 60/60/60 
f 60/60/60 61/61/61 62/62/62 
f 61/61/61 63/63/63 62/62/62 
f 62/62/62 63/63/63 64/64/64 
f 63/63/63 65/65/65 64/64/64 
f 64/64/64 65/65/65 66/66/66 
f 65/65/65 66/66/66 66/66/66 
f 66/66/66 66/66/66 67/67/67 
f 66/66/66 67/67/67 67/67/67 
f 67/67/67 67/67/67 67/67/67 
f 67/67/67 68/68/68 67/67/67 
f 67/67/67 68/68/68 69/69/69 
f 68/68/68 70/70/70 69/69/69 
f 69/69/69 70/70/70 70/70/70 
f 70/70/70 68/68/68 70/70/70 
f 70/70/70 68/68/68 68/68/68 
f 68/68/68 71/71/71 68/68/68 
f 68/68/68 71/71/71 70/70/70 
f 71/71/71 72/72/72 70/70/70 
f 70/70/70 72/72/72 73/73/73 
f 72/72/72 74/74/74 73/73/73 
f 73/73/73 74/74/74 75/75/75 
f 74/74/74 75/75/75 75/75/75 
f 75/75/75 75/75/75 73/73/73 
f 75/75/75 73/73/73 73/73/73 
f 73/73/73 73/73/73 73/73/73 
f 73/73/73 75/75/75 73/73/73 
f 73/73/73 75/75/75 76/76/76 
f 75/75/75 77/77/77 76/76/76 
f 76/76/76 77/77/77 77/77/77 
f 77/77/77 78/78/78 77/77/77 
f 77/77/77 78/78/78 78/78/78 
f 78/78/78 79/79/79 78/78/78 
f 78/78/78 79/79/79 80/80/80 
f 79/79/79 81/81/81 80/80/80 
f 80/80/80 81/81/81 81/81/81 
f 81/81/81 82/82/82 81/81/81 
f 81/81/81 82/82/82 82/82/82 
f 82/82/82 83/83/83 82/82/82 
f 82/82/82 83/83/83 84/84/84 
f 83/83/83 85/85/85 84/84/84 
f 84/84/84 85/85/85 85/85/85 
f 85/85/85 86/86/86 85/85/85 
f 85/85/85 86/86/86 86/86/86 
f 86/86/86 87/87/87 86/86/86 
f 86/86/86 87/87/87 88/88/88 
f 87/87/87 89/89/89 88/88/88 
f 88/88/88 89/89/89 90/90/90 
f 89/89/89 91/91/91 90/90/90 
f 90/90/90 91/91/91 91/91/91 
f 91/91/91 92/92/92 91/91/91 
f 91/91/91 92/92/92 92/92/92 
f 92/92/92 93/93/93 92/92/92 
f 92/92/92 93/93/93 94/94/94 
f 93/93/93 95/95/95 94/94/94 
f 94/94/94 95/95/95 96/96/96 
f 95/95/95 97/97/97 96/96/96 
f 96/96/96 97/97/97 98/98/98 
f 97/97/97 99/99/99 98/98/98 
f 98/98/98 99/99/99 100/100/100 
f 99/99/99 101/101/101 100/100/100 
f 100/100/100 101/101/101 101/101/101 
f 101/101/101 95/95/95 101/101/101 
f 101/101/101 95/95/95 95/95/95 
f 95/95/95 93/93/93 95/95/95 
f 95/95/95 93/93/93 102/102/102 
f 93/93/93 103/103/103 102/102/102 
f 102/102/102 103/103/103 103/103/103 
f 103/103/103 104/104/104 103/103/103 
f 103/103/103 104/104/104 104/104/104 
f 104/104/104 105/105/105 104/104/104 
f 104/104/104 105/105/105 106/106/106 
f 105/105/105 107/107/107 106/106/106 
f 106/106/106 107/107/107 107/107/107 
f 107/107/107 108/108/108 107/107/107 
f 107/107/107 108/108/108 108/108/108 
f 108/108/108 109/109/109 108/108/108 
f 108/108/108 109/109/109 110/110/110 
f 109/109/109 111/111/111 110/110/110 
f 110/110/110 111/111/111 111/111/111 
f 111/111/111 112/112/112 111/111/111 
f 111/111/111 112/112/112 112/112/112 
f 112/112/112 113/113/113 112/112/112 
f 112/112/112 113/113/113 114/114/114 
f 113/113/113 115/115/115 114/114/114 
f 114/114/114 115/115/115 116/116/116 
f 115/115/115 117/117/117 116/116/116 
f 116/116/116 117/117/117 118/118/118 
f 117/117/117 119/119/119 118/118/118 
f 118/118/118 119/119/119 120/120/120 
f 119/119/119 121/121/121 120/120/120 
f 120/120/120 121/121/121 122/122/122 
f 121/121/121 122/122/122 122/122/122 
f 122/122/122 122/122/122 113/113/113 
f 122/122/122 113/113/113 113/113/113 
f 113/113/113 113/113/113 113/113/113 
f 113/113/113 123/123/123 113/113/113 
f 113/113/113 123/123/123 115/115/115 
f 123/123/123 124/124/124 115/115/115 
f 115/115/115 124/124/124 117/117/117 
f 124/124/124 121/121/121 117/117/117 
f 117/117/117 121/121/121 119/119/119 
f 121/121/121 119/119/119 119/119/119 
f 119/119/119 119/119/119 125/125/125 
f 119/119/119 125/125/125 125/125/125 
f 125/125/125 125/125/125 125/125/125 
f 125/125/125 126/126/126 125/125/125 
f 125/125/125 126/126/126 127/127/127 
f 126/126/126 128/128/128 127/127/127 
f 127/127/127 128/128/128 129/129/129 
f 128/128/128 129/129/129 129/129/129 
f 129/129/129 129/129/129 129/129/129 
f 129/129/129 130/130/130 129/129/129 
f 129/129/129 130/130/130 127/127/127 
f 130/130/130 131/131/131 127/127/127 
f 127/127/127 131/131/131 131/131/131 
f 131/131/131 132/132/132 131/131/131 
f 131/131/131 132/132/132 132/132/132 
f 132/132/132 133/133/133 132/132/132 
f 132/132/132 133/133/133 134/134/134 
f 133/133/133 135/135/135 134/134/134 
f 134/134/134 135/135/135 135/135/135 
f 135/135/135 122/122/122 135/135/135 
f 135/135/135 122/122/122 122/122/122 
f 122/122/122 136/136/136 122/122/122 
f 122/122/122 136/136/136 120/120/120 
f 136/136/136 137/137/137 120/120/120 
f 120/120/120 137/137/137 138/138/138 
f 137/137/137 139/139/139 138/138/138 
f 138/138/138 139/139/139 139/139/139 
f 139/139/139 136/136/136 139/139/139 
f 139/139/139 136/136/136 136/136/136 
f 136/136/136 140/140/140 136/136/136 
f 136/136/136 140/140/140 137/137/137 
f 140/140/140 141/141/141 137/137/137 
f 137/137/137 141/141/141 139/139/139 
f 141/141/141 142/142/142 139/139/139 
f 139/139/139 142/142/142 142/142/142 
f 142/142/142 140/140/140 142/142/142 
f 142/142/142 140/140/140 140/140/140 
f 140/140/140 143/143/143 140/140/140 
f 140/140/140 143/143/143 141/141/141 
f 143/143/143 144/144/144 141/141/141 
f 141/141/141 144/144/144 142/142/142 
f 144/144/144 142/142/142 142/142/142 
f 142/142/142 142/142/142 145/145/145 
f 142/142/142 145/145/145 145/145/145 
f 145/145/145 145/145/145 145/145/145 
f 145/145/145 146/146/146 145/145/145 
f 145/145/145 146/146/146 147/147/147 
f 146/146/146 148/148/148 147/147/147 
f 147/147/147 148/148/148 148/148/148 
f 148/148/148 149/149/149 148/148/148 
f 148/148/148 149/149/149 149/149/149 
f 149/149/149 150/150/150 149/149/149 
f 149/149/149 150/150/150 151/151/151 
f 150/150/150 152/152/152 151/151/151 
f 151/151/151 152/152/152 152/152/152 
f 152/152/152 153/153/153 152/152/152 
f 152/152/152 153/153/153 153/153/153 
f 153/153/153 154/154/154 153/153/153 
f 153/153/153 154/154/154 155/155/155 
f 154/154/154 156/156/156 155/155/155 
f 155/155/155 156/156/156 156/156/156 
f 156/156/156 157/157/157 156/156/156 
f 156/156/156 157/157/157 157/157/157 
f 157/157/157 158/158/158 157/157/157 
f 157/157/157 158/158/158 159/159/159 
f 158/158/158 160/160/160 159/159/159 
f 159/159/159 160/160/160 160/160/160 
f 160/160/160 161/161/161 160/160/160 
f 160/160/160 161/161/161 161/161/161 
f 161/161/161 162/162/162 161/161/161 
f 161/161/161 162/162/162 163/163/163 
f 162/162/162 164/164/164 163/163/163 
f 163/163/163 164/164/164 164/164/164 
f 164/164/164 165/165/165 164/164/164 
f 164/164/164 165/165/165 165/165/165 
f 165/165/165 166/166/166 165/165/165 
f 165/165/165 166/166/166 167/167/167 
f 166/166/166 168/168/168 167/167/167 
f 167/167/167 168/168/168 169/169/169 
f 168/168/168 170/170/170 169/169/169 
f 169/169/169 170/170/170 170/170/170 
f 170/170/170 171/171/171 170/170/170 
f 170/170/170 171/171/171 171/171/171 
f 171/171/171 172/172/172 171/171/171 
f 171/171/171 172/172/172 173/173/173 
f 172/172/172 174/174/174 173/173/173 
f 173/173/173 174/174/174 174/174/174 
f 174/174/174 175/175/175 174/174/174 
f 174/174/174 175/175/175 175/175/175 
f 175/175/175 176/176/176 175/175/175 
f 175/175/175 176/176/176 177/177/177 
f 176/176/176 178/178/178 177/177/177 
f 177/177/177 178/178/178 179/179/179 
f 178/178/178 180/180/180 179/179/179 
f 179/179/179 180/180/180 181/181/181 
f 180/180/180 182/182/182 181/181/181 
f 181/181/181 182/182/182 182/182/182 
f 182/182/182 178/178/178 182/182/182 
f 182/182/182 178/178/178 178/178/178 
f 178/178/178 183/183/183 178/178/178 
f 178/178/178 183/183/183 180/180/180 
f 183/183/183 184/184/184 180/180/180 
f 180/180/180 184/184/184 182/182/182 
f 184/184/184 182/182/182 182/182/182 
f 182/182/182 182/182/182 185/185/185 
f 182/182/182 185/185/185 185/185/185 
f 185/185/185 185/185/185 185/185/185 
f 185/185/185 186/186/186 185/185/185 
f 185/185/185 186/186/186 187/187/187 
f 186/186/186 188/188/188 187/187/187 
f 187/187/187 188/188/188 188/188/188 
f 188/188/188 189/189/189 188/188/188 
f 188/188/188 189/189/189 189/189/189 
f 189/189/189 190/190/190 189/189/189 
f 189/189/189 190/190/190 191/191/191 
f 190/190/190 192/192/192 191/191/191 
f 191/191/191 192/192/192 193/193/193 
f 192/192/192 194/194/194 193/193/193 
f 193/193/193 194/194/194 194/194/194 
f 194/194/194 195/195/195 194/194/194 
f 194/194/194 195/195/195 195/195/195 
f 195/195/195 196/196/196 195/195/195 
f 195/195/195 196/196/196 197/197/197 
f 196/196/196 198/198/198 197/197/197 
f 197/197/197 198/198/198 198/198/198 
f 198/198/198 199/199/199 198/198/198 
f 198/198/198 199/199/199 199/199/199 
f 199/199/199 200/200/200 199/199/199 
f 199/199/199 200/200/200 201/201/201 
f 200/200/200 202/202/202 201/201/201 
f 201/201/201 202/202/202 202/202/202 
f 202/202/202 138/138/138 202/202/202 
f 202/202/202 138/138/138 138/138/138 
f 138/138/138 203/203/203 138/138/138 
f 138/138/138 203/203/203 120/120/120 
f 203/203/203 118/118/118 120/120/120 
f 120/120/120 118/118/118 118/118/118 
f 118/118/118 204/204/204 118/118/118 
f 118/118/118 204/204/204 204/204/204 
f 204/204/204 205/205/205 204/204/204 
f 204/204/204 205/205/205 206/206/206 
f 205/205/205 207/207/207 206/206/206 
f 206/206/206 207/207/207 207/207/207 
f 207/207/207 208/208/208 207/207/207 
f 207/207/207 208/208/208 208/208/208 
f 208/208/208 209/209/209 208/208/208 
f 208/208/208 209/209/209 210/210/210 
f 209/209/209 211/211/211 210/210/210 
f 210/210/210 211/211/211 211/211/211 
f 211/211/211 212/212/212 211/211/211 
f 211/211/211 212/212/212 212/212/212 
f 212/212/212 213/213/213 212/212/212 
f 212/212/212 213/213/213 214/214/214 
f 213/213/213 215/215/215 214/214/214 
f 214/214/214 215/215/215 215/215/215 
f 215/215/215 216/216/216 215/215/215 
f 215/215/215 216/216/216 216/216/216 
f 216/216/216 217/217/217 216/216/216 
f 216/216/216 217/217/217 218/218/218 
f 217/217/217 219/219/219 218/218/218 
f 218/218/218 219/219/219 219/219/219 
f 219/219/219 220/220/220 219/219/219 
f 219/219/219 220/220/220 220/220/220 
f 220/220/220 221/221/221 220/220/220 
f 220/220/220 221/221/221 222/222/222 
f 221/221/221 223/223/223 222/222/222 
f 222/222/222 223/223/223 223/223/223 
f 223/223/223 224/224/224 223/223/223 
f 223/223/223 224/224/224 224/224/224 
f 224/224/224 225/225/225 224/224/224 
f 224/224/224 225/225/225 226/226/226 
f 225/225/225 227/227/227 226/226/226 
f 226/226/226 227/227/227 227/227/227 
f 227/227/227 228/228/228 227/227/227 
f 227/227/227 228/228/228 228/228/228 
f 228/228/228 229/229/229 228/228/228 
f 228/228/228 229/229/229 230/230/230 
f 229/229/229 231/231/231 230/230/230 
f 230/230/230 231/231/231 231/231/231 
f 231/231/231 232/232/232 231/231/231 
f 231/231/231 232/232/232 232/232/232 
f 232/232/232 233/233/233 232/232/232 
f 232/232/232 233/233/233 234/234/234 
f 233/233/233 235/235/235 234/234/234 
f 234/234/234 235/235/235 236/236/236 
f 235/235/235 237/237/237 236/236/236 
f 236/236/236 237/237/237 237/237/237 
f 237/237/237 238/238/238 237/237/237 
f 237/237/237 238/238/238 238/238/238 
f 238/238/238 239/239/239 238/238/238 
f 238/238/238 239/239/239 240/240/240 
f 239/239/239 241/241/241 240/240/240 
f 240/240/240 241/241/241 241/241/241 
f 241/241/241 242/242/242 241/241/241 
f 241/241/241 242/242/242 242/242/242 
f 242/242/242 243/243/243 242/242/242 
f 242/242/242 243/243/243 244/244/244 
f 243/243/243 245/245/245 244/244/244 
f 244/244/244 245/245/245 245/245/245 
f 245/245/245 246/246/246 245/245/245 
f 245/245/245 246/246/246 246/246/246 
f 246/246/246 247/247/247 246/246/246 
f 246/246/246 247/247/247 248/248/248 
f 247/247/247 249/249/249 248/248/248 
f 248/248/248 249/249/249 249/249/249 
f 249/249/249 250/250/250 249/249/249 
f 249/249/249 250/250/250 250/250/250 
f 250/250/250 251/251/251 250/250/250 
f 250/250/250 251/251/251 252/252/252 
f 251/251/251 253/253/253 252/252/252 
f 252/252/252 253/253/253 253/253/253 
f 253/253/253 251/251/251 253/253/253 
f 253/253/253 251/251/251 251/251/251 
f 251/251/251 254/254/254 251/251/251 
f 251/251/251 254/254/254 253/253/253 
f 254/254/254 255/255/255 253/253/253 
f 253/253/253 255/255/255 255/255/255 
f 255/255/255 254/254/254 255/255/255 
f 255/255/255 254/254/254 254/254/254 
f 254/254/254 256/256/256 254/254/254 
f 254/254/254 256/256/256 255/255/255 
f 256/256/256 257/257/257 255/255/255 
f 255/255/255 257/257/257 257/257/257 
f 257/257/257 256/256/256 257/257/257 
f 257/257/257 256/256/256 49/49/49 
f 256/256/256 52/52/52 49/49/49 
f 49/49/49 52/52/52 52/52/52 
f 52/52/52 258/258/258 52/52/52 
f 52/52/52 258/258/258 258/258/258 
f 258/258/258 259/259/259 258/258/258 
f 258/258/258 259/259/259 260/260/260 
f 259/259/259 261/261/261 260/260/260 
f 260/260/260 261/261/261 261/261/261 
f 261/261/261 262/262/262 261/261/261 
f 261/261/261 262/262/262 262/262/262 
f 262/262/262 263/263/263 262/262/262 
f 262/262/262 263/263/263 264/264/264 
f 263/263/263 265/265/265 264/264/264 
f 264/264/264 265/265/265 265/265/265 
f 265/265/265 266/266/266 265/265/265 
f 265/265/265 266/266/266 266/266/266 
f 266/266/266 267/267/267 266/266/266 
f 266/266/266 267/267/267 268/268/268 
f 267/267/267 269/269/269 268/268/268 
f 268/268/268 269/269/269 270/270/270 
f 269/269/269 271/271/271 270/270/270 
f 270/270/270 271/271/271 271/271/271 
f 271/271/271 269/269/269 271/271/271 
f 271/271/271 269/269/269 272/272/272 
f 269/269/269 273/273/273 272/272/272 
f 272/272/272 273/273/273 273/273/273 
f 273/273/273 274/274/274 273/273/273 
f 273/273/273 274/274/274 274/274/274 
f 274/274/274 275/275/275 274/274/274 
f 274/274/274 275/275/275 276/276/276 
f 275/275/275 277/277/277 276/276/276 
f 276/276/276 277/277/277 277/277/277 
f 277/277/277 278/278/278 277/277/277 
f 277/277/277 278/278/278 278/278/278 
f 278/278/278 279/279/279 278/278/278 
f 278/278/278 279/279/279 280/280/280 
f 279/279/279 281/281/281 280/280/280 
f 280/280/280 281/281/281 281/281/281 
f 281/281/281 282/282/282 281/281/281 
f 281/281/281 282/282/282 282/282/282 
f 282/282/282 283/283/283 282/282/282 
f 282/282/282 283/283/283 284/284/284 
f 283/283/283 285/285/285 284/284/284 
f 284/284/284 285/285/285 286/286/286 
f 285/285/285 287/287/287 286/286/286 
f 286/286/286 287/287/287 288/288/288 
f 287/287/287 289/289/289 288/288/288 
f 288/288/288 289/289/289 289/289/289 
f 289/289/289 290/290/290 289/289/289 
f 289/289/289 290/290/290 290/290/290 
f 290/290/290 291/291/291 290/290/290 
f 290/290/290 291/291/291 292/292/292 
f 291/291/291 293/293/293 292/292/292 
f 292/292/292 293/293/293 294/294/294 
f 293/293/293 295/295/295 294/294/294 
f 294/294/294 295/295/295 296/296/296 
f 295/295/295 297/297/297 296/296/296 
f 296/296/296 297/297/297 298/298/298 
f 297/297/297 298/298/298 298/298/298 
f 298/298/298 298/298/298 296/296/296 
f 298/298/298 296/296/296 296/296/296 
f 296/296/296 296/296/296 296/296/296 
f 296/296/296 298/298/298 296/296/296 
f 296/296/296 298/298/298 299/299/299 
f 298/298/298 300/300/300 299/299/299 
f 299/299/299 300/300/300 301/301/301 
f 300/300/300 302/302/302 301/301/301 
f 301/301/301 302/302/302 303/303/303 
f 302/302/302 304/304/304 303/303/303 
f 303/303/303 304/304/304 305/305/305 
f 304/304/304 306/306/306 305/305/305 
f 305/305/305 306/306/306 307/307/307 
f 306/306/306 308/308/308 307/307/307 
f 307/307/307 308/308/308 309/309/309 
f 308/308/308 310/310/310 309/309/309 
f 309/309/309 310/310/310 311/311/311 
f 310/310/310 312/312/312 311/311/311 
f 311/311/311 312/312/312 313/313/313 
f 312/312/312 314/314/314 313/313/313 
f 313/313/313 314/314/314 314/314/314 
f 314/314/314 305/305/305 314/314/314 
f 314/314/314 305/305/305 305/305/305 
f 305/305/305 315/315/315 305/305/305 
f 305/305/305 315/315/315 303/303/303 
f 315/315/315 316/316/316 303/303/303 
f 303/303/303 316/316/316 301/301/301 
f 316/316/316 317/317/317 301/301/301 
f 301/301/301 317/317/317 299/299/299 
f 317/317/317 299/299/299 299/299/299 
f 299/299/299 299/299/299 311/311/311 
f 299/299/299 311/311/311 311/311/311 
f 311/311/311 311/311/311 311/311/311 
f 311/311/311 313/313/313 311/311/311 
f 311/311/311 313/313/313 318/318/318 
f 313/313/313 319/319/319 318/318/318 
f 318/318/318 319/319/319 319/319/319 
f 319/319/319 320/320/320 319/319/319 
f 319/319/319 320/320/320 320/320/320 
f 320/320/320 321/321/321 320/320/320 
f 320/320/320 321/321/321 322/322/322 
f 321/321/321 323/323/323 322/322/322 
f 322/322/322 323/323/323 323/323/323 
f 323/323/323 324/324/324 323/323/323 
f 323/323/323 324/324/324 324/324/324 
f 324/324/324 325/325/325 324/324/324 
f 324/324/324 325/325/325 326/326/326 
f 325/325/325 327/327/327 326/326/326 
f 326/326/326 327/327/327 327/327/327 
f 327/327/327 328/328/328 327/327/327 
f 327/327/327 328/328/328 328/328/328 
f 328/328/328 329/329/329 328/328/328 
f 328/328/328 329/329/329 330/330/330 
f 329/329/329 331/331/331 330/330/330 
f 330/330/330 331/331/331 331/331/331 
f 331/331/331 332/332/332 331/331/331 
f 331/331/331 332/332/332 332/332/332 
f 332/332/332 333/333/333 332/332/332 
f 332/332/332 333/333/333 334/334/334 
f 333/333/333 335/335/335 334/334/334 
f 334/334/334 335/335/335 335/335/335 
f 335/335/335 336/336/336 335/335/335 
f 335/335/335 336/336/336 336/336/336 
f 336/336/336 337/337/337 336/336/336 
f 336/336/336 337/337/337 338/338/338 
f 337/337/337 339/339/339 338/338/338 
f 338/338/338 339/339/339 339/339/339 
f 339/339/339 340/340/340 339/339/339 
f 339/339/339 340/340/340 340/340/340 
f 340/340/340 341/341/341 340/340/340 
f 340/340/340 341/341/341 342/342/342 
f 341/341/341 343/343/343 342/342/342 
f 342/342/342 343/343/343 344/344/344 
f 343/343/343 345/345/345 344/344/344 
f 344/344/344 345/345/345 346/346/346 
f 345/345/345 347/347/347 346/346/346 
f 346/346/346 347/347/347 348/348/348 
f 347/347/347 349/349/349 348/348/348 
f 348/348/348 349/349/349 350/350/350 
f 349/349/349 351/351/351 350/350/350 
f 350/350/350 351/351/351 352/352/352 
f 351/351/351 353/353/353 352/352/352 
f 352/352/352 353/353/353 354/354/354 
f 353/353/353 355/355/355 354/354/354 
f 354/354/354 355/355/355 355/355/355 
f 355/355/355 356/356/356 355/355/355 
f 355/355/355 356/356/356 356/356/356 
f 356/356/356 357/357/357 356/356/356 
f 356/356/356 357/357/357 358/358/358 
f 357/357/357 359/359/359 358/358/358 
f 358/358/358 359/359/359 360/360/360 
f 359/359/359 361/361/361 360/360/360 
f 360/360/360 361/361/361 361/361/361 
f 361/361/361 357/357/357 361/361/361 
f 361/361/361 357/357/357 357/357/357 
f 357/357/357 362/362/362 357/357/357 
f 357/357/357 362/362/362 359/359/359 
f 362/362/362 363/363/363 359/359/359 
f 359/359/359 363/363/363 361/361/361 
f 363/363/363 364/364/364 361/361/361 
f 361/361/361 364/364/364 364/364/364 
f 364/364/364 362/362/362 364/364/364 
f 364/364/364 362/362/362 362/362/362 
f 362/362/362 365/365/365 362/362/362 
f 362/362/362 365/365/365 363/363/363 
f 365/365/365 366/366/366 363/363/363 
f 363/363/363 366/366/366 364/364/364 
f 366/366/366 367/367/367 364/364/364 
f 364/364/364 367/367/367 367/367/367 
f 367/367/367 365/365/365 367/367/367 
f 367/367/367 365/365/365 365/365/365 
f 365/365/365 368/368/368 365/365/365 
f 365/365/365 368/368/368 366/366/366 
f 368/368/368 369/369/369 366/366/366 
f 366/366/366 369/369/369 367/367/367 
f 369/369/369 370/370/370 367/367/367 
f 367/367/367 370/370/370 370/370/370 
f 370/370/370 368/368/368 370/370/370 
f 370/370/370 368/368/368 368/368/368 
f 368/368/368 371/371/371 368/368/368 
f 368/368/368 371/371/371 369/369/369 
f 371/371/371 372/372/372 369/369/369 
f 369/369/369 372/372/372 370/370/370 
f 372/372/372 373/373/373 370/370/370 
f 370/370/370 373/373/373 373/373/373 
f 373/373/373 371/371/371 373/373/373 
f 373/373/373 371/371/371 371/371/371 
f 371/371/371 374/374/374 371/371/371 
f 371/371/371 374/374/374 372/372/372 
f 374/374/374 375/375/375 372/372/372 
f 372/372/372 375/375/375 373/373/373 
f 375/375/375 373/373/373 373/373/373 
f 373/373/373 373/373/373 376/376/376 
f 373/373/373 376/376/376 376/376/376 
f 376/376/376 376/376/376 376/376/376 
f 376/376/376 377/377/377 376/376/376 
f 376/376/376 377/377/377 378/378/378 
f 377/377/377 379/379/379 378/378/378 
f 378/378/378 379/379/379 380/380/380 
f 379/379/379 381/381/381 380/380/380 
f 380/380/380 381/381/381 381/381/381 
f 381/381/381 382/382/382 381/381/381 
f 381/381/381 382/382/382 382/382/382 
f 382/382/382 383/383/383 382/382/382 
f 382/382/382 383/383/383 384/384/384 
f 383/383/383 385/385/385 384/384/384 
f 384/384/384 385/385/385 385/385/385 
f 385/385/385 386/386/386 385/385/385 
f 385/385/385 386/386/386 386/386/386 
f 386/386/386 387/387/387 386/386/386 
f 386/386/386 387/387/387 388/388/388 
f 387/387/387 389/389/389 388/388/388 
f 388/388/388 389/389/389 389/389/389 
f 389/389/389 390/390/390 389/389/389 
f 389/389/389 390/390/390 390/390/390 
f 390/390/390 391/391/391 390/390/390 
f 390/390/390 391/391/391 392/392/392 
f 391/391/391 393/393/393 392/392/392 
f 392/392/392 393/393/393 393/393/393 
f 393/393/393 394/394/394 393/393/393 
f 393/393/393 394/394/394 394/394/394 
f 394/394/394 395/395/395 394/394/394 
f 394/394/394 395/395/395 396/396/396 
f 395/395/395 397/397/397 396/396/396 
f 396/396/396 397/397/397 398/398/398 
f 397/397/397 399/399/399 398/398/398 
f 398/398/398 399/399/399 399/399/399 
f 399/399/399 400/400/400 399/399/399 
f 399/399/399 400/400/400 400/400/400 
f 400/400/400 401/401/401 400/400/400 
f 400/400/400 401/401/401 402/402/402 
f 401/401/401 403/403/403 402/402/402 
f 402/402/402 403/403/403 403/403/403 
f 403/403/403 404/404/404 403/403/403 
f 403/403/403 404/404/404 404/404/404 
f 404/404/404 405/405/405 404/404/404 
f 404/404/404 405/405/405 406/406/406 
f 405/405/405 407/407/407 406/406/406 
f 406/406/406 407/407/407 407/407/407 
f 407/407/407 408/408/408 407/407/407 
f 407/407/407 408/408/408 408/408/408 
f 408/408/408 409/409/409 408/408/408 
f 408/408/408 409/409/409 410/410/410 
f 409/409/409 411/411/411 410/410/410 
f 410/410/410 411/411/411 412/412/412 
f 411/411/411 413/413/413 412/412/412 
f 412/412/412 413/413/413 413/413/413 
f 413/413/413 414/414/414 413/413/413 
f 413/413/413 414/414/414 414/414/414 
f 414/414/414 415/415/415 414/414/414 
f 414/414/414 415/415/415 416/416/416 
f 415/415/415 417/417/417 416/416/416 
f 416/416/416 417/417/417 417/417/417 
f 417/417/417 418/418/418 417/417/417 
f 417/417/417 418/418/418 418/418/418 
f 418/418/418 419/419/419 418/418/418 
f 418/418/418 419/419/419 420/420/420 
f 419/419/419 421/421/421 420/420/420 
f 420/420/420 421/421/421 422/422/422 
f 421/421/421 423/423/423 422/422/422 
f 422/422/422 423/423/423 424/424/424 
f 423/423/423 425/425/425 424/424/424 
f 424/424/424 425/425/425 426/426/426 
f 425/425/425 427/427/427 426/426/426 
f 426/426/426 427/427/427 427/427/427 
f 427/427/427 419/419/419 427/427/427 
f 427/427/427 419/419/419 419/419/419 
f 419/419/419 428/428/428 419/419/419 
f 419/419/419 428/428/428 421/421/421 
f 428/428/428 429/429/429 421/421/421 
f 421/421/421 429/429/429 423/423/423 
f 429/429/429 430/430/430 423/423/423 
f 423/423/423 430/430/430 425/425/425 
f 430/430/430 431/431/431 425/425/425 
f 425/425/425 431/431/431 427/427/427 
f 431/431/431 427/427/427 427/427/427 
f 427/427/427 427/427/427 432/432/432 
f 427/427/427 432/432/432 432/432/432 
f 432/432/432 432/432/432 432/432/432 
f 432/432/432 433/433/433 432/432/432 
f 432/432/432 433/433/433 434/434/434 
f 433/433/433 435/435/435 434/434/434 
f 434/434/434 435/435/435 435/435/435 
f 435/435/435 436/436/436 435/435/435 
f 435/435/435 436/436/436 436/436/436 
f 436/436/436 437/437/437 436/436/436 
f 436/436/436 437/437/437 438/438/438 
f 437/437/437 300/300/300 438/438/438 
f 438/438/438 300/300/300 298/298/298 
f 300/300/300 298/298/298 298/298/298 
f 298/298/298 298/298/298 438/438/438 
f 298/298/298 438/438/438 438/438/438 
f 438/438/438 438/438/438 438/438/438 
f 438/438/438 298/298/298 438/438/438 
f 438/438/438 298/298/298 439/439/439 
f 298/298/298 440/440/440 439/439/439 
f 439/439/439 440/440/440 441/441/441 
f 440/440/440 442/442/442 441/441/441 
f 441/441/441 442/442/442 443/443/443 
f 442/442/442 444/444/444 443/443/443 
f 443/443/443 444/444/444 445/445/445 
f 444/444/444 446/446/446 445/445/445 
f 445/445/445 446/446/446 446/446/446 
f 446/446/446 442/442/442 446/446/446 
f 446/446/446 442/442/442 442/442/442 
f 442/442/442 447/447/447 442/442/442 
f 442/442/442 447/447/447 444/444/444 
f 447/447/447 448/448/448 444/444/444 
f 444/444/444 448/448/448 446/446/446 
f 448/448/448 449/449/449 446/446/446 
f 446/446/446 449/449/449 449/449/449 
f 449/449/449 447/447/447 449/449/449 
f 449/449/449 447/447/447 447/447/447 
f 447/447/447 450/450/450 447/447/447 
f 447/447/447 450/450/450 448/448/448 
f 450/450/450 451/451/451 448/448/448 
f 448/448/448 451/451/451 449/449/449 
f 451/451/451 449/449/449 449/449/449 
f 449/449/449 449/449/449 452/452/452 
f 449/449/449 452/452/452 452/452/452 
f 452/452/452 452/452/452 452/452/452 
f 452/452/452 453/453/453 452/452/452 
f 452/452/452 453/453/453 454/454/454 
f 453/453/453 455/455/455 454/454/454 
f 454/454/454 455/455/455 456/456/456 
f 455/455/455 457/457/457 456/456/456 
f 456/456/456 457/457/457 457/457/457 
f 457/457/457 441/441/441 457/457/457 
f 457/457/457 441/441/441 441/441/441 
f 441/441/441 443/443/443 441/441/441 
f 441/441/441 443/443/443 458/458/458 
f 443/443/443 459/459/459 458/458/458 
f 458/458/458 459/459/459 460/460/460 
f 459/459/459 460/460/460 460/460/460 
f 460/460/460 460/460/460 443/443/443 
f 460/460/460 443/443/443 443/443/443 
f 443/443/443 443/443/443 443/443/443 
f 443/443/443 445/445/445 443/443/443 
f 443/443/443 445/445/445 459/459/459 
f 445/445/445 461/461/461 459/459/459 
f 459/459/459 461/461/461 461/461/461 
f 461/461/461 462/462/462 461/461/461 
f 461/461/461 462/462/462 462/462/462 
f 462/462/462 463/463/463 462/462/462 
f 462/462/462 463/463/463 464/464/464 
f 463/463/463 465/465/465 464/464/464 
f 464/464/464 465/465/465 465/465/465 
f 465/465/465 466/466/466 465/465/465 
f 465/465/465 466/466/466 466/466/466 
f 466/466/466 467/467/467 466/466/466 
f 466/466/466 467/467/467 468/468/468 
f 467/467/467 469/469/469 468/468/468 
f 468/468/468 469/469/469 470/470/470 
f 469/469/469 471/471/471 470/470/470 
f 470/470/470 471/471/471 471/471/471 
f 471/471/471 467/467/467 471/471/471 
f 471/471/471 467/467/467 467/467/467 
f 467/467/467 472/472/472 467/467/467 
f 467/467/467 472/472/472 469/469/469 
f 472/472/472 473/473/473 469/469/469 
f 469/469/469 473/473/473 471/471/471 
f 473/473/473 474/474/474 471/471/471 
f 471/471/471 474/474/474 474/474/474 
f 474/474/474 472/472/472 474/474/474 
f 474/474/474 472/472/472 472/472/472 
f 472/472/472 475/475/475 472/472/472 
f 472/472/472 475/475/475 473/473/473 
f 475/475/475 476/476/476 473/473/473 
f 473/473/473 476/476/476 474/474/474 
f 476/476/476 474/474/474 474/474/474 
f 474/474/474 474/474/474 477/477/477 
f 474/474/474 477/477/477 477/477/477 
f 477/477/477 477/477/477 477/477/477 
f 477/477/477 478/478/478 477/477/477 
f 477/477/477 478/478/478 479/479/479 
f 478/478/478 480/480/480 479/479/479 
f 479/479/479 480/480/480 480/480/480 
f 480/480/480 481/481/481 480/480/480 
f 480/480/480 481/481/481 481/481/481 
f 481/481/481 482/482/482 481/481/481 
f 481/481/481 482/482/482 483/483/483 
f 482/482/482 484/484/484 483/483/483 
f 483/483/483 484/484/484 484/484/484 
f 484/484/484 485/485/485 484/484/484 
f 484/484/484 485/485/485 485/485/485 
f 485/485/485 486/486/486 485/485/485 
f 485/485/485 486/486/486 487/487/487 
f 486/486/486 488/488/488 487/487/487 
f 487/487/487 488/488/488 488/488/488 
f 488/488/488 489/489/489 488/488/488 
f 488/488/488 489/489/489 489/489/489 
f 489/489/489 490/490/490 489/489/489 
f 489/489/489 490/490/490 491/491/491 
f 490/490/490 492/492/492 491/491/491 
f 491/491/491 492/492/492 492/492/492 
f 492/492/492 493/493/493 492/492/492 
f 492/492/492 493/493/493 493/493/493 
f 493/493/493 494/494/494 493/493/493 
f 493/493/493 494/494/494 495/495/495 
f 494/494/494 496/496/496 495/495/495 
f 495/495/495 496/496/496 496/496/496 
f 496/496/496 497/497/497 496/496/496 
f 496/496/496 497/497/497 497/497/497 
f 497/497/497 498/498/498 497/497/497 
f 497/497/497 498/498/498 499/499/499 
f 498/498/498 500/500/500 499/499/499 
f 499/499/499 500/500/500 501/501/501 
f 500/500/500 502/502/502 501/501/501 
f 501/501/501 502/502/502 502/502/502 
f 502/502/502 19/19/19 502/502/502 
f 502/502/502 19/19/19 19/19/19 
f 19/19/19 16/16/16 19/19/19 
f 19/19/19 16/16/16 503/503/503 
f 16/16/16 504/504/504 503/503/503 
f 503/503/503 504/504/504 504/504/504 
f 504/504/504 505/505/505 504/504/504 
f 504/504/504 505/505/505 505/505/505 
f 505/505/505 506/506/506 505/505/505 
f 505/505/505 506/506/506 507/507/507 
f 506/506/506 508/508/508 507/507/507 
f 507/507/507 508/508/508 508/508/508 
f 508/508/508 509/509/509 508/508/508 
f 508/508/508 509/509/509 509/509/509 
f 509/509/509 510/510/510 509/509/509 
f 509/509/509 510/510/510 511/511/511 
f 510/510/510 512/512/512 511/511/511 
f 511/511/511 512/512/512 512/512/512 
f 512/512/512 513/513/513 512/512/512 
f 512/512/512 513/513/513 513/513/513 
f 513/513/513 514/514/514 513/513/513 
f 513/513/513 514/514/514 515/515/515 
f 514/514/514 516/516/516 515/515/515 
f 515/515/515 516/516/516 517/517/517 
f 516/516/516 517/517/517 517/517/517 
f 517/517/517 517/517/517 515/515/515 
f 517/517/517 515/515/515 515/515/515 
f 515/515/515 515/515/515 515/515/515 
f 515/515/515 517/517/517 515/515/515 
f 515/515/515 517/517/517 518/518/518 
f 517/517/517 519/519/519 518/518/518 
f 518/518/518 519/519/519 519/519/519 
f 519/519/519 517/517/517 519/519/519 
f 519/519/519 517/517/517 517/517/517 
f 517/517/517 520/520/520 517/517/517 
f 517/517/517 520/520/520 519/519/519 
f 520/520/520 521/521/521 519/519/519 
f 519/519/519 521/521/521 521/521/521 
f 521/521/521 520/520/520 521/521/521 
f 521/521/521 520/520/520 522/522/522 
f 520/520/520 523/523/523 522/522/522 
f 522/522/522 523/523/523 524/524/524 
f 523/523/523 524/524/524 524/524/524 
f 524/524/524 524/524/524 522/522/522 
f 524/524/524 522/522/522 522/522/522 
f 522/522/522 522/522/522 522/522/522 
f 522/522/522 525/525/525 522/522/522 
f 522/522/522 525/525/525 521/521/521 
f 525/525/525 526/526/526 521/521/521 
f 521/521/521 526/526/526 526/526/526 
f 526/526/526 527/527/527 526/526/526 
f 526/526/526 527/527/527 527/527/527 
f 527/527/527 528/528/528 527/527/527 
f 527/527/527 528/528/528 529/529/529 
f 528/528/528 530/530/530 529/529/529 
f 529/529/529 530/530/530 530/530/530 
f 530/530/530 531/531/531 530/530/530 
f 530/530/530 531/531/531 531/531/531 
f 531/531/531 532/532/532 531/531/531 
f 531/531/531 532/532/532 533/533/533 
f 532/532/532 534/534/534 533/533/533 
f 533/533/533 534/534/534 534/534/534 
f 534/534/534 535/535/535 534/534/534 
f 534/534/534 535/535/535 535/535/535 
f 535/535/535 71/71/71 535/535/535 
f 535/535/535 71/71/71 536/536/536 
f 71/71/71 68/68/68 536/536/536 
f 536/536/536 68/68/68 68/68/68 
f 68/68/68 537/537/537 68/68/68 
f 68/68/68 537/537/537 537/537/537 
f 537/537/537 538/538/538 537/537/537 
f 537/537/537 538/538/538 539/539/539 
f 538/538/538 540/540/540 539/539/539 
f 539/539/539 540/540/540 540/540/540 
f 540/540/540 541/541/541 540/540/540 
f 540/540/540 541/541/541 541/541/541 
f 541/541/541 542/542/542 541/541/541 
f 541/541/541 542/542/542 543/543/543 
f 542/542/542 544/544/544 543/543/543 
f 543/543/543 544/544/544 544/544/544 
f 544/544/544 545/545/545 544/544/544 
f 544/544/544 545/545/545 545/545/545 
f 545/545/545 50/50/50 545/545/545 
f 545/545/545 50/50/50 546/546/546 
f 50/50/50 51/51/51 546/546/546 
f 546/546/546 51/51/51 51/51/51 
f 51/51/51 547/547/547 51/51/51 
f 51/51/51 547/547/547 547/547/547 
f 547/547/547 548/548/548 547/547/547 
f 547/547/547 548/548/548 549/549/549 
f 548/548/548 550/550/550 549/549/549 
f 75/75/75 551/551/551 77/77/77 
f 28/28/28 552/552/552 31/31/31 
f 130/130/130 553/553/553 131/131/131 
f 470/470/470 554/554/554 468/468/468 
f 360/360/360 555/555/555 358/358/358 
f 450/450/450 556/556/556 451/451/451 
f 329/329/329 557/557/557 331/331/331 
f 305/305/305 558/558/558 315/315/315 
f 113/113/113 559/559/559 123/123/123 
f 445/445/445 560/560/560 461/461/461 
f 419/419/419 561/561/561 428/428/428 

