mtllib model_6.mtl
o model_6
v -0.48156479001045227 0.23741579055786133 0.019313329830765724 
v -0.4905470013618469 0.2017565220594406 0.019313329830765724 
v -0.47587069869041443 0.24206700921058655 0.019313329830765724 
v -0.47587069869041443 0.2017565220594406 0.019313329830765724 
v -0.34226033091545105 0.2017565220594406 0.019313329830765724 
v -0.47587069869041443 0.19859200716018677 0.019313329830765724 
v -0.34226033091545105 0.19859200716018677 0.019313329830765724 
v -0.4905470013618469 0.19859200716018677 0.019313329830765724 
v -0.48156479001045227 0.23741579055786133 0.014912830665707588 
v -0.47587069869041443 0.24206700921058655 0.014912830665707588 
v -0.4905470013618469 0.2017565220594406 0.014912830665707588 
v -0.47587069869041443 0.2017565220594406 0.014912830665707588 
v -0.34226033091545105 0.2017565220594406 0.014912830665707588 
v -0.34226033091545105 0.24206700921058655 0.014912830665707588 
v -0.3366464674472809 0.23905114829540253 0.014912830665707588 
v -0.48172518610954285 0.20976339280605316 0.003392425598576665 
v -0.482045978307724 0.21303410828113556 0.003392425598576665 
v -0.39166250824928284 0.2194056361913681 0.003392425598576665 
v -0.391983300447464 0.22269758582115173 0.003392425598576665 
v -0.38693079352378845 0.21991536021232605 0.003392425598576665 
v -0.3873317837715149 0.22320730984210968 0.003392425598576665 
v -0.42646855115890503 0.2187260091304779 0.01122926827520132 
v -0.42646855115890503 0.2187260091304779 0.01211925595998764 
v -0.425345778465271 0.21802513301372528 0.01122926827520132 
v -0.425345778465271 0.21802513301372528 0.01211925595998764 
v -0.42486459016799927 0.21700569987297058 0.01122926827520132 
v -0.42486459016799927 0.21700569987297058 0.01211925595998764 
v -0.42510518431663513 0.21590130031108856 0.01122926827520132 
v -0.42510518431663513 0.21590130031108856 0.01211925595998764 
v -0.4259873628616333 0.2150305211544037 0.01122926827520132 
v -0.4259873628616333 0.2150305211544037 0.01211925595998764 
v -0.42510518431663513 0.21698445081710815 0.012415919452905655 
v -0.4252655804157257 0.2159862518310547 0.012415919452905655 
v -0.4298368990421295 0.21549776196479797 0.01211925595998764 
v -0.4287140965461731 0.21481813490390778 0.01211925595998764 
v -0.42959630489349365 0.21562519669532776 0.012415919452905655 
v -0.4286338984966278 0.21498803794384003 0.012415919452905655 
v -0.42558637261390686 0.21791894733905792 0.012415919452905655 
v -0.4273507297039032 0.214839369058609 0.012415919452905655 
v -0.4260675609111786 0.21520042419433594 0.012415919452905655 
v -0.4259873628616333 0.2150305211544037 0.01211925595998764 
v -0.42510518431663513 0.21590130031108856 0.01211925595998764 
v -0.4272705316543579 0.21464823186397552 0.01211925595998764 
v -0.43176165223121643 0.22142328321933746 -0.002788049401715398 
v -0.4307190775871277 0.22152946889400482 -0.001972226658836007 
v -0.4312804639339447 0.22093479335308075 -0.0031835997942835093 
v -0.43031808733940125 0.22101974487304688 -0.0024419426918029785 
v -0.4311200678348541 0.22021269798278809 -0.0033072091173380613 
v -0.43015769124031067 0.2202976495027542 -0.0026149959303438663 
v -0.4311200678348541 0.21944810450077057 -0.0031835997942835093 
v -0.43015769124031067 0.21955430507659912 -0.0024419426918029785 
v -0.4314408600330353 0.21887467801570892 -0.002788049401715398 
v -0.43039828538894653 0.21898086369037628 -0.001972226658836007 
v -0.4294359087944031 0.22167813777923584 -0.0014530667103827 
v -0.4292755126953125 0.22114717960357666 -0.001972226658836007 
v -0.4291151165962219 0.2204250693321228 -0.002170001855120063 
v -0.4291151165962219 0.2196817249059677 -0.001972226658836007 
v -0.4291953146457672 0.2191295325756073 -0.0014530667103827 
v -0.4280725121498108 0.22180557250976562 -0.0012800133554264903 
v -0.4280725121498108 0.22127461433410645 -0.0018238951452076435 
v -0.4279923141002655 0.22053126990795135 -0.0020216703414916992 
v -0.4279121160507202 0.2198091596364975 -0.0018238951452076435 
v -0.4278319180011749 0.21925696730613708 -0.0012800133554264903 
v -0.4267893433570862 0.22195424139499664 -0.0014530667103827 
v -0.42686954140663147 0.22140203416347504 -0.001972226658836007 
v -0.4267893433570862 0.22065870463848114 -0.002170001855120063 
v -0.4267091453075409 0.21993659436702728 -0.001972226658836007 
v -0.42646855115890503 0.2194056361913681 -0.0014530667103827 
v -0.4255061745643616 0.22208167612552643 -0.001972226658836007 
v -0.42574676871299744 0.22152946889400482 -0.0024419426918029785 
v -0.42574676871299744 0.22078612446784973 -0.0026149959303438663 
v -0.42558637261390686 0.22004278004169464 -0.0024419426918029785 
v -0.4252655804157257 0.2195330560207367 -0.001972226658836007 
v -0.4244635999202728 0.22220909595489502 -0.002788049401715398 
v -0.424784392118454 0.22161442041397095 -0.0031835997942835093 
v -0.42486459016799927 0.22087107598781586 -0.0033072091173380613 
v -0.4246239960193634 0.2201489806175232 -0.0031835997942835093 
v -0.42422300577163696 0.21966049075126648 -0.002788049401715398 
v -0.42510518431663513 0.21698445081710815 0.012415919452905655 
v -0.4252655804157257 0.2159862518310547 0.012415919452905655 
v -0.4300774931907654 0.21655969321727753 0.012415919452905655 
v -0.4299170970916748 0.217557892203331 0.012415919452905655 
v -0.4291151165962219 0.21834370493888855 0.012415919452905655 
v -0.4278319180011749 0.21870476007461548 0.012415919452905655 
v -0.4291953146457672 0.21849237382411957 0.01211925595998764 
v -0.4279121160507202 0.21889591217041016 0.01211925595998764 
v -0.4300774931907654 0.21764284372329712 0.01211925595998764 
v -0.3263810873031616 0.2017565220594406 -0.026891902089118958 
v -0.3366464674472809 0.23905114829540253 -0.026891902089118958 
v -0.34226033091545105 0.2017565220594406 -0.026891902089118958 
v -0.34226033091545105 0.24206700921058655 -0.026891902089118958 
v -0.47587069869041443 0.24206700921058655 -0.026891902089118958 
v -0.47587069869041443 0.2017565220594406 -0.026891902089118958 
v -0.4905470013618469 0.2017565220594406 -0.026891902089118958 
v -0.3873317837715149 0.22320730984210968 0.00781764555722475 
v -0.38693079352378845 0.21991536021232605 0.00781764555722475 
v -0.3873317837715149 0.22320730984210968 0.003392425598576665 
v -0.38693079352378845 0.21991536021232605 0.003392425598576665 
v -0.38693079352378845 0.21991536021232605 -0.01618731953203678 
v -0.3873317837715149 0.22320730984210968 -0.01618731953203678 
v -0.3873317837715149 0.22320730984210968 -0.02061253972351551 
v -0.42430320382118225 0.22019144892692566 0.008163752034306526 
v -0.4260675609111786 0.22000031173229218 0.008163752034306526 
v -0.42430320382118225 0.22019144892692566 -0.00021697170450352132 
v -0.4260675609111786 0.22000031173229218 0.0004999634111300111 
v -0.4279121160507202 0.2198091596364975 0.008139030076563358 
v -0.4279121160507202 0.2198091596364975 0.0007471824064850807 
v -0.42975670099258423 0.2195967733860016 0.008139030076563358 
v -0.42975670099258423 0.2195967733860016 0.0004999634111300111 
v -0.4314408600330353 0.21942687034606934 0.008163752034306526 
v -0.4314408600330353 0.21942687034606934 -0.00021697170450352132 
v -0.3873317837715149 0.22320730984210968 -0.02061253972351551 
v -0.38693079352378845 0.21991536021232605 -0.02061253972351551 
v -0.391983300447464 0.22269758582115173 -0.02061253972351551 
v -0.39166250824928284 0.2194056361913681 -0.02061253972351551 
v -0.482045978307724 0.21303410828113556 -0.02061253972351551 
v -0.48172518610954285 0.20976339280605316 -0.02061253972351551 
v -0.4854944944381714 0.21267305314540863 -0.02061253972351551 
v -0.48509350419044495 0.20940235257148743 -0.02061253972351551 
v -0.425345778465271 0.21802513301372528 0.01211925595998764 
v -0.42646855115890503 0.2187260091304779 0.01211925595998764 
v -0.4265487492084503 0.21855609118938446 0.012415919452905655 
v -0.3263810873031616 0.19859200716018677 0.014912830665707588 
v -0.47587069869041443 0.19859200716018677 0.014912830665707588 
v -0.3263810873031616 0.19859200716018677 -0.026891902089118958 
v -0.34226033091545105 0.19859200716018677 -0.026891902089118958 
v -0.34226033091545105 0.19859200716018677 -0.031292401254177094 
v -0.47587069869041443 0.19859200716018677 -0.031292401254177094 
v -0.47587069869041443 0.19859200716018677 -0.026891902089118958 
v -0.4905470013618469 0.19859200716018677 -0.026891902089118958 
v -0.4905470013618469 0.19859200716018677 0.014912830665707588 
v -0.4905470013618469 0.19859200716018677 -0.031292401254177094 
v -0.4314408600330353 0.21942687034606934 -0.01267680898308754 
v -0.43168145418167114 0.2201489806175232 -0.012849862687289715 
v -0.4314408600330353 0.21942687034606934 -0.021082255989313126 
v -0.43168145418167114 0.2201489806175232 -0.021477805450558662 
v -0.4314408600330353 0.21942687034606934 -0.02231835015118122 
v -0.43168145418167114 0.2201489806175232 -0.022763345390558243 
v -0.43160125613212585 0.22089232504367828 -0.01267680898308754 
v -0.43160125613212585 0.22089232504367828 -0.021082255989313126 
v -0.43160125613212585 0.22089232504367828 -0.02231835015118122 
v -0.38693079352378845 0.21991536021232605 -0.02061253972351551 
v -0.38693079352378845 0.21991536021232605 -0.01618731953203678 
v -0.39166250824928284 0.2194056361913681 -0.02061253972351551 
v -0.39166250824928284 0.2194056361913681 -0.01618731953203678 
v -0.48172518610954285 0.20976339280605316 -0.02061253972351551 
v -0.48172518610954285 0.20976339280605316 -0.01618731953203678 
v -0.48509350419044495 0.20940235257148743 -0.01618731953203678 
v -0.48509350419044495 0.20940235257148743 0.003392425598576665 
v -0.39166250824928284 0.2194056361913681 0.003392425598576665 
v -0.38693079352378845 0.21991536021232605 0.003392425598576665 
v -0.38693079352378845 0.21991536021232605 0.00781764555722475 
v -0.39166250824928284 0.2194056361913681 0.00781764555722475 
v -0.48172518610954285 0.20976339280605316 0.003392425598576665 
v -0.48172518610954285 0.20976339280605316 0.00781764555722475 
v -0.48509350419044495 0.20940235257148743 0.00781764555722475 
v -0.4314408600330353 0.21942687034606934 -0.021082255989313126 
v -0.42975670099258423 0.2195967733860016 -0.021057533100247383 
v -0.4314408600330353 0.21942687034606934 -0.01267680898308754 
v -0.42975670099258423 0.2195967733860016 -0.013393744826316833 
v -0.4279121160507202 0.2198091596364975 -0.021057533100247383 
v -0.4279121160507202 0.2198091596364975 -0.013640963472425938 
v -0.4260675609111786 0.22000031173229218 -0.021082255989313126 
v -0.4260675609111786 0.22000031173229218 -0.013393744826316833 
v -0.42430320382118225 0.22019144892692566 -0.021082255989313126 
v -0.42430320382118225 0.22019144892692566 -0.01267680898308754 
v -0.391983300447464 0.22269758582115173 -0.01618731953203678 
v -0.39166250824928284 0.2194056361913681 -0.01618731953203678 
v -0.391983300447464 0.22269758582115173 0.003392425598576665 
v -0.39166250824928284 0.2194056361913681 0.003392425598576665 
v -0.3263810873031616 0.19859200716018677 0.019313329830765724 
v -0.3263810873031616 0.2017565220594406 0.019313329830765724 
v -0.3366464674472809 0.23905114829540253 0.019313329830765724 
v -0.34226033091545105 0.24206700921058655 0.019313329830765724 
v -0.4905470013618469 0.19859200716018677 -0.031292401254177094 
v -0.4905470013618469 0.2017565220594406 -0.031292401254177094 
v -0.47587069869041443 0.19859200716018677 -0.031292401254177094 
v -0.47587069869041443 0.2017565220594406 -0.031292401254177094 
v -0.34226033091545105 0.19859200716018677 -0.031292401254177094 
v -0.34226033091545105 0.2017565220594406 -0.031292401254177094 
v -0.3263810873031616 0.19859200716018677 -0.031292401254177094 
v -0.3263810873031616 0.2017565220594406 -0.031292401254177094 
v -0.47587069869041443 0.24206700921058655 -0.031292401254177094 
v -0.48156479001045227 0.23741579055786133 -0.031292401254177094 
v -0.34226033091545105 0.24206700921058655 -0.031292401254177094 
v -0.3366464674472809 0.23905114829540253 -0.031292401254177094 
v -0.34226033091545105 0.24206700921058655 0.014912830665707588 
v -0.34226033091545105 0.24206700921058655 0.019313329830765724 
v -0.3366464674472809 0.23905114829540253 0.014912830665707588 
v -0.3366464674472809 0.23905114829540253 0.019313329830765724 
v -0.3263810873031616 0.2017565220594406 0.014912830665707588 
v -0.3263810873031616 0.2017565220594406 0.019313329830765724 
v -0.3263810873031616 0.19859200716018677 0.019313329830765724 
v -0.3263810873031616 0.19859200716018677 0.014912830665707588 
v -0.3263810873031616 0.2017565220594406 -0.026891902089118958 
v -0.3263810873031616 0.19859200716018677 -0.026891902089118958 
v -0.3263810873031616 0.2017565220594406 -0.031292401254177094 
v -0.3366464674472809 0.23905114829540253 -0.026891902089118958 
v -0.3366464674472809 0.23905114829540253 -0.031292401254177094 
v -0.34226033091545105 0.24206700921058655 -0.026891902089118958 
v -0.34226033091545105 0.24206700921058655 -0.031292401254177094 
v -0.4231804311275482 0.21976669132709503 -0.0017497295048087835 
v -0.4221378564834595 0.2198728770017624 -0.0031341558787971735 
v -0.42285963892936707 0.22034011781215668 -0.0013541791122406721 
v -0.42165666818618774 0.22046755254268646 -0.002862215042114258 
v -0.4227794408798218 0.2211047112941742 -0.0012305695563554764 
v -0.42157647013664246 0.22123213112354279 -0.00276332744397223 
v -0.42302003502845764 0.22182680666446686 -0.0013541791122406721 
v -0.4218170642852783 0.2219330072402954 -0.002862215042114258 
v -0.4234210252761841 0.22231529653072357 -0.0017497295048087835 
v -0.42237845063209534 0.22242148220539093 -0.0031341558787971735 
v -0.4214160740375519 0.21995782852172852 -0.004741079173982143 
v -0.42101508378982544 0.2205525040626526 -0.0045927478931844234 
v -0.42085468769073486 0.22129584848880768 -0.004543303977698088 
v -0.421175479888916 0.22201795876026154 -0.0045927478931844234 
v -0.42173686623573303 0.22250643372535706 -0.004741079173982143 
v -0.4212556779384613 0.21997906267642975 -0.0064468905329704285 
v -0.4207744896411896 0.22057373821735382 -0.0064468905329704285 
v -0.420614093542099 0.22133833169937134 -0.0064468905329704285 
v -0.42085468769073486 0.22203919291496277 -0.0064468905329704285 
v -0.42149627208709717 0.22252768278121948 -0.0064468905329704285 
v -0.4214160740375519 0.21995782852172852 -0.008177423849701881 
v -0.42101508378982544 0.2205525040626526 -0.008325754664838314 
v -0.42085468769073486 0.22129584848880768 -0.00837519858032465 
v -0.421175479888916 0.22201795876026154 -0.008325754664838314 
v -0.42173686623573303 0.22250643372535706 -0.008177423849701881 
v -0.4221378564834595 0.2198728770017624 -0.009784347377717495 
v -0.42165666818618774 0.22046755254268646 -0.010056287981569767 
v -0.42157647013664246 0.22123213112354279 -0.010155175812542439 
v -0.4218170642852783 0.2219330072402954 -0.010056287981569767 
v -0.42237845063209534 0.22242148220539093 -0.009784347377717495 
v -0.4231804311275482 0.21976669132709503 -0.011168773286044598 
v -0.42285963892936707 0.22034011781215668 -0.011539601720869541 
v -0.4227794408798218 0.2211047112941742 -0.011687933467328548 
v -0.42302003502845764 0.22182680666446686 -0.011539601720869541 
v -0.4234210252761841 0.22231529653072357 -0.011168773286044598 
v -0.4244635999202728 0.22220909595489502 -0.002788049401715398 
v -0.42366161942481995 0.22229404747486115 -0.0038758129812777042 
v -0.424784392118454 0.22161442041397095 -0.0031835997942835093 
v -0.4240626096725464 0.22169937193393707 -0.004147753585129976 
v -0.42486459016799927 0.22087107598781586 -0.0033072091173380613 
v -0.4241428077220917 0.22095604240894318 -0.004246641416102648 
v -0.4246239960193634 0.2201489806175232 -0.0031835997942835093 
v -0.4239022135734558 0.22023393213748932 -0.004147753585129976 
v -0.42422300577163696 0.21966049075126648 -0.002788049401715398 
v -0.4233408272266388 0.2197454422712326 -0.0038758129812777042 
v -0.42310023307800293 0.2223365306854248 -0.005111908074468374 
v -0.42358142137527466 0.22174185514450073 -0.005260239355266094 
v -0.42374181747436523 0.22099851071834564 -0.00530968327075243 
v -0.4234210252761841 0.22027640044689178 -0.005260239355266094 
v -0.42285963892936707 0.2198091596364975 -0.005111908074468374 
v -0.42293983697891235 0.22235776484012604 -0.0064468905329704285 
v -0.4234210252761841 0.22176308929920197 -0.0064468905329704285 
v -0.42358142137527466 0.22101974487304688 -0.0064468905329704285 
v -0.4232606291770935 0.2202976495027542 -0.0064468905329704285 
v -0.4226992428302765 0.2198091596364975 -0.0064468905329704285 
v -0.42310023307800293 0.2223365306854248 -0.0078065949492156506 
v -0.42358142137527466 0.22174185514450073 -0.007658263668417931 
v -0.42374181747436523 0.22099851071834564 -0.007608819752931595 
v -0.4234210252761841 0.22027640044689178 -0.007658263668417931 
v -0.42285963892936707 0.2198091596364975 -0.0078065949492156506 
v -0.42366161942481995 0.22229404747486115 -0.009042689576745033 
v -0.4240626096725464 0.22169937193393707 -0.008770748972892761 
v -0.4241428077220917 0.22095604240894318 -0.00867186114192009 
v -0.4239022135734558 0.22023393213748932 -0.008770748972892761 
v -0.4233408272266388 0.2197454422712326 -0.009042689576745033 
v -0.4244635999202728 0.22220909595489502 -0.010105731897056103 
v -0.424784392118454 0.22161442041397095 -0.00973490346223116 
v -0.42486459016799927 0.22087107598781586 -0.009586571715772152 
v -0.4246239960193634 0.2201489806175232 -0.00973490346223116 
v -0.42422300577163696 0.21966049075126648 -0.010105731897056103 
v -0.4328042268753052 0.2213170826435089 -0.011168773286044598 
v -0.4314408600330353 0.22146575152873993 -0.0122070936486125 
v -0.43312501907348633 0.22072240710258484 -0.011539601720869541 
v -0.43160125613212585 0.22089232504367828 -0.01267680898308754 
v -0.4332052171230316 0.21997906267642975 -0.011687933467328548 
v -0.43168145418167114 0.2201489806175232 -0.012849862687289715 
v -0.43296462297439575 0.21925696730613708 -0.011539601720869541 
v -0.4314408600330353 0.21942687034606934 -0.01267680898308754 
v -0.432483434677124 0.21876847743988037 -0.011168773286044598 
v -0.4311200678348541 0.2189171463251114 -0.0122070936486125 
v -0.42975670099258423 0.2195967733860016 -0.013393744826316833 
v -0.42951610684394836 0.21908704936504364 -0.012874584645032883 
v -0.4279121160507202 0.2198091596364975 -0.013640963472425938 
v -0.4278319180011749 0.21925696730613708 -0.013121803291141987 
v -0.4260675609111786 0.22000031173229218 -0.013393744826316833 
v -0.4261477589607239 0.21944810450077057 -0.012874584645032883 
v -0.42430320382118225 0.22019144892692566 -0.01267680898308754 
v -0.4245437979698181 0.219618022441864 -0.0122070936486125 
v -0.42285963892936707 0.22034011781215668 -0.011539601720869541 
v -0.4227794408798218 0.2211047112941742 -0.011687933467328548 
v -0.42430320382118225 0.22093479335308075 -0.012849862687289715 
v -0.42302003502845764 0.22182680666446686 -0.011539601720869541 
v -0.4244635999202728 0.2216569036245346 -0.01267680898308754 
v -0.4234210252761841 0.22231529653072357 -0.011168773286044598 
v -0.424784392118454 0.22216662764549255 -0.0122070936486125 
v -0.42622795701026917 0.22146575152873993 -0.013393744826316833 
v -0.42638835310935974 0.2219967097043991 -0.012874584645032883 
v -0.4280725121498108 0.22127461433410645 -0.013640963472425938 
v -0.4280725121498108 0.22180557250976562 -0.013121803291141987 
v -0.4299170970916748 0.22108346223831177 -0.013393744826316833 
v -0.4298368990421295 0.22163566946983337 -0.012874584645032883 
v -0.432483434677124 0.21876847743988037 -0.0017497295048087835 
v -0.4311200678348541 0.2189171463251114 -0.0006866878247819841 
v -0.43296462297439575 0.21925696730613708 -0.0013541791122406721 
v -0.4314408600330353 0.21942687034606934 -0.00021697170450352132 
v -0.4332052171230316 0.21997906267642975 -0.0012305695563554764 
v -0.43168145418167114 0.2201489806175232 -0.00004391840047901496 
v -0.43312501907348633 0.22072240710258484 -0.0013541791122406721 
v -0.43160125613212585 0.22089232504367828 -0.00021697170450352132 
v -0.4328042268753052 0.2213170826435089 -0.0017497295048087835 
v -0.4314408600330353 0.22146575152873993 -0.0006866878247819841 
v -0.4299170970916748 0.22108346223831177 0.0004999634111300111 
v -0.4298368990421295 0.22163566946983337 -0.000019196499124518596 
v -0.4280725121498108 0.22127461433410645 0.0007471824064850807 
v -0.4280725121498108 0.22180557250976562 0.0002033006021520123 
v -0.42622795701026917 0.22146575152873993 0.0004999634111300111 
v -0.42638835310935974 0.2219967097043991 -0.000019196499124518596 
v -0.4244635999202728 0.2216569036245346 -0.00021697170450352132 
v -0.424784392118454 0.22216662764549255 -0.0006866878247819841 
v -0.42302003502845764 0.22182680666446686 -0.0013541791122406721 
v -0.4227794408798218 0.2211047112941742 -0.0012305695563554764 
v -0.42430320382118225 0.22093479335308075 -0.00004391840047901496 
v -0.42285963892936707 0.22034011781215668 -0.0013541791122406721 
v -0.42430320382118225 0.22019144892692566 -0.00021697170450352132 
v -0.4231804311275482 0.21976669132709503 -0.0017497295048087835 
v -0.4245437979698181 0.219618022441864 -0.0006866878247819841 
v -0.4260675609111786 0.22000031173229218 0.0004999634111300111 
v -0.4261477589607239 0.21944810450077057 -0.000019196499124518596 
v -0.4279121160507202 0.2198091596364975 0.0007471824064850807 
v -0.4278319180011749 0.21925696730613708 0.0002033006021520123 
v -0.42975670099258423 0.2195967733860016 0.0004999634111300111 
v -0.42951610684394836 0.21908704936504364 -0.000019196499124518596 
v -0.43160125613212585 0.22089232504367828 0.009399847127497196 
v -0.4299170970916748 0.22108346223831177 0.009399847127497196 
v -0.43160125613212585 0.22089232504367828 0.008163752034306526 
v -0.4299170970916748 0.22108346223831177 0.008139030076563358 
v -0.43160125613212585 0.22089232504367828 -0.00021697170450352132 
v -0.4299170970916748 0.22108346223831177 0.0004999634111300111 
v -0.4280725121498108 0.22127461433410645 0.009375125169754028 
v -0.4280725121498108 0.22127461433410645 0.008139030076563358 
v -0.4280725121498108 0.22127461433410645 0.0007471824064850807 
v -0.42622795701026917 0.22146575152873993 0.009424569085240364 
v -0.42622795701026917 0.22146575152873993 0.008163752034306526 
v -0.42622795701026917 0.22146575152873993 0.0004999634111300111 
v -0.4244635999202728 0.2216569036245346 0.009399847127497196 
v -0.4244635999202728 0.2216569036245346 0.008163752034306526 
v -0.4244635999202728 0.2216569036245346 -0.00021697170450352132 
v -0.42430320382118225 0.22019144892692566 -0.021082255989313126 
v -0.4260675609111786 0.22000031173229218 -0.021082255989313126 
v -0.4238220155239105 0.21560396254062653 -0.021082255989313126 
v -0.42558637261390686 0.21541281044483185 -0.021082255989313126 
v -0.4279121160507202 0.2198091596364975 -0.021057533100247383 
v -0.4274309277534485 0.21522167325019836 -0.021057533100247383 
v -0.42975670099258423 0.2195967733860016 -0.021057533100247383 
v -0.4292755126953125 0.2150305211544037 -0.021057533100247383 
v -0.4314408600330353 0.21942687034606934 -0.021082255989313126 
v -0.43095967173576355 0.214839369058609 -0.021082255989313126 
v -0.4854944944381714 0.21267305314540863 -0.02061253972351551 
v -0.48509350419044495 0.20940235257148743 -0.02061253972351551 
v -0.4854944944381714 0.21267305314540863 -0.01618731953203678 
v -0.48509350419044495 0.20940235257148743 -0.01618731953203678 
v -0.4854944944381714 0.21267305314540863 0.003392425598576665 
v -0.48509350419044495 0.20940235257148743 0.003392425598576665 
v -0.4854944944381714 0.21267305314540863 0.00781764555722475 
v -0.48509350419044495 0.20940235257148743 0.00781764555722475 
v -0.4314408600330353 0.21942687034606934 0.008163752034306526 
v -0.42975670099258423 0.2195967733860016 0.008139030076563358 
v -0.43095967173576355 0.214839369058609 0.008163752034306526 
v -0.4292755126953125 0.2150305211544037 0.008139030076563358 
v -0.4279121160507202 0.2198091596364975 0.008139030076563358 
v -0.4274309277534485 0.21522167325019836 0.008139030076563358 
v -0.4260675609111786 0.22000031173229218 0.008163752034306526 
v -0.42558637261390686 0.21541281044483185 0.008163752034306526 
v -0.42430320382118225 0.22019144892692566 0.008163752034306526 
v -0.4238220155239105 0.21560396254062653 0.008163752034306526 
v -0.4905470013618469 0.2017565220594406 -0.026891902089118958 
v -0.4905470013618469 0.2017565220594406 0.014912830665707588 
v -0.47587069869041443 0.2017565220594406 -0.026891902089118958 
v -0.47587069869041443 0.2017565220594406 0.014912830665707588 
v -0.34226033091545105 0.2017565220594406 -0.026891902089118958 
v -0.34226033091545105 0.2017565220594406 0.014912830665707588 
v -0.3263810873031616 0.2017565220594406 -0.026891902089118958 
v -0.3263810873031616 0.2017565220594406 0.014912830665707588 
v -0.47587069869041443 0.24206700921058655 0.019313329830765724 
v -0.47587069869041443 0.24206700921058655 0.014912830665707588 
v -0.48156479001045227 0.23741579055786133 0.019313329830765724 
v -0.48156479001045227 0.23741579055786133 0.014912830665707588 
v -0.4905470013618469 0.2017565220594406 0.019313329830765724 
v -0.4905470013618469 0.2017565220594406 0.014912830665707588 
v -0.4905470013618469 0.19859200716018677 0.014912830665707588 
v -0.4905470013618469 0.19859200716018677 -0.026891902089118958 
v -0.4905470013618469 0.2017565220594406 -0.026891902089118958 
v -0.4905470013618469 0.19859200716018677 -0.031292401254177094 
v -0.4905470013618469 0.2017565220594406 -0.031292401254177094 
v -0.48156479001045227 0.23741579055786133 -0.031292401254177094 
v -0.48156479001045227 0.23741579055786133 -0.026891902089118958 
v -0.47587069869041443 0.24206700921058655 -0.031292401254177094 
v -0.42430320382118225 0.22019144892692566 -0.00021697170450352132 
v -0.42430320382118225 0.22093479335308075 -0.00004391840047901496 
v -0.42430320382118225 0.22019144892692566 0.008163752034306526 
v -0.42430320382118225 0.22093479335308075 0.008559302426874638 
v -0.42430320382118225 0.22019144892692566 0.009399847127497196 
v -0.42430320382118225 0.22093479335308075 0.009844841435551643 
v -0.4244635999202728 0.2216569036245346 -0.00021697170450352132 
v -0.4244635999202728 0.2216569036245346 0.008163752034306526 
v -0.4244635999202728 0.2216569036245346 0.009399847127497196 
v -0.432483434677124 0.21876847743988037 -0.011168773286044598 
v -0.43352600932121277 0.218662291765213 -0.009784347377717495 
v -0.43296462297439575 0.21925696730613708 -0.011539601720869541 
v -0.4340873956680298 0.21915076673030853 -0.010056287981569767 
v -0.4332052171230316 0.21997906267642975 -0.011687933467328548 
v -0.43432798981666565 0.21985164284706116 -0.010155175812542439 
v -0.43312501907348633 0.22072240710258484 -0.011539601720869541 
v -0.43424779176712036 0.22061622142791748 -0.010056287981569767 
v -0.4328042268753052 0.2213170826435089 -0.011168773286044598 
v -0.4338468015193939 0.22118966281414032 -0.009784347377717495 
v -0.43424779176712036 0.2185773402452469 -0.008177423849701881 
v -0.4348091781139374 0.2190658152103424 -0.008325754664838314 
v -0.43504977226257324 0.21978792548179626 -0.00837519858032465 
v -0.43496957421302795 0.22053126990795135 -0.008325754664838314 
v -0.4344883859157562 0.22112594544887543 -0.008177423849701881 
v -0.4344883859157562 0.21855609118938446 -0.0064468905329704285 
v -0.43504977226257324 0.21904458105564117 -0.0064468905329704285 
v -0.4352903664112091 0.2197454422712326 -0.0064468905329704285 
v -0.4352101683616638 0.22051003575325012 -0.0064468905329704285 
v -0.4347289800643921 0.2211047112941742 -0.0064468905329704285 
v -0.43424779176712036 0.2185773402452469 -0.004741079173982143 
v -0.4348091781139374 0.2190658152103424 -0.0045927478931844234 
v -0.43504977226257324 0.21978792548179626 -0.004543303977698088 
v -0.43496957421302795 0.22053126990795135 -0.0045927478931844234 
v -0.4344883859157562 0.22112594544887543 -0.004741079173982143 
v -0.43352600932121277 0.218662291765213 -0.0031341558787971735 
v -0.4340873956680298 0.21915076673030853 -0.002862215042114258 
v -0.43432798981666565 0.21985164284706116 -0.00276332744397223 
v -0.43424779176712036 0.22061622142791748 -0.002862215042114258 
v -0.4338468015193939 0.22118966281414032 -0.0031341558787971735 
v -0.432483434677124 0.21876847743988037 -0.0017497295048087835 
v -0.43296462297439575 0.21925696730613708 -0.0013541791122406721 
v -0.4332052171230316 0.21997906267642975 -0.0012305695563554764 
v -0.43312501907348633 0.22072240710258484 -0.0013541791122406721 
v -0.4328042268753052 0.2213170826435089 -0.0017497295048087835 
v -0.43160125613212585 0.22089232504367828 -0.02231835015118122 
v -0.4299170970916748 0.22108346223831177 -0.022293629124760628 
v -0.43168145418167114 0.2201489806175232 -0.022763345390558243 
v -0.4298368990421295 0.22034011781215668 -0.0227386225014925 
v -0.4314408600330353 0.21942687034606934 -0.02231835015118122 
v -0.42975670099258423 0.2195967733860016 -0.022293629124760628 
v -0.43095967173576355 0.214839369058609 -0.02231835015118122 
v -0.4292755126953125 0.2150305211544037 -0.022293629124760628 
v -0.430799275636673 0.21350136399269104 -0.02231835015118122 
v -0.4291151165962219 0.21369250118732452 -0.022293629124760628 
v -0.4280725121498108 0.22127461433410645 -0.022293629124760628 
v -0.4279923141002655 0.22053126990795135 -0.0227386225014925 
v -0.4279121160507202 0.2198091596364975 -0.022293629124760628 
v -0.4274309277534485 0.21522167325019836 -0.022293629124760628 
v -0.4272705316543579 0.2138836532831192 -0.022293629124760628 
v -0.42622795701026917 0.22146575152873993 -0.02231835015118122 
v -0.4260675609111786 0.22074365615844727 -0.022763345390558243 
v -0.4260675609111786 0.22000031173229218 -0.02231835015118122 
v -0.42558637261390686 0.21541281044483185 -0.02231835015118122 
v -0.4254259765148163 0.21409602463245392 -0.02231835015118122 
v -0.4244635999202728 0.2216569036245346 -0.02231835015118122 
v -0.42430320382118225 0.22093479335308075 -0.022763345390558243 
v -0.42430320382118225 0.22019144892692566 -0.02231835015118122 
v -0.4238220155239105 0.21560396254062653 -0.02231835015118122 
v -0.42366161942481995 0.21426594257354736 -0.02231835015118122 
v -0.4244635999202728 0.2216569036245346 0.009399847127497196 
v -0.42622795701026917 0.22146575152873993 0.009424569085240364 
v -0.42430320382118225 0.22093479335308075 0.009844841435551643 
v -0.4260675609111786 0.22074365615844727 0.009869563393294811 
v -0.42430320382118225 0.22019144892692566 0.009399847127497196 
v -0.4260675609111786 0.22000031173229218 0.009424569085240364 
v -0.4238220155239105 0.21560396254062653 0.009399847127497196 
v -0.42558637261390686 0.21541281044483185 0.009424569085240364 
v -0.42366161942481995 0.21426594257354736 0.009399847127497196 
v -0.4254259765148163 0.21409602463245392 0.009424569085240364 
v -0.4280725121498108 0.22127461433410645 0.009375125169754028 
v -0.4279923141002655 0.22053126990795135 0.009820119477808475 
v -0.4279121160507202 0.2198091596364975 0.009375125169754028 
v -0.4274309277534485 0.21522167325019836 0.009375125169754028 
v -0.4272705316543579 0.2138836532831192 0.009375125169754028 
v -0.4299170970916748 0.22108346223831177 0.009399847127497196 
v -0.4298368990421295 0.22034011781215668 0.009820119477808475 
v -0.42975670099258423 0.2195967733860016 0.009399847127497196 
v -0.4292755126953125 0.2150305211544037 0.009399847127497196 
v -0.4291151165962219 0.21369250118732452 0.009399847127497196 
v -0.43160125613212585 0.22089232504367828 0.009399847127497196 
v -0.43168145418167114 0.2201489806175232 0.009844841435551643 
v -0.4314408600330353 0.21942687034606934 0.009399847127497196 
v -0.43095967173576355 0.214839369058609 0.009399847127497196 
v -0.430799275636673 0.21350136399269104 0.009399847127497196 
v -0.4238220155239105 0.21560396254062653 0.008163752034306526 
v -0.4238220155239105 0.21560396254062653 0.009399847127497196 
v -0.42366161942481995 0.21426594257354736 0.008163752034306526 
v -0.42366161942481995 0.21426594257354736 0.009399847127497196 
v -0.4239022135734558 0.21596501767635345 0.0029721534810960293 
v -0.42374181747436523 0.21464823186397552 0.0029721534810960293 
v -0.43176165223121643 0.22142328321933746 -0.010105731897056103 
v -0.4325636327266693 0.22133833169937134 -0.009042689576745033 
v -0.4312804639339447 0.22093479335308075 -0.00973490346223116 
v -0.4320022463798523 0.22084984183311462 -0.008770748972892761 
v -0.4311200678348541 0.22021269798278809 -0.009586571715772152 
v -0.43176165223121643 0.22012773156166077 -0.00867186114192009 
v -0.4311200678348541 0.21944810450077057 -0.00973490346223116 
v -0.431922048330307 0.21938438713550568 -0.008770748972892761 
v -0.4314408600330353 0.21887467801570892 -0.010105731897056103 
v -0.43232303857803345 0.2187897115945816 -0.009042689576745033 
v -0.43304482102394104 0.22127461433410645 -0.0078065949492156506 
v -0.432483434677124 0.22080737352371216 -0.007658263668417931 
v -0.43224284052848816 0.2200852632522583 -0.007608819752931595 
v -0.43232303857803345 0.21932068467140198 -0.007658263668417931 
v -0.4328042268753052 0.2187260091304779 -0.0078065949492156506 
v -0.4332854151725769 0.2212533801794052 -0.0064468905329704285 
v -0.4326438307762146 0.22078612446784973 -0.0064468905329704285 
v -0.43240323662757874 0.22006402909755707 -0.0064468905329704285 
v -0.432483434677124 0.21932068467140198 -0.0064468905329704285 
v -0.43296462297439575 0.21870476007461548 -0.0064468905329704285 
v -0.43304482102394104 0.22127461433410645 -0.005111908074468374 
v -0.432483434677124 0.22080737352371216 -0.005260239355266094 
v -0.43224284052848816 0.2200852632522583 -0.00530968327075243 
v -0.43232303857803345 0.21932068467140198 -0.005260239355266094 
v -0.4328042268753052 0.2187260091304779 -0.005111908074468374 
v -0.4325636327266693 0.22133833169937134 -0.0038758129812777042 
v -0.4320022463798523 0.22084984183311462 -0.004147753585129976 
v -0.43176165223121643 0.22012773156166077 -0.004246641416102648 
v -0.431922048330307 0.21938438713550568 -0.004147753585129976 
v -0.43232303857803345 0.2187897115945816 -0.0038758129812777042 
v -0.43176165223121643 0.22142328321933746 -0.002788049401715398 
v -0.4312804639339447 0.22093479335308075 -0.0031835997942835093 
v -0.4311200678348541 0.22021269798278809 -0.0033072091173380613 
v -0.4311200678348541 0.21944810450077057 -0.0031835997942835093 
v -0.4314408600330353 0.21887467801570892 -0.002788049401715398 
v -0.4279923141002655 0.21609243750572205 0.01122926827520132 
v -0.42839330434799194 0.2163260579109192 0.01122926827520132 
v -0.4279923141002655 0.21609243750572205 0.0076693142764270306 
v -0.42839330434799194 0.2163260579109192 0.0076693142764270306 
v -0.4285537004470825 0.21668711304664612 0.01122926827520132 
v -0.4285537004470825 0.21668711304664612 0.0076693142764270306 
v -0.42847350239753723 0.21706940233707428 0.01122926827520132 
v -0.42847350239753723 0.21706940233707428 0.0076693142764270306 
v -0.4281527101993561 0.21736674010753632 0.01122926827520132 
v -0.4281527101993561 0.21736674010753632 0.0076693142764270306 
v -0.43103986978530884 0.21520042419433594 -0.015890656039118767 
v -0.4292755126953125 0.21539157629013062 -0.015865935012698174 
v -0.43095967173576355 0.214839369058609 -0.021082255989313126 
v -0.4292755126953125 0.2150305211544037 -0.021057533100247383 
v -0.4274309277534485 0.2155827134847641 -0.015865935012698174 
v -0.4274309277534485 0.21522167325019836 -0.021057533100247383 
v -0.42558637261390686 0.21579509973526 -0.015890656039118767 
v -0.42558637261390686 0.21541281044483185 -0.021082255989313126 
v -0.4239022135734558 0.21596501767635345 -0.015890656039118767 
v -0.4238220155239105 0.21560396254062653 -0.021082255989313126 
v -0.43095967173576355 0.214839369058609 -0.021082255989313126 
v -0.43095967173576355 0.214839369058609 -0.02231835015118122 
v -0.430799275636673 0.21350136399269104 -0.021082255989313126 
v -0.430799275636673 0.21350136399269104 -0.02231835015118122 
v -0.43103986978530884 0.21520042419433594 -0.015890656039118767 
v -0.43087947368621826 0.2138836532831192 -0.015890656039118767 
v -0.34226033091545105 0.24206700921058655 -0.026891902089118958 
v -0.34226033091545105 0.24206700921058655 -0.031292401254177094 
v -0.47587069869041443 0.24206700921058655 -0.026891902089118958 
v -0.47587069869041443 0.24206700921058655 -0.031292401254177094 
v -0.42366161942481995 0.21426594257354736 0.009399847127497196 
v -0.4254259765148163 0.21409602463245392 0.009424569085240364 
v -0.42366161942481995 0.21426594257354736 0.008163752034306526 
v -0.4254259765148163 0.21409602463245392 0.008163752034306526 
v -0.42374181747436523 0.21464823186397552 0.0029721534810960293 
v -0.4254259765148163 0.21445707976818085 0.0029968752060085535 
v -0.4272705316543579 0.2138836532831192 0.009375125169754028 
v -0.4272705316543579 0.2138836532831192 0.008139030076563358 
v -0.4272705316543579 0.21426594257354736 0.0029721534810960293 
v -0.4291151165962219 0.21369250118732452 0.009399847127497196 
v -0.4291151165962219 0.21369250118732452 0.008139030076563358 
v -0.4291151165962219 0.21405355632305145 0.0029721534810960293 
v -0.430799275636673 0.21350136399269104 0.009399847127497196 
v -0.430799275636673 0.21350136399269104 0.008163752034306526 
v -0.43087947368621826 0.2138836532831192 0.0029721534810960293 
v -0.43160125613212585 0.22089232504367828 -0.01267680898308754 
v -0.4299170970916748 0.22108346223831177 -0.013393744826316833 
v -0.43160125613212585 0.22089232504367828 -0.021082255989313126 
v -0.4299170970916748 0.22108346223831177 -0.021057533100247383 
v -0.43160125613212585 0.22089232504367828 -0.02231835015118122 
v -0.4299170970916748 0.22108346223831177 -0.022293629124760628 
v -0.4280725121498108 0.22127461433410645 -0.013640963472425938 
v -0.4280725121498108 0.22127461433410645 -0.021057533100247383 
v -0.4280725121498108 0.22127461433410645 -0.022293629124760628 
v -0.42622795701026917 0.22146575152873993 -0.013393744826316833 
v -0.42622795701026917 0.22146575152873993 -0.021082255989313126 
v -0.42622795701026917 0.22146575152873993 -0.02231835015118122 
v -0.4244635999202728 0.2216569036245346 -0.01267680898308754 
v -0.4244635999202728 0.2216569036245346 -0.021082255989313126 
v -0.4244635999202728 0.2216569036245346 -0.02231835015118122 
v -0.34226033091545105 0.24206700921058655 0.019313329830765724 
v -0.34226033091545105 0.24206700921058655 0.014912830665707588 
v -0.47587069869041443 0.24206700921058655 0.019313329830765724 
v -0.47587069869041443 0.24206700921058655 0.014912830665707588 
v -0.3873317837715149 0.22320730984210968 0.00781764555722475 
v -0.3873317837715149 0.22320730984210968 0.003392425598576665 
v -0.391983300447464 0.22269758582115173 0.00781764555722475 
v -0.391983300447464 0.22269758582115173 0.003392425598576665 
v -0.482045978307724 0.21303410828113556 0.00781764555722475 
v -0.482045978307724 0.21303410828113556 0.003392425598576665 
v -0.4854944944381714 0.21267305314540863 0.003392425598576665 
v -0.4854944944381714 0.21267305314540863 -0.01618731953203678 
v -0.482045978307724 0.21303410828113556 -0.01618731953203678 
v -0.4854944944381714 0.21267305314540863 -0.02061253972351551 
v -0.482045978307724 0.21303410828113556 -0.02061253972351551 
v -0.391983300447464 0.22269758582115173 -0.02061253972351551 
v -0.391983300447464 0.22269758582115173 -0.01618731953203678 
v -0.3873317837715149 0.22320730984210968 -0.02061253972351551 
v -0.3873317837715149 0.22320730984210968 -0.01618731953203678 
v -0.4239022135734558 0.21596501767635345 -0.015890656039118767 
v -0.42374181747436523 0.21464823186397552 -0.015890656039118767 
v -0.4238220155239105 0.21560396254062653 -0.021082255989313126 
v -0.42366161942481995 0.21426594257354736 -0.021082255989313126 
v -0.42366161942481995 0.21426594257354736 -0.02231835015118122 
v -0.4238220155239105 0.21560396254062653 -0.02231835015118122 
v -0.42430320382118225 0.22019144892692566 -0.021082255989313126 
v -0.42430320382118225 0.22019144892692566 -0.02231835015118122 
v -0.42430320382118225 0.22093479335308075 -0.022763345390558243 
v -0.42430320382118225 0.22093479335308075 -0.021477805450558662 
v -0.4244635999202728 0.2216569036245346 -0.02231835015118122 
v -0.4244635999202728 0.2216569036245346 -0.021082255989313126 
v -0.42430320382118225 0.22093479335308075 -0.012849862687289715 
v -0.42430320382118225 0.22019144892692566 -0.01267680898308754 
v -0.48172518610954285 0.20976339280605316 -0.01618731953203678 
v -0.482045978307724 0.21303410828113556 -0.01618731953203678 
v -0.48172518610954285 0.20976339280605316 0.003392425598576665 
v -0.482045978307724 0.21303410828113556 0.003392425598576665 
v -0.4239022135734558 0.21596501767635345 0.0029721534810960293 
v -0.42558637261390686 0.21579509973526 0.0029968752060085535 
v -0.4238220155239105 0.21560396254062653 0.008163752034306526 
v -0.42558637261390686 0.21541281044483185 0.008163752034306526 
v -0.4274309277534485 0.2155827134847641 0.0029721534810960293 
v -0.4274309277534485 0.21522167325019836 0.008139030076563358 
v -0.4292755126953125 0.21539157629013062 0.0029721534810960293 
v -0.4292755126953125 0.2150305211544037 0.008139030076563358 
v -0.43103986978530884 0.21520042419433594 0.0029721534810960293 
v -0.43095967173576355 0.214839369058609 0.008163752034306526 
v -0.43103986978530884 0.21520042419433594 0.0029721534810960293 
v -0.4292755126953125 0.21539157629013062 0.0029721534810960293 
v -0.43087947368621826 0.2138836532831192 0.0029721534810960293 
v -0.4291151165962219 0.21405355632305145 0.0029721534810960293 
v -0.4274309277534485 0.2155827134847641 0.0029721534810960293 
v -0.4272705316543579 0.21426594257354736 0.0029721534810960293 
v -0.42558637261390686 0.21579509973526 0.0029968752060085535 
v -0.4254259765148163 0.21445707976818085 0.0029968752060085535 
v -0.4239022135734558 0.21596501767635345 0.0029721534810960293 
v -0.42374181747436523 0.21464823186397552 0.0029721534810960293 
v -0.4239022135734558 0.21596501767635345 -0.015890656039118767 
v -0.42558637261390686 0.21579509973526 -0.015890656039118767 
v -0.42374181747436523 0.21464823186397552 -0.015890656039118767 
v -0.4254259765148163 0.21445707976818085 -0.015890656039118767 
v -0.4274309277534485 0.2155827134847641 -0.015865935012698174 
v -0.4272705316543579 0.21426594257354736 -0.015865935012698174 
v -0.4292755126953125 0.21539157629013062 -0.015865935012698174 
v -0.4291151165962219 0.21405355632305145 -0.015865935012698174 
v -0.43103986978530884 0.21520042419433594 -0.015890656039118767 
v -0.43087947368621826 0.2138836532831192 -0.015890656039118767 
v -0.38693079352378845 0.21991536021232605 0.00781764555722475 
v -0.3873317837715149 0.22320730984210968 0.00781764555722475 
v -0.39166250824928284 0.2194056361913681 0.00781764555722475 
v -0.391983300447464 0.22269758582115173 0.00781764555722475 
v -0.48172518610954285 0.20976339280605316 0.00781764555722475 
v -0.482045978307724 0.21303410828113556 0.00781764555722475 
v -0.48509350419044495 0.20940235257148743 0.00781764555722475 
v -0.4854944944381714 0.21267305314540863 0.00781764555722475 
v -0.42374181747436523 0.21464823186397552 -0.015890656039118767 
v -0.4254259765148163 0.21445707976818085 -0.015890656039118767 
v -0.42366161942481995 0.21426594257354736 -0.021082255989313126 
v -0.4254259765148163 0.21409602463245392 -0.021082255989313126 
v -0.42366161942481995 0.21426594257354736 -0.02231835015118122 
v -0.4254259765148163 0.21409602463245392 -0.02231835015118122 
v -0.4272705316543579 0.21426594257354736 -0.015865935012698174 
v -0.4272705316543579 0.2138836532831192 -0.021057533100247383 
v -0.4272705316543579 0.2138836532831192 -0.022293629124760628 
v -0.4291151165962219 0.21405355632305145 -0.015865935012698174 
v -0.4291151165962219 0.21369250118732452 -0.021057533100247383 
v -0.4291151165962219 0.21369250118732452 -0.022293629124760628 
v -0.43087947368621826 0.2138836532831192 -0.015890656039118767 
v -0.430799275636673 0.21350136399269104 -0.021082255989313126 
v -0.430799275636673 0.21350136399269104 -0.02231835015118122 
v -0.42702993750572205 0.21617738902568817 0.01122926827520132 
v -0.4275111258029938 0.21602872014045715 0.01122926827520132 
v -0.42702993750572205 0.21617738902568817 0.0076693142764270306 
v -0.4275111258029938 0.21602872014045715 0.0076693142764270306 
v -0.4279923141002655 0.21609243750572205 0.01122926827520132 
v -0.4279923141002655 0.21609243750572205 0.0076693142764270306 
v -0.4291953146457672 0.21849237382411957 0.01122926827520132 
v -0.4291953146457672 0.21849237382411957 0.01211925595998764 
v -0.4279121160507202 0.21889591217041016 0.01122926827520132 
v -0.4279121160507202 0.21889591217041016 0.01211925595998764 
v -0.42646855115890503 0.2187260091304779 0.01122926827520132 
v -0.42646855115890503 0.2187260091304779 0.01211925595998764 
v -0.43103986978530884 0.21520042419433594 0.0029721534810960293 
v -0.43087947368621826 0.2138836532831192 0.0029721534810960293 
v -0.43095967173576355 0.214839369058609 0.008163752034306526 
v -0.430799275636673 0.21350136399269104 0.008163752034306526 
v -0.430799275636673 0.21350136399269104 0.009399847127497196 
v -0.43095967173576355 0.214839369058609 0.009399847127497196 
v -0.4314408600330353 0.21942687034606934 0.008163752034306526 
v -0.4314408600330353 0.21942687034606934 0.009399847127497196 
v -0.43168145418167114 0.2201489806175232 0.009844841435551643 
v -0.43168145418167114 0.2201489806175232 0.008559302426874638 
v -0.43160125613212585 0.22089232504367828 0.009399847127497196 
v -0.43160125613212585 0.22089232504367828 0.008163752034306526 
v -0.43168145418167114 0.2201489806175232 -0.00004391840047901496 
v -0.4314408600330353 0.21942687034606934 -0.00021697170450352132 
v -0.4314408600330353 0.21887467801570892 -0.010105731897056103 
v -0.43039828538894653 0.21898086369037628 -0.010946276597678661 
v -0.4311200678348541 0.21944810450077057 -0.00973490346223116 
v -0.43015769124031067 0.21955430507659912 -0.010476560331881046 
v -0.4311200678348541 0.22021269798278809 -0.009586571715772152 
v -0.43015769124031067 0.2202976495027542 -0.010303506627678871 
v -0.4312804639339447 0.22093479335308075 -0.00973490346223116 
v -0.43031808733940125 0.22101974487304688 -0.010476560331881046 
v -0.43176165223121643 0.22142328321933746 -0.010105731897056103 
v -0.4307190775871277 0.22152946889400482 -0.010946276597678661 
v -0.4291953146457672 0.2191295325756073 -0.011465435847640038 
v -0.4291151165962219 0.2196817249059677 -0.010921554639935493 
v -0.4291151165962219 0.2204250693321228 -0.010748500935733318 
v -0.4292755126953125 0.22114717960357666 -0.010921554639935493 
v -0.4294359087944031 0.22167813777923584 -0.011465435847640038 
v -0.4278319180011749 0.21925696730613708 -0.011638489551842213 
v -0.4279121160507202 0.2198091596364975 -0.011094607412815094 
v -0.4279923141002655 0.22053126990795135 -0.010896832682192326 
v -0.4280725121498108 0.22127461433410645 -0.011094607412815094 
v -0.4280725121498108 0.22180557250976562 -0.011638489551842213 
v -0.42646855115890503 0.2194056361913681 -0.011465435847640038 
v -0.4267091453075409 0.21993659436702728 -0.010921554639935493 
v -0.4267893433570862 0.22065870463848114 -0.010748500935733318 
v -0.42686954140663147 0.22140203416347504 -0.010921554639935493 
v -0.4267893433570862 0.22195424139499664 -0.011465435847640038 
v -0.4252655804157257 0.2195330560207367 -0.010946276597678661 
v -0.42558637261390686 0.22004278004169464 -0.010476560331881046 
v -0.42574676871299744 0.22078612446784973 -0.010303506627678871 
v -0.42574676871299744 0.22152946889400482 -0.010476560331881046 
v -0.4255061745643616 0.22208167612552643 -0.010946276597678661 
v -0.42422300577163696 0.21966049075126648 -0.010105731897056103 
v -0.4246239960193634 0.2201489806175232 -0.00973490346223116 
v -0.42486459016799927 0.22087107598781586 -0.009586571715772152 
v -0.424784392118454 0.22161442041397095 -0.00973490346223116 
v -0.4244635999202728 0.22220909595489502 -0.010105731897056103 
v -0.3263810873031616 0.19859200716018677 0.019313329830765724 
v -0.34226033091545105 0.19859200716018677 0.014912830665707588 
v -0.34226033091545105 0.19859200716018677 0.019313329830765724 
v -0.47587069869041443 0.19859200716018677 0.019313329830765724 
v -0.4905470013618469 0.19859200716018677 0.019313329830765724 
v -0.4259873628616333 0.2150305211544037 0.01122926827520132 
v -0.4259873628616333 0.2150305211544037 0.01211925595998764 
v -0.4272705316543579 0.21464823186397552 0.01122926827520132 
v -0.4272705316543579 0.21464823186397552 0.01211925595998764 
v -0.4287140965461731 0.21481813490390778 0.01122926827520132 
v -0.4287140965461731 0.21481813490390778 0.01211925595998764 
v -0.42702993750572205 0.21617738902568817 0.0076693142764270306 
v -0.4267091453075409 0.2164747267961502 0.0076693142764270306 
v -0.42702993750572205 0.21617738902568817 0.01122926827520132 
v -0.4267091453075409 0.2164747267961502 0.01122926827520132 
v -0.4266289472579956 0.21685703098773956 0.0076693142764270306 
v -0.4266289472579956 0.21685703098773956 0.01122926827520132 
v -0.4267893433570862 0.21719683706760406 0.0076693142764270306 
v -0.4267893433570862 0.21719683706760406 0.01122926827520132 
v -0.4271903336048126 0.21745170652866364 0.0076693142764270306 
v -0.4271903336048126 0.21745170652866364 0.01122926827520132 
v -0.482045978307724 0.21303410828113556 -0.01618731953203678 
v -0.48172518610954285 0.20976339280605316 -0.01618731953203678 
v -0.391983300447464 0.22269758582115173 -0.01618731953203678 
v -0.39166250824928284 0.2194056361913681 -0.01618731953203678 
v -0.3873317837715149 0.22320730984210968 -0.01618731953203678 
v -0.38693079352378845 0.21991536021232605 -0.01618731953203678 
v -0.4287140965461731 0.21481813490390778 0.01122926827520132 
v -0.4287140965461731 0.21481813490390778 0.01211925595998764 
v -0.4298368990421295 0.21549776196479797 0.01122926827520132 
v -0.4298368990421295 0.21549776196479797 0.01211925595998764 
v -0.43031808733940125 0.2165384441614151 0.01122926827520132 
v -0.43031808733940125 0.2165384441614151 0.01211925595998764 
v -0.4300774931907654 0.21764284372329712 0.01122926827520132 
v -0.4300774931907654 0.21764284372329712 0.01211925595998764 
v -0.4291953146457672 0.21849237382411957 0.01122926827520132 
v -0.4291953146457672 0.21849237382411957 0.01211925595998764 
v -0.4300774931907654 0.21655969321727753 0.012415919452905655 
v -0.4299170970916748 0.217557892203331 0.012415919452905655 
v -0.4271903336048126 0.21745170652866364 0.0076693142764270306 
v -0.42767152190208435 0.2174941748380661 0.0076693142764270306 
v -0.4271903336048126 0.21745170652866364 0.01122926827520132 
v -0.42767152190208435 0.2174941748380661 0.01122926827520132 
v -0.4281527101993561 0.21736674010753632 0.0076693142764270306 
v -0.4281527101993561 0.21736674010753632 0.01122926827520132 
v -0.42767152190208435 0.2174941748380661 0.0076693142764270306 
v -0.4271903336048126 0.21745170652866364 0.0076693142764270306 
v -0.4281527101993561 0.21736674010753632 0.0076693142764270306 
v -0.4267893433570862 0.21719683706760406 0.0076693142764270306 
v -0.4266289472579956 0.21685703098773956 0.0076693142764270306 
v -0.4267091453075409 0.2164747267961502 0.0076693142764270306 
v -0.42702993750572205 0.21617738902568817 0.0076693142764270306 
v -0.4275111258029938 0.21602872014045715 0.0076693142764270306 
v -0.4279923141002655 0.21609243750572205 0.0076693142764270306 
v -0.42839330434799194 0.2163260579109192 0.0076693142764270306 
v -0.4285537004470825 0.21668711304664612 0.0076693142764270306 
v -0.42310023307800293 0.2223365306854248 -0.0078065949492156506 
v -0.42302003502845764 0.22254891693592072 -0.009413518942892551 
v -0.42366161942481995 0.22229404747486115 -0.009042689576745033 
v -0.4239824116230011 0.2224639654159546 -0.010649613104760647 
v -0.4244635999202728 0.22220909595489502 -0.010105731897056103 
v -0.4251853823661804 0.2223365306854248 -0.011589045636355877 
v -0.4255061745643616 0.22208167612552643 -0.010946276597678661 
v -0.4266289472579956 0.22216662764549255 -0.012157649733126163 
v -0.4267893433570862 0.22195424139499664 -0.011465435847640038 
v -0.4281527101993561 0.22201795876026154 -0.0123801464214921 
v -0.4280725121498108 0.22180557250976562 -0.011638489551842213 
v -0.42967650294303894 0.2218480408191681 -0.012157649733126163 
v -0.4294359087944031 0.22167813777923584 -0.011465435847640038 
v -0.43103986978530884 0.22169937193393707 -0.011589045636355877 
v -0.4307190775871277 0.22152946889400482 -0.010946276597678661 
v -0.43232303857803345 0.22157195210456848 -0.010649613104760647 
v -0.43176165223121643 0.22142328321933746 -0.010105731897056103 
v -0.4332052171230316 0.22146575152873993 -0.009413518942892551 
v -0.4325636327266693 0.22133833169937134 -0.009042689576745033 
v -0.4338468015193939 0.22140203416347504 -0.007979648187756538 
v -0.43304482102394104 0.22127461433410645 -0.0078065949492156506 
v -0.4340071976184845 0.2213808000087738 -0.0064468905329704285 
v -0.4332854151725769 0.2212533801794052 -0.0064468905329704285 
v -0.4338468015193939 0.22140203416347504 -0.0049141328781843185 
v -0.43304482102394104 0.22127461433410645 -0.005111908074468374 
v -0.4332052171230316 0.22146575152873993 -0.003504984313622117 
v -0.4325636327266693 0.22133833169937134 -0.0038758129812777042 
v -0.43232303857803345 0.22157195210456848 -0.0022688894532620907 
v -0.43176165223121643 0.22142328321933746 -0.002788049401715398 
v -0.43103986978530884 0.22169937193393707 -0.0013294571544975042 
v -0.4307190775871277 0.22152946889400482 -0.001972226658836007 
v -0.42967650294303894 0.2218480408191681 -0.000736131623852998 
v -0.4294359087944031 0.22167813777923584 -0.0014530667103827 
v -0.4281527101993561 0.22201795876026154 -0.0005383564275689423 
v -0.4280725121498108 0.22180557250976562 -0.0012800133554264903 
v -0.4266289472579956 0.22216662764549255 -0.000736131623852998 
v -0.4267893433570862 0.22195424139499664 -0.0014530667103827 
v -0.4251853823661804 0.2223365306854248 -0.0013294571544975042 
v -0.4255061745643616 0.22208167612552643 -0.001972226658836007 
v -0.4239824116230011 0.2224639654159546 -0.0022688894532620907 
v -0.4244635999202728 0.22220909595489502 -0.002788049401715398 
v -0.42302003502845764 0.22254891693592072 -0.003504984313622117 
v -0.42366161942481995 0.22229404747486115 -0.0038758129812777042 
v -0.4224586486816406 0.2226126343011856 -0.0049141328781843185 
v -0.42310023307800293 0.2223365306854248 -0.005111908074468374 
v -0.42221805453300476 0.22263386845588684 -0.0064468905329704285 
v -0.42293983697891235 0.22235776484012604 -0.0064468905329704285 
v -0.4224586486816406 0.2226126343011856 -0.007979648187756538 
v -0.42237845063209534 0.22242148220539093 -0.009784347377717495 
v -0.4234210252761841 0.22231529653072357 -0.011168773286044598 
v -0.424784392118454 0.22216662764549255 -0.0122070936486125 
v -0.42638835310935974 0.2219967097043991 -0.012874584645032883 
v -0.4280725121498108 0.22180557250976562 -0.013121803291141987 
v -0.4298368990421295 0.22163566946983337 -0.012874584645032883 
v -0.4314408600330353 0.22146575152873993 -0.0122070936486125 
v -0.4328042268753052 0.2213170826435089 -0.011168773286044598 
v -0.4338468015193939 0.22118966281414032 -0.009784347377717495 
v -0.4344883859157562 0.22112594544887543 -0.008177423849701881 
v -0.4347289800643921 0.2211047112941742 -0.0064468905329704285 
v -0.4344883859157562 0.22112594544887543 -0.004741079173982143 
v -0.4338468015193939 0.22118966281414032 -0.0031341558787971735 
v -0.4328042268753052 0.2213170826435089 -0.0017497295048087835 
v -0.4314408600330353 0.22146575152873993 -0.0006866878247819841 
v -0.4298368990421295 0.22163566946983337 -0.000019196499124518596 
v -0.4280725121498108 0.22180557250976562 0.0002033006021520123 
v -0.42638835310935974 0.2219967097043991 -0.000019196499124518596 
v -0.424784392118454 0.22216662764549255 -0.0006866878247819841 
v -0.4234210252761841 0.22231529653072357 -0.0017497295048087835 
v -0.42237845063209534 0.22242148220539093 -0.0031341558787971735 
v -0.42173686623573303 0.22250643372535706 -0.004741079173982143 
v -0.42149627208709717 0.22252768278121948 -0.0064468905329704285 
v -0.42173686623573303 0.22250643372535706 -0.008177423849701881 
v -0.43424779176712036 0.2185773402452469 -0.008177423849701881 
v -0.43368640542030334 0.21842867136001587 -0.0064468905329704285 
v -0.4344883859157562 0.21855609118938446 -0.0064468905329704285 
v -0.43352600932121277 0.21847113966941833 -0.0049141328781843185 
v -0.43424779176712036 0.2185773402452469 -0.004741079173982143 
v -0.43288442492485046 0.218513622879982 -0.003504984313622117 
v -0.43352600932121277 0.218662291765213 -0.0031341558787971735 
v -0.4320022463798523 0.21861980855464935 -0.0022688894532620907 
v -0.432483434677124 0.21876847743988037 -0.0017497295048087835 
v -0.4307190775871277 0.21874724328517914 -0.0013294571544975042 
v -0.4311200678348541 0.2189171463251114 -0.0006866878247819841 
v -0.4293557107448578 0.21889591217041016 -0.000736131623852998 
v -0.42951610684394836 0.21908704936504364 -0.000019196499124518596 
v -0.4278319180011749 0.2190658152103424 -0.0005383564275689423 
v -0.4278319180011749 0.21925696730613708 0.0002033006021520123 
v -0.42630815505981445 0.21923571825027466 -0.000736131623852998 
v -0.4261477589607239 0.21944810450077057 -0.000019196499124518596 
v -0.42486459016799927 0.21938438713550568 -0.0013294571544975042 
v -0.4245437979698181 0.219618022441864 -0.0006866878247819841 
v -0.42366161942481995 0.21951182186603546 -0.0022688894532620907 
v -0.4231804311275482 0.21976669132709503 -0.0017497295048087835 
v -0.4226992428302765 0.219618022441864 -0.003504984313622117 
v -0.4221378564834595 0.2198728770017624 -0.0031341558787971735 
v -0.4221378564834595 0.2196817249059677 -0.0049141328781843185 
v -0.4214160740375519 0.21995782852172852 -0.004741079173982143 
v -0.4218972623348236 0.21970297396183014 -0.0064468905329704285 
v -0.4212556779384613 0.21997906267642975 -0.0064468905329704285 
v -0.4221378564834595 0.2196817249059677 -0.007979648187756538 
v -0.4214160740375519 0.21995782852172852 -0.008177423849701881 
v -0.4226992428302765 0.219618022441864 -0.009413518942892551 
v -0.4221378564834595 0.2198728770017624 -0.009784347377717495 
v -0.42366161942481995 0.21951182186603546 -0.010649613104760647 
v -0.4231804311275482 0.21976669132709503 -0.011168773286044598 
v -0.42486459016799927 0.21938438713550568 -0.011589045636355877 
v -0.4245437979698181 0.219618022441864 -0.0122070936486125 
v -0.42630815505981445 0.21923571825027466 -0.012157649733126163 
v -0.4261477589607239 0.21944810450077057 -0.012874584645032883 
v -0.4278319180011749 0.2190658152103424 -0.0123801464214921 
v -0.4278319180011749 0.21925696730613708 -0.013121803291141987 
v -0.4293557107448578 0.21889591217041016 -0.012157649733126163 
v -0.42951610684394836 0.21908704936504364 -0.012874584645032883 
v -0.4307190775871277 0.21874724328517914 -0.011589045636355877 
v -0.4311200678348541 0.2189171463251114 -0.0122070936486125 
v -0.4320022463798523 0.21861980855464935 -0.010649613104760647 
v -0.432483434677124 0.21876847743988037 -0.011168773286044598 
v -0.43288442492485046 0.218513622879982 -0.009413518942892551 
v -0.43352600932121277 0.218662291765213 -0.009784347377717495 
v -0.43352600932121277 0.21847113966941833 -0.007979648187756538 
v -0.43296462297439575 0.21870476007461548 -0.0064468905329704285 
v -0.4328042268753052 0.2187260091304779 -0.005111908074468374 
v -0.43232303857803345 0.2187897115945816 -0.0038758129812777042 
v -0.4314408600330353 0.21887467801570892 -0.002788049401715398 
v -0.43039828538894653 0.21898086369037628 -0.001972226658836007 
v -0.4291953146457672 0.2191295325756073 -0.0014530667103827 
v -0.4278319180011749 0.21925696730613708 -0.0012800133554264903 
v -0.42646855115890503 0.2194056361913681 -0.0014530667103827 
v -0.4252655804157257 0.2195330560207367 -0.001972226658836007 
v -0.42422300577163696 0.21966049075126648 -0.002788049401715398 
v -0.4233408272266388 0.2197454422712326 -0.0038758129812777042 
v -0.42285963892936707 0.2198091596364975 -0.005111908074468374 
v -0.4226992428302765 0.2198091596364975 -0.0064468905329704285 
v -0.42285963892936707 0.2198091596364975 -0.0078065949492156506 
v -0.4233408272266388 0.2197454422712326 -0.009042689576745033 
v -0.42422300577163696 0.21966049075126648 -0.010105731897056103 
v -0.4252655804157257 0.2195330560207367 -0.010946276597678661 
v -0.42646855115890503 0.2194056361913681 -0.011465435847640038 
v -0.4278319180011749 0.21925696730613708 -0.011638489551842213 
v -0.4291953146457672 0.2191295325756073 -0.011465435847640038 
v -0.43039828538894653 0.21898086369037628 -0.010946276597678661 
v -0.4314408600330353 0.21887467801570892 -0.010105731897056103 
v -0.43232303857803345 0.2187897115945816 -0.009042689576745033 
v -0.4328042268753052 0.2187260091304779 -0.0078065949492156506 
v -0.4285537004470825 0.21668711304664612 0.01122926827520132 
v -0.4300774931907654 0.21764284372329712 0.01122926827520132 
v -0.42847350239753723 0.21706940233707428 0.01122926827520132 
v -0.4291953146457672 0.21849237382411957 0.01122926827520132 
v -0.4281527101993561 0.21736674010753632 0.01122926827520132 
v -0.4279121160507202 0.21889591217041016 0.01122926827520132 
v -0.42767152190208435 0.2174941748380661 0.01122926827520132 
v -0.42646855115890503 0.2187260091304779 0.01122926827520132 
v -0.4271903336048126 0.21745170652866364 0.01122926827520132 
v -0.425345778465271 0.21802513301372528 0.01122926827520132 
v -0.4267893433570862 0.21719683706760406 0.01122926827520132 
v -0.42486459016799927 0.21700569987297058 0.01122926827520132 
v -0.4266289472579956 0.21685703098773956 0.01122926827520132 
v -0.42510518431663513 0.21590130031108856 0.01122926827520132 
v -0.4267091453075409 0.2164747267961502 0.01122926827520132 
v -0.4259873628616333 0.2150305211544037 0.01122926827520132 
v -0.42702993750572205 0.21617738902568817 0.01122926827520132 
v -0.4272705316543579 0.21464823186397552 0.01122926827520132 
v -0.4275111258029938 0.21602872014045715 0.01122926827520132 
v -0.4287140965461731 0.21481813490390778 0.01122926827520132 
v -0.4279923141002655 0.21609243750572205 0.01122926827520132 
v -0.4298368990421295 0.21549776196479797 0.01122926827520132 
v -0.42839330434799194 0.2163260579109192 0.01122926827520132 
v -0.43031808733940125 0.2165384441614151 0.01122926827520132 
v -0.3263810873031616 0.2017565220594406 0.014912830665707588 
v -0.48156479001045227 0.23741579055786133 -0.026891902089118958 
v -0.4905470013618469 0.19859200716018677 0.019313329830765724 
v -0.47587069869041443 0.24206700921058655 -0.026891902089118958 
v -0.3263810873031616 0.19859200716018677 -0.031292401254177094 
v -0.3263810873031616 0.19859200716018677 -0.031292401254177094 
v -0.4854944944381714 0.21267305314540863 0.00781764555722475 
v -0.48509350419044495 0.20940235257148743 -0.02061253972351551 
v -0.38693079352378845 0.21991536021232605 -0.02061253972351551 
v -0.4231804311275482 0.21976669132709503 -0.011168773286044598 
v -0.43160125613212585 0.22089232504367828 -0.00021697170450352132 
v -0.4234210252761841 0.22231529653072357 -0.0017497295048087835 
v -0.4244635999202728 0.2216569036245346 -0.01267680898308754 
v -0.42847350239753723 0.21706940233707428 0.0076693142764270306 
v -0.42558637261390686 0.21791894733905792 0.012415919452905655 
v -0.42959630489349365 0.21562519669532776 0.012415919452905655 
vn -0.6474913358688354 0.41082119941711426 0.641857385635376 
vn -0.7265457510948181 0.09026385098695755 0.681163489818573 
vn -0.2571122348308563 0.7254034280776978 0.6385006904602051 
vn 0 0 1 
vn 0 0 1 
vn 0.00376924779266119 -0.707868754863739 0.7063339352607727 
vn 0.00376924779266119 -0.707868754863739 0.7063339352607727 
vn -0.5759913921356201 -0.5799909830093384 0.5760593414306641 
vn -0.6450934410095215 0.41457638144493103 -0.641857385635376 
vn -0.2592775821685791 0.7246323227882385 -0.6385006904602051 
vn -0.893319308757782 0.3715575635433197 -0.25283506512641907 
vn 0.0018878303235396743 0.7078762650489807 -0.7063339352607727 
vn 0.0018878303235396743 0.7078762650489807 -0.7063339352607727 
vn 0.18700388073921204 0.7319793701171875 -0.6551609039306641 
vn 0.6097168922424316 0.4831271171569824 -0.6283578276634216 
vn 0.39710932970046997 -0.8662435412406921 -0.30319350957870483 
vn 0.20415227115154266 0.9308037161827087 -0.30319350957870483 
vn -0.18362738192081451 -0.8239261507987976 -0.5361219048500061 
vn -0.34816768765449524 0.7689945101737976 -0.5361219048500061 
vn 0.7332108020782471 -0.5933376550674438 -0.33219319581985474 
vn 0.5948036313056946 0.7320221066474915 -0.33219319581985474 
vn 0.25168952345848083 0.7062261700630188 -0.661737859249115 
vn 0.32716673612594604 0.9043976664543152 0.27391019463539124 
vn 0.5616190433502197 0.5095791816711426 -0.651853621006012 
vn 0.715998649597168 0.6347070336341858 0.29067665338516235 
vn 0.7605481147766113 0.09790642559528351 -0.641857385635376 
vn 0.9439393877983093 0.1204647645354271 0.30735430121421814 
vn 0.6687793135643005 -0.3693898916244507 -0.6452018022537231 
vn 0.8380956053733826 -0.45626604557037354 0.2990269064903259 
vn 0.37848833203315735 -0.6505249738693237 -0.6584556698799133 
vn 0.4872643053531647 -0.8263642191886902 0.28230419754981995 
vn 0.5036632418632507 0.06757445633411407 0.8612531423568726 
vn 0.4455289840698242 -0.25215232372283936 0.8590245246887207 
vn -0.7134912014007568 -0.637524425983429 0.29067665338516235 
vn -0.3236171007156372 -0.9056738615036011 0.27391019463539124 
vn -0.37384700775146484 -0.3552004098892212 0.8567795157432556 
vn -0.17024189233779907 -0.4946756660938263 0.8522403836250305 
vn 0.37384700775146484 0.3552004098892212 0.8567795157432556 
vn 0.045086830854415894 -0.5249364376068115 0.8499464392662048 
vn 0.2593958377838135 -0.454312801361084 0.8522403836250305 
vn 0.4872643053531647 -0.8263642191886902 0.28230419754981995 
vn 0.8380956053733826 -0.45626604557037354 0.2990269064903259 
vn 0.08663954585790634 -0.9590373635292053 0.26970529556274414 
vn 0.2500430643558502 0.9064164161682129 -0.34042292833328247 
vn 0.1503685861825943 0.8962790369987488 -0.417220801115036 
vn 0.5534579753875732 0.5694947838783264 -0.607749879360199 
vn 0.37389248609542847 0.5519147515296936 -0.7453821301460266 
vn 0.7038548588752747 0.07537016272544861 -0.7063339352607727 
vn 0.49783506989479065 0.05283144861459732 -0.865661084651947 
vn 0.6597682237625122 -0.4419795870780945 -0.607749879360199 
vn 0.4832580089569092 -0.45920273661613464 -0.7453821301460266 
vn 0.4325864613056183 -0.834854006767273 -0.34042292833328247 
vn 0.3320237994194031 -0.8459828495979309 -0.417220801115036 
vn 0.028322476893663406 0.883199155330658 -0.46814218163490295 
vn 0.16756856441497803 0.5304113626480103 -0.8310141563415527 
vn 0.2574020028114319 0.030227193608880043 -0.9658315181732178 
vn 0.2781256139278412 -0.4817276895046234 -0.8310141563415527 
vn 0.21499642729759216 -0.8570994138717651 -0.46814218163490295 
vn -0.09049574285745621 0.8706461787223816 -0.4835140109062195 
vn -0.05662914365530014 0.5050110220909119 -0.8612531423568726 
vn -2.0682311115474694e-13 0 -1 
vn 0.05662914365530014 -0.5050110220909119 -0.8612531423568726 
vn 0.09049574285745621 -0.8706461787223816 -0.4835140109062195 
vn -0.21865792572498322 0.8561726212501526 -0.46814218163490295 
vn -0.2781256139278412 0.4817276895046234 -0.8310141563415527 
vn -0.2578161954879761 -0.02646292746067047 -0.9658315181732178 
vn -0.16756856441497803 -0.5304113626480103 -0.8310141563415527 
vn -0.03209724277257919 -0.8830699920654297 -0.46814218163490295 
vn -0.3320237994194031 0.8459828495979309 -0.417220801115036 
vn -0.4832580089569092 0.45920273661613464 -0.7453821301460266 
vn -0.49783506989479065 -0.05283144861459732 -0.865661084651947 
vn -0.37389248609542847 -0.5519147515296936 -0.7453821301460266 
vn -0.1503685861825943 -0.8962790369987488 -0.417220801115036 
vn -0.4325864613056183 0.834854006767273 -0.34042292833328247 
vn -0.6597682237625122 0.4419795870780945 -0.607749879360199 
vn -0.7034428715705872 -0.07912327349185944 -0.7063339352607727 
vn -0.5534579753875732 -0.5694947838783264 -0.607749879360199 
vn -0.2500430643558502 -0.9064164161682129 -0.34042292833328247 
vn 0.5036632418632507 0.06757445633411407 0.8612531423568726 
vn 0.4455289840698242 -0.25215232372283936 0.8590245246887207 
vn -0.5036632418632507 -0.06757445633411407 0.8612531423568726 
vn -0.44366177916526794 0.255423367023468 0.8590245246887207 
vn -0.2593958377838135 0.454312801361084 0.8522403836250305 
vn -0.045086830854415894 0.5249364376068115 0.8499464392662048 
vn -0.4905097186565399 0.8244419693946838 0.28230419754981995 
vn -0.08663954585790634 0.9590373635292053 0.26970529556274414 
vn -0.8380956053733826 0.45626604557037354 0.2990269064903259 
vn 0.8901070356369019 0.381974995136261 0.24860523641109467 
vn 0.6102161407470703 0.48249635100364685 0.6283578276634216 
vn 0.00376924779266119 0.707868754863739 0.7063339352607727 
vn 0.18122315406799316 0.7334319353103638 0.6551609039306641 
vn -0.2571122348308563 0.7254034280776978 0.6385006904602051 
vn 0.00376924779266119 0.707868754863739 0.7063339352607727 
vn -0.893319308757782 0.3715575635433197 0.25283506512641907 
vn 0.511328399181366 0.6377295255661011 0.5760593414306641 
vn 0.6341759562492371 -0.5157290697097778 0.5760593414306641 
vn 0.5948036313056946 0.7320221066474915 -0.33219319581985474 
vn 0.7332108020782471 -0.5933376550674438 -0.33219319581985474 
vn 0.7332108020782471 -0.5933376550674438 0.33219319581985474 
vn 0.5948036313056946 0.7320221066474915 0.33219319581985474 
vn 0.5104886293411255 0.6384019255638123 -0.5760593414306641 
vn 0.9149771332740784 -0.2754589915275574 -0.2948545813560486 
vn 0.07917915284633636 -0.7003239393234253 -0.7094202041625977 
vn 0.6243520379066467 -0.5883739590644836 0.5138099193572998 
vn 0.19099962711334229 -0.919140636920929 0.34452807903289795 
vn 0.08474869281053543 -0.7027873396873474 -0.7063339352607727 
vn 0.10164910554885864 -0.9286326169967651 0.3568037748336792 
vn 0.06973651051521301 -0.7044353485107422 -0.7063339352607727 
vn 0.011313991621136665 -0.9387078285217285 0.34452807903289795 
vn -0.83771151304245 -0.45967400074005127 -0.2948545813560486 
vn -0.49044257402420044 -0.7038930654525757 0.5138099193572998 
vn 0.5104886293411255 0.6384019255638123 -0.5760593414306641 
vn 0.6384019255638123 -0.5104886293411255 -0.5760593414306641 
vn -0.07349279522895813 0.7040534019470215 -0.7063339352607727 
vn 0.07724699378013611 -0.7036513686180115 -0.7063339352607727 
vn -0.07349279522895813 0.7040534019470215 -0.7063339352607727 
vn 0.07724699378013611 -0.7036513686180115 -0.7063339352607727 
vn -0.6384019255638123 0.5104886293411255 -0.5760593414306641 
vn -0.5104886293411255 -0.6384019255638123 -0.5760593414306641 
vn 0.715998649597168 0.6347070336341858 0.29067665338516235 
vn 0.32716673612594604 0.9043976664543152 0.27391019463539124 
vn 0.17024189233779907 0.4946756660938263 0.8522403836250305 
vn 0.7071051001548767 -0.7071051001548767 0.002184694167226553 
vn 3.097898456858039e-13 -0.999997615814209 0.002184694167226553 
vn 0.7071051001548767 -0.7071051001548767 0.002184694167226553 
vn 3.097898456858039e-13 -0.999997615814209 0.002184694167226553 
vn 0.0018878303235396743 -0.7078762650489807 -0.7063339352607727 
vn 0.0018878303235396743 -0.7078762650489807 -0.7063339352607727 
vn 3.097898456858039e-13 -0.999997615814209 0.002184694167226553 
vn -0.7071051001548767 -0.7071051001548767 0.002184694167226553 
vn -0.7071051001548767 -0.7071051001548767 0.002184694167226553 
vn -0.5779946446418762 -0.5779946446418762 -0.5760593414306641 
vn -0.4863887429237366 -0.706700325012207 -0.5138099193572998 
vn -0.9107006192207336 -0.0979967713356018 -0.401274174451828 
vn -0.8361825346946716 -0.4624495208263397 0.2948545813560486 
vn -0.9944137930870056 -0.10552956163883209 0.002184694167226553 
vn -0.7155078649520874 -0.3122219741344452 -0.6249527335166931 
vn -0.6263905167579651 -0.06786202639341354 -0.7765498161315918 
vn -0.62372887134552 0.5890344977378845 -0.5138099193572998 
vn -0.733294665813446 0.6799074411392212 0.002184694167226553 
vn -0.6346032619476318 0.6653040647506714 -0.3932546079158783 
vn 0.6384019255638123 -0.5104886293411255 -0.5760593414306641 
vn 0.7332108020782471 -0.5933376550674438 0.33219319581985474 
vn 0.07724699378013611 -0.7036513686180115 -0.7063339352607727 
vn -0.18152879178524017 -0.8243910670280457 0.5361219048500061 
vn 0.07724699378013611 -0.7036513686180115 -0.7063339352607727 
vn 0.39710932970046997 -0.8662435412406921 0.30319350957870483 
vn -0.6285360455513 -0.777777373790741 0.002184694167226553 
vn -0.6285360455513 -0.777777373790741 0.002184694167226553 
vn -0.18362738192081451 -0.8239261507987976 -0.5361219048500061 
vn 0.7332108020782471 -0.5933376550674438 -0.33219319581985474 
vn 0.6341759562492371 -0.5157290697097778 0.5760593414306641 
vn 0.07898972928524017 -0.7034578919410706 0.7063339352607727 
vn 0.39710932970046997 -0.8662435412406921 -0.30319350957870483 
vn 0.07898972928524017 -0.7034578919410706 0.7063339352607727 
vn -0.5142648816108704 -0.6353638768196106 0.5760593414306641 
vn -0.8361825346946716 -0.4624495208263397 0.2948545813560486 
vn 0.07149393856525421 -0.7042591571807861 0.7063339352607727 
vn -0.4863887429237366 -0.706700325012207 -0.5138099193572998 
vn 0.009440467692911625 -0.9387285709381104 -0.34452807903289795 
vn 0.07898972928524017 -0.7034578919410706 0.7063339352607727 
vn 0.09990189224481583 -0.9288222193717957 -0.3568037748336792 
vn 0.08091863989830017 -0.7001250982284546 0.7094202041625977 
vn 0.1893918216228485 -0.9194732904434204 -0.34452807903289795 
vn 0.9150782227516174 -0.27512285113334656 0.2948545813560486 
vn 0.62372887134552 -0.5890344977378845 -0.5138099193572998 
vn -0.35285088419914246 0.7668569087982178 0.5361219048500061 
vn -0.18152879178524017 -0.8243910670280457 0.5361219048500061 
vn -0.34816768765449524 0.7689945101737976 -0.5361219048500061 
vn -0.18362738192081451 -0.8239261507987976 -0.5361219048500061 
vn 0.5786608457565308 -0.5773276686668396 0.5760593414306641 
vn 0.7285842895507812 0.09766154736280441 0.677958071231842 
vn 0.6102161407470703 0.48249635100364685 0.6283578276634216 
vn 0.18122315406799316 0.7334319353103638 0.6551609039306641 
vn -0.5779946446418762 -0.5779946446418762 -0.5760593414306641 
vn -0.7269841432571411 0.08666225522756577 -0.681163489818573 
vn 0.0018878303235396743 -0.7078762650489807 -0.7063339352607727 
vn -2.0682311115474694e-13 0 -1 
vn 0.0018878303235396743 -0.7078762650489807 -0.7063339352607727 
vn -2.0682311115474694e-13 0 -1 
vn 0.5779946446418762 -0.5779946446418762 -0.5760593414306641 
vn 0.7285416722297668 0.09797932207584381 -0.677958071231842 
vn -0.2592775821685791 0.7246323227882385 -0.6385006904602051 
vn -0.6450934410095215 0.41457638144493103 -0.641857385635376 
vn 0.18700388073921204 0.7319793701171875 -0.6551609039306641 
vn 0.6097168922424316 0.4831271171569824 -0.6283578276634216 
vn 0.18700388073921204 0.7319793701171875 -0.6551609039306641 
vn 0.18122315406799316 0.7334319353103638 0.6551609039306641 
vn 0.6097168922424316 0.4831271171569824 -0.6283578276634216 
vn 0.6102161407470703 0.48249635100364685 0.6283578276634216 
vn 0.8901070356369019 0.381974995136261 -0.24860523641109467 
vn 0.7285842895507812 0.09766154736280441 0.677958071231842 
vn 0.5786608457565308 -0.5773276686668396 0.5760593414306641 
vn 0.7071051001548767 -0.7071051001548767 0.002184694167226553 
vn 0.8901070356369019 0.381974995136261 0.24860523641109467 
vn 0.7071051001548767 -0.7071051001548767 0.002184694167226553 
vn 0.7285416722297668 0.09797932207584381 -0.677958071231842 
vn 0.6102161407470703 0.48249635100364685 0.6283578276634216 
vn 0.6097168922424316 0.4831271171569824 -0.6283578276634216 
vn 0.18122315406799316 0.7334319353103638 0.6551609039306641 
vn 0.18700388073921204 0.7319793701171875 -0.6551609039306641 
vn 0.4534775912761688 -0.8131217360496521 0.3649536371231079 
vn 0.5355278253555298 -0.8044439554214478 0.25706008076667786 
vn 0.6665200591087341 -0.42182502150535583 0.6146662831306458 
vn 0.8020358085632324 -0.4071756601333618 0.43697428703308105 
vn 0.7038685083389282 0.07524289935827255 0.7063339352607727 
vn 0.8620308041572571 0.09035027027130127 0.4987381398677826 
vn 0.5584231615066528 0.5570896863937378 0.6146662831306458 
vn 0.699694812297821 0.5652261972427368 0.43697428703308105 
vn 0.2733081579208374 0.8900064826011658 0.3649536371231079 
vn 0.35540318489074707 0.898670494556427 0.25706008076667786 
vn 0.5871440172195435 -0.7985028624534607 0.1328723281621933 
vn 0.8898192048072815 -0.39562246203422546 0.22738653421401978 
vn 0.9606315493583679 0.10539069026708603 0.25706008076667786 
vn 0.7838142514228821 0.5778672695159912 0.22738653421401978 
vn 0.4048534035682678 0.9046760201454163 0.1328723281621933 
vn 0.604758083820343 -0.7964062690734863 0.002184694167226553 
vn 0.9179922342300415 -0.3965924084186554 0.002184694167226553 
vn 0.9944137930870056 0.10552956163883209 0.002184694167226553 
vn 0.8143084645271301 0.5804283022880554 0.002184694167226553 
vn 0.4241376221179962 0.9055951237678528 0.002184694167226553 
vn 0.5871440172195435 -0.7985028624534607 -0.1328723281621933 
vn 0.8896147608757019 -0.3960820138454437 -0.22738653421401978 
vn 0.960617184638977 0.10552125424146652 -0.25706008076667786 
vn 0.7833607792854309 0.5784818530082703 -0.22738653421401978 
vn 0.4048534035682678 0.9046760201454163 -0.1328723281621933 
vn 0.5345433950424194 -0.8050984144210815 -0.25706008076667786 
vn 0.8017799258232117 -0.4076792895793915 -0.43697428703308105 
vn 0.8620176911354065 0.09047512710094452 -0.4987381398677826 
vn 0.699181079864502 0.5658615827560425 -0.43697428703308105 
vn 0.35406798124313354 0.8991973996162415 -0.25706008076667786 
vn 0.4534775912761688 -0.8131217360496521 -0.3649536371231079 
vn 0.6661570072174072 -0.4223981499671936 -0.6146662831306458 
vn 0.7038548588752747 0.07537016272544861 -0.7063339352607727 
vn 0.5630733370780945 0.5523890852928162 -0.6146662831306458 
vn 0.2733081579208374 0.8900064826011658 -0.3649536371231079 
vn -0.4325864613056183 0.834854006767273 -0.34042292833328247 
vn -0.5091399550437927 0.8265067338943481 -0.2401314377784729 
vn -0.6597682237625122 0.4419795870780945 -0.607749879360199 
vn -0.7972140908241272 0.4246470332145691 -0.42909738421440125 
vn -0.7034428715705872 -0.07912327349185944 -0.7063339352607727 
vn -0.8616153001785278 -0.0942303016781807 -0.4987381398677826 
vn -0.5534579753875732 -0.5694947838783264 -0.607749879360199 
vn -0.6867815852165222 -0.58669114112854 -0.42909738421440125 
vn -0.2500430643558502 -0.9064164161682129 -0.34042292833328247 
vn -0.3256995975971222 -0.9144707322120667 -0.2401314377784729 
vn -0.557918131351471 0.8205487132072449 -0.1242060661315918 
vn -0.8796538710594177 0.42002660036087036 -0.22312943637371063 
vn -0.960617184638977 -0.10552125424146652 -0.25706008076667786 
vn -0.7732561826705933 -0.5935386419296265 -0.22312943637371063 
vn -0.3718613088130951 -0.9199413061141968 -0.1242060661315918 
vn -0.5742622017860413 0.8186684846878052 0.002184694167226553 
vn -0.9087722897529602 0.41728663444519043 0.002184694167226553 
vn -0.9944137930870056 -0.10552956163883209 0.002184694167226553 
vn -0.8009505867958069 -0.5987265110015869 0.002184694167226553 
vn -0.38964858651161194 -0.9209610223770142 0.002184694167226553 
vn -0.557918131351471 0.8205487132072449 0.1242060661315918 
vn -0.881500780582428 0.41613656282424927 0.22312943637371063 
vn -0.9610354900360107 -0.10164093971252441 0.25706008076667786 
vn -0.7714347243309021 -0.5959041118621826 0.22312943637371063 
vn -0.3718613088130951 -0.9199413061141968 0.1242060661315918 
vn -0.5091399550437927 0.8265067338943481 0.2401314377784729 
vn -0.7957115173339844 0.4274560213088989 0.42909738421440125 
vn -0.8620308041572571 -0.09035027027130127 0.4987381398677826 
vn -0.6848785877227783 -0.5889115333557129 0.42909738421440125 
vn -0.3256995975971222 -0.9144707322120667 0.2401314377784729 
vn -0.43040043115615845 0.8359830975532532 0.34042292833328247 
vn -0.6605553030967712 0.4408023953437805 0.607749879360199 
vn -0.7038685083389282 -0.07524289935827255 0.7063339352607727 
vn -0.5494148135185242 -0.5733963847160339 0.607749879360199 
vn -0.24791240692138672 -0.9070014953613281 0.34042292833328247 
vn -0.4567699730396271 0.8112767934799194 -0.3649536371231079 
vn -0.3510090112686157 0.8239719867706299 -0.44481781125068665 
vn -0.6661570072174072 0.4223981499671936 -0.6146662831306458 
vn -0.62372887134552 0.5890344977378845 -0.5138099193572998 
vn -0.7034428715705872 -0.07912327349185944 -0.7063339352607727 
vn -0.9107006192207336 -0.0979967713356018 -0.401274174451828 
vn -0.5630733370780945 -0.5523890852928162 -0.6146662831306458 
vn -0.4863887429237366 -0.706700325012207 -0.5138099193572998 
vn -0.2696981430053711 -0.8911070227622986 -0.3649536371231079 
vn -0.16336870193481445 -0.8805951476097107 -0.44481781125068665 
vn 0.009440467692911625 -0.9387285709381104 -0.34452807903289795 
vn -0.04341360926628113 -0.8656647801399231 -0.4987381398677826 
vn 0.09990189224481583 -0.9288222193717957 -0.3568037748336792 
vn 0.09044107049703598 -0.850857675075531 -0.5175535082817078 
vn 0.1893918216228485 -0.9194732904434204 -0.34452807903289795 
vn 0.22585172951221466 -0.8368101716041565 -0.4987381398677826 
vn 0.62372887134552 -0.5890344977378845 -0.5138099193572998 
vn 0.3475312888622284 -0.8254448175430298 -0.44481781125068665 
vn 0.6661570072174072 -0.4223981499671936 -0.6146662831306458 
vn 0.7038548588752747 0.07537016272544861 -0.7063339352607727 
vn 0.9107006192207336 0.0979967713356018 -0.401274174451828 
vn 0.5630733370780945 0.5523890852928162 -0.6146662831306458 
vn 0.4863887429237366 0.706700325012207 -0.5138099193572998 
vn 0.2733081579208374 0.8900064826011658 -0.3649536371231079 
vn 0.16708062589168549 0.8798983693122864 -0.44481781125068665 
vn -0.005664341617375612 0.938758909702301 -0.34452807903289795 
vn 0.03964127227663994 0.8658457398414612 -0.4987381398677826 
vn -0.0961456373333931 0.9292185306549072 -0.3568037748336792 
vn -0.09044107049703598 0.850857675075531 -0.5175535082817078 
vn -0.19308888912200928 0.9187040328979492 -0.34452807903289795 
vn -0.22220338881015778 0.8377863168716431 -0.4987381398677826 
vn -0.2696981430053711 -0.8911070227622986 0.3649536371231079 
vn -0.16871173679828644 -0.8795871138572693 0.44481781125068665 
vn -0.5610806345939636 -0.5544130802154541 0.6146662831306458 
vn -0.49044257402420044 -0.7038930654525757 0.5138099193572998 
vn -0.7038685083389282 -0.07524289935827255 0.7063339352607727 
vn -0.9111096262931824 -0.09411821514368057 0.401274174451828 
vn -0.6644954085350037 0.42500731348991394 0.6146662831306458 
vn -0.6269311904907227 0.5856249928474426 0.5138099193572998 
vn -0.4567699730396271 0.8112767934799194 0.3649536371231079 
vn -0.3488280177116394 0.8248976469039917 0.44481781125068665 
vn -0.19099962711334229 0.919140636920929 0.34452807903289795 
vn -0.2273664027452469 0.8363999128341675 0.4987381398677826 
vn -0.10164910554885864 0.9286326169967651 0.3568037748336792 
vn -0.08843994140625 0.8510680198669434 0.5175535082817078 
vn -0.011313991621136665 0.9387078285217285 0.34452807903289795 
vn 0.04147006571292877 0.865760087966919 0.4987381398677826 
vn 0.48734503984451294 0.7060412168502808 0.5138099193572998 
vn 0.16871173679828644 0.8795871138572693 0.44481781125068665 
vn 0.5584231615066528 0.5570896863937378 0.6146662831306458 
vn 0.7038685083389282 0.07524289935827255 0.7063339352607727 
vn 0.9107143878936768 0.09786882996559143 0.401274174451828 
vn 0.6665200591087341 -0.42182502150535583 0.6146662831306458 
vn 0.6243520379066467 -0.5883739590644836 0.5138099193572998 
vn 0.4534775912761688 -0.8131217360496521 0.3649536371231079 
vn 0.3488280177116394 -0.8248976469039917 0.44481781125068665 
vn 0.19099962711334229 -0.919140636920929 0.34452807903289795 
vn 0.2273664027452469 -0.8363999128341675 0.4987381398677826 
vn 0.10164910554885864 -0.9286326169967651 0.3568037748336792 
vn 0.0921890139579773 -0.8506700396537781 0.5175535082817078 
vn 0.011313991621136665 -0.9387078285217285 0.34452807903289795 
vn -0.04147006571292877 -0.865760087966919 0.4987381398677826 
vn -0.6325743794441223 0.667233407497406 0.3932546079158783 
vn -0.09032726287841797 0.8642159700393677 0.4949462115764618 
vn -0.733294665813446 0.6799074411392212 0.002184694167226553 
vn -0.10552956163883209 0.9944137930870056 0.002184694167226553 
vn -0.6269311904907227 0.5856249928474426 0.5138099193572998 
vn -0.19099962711334229 0.919140636920929 0.34452807903289795 
vn -0.09782380610704422 0.8633995056152344 0.4949462115764618 
vn -0.10552956163883209 0.9944137930870056 0.002184694167226553 
vn -0.10164910554885864 0.9286326169967651 0.3568037748336792 
vn -0.09410030394792557 0.8616294860839844 0.4987381398677826 
vn -0.10552956163883209 0.9944137930870056 0.002184694167226553 
vn -0.011313991621136665 0.9387078285217285 0.34452807903289795 
vn 0.47895944118499756 0.786825954914093 0.3892335295677185 
vn 0.5742622017860413 0.8186684846878052 0.002184694167226553 
vn 0.48734503984451294 0.7060412168502808 0.5138099193572998 
vn 0.9150782227516174 -0.27512285113334656 0.2948545813560486 
vn 0.08091863989830017 -0.7001250982284546 0.7094202041625977 
vn 0.8754477500915527 0.39527982473373413 0.2781098484992981 
vn -0.07521747052669525 0.7252580523490906 0.6843559741973877 
vn 0.07898972928524017 -0.7034578919410706 0.7063339352607727 
vn -0.07334113866090775 0.7314327955245972 0.677958071231842 
vn 0.07149393856525421 -0.7042591571807861 0.7063339352607727 
vn -0.07902806252241135 0.7278535962104797 0.681163489818573 
vn -0.8361825346946716 -0.4624495208263397 0.2948545813560486 
vn -0.9405917525291443 0.1947871893644333 0.2781098484992981 
vn -0.6384019255638123 0.5104886293411255 -0.5760593414306641 
vn -0.5104886293411255 -0.6384019255638123 -0.5760593414306641 
vn -0.777777373790741 0.6285360455513 0.002184694167226553 
vn -0.6285360455513 -0.777777373790741 0.002184694167226553 
vn -0.777777373790741 0.6285360455513 0.002184694167226553 
vn -0.6285360455513 -0.777777373790741 0.002184694167226553 
vn -0.6365483999252319 0.512798011302948 0.5760593414306641 
vn -0.5142648816108704 -0.6353638768196106 0.5760593414306641 
vn -0.83771151304245 -0.45967400074005127 -0.2948545813560486 
vn 0.06973651051521301 -0.7044353485107422 -0.7063339352607727 
vn -0.9397678375244141 0.1987241804599762 -0.2781098484992981 
vn -0.08103436976671219 0.7276329398155212 -0.681163489818573 
vn 0.08474869281053543 -0.7027873396873474 -0.7063339352607727 
vn -0.06981874257326126 0.7317774295806885 -0.677958071231842 
vn 0.07917915284633636 -0.7003239393234253 -0.7094202041625977 
vn -0.07170411944389343 0.7256138324737549 -0.6843559741973877 
vn 0.9149771332740784 -0.2754589915275574 -0.2948545813560486 
vn 0.8752378225326538 0.3957444429397583 -0.2781098484992981 
vn -0.893319308757782 0.3715575635433197 0.25283506512641907 
vn -0.893319308757782 0.3715575635433197 -0.25283506512641907 
vn 0.00376924779266119 0.707868754863739 0.7063339352607727 
vn 0.0018878303235396743 0.7078762650489807 -0.7063339352607727 
vn 0.00376924779266119 0.707868754863739 0.7063339352607727 
vn 0.0018878303235396743 0.7078762650489807 -0.7063339352607727 
vn 0.8901070356369019 0.381974995136261 0.24860523641109467 
vn 0.8901070356369019 0.381974995136261 -0.24860523641109467 
vn -0.2571122348308563 0.7254034280776978 0.6385006904602051 
vn -0.2592775821685791 0.7246323227882385 -0.6385006904602051 
vn -0.6474913358688354 0.41082119941711426 0.641857385635376 
vn -0.6450934410095215 0.41457638144493103 -0.641857385635376 
vn -0.7265457510948181 0.09026385098695755 0.681163489818573 
vn -0.893319308757782 0.3715575635433197 -0.25283506512641907 
vn -0.7071051001548767 -0.7071051001548767 0.002184694167226553 
vn -0.7071051001548767 -0.7071051001548767 0.002184694167226553 
vn -0.893319308757782 0.3715575635433197 0.25283506512641907 
vn -0.5779946446418762 -0.5779946446418762 -0.5760593414306641 
vn -0.7269841432571411 0.08666225522756577 -0.681163489818573 
vn -0.6450934410095215 0.41457638144493103 -0.641857385635376 
vn -0.6474913358688354 0.41082119941711426 0.641857385635376 
vn -0.2592775821685791 0.7246323227882385 -0.6385006904602051 
vn 0.6243520379066467 -0.5883739590644836 0.5138099193572998 
vn 0.9107143878936768 0.09786882996559143 0.401274174451828 
vn 0.9149771332740784 -0.2754589915275574 -0.2948545813560486 
vn 0.9944137930870056 0.10552956163883209 0.002184694167226553 
vn 0.7716712355613708 -0.14989100396633148 0.6181069612503052 
vn 0.6332100629806519 0.06768958270549774 0.7710143327713013 
vn 0.48734503984451294 0.7060412168502808 0.5138099193572998 
vn 0.5742622017860413 0.8186684846878052 0.002184694167226553 
vn 0.47895944118499756 0.786825954914093 0.3892335295677185 
vn -0.2696981430053711 -0.8911070227622986 -0.3649536371231079 
vn -0.35406798124313354 -0.8991973996162415 -0.25706008076667786 
vn -0.5630733370780945 -0.5523890852928162 -0.6146662831306458 
vn -0.699181079864502 -0.5658615827560425 -0.43697428703308105 
vn -0.7034428715705872 -0.07912327349185944 -0.7063339352607727 
vn -0.8616153001785278 -0.0942303016781807 -0.4987381398677826 
vn -0.6661570072174072 0.4223981499671936 -0.6146662831306458 
vn -0.8017799258232117 0.4076792895793915 -0.43697428703308105 
vn -0.4567699730396271 0.8112767934799194 -0.3649536371231079 
vn -0.5345433950424194 0.8050984144210815 -0.25706008076667786 
vn -0.4014054834842682 -0.9062111377716064 -0.1328723281621933 
vn -0.7833607792854309 -0.5784818530082703 -0.22738653421401978 
vn -0.960617184638977 -0.10552125424146652 -0.25706008076667786 
vn -0.8896147608757019 0.3960820138454437 -0.22738653421401978 
vn -0.5840991139411926 0.8007329106330872 -0.1328723281621933 
vn -0.4241376221179962 -0.9055951237678528 0.002184694167226553 
vn -0.8143084645271301 -0.5804283022880554 0.002184694167226553 
vn -0.9944137930870056 -0.10552956163883209 0.002184694167226553 
vn -0.9179922342300415 0.3965924084186554 0.002184694167226553 
vn -0.604758083820343 0.7964062690734863 0.002184694167226553 
vn -0.4014054834842682 -0.9062111377716064 0.1328723281621933 
vn -0.7860468626022339 -0.5748266577720642 0.22738653421401978 
vn -0.9610354900360107 -0.10164093971252441 0.25706008076667786 
vn -0.8882799744606018 0.39906641840934753 0.22738653421401978 
vn -0.5840991139411926 0.8007329106330872 0.1328723281621933 
vn -0.3518933355808258 -0.9000506401062012 0.25706008076667786 
vn -0.697317898273468 -0.5681560039520264 0.43697428703308105 
vn -0.8620308041572571 -0.09035027027130127 0.4987381398677826 
vn -0.8003209233283997 0.41053614020347595 0.43697428703308105 
vn -0.5386631488800049 0.8023478984832764 0.25706008076667786 
vn -0.2696981430053711 -0.8911070227622986 0.3649536371231079 
vn -0.5610806345939636 -0.5544130802154541 0.6146662831306458 
vn -0.7038685083389282 -0.07524289935827255 0.7063339352607727 
vn -0.6644954085350037 0.42500731348991394 0.6146662831306458 
vn -0.4567699730396271 0.8112767934799194 0.3649536371231079 
vn -0.6346032619476318 0.6653040647506714 -0.3932546079158783 
vn -0.09232910722494125 0.864004373550415 -0.4949462115764618 
vn -0.6263905167579651 -0.06786202639341354 -0.7765498161315918 
vn 0.008738672360777855 0 -0.999961793422699 
vn -0.7155078649520874 -0.3122219741344452 -0.6249527335166931 
vn 0.03578333184123039 -0.2609463036060333 -0.9646899104118347 
vn -0.6980047821998596 -0.07171575725078583 -0.7124928832054138 
vn 0.008738672360777855 0 -0.999961793422699 
vn -0.5098534226417542 -0.6324160695075989 -0.5831804275512695 
vn 0.07724699378013611 -0.7036513686180115 -0.7063339352607727 
vn -0.09983409941196442 0.8631693720817566 -0.4949462115764618 
vn -0.007873271591961384 -0.0037915678694844246 -0.999961793422699 
vn 0.020759377628564835 -0.26256898045539856 -0.9646899104118347 
vn -0.007873271591961384 -0.0037915678694844246 -0.999961793422699 
vn 0.06604166328907013 -0.7078842520713806 -0.7032341957092285 
vn -0.09610722213983536 0.8614079356193542 -0.4987381398677826 
vn -0.002184688812121749 -0.0037839922588318586 -0.9999904632568359 
vn 0.020759377628564835 -0.26256898045539856 -0.9646899104118347 
vn -0.007873271591961384 -0.0037915678694844246 -0.999961793422699 
vn 0.07166576385498047 -0.7011326551437378 -0.7094202041625977 
vn 0.4843502938747406 0.7835190296173096 -0.3892335295677185 
vn 0.6331827640533447 0.06794452667236328 -0.7710143327713013 
vn 0.7716272473335266 -0.15011736750602722 -0.6181069612503052 
vn 0.7038548588752747 0.07537016272544861 -0.7063339352607727 
vn 0.6384019255638123 -0.5104886293411255 -0.5760593414306641 
vn 0.47895944118499756 0.786825954914093 0.3892335295677185 
vn -0.09410030394792557 0.8616294860839844 0.4987381398677826 
vn 0.6332100629806519 0.06768958270549774 0.7710143327713013 
vn -0.0035349009558558464 -0.002568255877122283 0.9999904632568359 
vn 0.7716712355613708 -0.14989100396633148 0.6181069612503052 
vn 0.02253945916891098 -0.2624221742153168 0.9646899104118347 
vn 0.7038685083389282 0.07524289935827255 0.7063339352607727 
vn -0.008211665786802769 -0.0029888020362704992 0.999961793422699 
vn 0.638907253742218 -0.5098560452461243 0.5760593414306641 
vn 0.07342007756233215 -0.700951099395752 0.7094202041625977 
vn -0.09782380610704422 0.8633995056152344 0.4949462115764618 
vn -0.008211665786802769 -0.0029888020362704992 0.999961793422699 
vn 0.02253945916891098 -0.2624221742153168 0.9646899104118347 
vn -0.008211665786802769 -0.0029888020362704992 0.999961793422699 
vn 0.06780850142240524 -0.7077171802520752 0.7032341957092285 
vn -0.09032726287841797 0.8642159700393677 0.4949462115764618 
vn 0.008738672360777855 0 0.999961793422699 
vn 0.0374840684235096 -0.26070743799209595 0.9646899104118347 
vn 0.008738672360777855 0 0.999961793422699 
vn 0.07898972928524017 -0.7034578919410706 0.7063339352607727 
vn -0.6325743794441223 0.667233407497406 0.3932546079158783 
vn -0.6267985701560974 -0.06398367881774902 0.7765498161315918 
vn -0.7141901254653931 -0.3152244985103607 0.6249527335166931 
vn -0.6980298757553101 -0.07147142291069031 0.7124928832054138 
vn -0.5077494382858276 -0.6341065168380737 0.5831804275512695 
vn 0.8752378225326538 0.3957444429397583 -0.2781098484992981 
vn 0.7038685083389282 0.07524289935827255 0.7063339352607727 
vn 0.7727872729301453 -0.6342101097106934 -0.024029340595006943 
vn 0.638907253742218 -0.5098560452461243 0.5760593414306641 
vn 0.5088868737220764 0.6554365754127502 -0.5580654144287109 
vn 0.6338873505592346 -0.49135875701904297 -0.5972883701324463 
vn 0.24427130818367004 0.9079888463020325 0.34042292833328247 
vn 0.3256995975971222 0.9144707322120667 0.2401314377784729 
vn 0.5494148135185242 0.5733963847160339 0.607749879360199 
vn 0.6848785877227783 0.5889115333557129 0.42909738421440125 
vn 0.7038685083389282 0.07524289935827255 0.7063339352607727 
vn 0.8620308041572571 0.09035027027130127 0.4987381398677826 
vn 0.6605553030967712 -0.4408023953437805 0.607749879360199 
vn 0.7957115173339844 -0.4274560213088989 0.42909738421440125 
vn 0.4337511360645294 -0.8342494964599609 0.34042292833328247 
vn 0.5091399550437927 -0.8265067338943481 0.2401314377784729 
vn 0.3718613088130951 0.9199413061141968 0.1242060661315918 
vn 0.7714347243309021 0.5959041118621826 0.22312943637371063 
vn 0.9606315493583679 0.10539069026708603 0.25706008076667786 
vn 0.881500780582428 -0.41613656282424927 0.22312943637371063 
vn 0.557918131351471 -0.8205487132072449 0.1242060661315918 
vn 0.38964858651161194 0.9209610223770142 0.002184694167226553 
vn 0.8009505867958069 0.5987265110015869 0.002184694167226553 
vn 0.9944137930870056 0.10552956163883209 0.002184694167226553 
vn 0.9087722897529602 -0.41728663444519043 0.002184694167226553 
vn 0.5742622017860413 -0.8186684846878052 0.002184694167226553 
vn 0.3718613088130951 0.9199413061141968 -0.1242060661315918 
vn 0.7709511518478394 0.5965296030044556 -0.22312943637371063 
vn 0.960617184638977 0.10552125424146652 -0.25706008076667786 
vn 0.8812743425369263 -0.41661590337753296 -0.22312943637371063 
vn 0.557918131351471 -0.8205487132072449 -0.1242060661315918 
vn 0.3256995975971222 0.9144707322120667 -0.2401314377784729 
vn 0.6892298460006714 0.5838130712509155 -0.42909738421440125 
vn 0.8620176911354065 0.09047512710094452 -0.4987381398677826 
vn 0.7954307198524475 -0.4279782474040985 -0.42909738421440125 
vn 0.5091399550437927 -0.8265067338943481 -0.2401314377784729 
vn 0.2500430643558502 0.9064164161682129 -0.34042292833328247 
vn 0.5534579753875732 0.5694947838783264 -0.607749879360199 
vn 0.7038548588752747 0.07537016272544861 -0.7063339352607727 
vn 0.6597682237625122 -0.4419795870780945 -0.607749879360199 
vn 0.4325864613056183 -0.834854006767273 -0.34042292833328247 
vn -0.22021028399467468 -0.6117690205574036 -0.7597671151161194 
vn -0.47065556049346924 -0.42394953966140747 -0.7737894654273987 
vn -0.25168952345848083 -0.7062261700630188 -0.661737859249115 
vn -0.5641491413116455 -0.5067766904830933 -0.651853621006012 
vn -0.6107805967330933 -0.08295394480228424 -0.7874425053596497 
vn -0.7605481147766113 -0.09790642559528351 -0.641857385635376 
vn -0.5477491021156311 0.2973318099975586 -0.7820260524749756 
vn -0.6705986261367798 0.36607667803764343 -0.6452018022537231 
vn -0.32611915469169617 0.554777979850769 -0.7654199600219727 
vn -0.37848833203315735 0.6505249738693237 -0.6584556698799133 
vn -0.6350916028022766 0.5378300547599792 0.5544344186782837 
vn -0.07902806252241135 0.7278535962104797 0.681163489818573 
vn -0.9405917525291443 0.1947871893644333 0.2781098484992981 
vn -0.07902806252241135 0.7278535962104797 0.681163489818573 
vn -0.07521747052669525 0.7252580523490906 0.6843559741973877 
vn -0.07334113866090775 0.7314327955245972 0.677958071231842 
vn -0.07334113866090775 0.7314327955245972 0.677958071231842 
vn -0.07521747052669525 0.7252580523490906 0.6843559741973877 
vn 0.5037754774093628 0.65937340259552 0.5580654144287109 
vn 0.8754477500915527 0.39527982473373413 0.2781098484992981 
vn -0.9405917525291443 0.1947871893644333 0.2781098484992981 
vn -0.6980047821998596 -0.07171575725078583 -0.7124928832054138 
vn -0.616540789604187 -0.7869561910629272 0.024029340595006943 
vn -0.5098534226417542 -0.6324160695075989 -0.5831804275512695 
vn -0.6350916028022766 0.5378300547599792 0.5544344186782837 
vn -0.5232813954353333 -0.6112314462661743 0.5937783122062683 
vn 0.18122315406799316 0.7334319353103638 0.6551609039306641 
vn 0.18700388073921204 0.7319793701171875 -0.6551609039306641 
vn -0.2571122348308563 0.7254034280776978 0.6385006904602051 
vn -0.2592775821685791 0.7246323227882385 -0.6385006904602051 
vn 0.638907253742218 -0.5098560452461243 0.5760593414306641 
vn 0.07342007756233215 -0.700951099395752 0.7094202041625977 
vn 0.7727872729301453 -0.6342101097106934 -0.024029340595006943 
vn 0.10545703768730164 -0.993730366230011 -0.03713129088282585 
vn 0.6338873505592346 -0.49135875701904297 -0.5972883701324463 
vn 0.07537275552749634 -0.6785882711410522 -0.7306414246559143 
vn 0.06780850142240524 -0.7077171802520752 0.7032341957092285 
vn 0.10545703768730164 -0.993730366230011 -0.03713129088282585 
vn 0.07729364186525345 -0.6751524209976196 -0.7336177229881287 
vn 0.07898972928524017 -0.7034578919410706 0.7063339352607727 
vn 0.10545703768730164 -0.993730366230011 -0.03713129088282585 
vn 0.0697808563709259 -0.675970196723938 -0.7336177229881287 
vn -0.5077494382858276 -0.6341065168380737 0.5831804275512695 
vn -0.616540789604187 -0.7869561910629272 -0.024029340595006943 
vn -0.5196134448051453 -0.6143526434898376 -0.5937783122062683 
vn -0.62372887134552 0.5890344977378845 -0.5138099193572998 
vn -0.19308888912200928 0.9187040328979492 -0.34452807903289795 
vn -0.733294665813446 0.6799074411392212 0.002184694167226553 
vn -0.10552956163883209 0.9944137930870056 0.002184694167226553 
vn -0.6346032619476318 0.6653040647506714 -0.3932546079158783 
vn -0.09232910722494125 0.864004373550415 -0.4949462115764618 
vn -0.0961456373333931 0.9292185306549072 -0.3568037748336792 
vn -0.10552956163883209 0.9944137930870056 0.002184694167226553 
vn -0.09983409941196442 0.8631693720817566 -0.4949462115764618 
vn -0.005664341617375612 0.938758909702301 -0.34452807903289795 
vn -0.10552956163883209 0.9944137930870056 0.002184694167226553 
vn -0.09610722213983536 0.8614079356193542 -0.4987381398677826 
vn 0.4863887429237366 0.706700325012207 -0.5138099193572998 
vn 0.5742622017860413 0.8186684846878052 0.002184694167226553 
vn 0.4843502938747406 0.7835190296173096 -0.3892335295677185 
vn 0.18122315406799316 0.7334319353103638 0.6551609039306641 
vn 0.18700388073921204 0.7319793701171875 -0.6551609039306641 
vn -0.2571122348308563 0.7254034280776978 0.6385006904602051 
vn -0.2592775821685791 0.7246323227882385 -0.6385006904602051 
vn 0.511328399181366 0.6377295255661011 0.5760593414306641 
vn 0.5948036313056946 0.7320221066474915 -0.33219319581985474 
vn -0.07898972928524017 0.7034578919410706 0.7063339352607727 
vn -0.34816768765449524 0.7689945101737976 -0.5361219048500061 
vn -0.07898972928524017 0.7034578919410706 0.7063339352607727 
vn 0.20415227115154266 0.9308037161827087 -0.30319350957870483 
vn -0.777777373790741 0.6285360455513 0.002184694167226553 
vn -0.777777373790741 0.6285360455513 0.002184694167226553 
vn 0.20415227115154266 0.9308037161827087 0.30319350957870483 
vn -0.6384019255638123 0.5104886293411255 -0.5760593414306641 
vn -0.07349279522895813 0.7040534019470215 -0.7063339352607727 
vn -0.07349279522895813 0.7040534019470215 -0.7063339352607727 
vn -0.35285088419914246 0.7668569087982178 0.5361219048500061 
vn 0.5104886293411255 0.6384019255638123 -0.5760593414306641 
vn 0.5948036313056946 0.7320221066474915 0.33219319581985474 
vn 0.5037754774093628 0.65937340259552 0.5580654144287109 
vn 0.6343720555305481 -0.4907327890396118 0.5972883701324463 
vn 0.8754477500915527 0.39527982473373413 0.2781098484992981 
vn 0.7727872729301453 -0.6342101097106934 0.024029340595006943 
vn 0.6384019255638123 -0.5104886293411255 -0.5760593414306641 
vn 0.7038548588752747 0.07537016272544861 -0.7063339352607727 
vn 0.9150782227516174 -0.27512285113334656 0.2948545813560486 
vn 0.7716272473335266 -0.15011736750602722 -0.6181069612503052 
vn 0.6331827640533447 0.06794452667236328 -0.7710143327713013 
vn 0.9944137930870056 0.10552956163883209 0.002184694167226553 
vn 0.4843502938747406 0.7835190296173096 -0.3892335295677185 
vn 0.5742622017860413 0.8186684846878052 0.002184694167226553 
vn 0.9107006192207336 0.0979967713356018 -0.401274174451828 
vn 0.62372887134552 -0.5890344977378845 -0.5138099193572998 
vn 0.39710932970046997 -0.8662435412406921 0.30319350957870483 
vn 0.20415227115154266 0.9308037161827087 0.30319350957870483 
vn 0.39710932970046997 -0.8662435412406921 -0.30319350957870483 
vn 0.20415227115154266 0.9308037161827087 -0.30319350957870483 
vn 0.5088868737220764 0.6554365754127502 -0.5580654144287109 
vn -0.07734011113643646 0.7310208082199097 -0.677958071231842 
vn 0.8752378225326538 0.3957444429397583 -0.2781098484992981 
vn -0.07170411944389343 0.7256138324737549 -0.6843559741973877 
vn -0.07170411944389343 0.7256138324737549 -0.6843559741973877 
vn -0.06981874257326126 0.7317774295806885 -0.677958071231842 
vn -0.08103436976671219 0.7276329398155212 -0.681163489818573 
vn -0.08103436976671219 0.7276329398155212 -0.681163489818573 
vn -0.6369832158088684 0.5355883836746216 -0.5544344186782837 
vn -0.9397678375244141 0.1987241804599762 -0.2781098484992981 
vn -0.6369832158088684 0.5355883836746216 -0.5544344186782837 
vn -0.08103436976671219 0.7276329398155212 -0.681163489818573 
vn -0.5196134448051453 -0.6143526434898376 -0.5937783122062683 
vn 0.0697808563709259 -0.675970196723938 -0.7336177229881287 
vn -0.07170411944389343 0.7256138324737549 -0.6843559741973877 
vn 0.07729364186525345 -0.6751524209976196 -0.7336177229881287 
vn -0.07734011113643646 0.7310208082199097 -0.677958071231842 
vn 0.07537275552749634 -0.6785882711410522 -0.7306414246559143 
vn 0.5088868737220764 0.6554365754127502 -0.5580654144287109 
vn 0.6338873505592346 -0.49135875701904297 -0.5972883701324463 
vn 0.5037754774093628 0.65937340259552 0.5580654144287109 
vn -0.07334113866090775 0.7314327955245972 0.677958071231842 
vn 0.6343720555305481 -0.4907327890396118 0.5972883701324463 
vn 0.07711391150951385 -0.6783925890922546 0.7306414246559143 
vn -0.07521747052669525 0.7252580523490906 0.6843559741973877 
vn 0.07903113216161728 -0.6749511957168579 0.7336177229881287 
vn -0.07902806252241135 0.7278535962104797 0.681163489818573 
vn 0.07153376191854477 -0.6757869124412537 0.7336177229881287 
vn -0.6350916028022766 0.5378300547599792 0.5544344186782837 
vn -0.5232813954353333 -0.6112314462661743 0.5937783122062683 
vn 0.6341759562492371 -0.5157290697097778 0.5760593414306641 
vn 0.511328399181366 0.6377295255661011 0.5760593414306641 
vn 0.07898972928524017 -0.7034578919410706 0.7063339352607727 
vn -0.07898972928524017 0.7034578919410706 0.7063339352607727 
vn 0.07898972928524017 -0.7034578919410706 0.7063339352607727 
vn -0.07898972928524017 0.7034578919410706 0.7063339352607727 
vn -0.5142648816108704 -0.6353638768196106 0.5760593414306641 
vn -0.6365483999252319 0.512798011302948 0.5760593414306641 
vn 0.6343720555305481 -0.4907327890396118 0.5972883701324463 
vn 0.07711391150951385 -0.6783925890922546 0.7306414246559143 
vn 0.7727872729301453 -0.6342101097106934 0.024029340595006943 
vn 0.10545703768730164 -0.993730366230011 0.03713129088282585 
vn 0.6384019255638123 -0.5104886293411255 -0.5760593414306641 
vn 0.07166576385498047 -0.7011326551437378 -0.7094202041625977 
vn 0.07903113216161728 -0.6749511957168579 0.7336177229881287 
vn 0.10545703768730164 -0.993730366230011 0.03713129088282585 
vn 0.06604166328907013 -0.7078842520713806 -0.7032341957092285 
vn 0.07153376191854477 -0.6757869124412537 0.7336177229881287 
vn 0.10545703768730164 -0.993730366230011 0.03713129088282585 
vn 0.07724699378013611 -0.7036513686180115 -0.7063339352607727 
vn -0.5232813954353333 -0.6112314462661743 0.5937783122062683 
vn -0.616540789604187 -0.7869561910629272 0.024029340595006943 
vn -0.5098534226417542 -0.6324160695075989 -0.5831804275512695 
vn 0.3228558301925659 -0.5566834211349487 -0.7654199600219727 
vn 0.058526281267404556 -0.6508827805519104 -0.7569189071655273 
vn 0.37848833203315735 -0.6505249738693237 -0.6584556698799133 
vn 0.062267791479825974 -0.7442364692687988 -0.6650074124336243 
vn -0.22021028399467468 -0.6117690205574036 -0.7597671151161194 
vn -0.25168952345848083 -0.7062261700630188 -0.661737859249115 
vn -0.37848833203315735 0.6505249738693237 -0.6584556698799133 
vn -0.4905097186565399 0.8244419693946838 0.28230419754981995 
vn -0.06603201478719711 0.7439119219779968 -0.6650074124336243 
vn -0.08663954585790634 0.9590373635292053 0.26970529556274414 
vn 0.25168952345848083 0.7062261700630188 -0.661737859249115 
vn 0.32716673612594604 0.9043976664543152 0.27391019463539124 
vn -0.6369832158088684 0.5355883836746216 -0.5544344186782837 
vn -0.5196134448051453 -0.6143526434898376 -0.5937783122062683 
vn -0.9397678375244141 0.1987241804599762 -0.2781098484992981 
vn -0.616540789604187 -0.7869561910629272 -0.024029340595006943 
vn -0.5077494382858276 -0.6341065168380737 0.5831804275512695 
vn -0.6980298757553101 -0.07147142291069031 0.7124928832054138 
vn -0.83771151304245 -0.45967400074005127 -0.2948545813560486 
vn -0.7141901254653931 -0.3152244985103607 0.6249527335166931 
vn -0.6267985701560974 -0.06398367881774902 0.7765498161315918 
vn -0.9944137930870056 -0.10552956163883209 0.002184694167226553 
vn -0.6325743794441223 0.667233407497406 0.3932546079158783 
vn -0.733294665813446 0.6799074411392212 0.002184694167226553 
vn -0.9111096262931824 -0.09411821514368057 0.401274174451828 
vn -0.49044257402420044 -0.7038930654525757 0.5138099193572998 
vn 0.4337511360645294 -0.8342494964599609 0.34042292833328247 
vn 0.333360880613327 -0.8454568982124329 0.417220801115036 
vn 0.6605553030967712 -0.4408023953437805 0.607749879360199 
vn 0.4793061912059784 -0.4633260667324066 0.7453821301460266 
vn 0.7038685083389282 0.07524289935827255 0.7063339352607727 
vn 0.49786174297332764 0.0525796003639698 0.865661084651947 
vn 0.5494148135185242 0.5733963847160339 0.607749879360199 
vn 0.37582656741142273 0.5505995154380798 0.7453821301460266 
vn 0.24427130818367004 0.9079888463020325 0.34042292833328247 
vn 0.14458927512168884 0.8972294926643372 0.417220801115036 
vn 0.21653911471366882 -0.8567109704017639 0.46814218163490295 
vn 0.273765504360199 -0.4842188358306885 0.8310141563415527 
vn 0.2574344277381897 0.0299498550593853 0.9658315181732178 
vn 0.17045770585536957 0.5294899344444275 0.8310141563415527 
vn 0.03016890026628971 0.8831380009651184 0.46814218163490295 
vn 0.092247873544693 -0.8704622387886047 0.4835140109062195 
vn 0.052619557827711105 -0.5054445266723633 0.8612531423568726 
vn 0 0 1 
vn -0.052619557827711105 0.5054445266723633 0.8612531423568726 
vn -0.09599822014570236 0.8700566291809082 0.4835140109062195 
vn -0.03016890026628971 -0.8831380009651184 0.46814218163490295 
vn -0.17045770585536957 -0.5294899344444275 0.8310141563415527 
vn -0.257841020822525 -0.026219869032502174 0.9658315181732178 
vn -0.273765504360199 0.4842188358306885 0.8310141563415527 
vn -0.21653911471366882 0.8567109704017639 0.46814218163490295 
vn -0.1483115702867508 -0.8966217041015625 0.417220801115036 
vn -0.37582656741142273 -0.5505995154380798 0.7453821301460266 
vn -0.49786174297332764 -0.0525796003639698 0.865661084651947 
vn -0.4793061912059784 0.4633260667324066 0.7453821301460266 
vn -0.33686667680740356 0.8440661430358887 0.417220801115036 
vn -0.24791240692138672 -0.9070014953613281 0.34042292833328247 
vn -0.5494148135185242 -0.5733963847160339 0.607749879360199 
vn -0.7038685083389282 -0.07524289935827255 0.7063339352607727 
vn -0.6605553030967712 0.4408023953437805 0.607749879360199 
vn -0.43040043115615845 0.8359830975532532 0.34042292833328247 
vn 0.5786608457565308 -0.5773276686668396 0.5760593414306641 
vn 3.097898456858039e-13 -0.999997615814209 0.002184694167226553 
vn 0.00376924779266119 -0.707868754863739 0.7063339352607727 
vn 0.00376924779266119 -0.707868754863739 0.7063339352607727 
vn -0.5759913921356201 -0.5799909830093384 0.5760593414306641 
vn 0.37848833203315735 -0.6505249738693237 -0.6584556698799133 
vn 0.4872643053531647 -0.8263642191886902 0.28230419754981995 
vn 0.062267791479825974 -0.7442364692687988 -0.6650074124336243 
vn 0.08663954585790634 -0.9590373635292053 0.26970529556274414 
vn -0.25168952345848083 -0.7062261700630188 -0.661737859249115 
vn -0.3236171007156372 -0.9056738615036011 0.27391019463539124 
vn 0.37848833203315735 -0.6505249738693237 -0.6584556698799133 
vn 0.6687793135643005 -0.3693898916244507 -0.6452018022537231 
vn 0.3228558301925659 -0.5566834211349487 -0.7654199600219727 
vn 0.5477491021156311 -0.2973318099975586 -0.7820260524749756 
vn 0.7605481147766113 0.09790642559528351 -0.641857385635376 
vn 0.6107805967330933 0.08295394480228424 -0.7874425053596497 
vn 0.5616190433502197 0.5095791816711426 -0.651853621006012 
vn 0.46811991930007935 0.42674770951271057 -0.7737894654273987 
vn 0.25168952345848083 0.7062261700630188 -0.661737859249115 
vn 0.21665403246879578 0.6130374670028687 -0.7597671151161194 
vn 0.20415227115154266 0.9308037161827087 0.30319350957870483 
vn 0.39710932970046997 -0.8662435412406921 0.30319350957870483 
vn -0.35285088419914246 0.7668569087982178 0.5361219048500061 
vn -0.18152879178524017 -0.8243910670280457 0.5361219048500061 
vn 0.5948036313056946 0.7320221066474915 0.33219319581985474 
vn 0.7332108020782471 -0.5933376550674438 0.33219319581985474 
vn -0.25168952345848083 -0.7062261700630188 -0.661737859249115 
vn -0.3236171007156372 -0.9056738615036011 0.27391019463539124 
vn -0.5641491413116455 -0.5067766904830933 -0.651853621006012 
vn -0.7134912014007568 -0.637524425983429 0.29067665338516235 
vn -0.7605481147766113 -0.09790642559528351 -0.641857385635376 
vn -0.9439393877983093 -0.1204647645354271 0.30735430121421814 
vn -0.6705986261367798 0.36607667803764343 -0.6452018022537231 
vn -0.8380956053733826 0.45626604557037354 0.2990269064903259 
vn -0.37848833203315735 0.6505249738693237 -0.6584556698799133 
vn -0.4905097186565399 0.8244419693946838 0.28230419754981995 
vn -0.5036632418632507 -0.06757445633411407 0.8612531423568726 
vn -0.44366177916526794 0.255423367023468 0.8590245246887207 
vn 0.25168952345848083 0.7062261700630188 -0.661737859249115 
vn -0.06603201478719711 0.7439119219779968 -0.6650074124336243 
vn 0.21665403246879578 0.6130374670028687 -0.7597671151161194 
vn -0.05475956201553345 0.6512105464935303 -0.7569189071655273 
vn -0.37848833203315735 0.6505249738693237 -0.6584556698799133 
vn -0.32611915469169617 0.554777979850769 -0.7654199600219727 
vn -0.06603201478719711 0.7439119219779968 -0.6650074124336243 
vn 0.25168952345848083 0.7062261700630188 -0.661737859249115 
vn -0.37848833203315735 0.6505249738693237 -0.6584556698799133 
vn 0.5616190433502197 0.5095791816711426 -0.651853621006012 
vn 0.7605481147766113 0.09790642559528351 -0.641857385635376 
vn 0.6687793135643005 -0.3693898916244507 -0.6452018022537231 
vn 0.37848833203315735 -0.6505249738693237 -0.6584556698799133 
vn 0.062267791479825974 -0.7442364692687988 -0.6650074124336243 
vn -0.25168952345848083 -0.7062261700630188 -0.661737859249115 
vn -0.5641491413116455 -0.5067766904830933 -0.651853621006012 
vn -0.7605481147766113 -0.09790642559528351 -0.641857385635376 
vn -0.557918131351471 0.8205487132072449 0.1242060661315918 
vn -0.09049347788095474 0.9958371520042419 -0.010923261754214764 
vn -0.5091399550437927 0.8265067338943481 0.2401314377784729 
vn -0.09048829227685928 0.9957801103591919 -0.0152922747656703 
vn -0.43040043115615845 0.8359830975532532 0.34042292833328247 
vn -0.09799819439649582 0.9949923753738403 -0.01966099627315998 
vn -0.33686667680740356 0.8440661430358887 0.417220801115036 
vn -0.09799819439649582 0.9949923753738403 -0.01966099627315998 
vn -0.21653911471366882 0.8567109704017639 0.46814218163490295 
vn -0.10550941526889801 0.994223952293396 -0.01966099627315998 
vn -0.09599822014570236 0.8700566291809082 0.4835140109062195 
vn -0.11301462352275848 0.9933987855911255 -0.01966099627315998 
vn 0.03016890026628971 0.8831380009651184 0.46814218163490295 
vn -0.12051337957382202 0.9925169944763184 -0.01966099627315998 
vn 0.14458927512168884 0.8972294926643372 0.417220801115036 
vn -0.12052258849143982 0.9925928115844727 -0.0152922747656703 
vn 0.24427130818367004 0.9079888463020325 0.34042292833328247 
vn -0.12802237272262573 0.9917111396789551 -0.010923261754214764 
vn 0.3256995975971222 0.9144707322120667 0.2401314377784729 
vn -0.12802726030349731 0.9917489886283875 -0.006554040592163801 
vn 0.3718613088130951 0.9199413061141968 0.1242060661315918 
vn -0.1280297040939331 0.991767942905426 0.002184694167226553 
vn 0.38964858651161194 0.9209610223770142 0.002184694167226553 
vn -0.12802726030349731 0.9917489886283875 0.006554040592163801 
vn 0.3718613088130951 0.9199413061141968 -0.1242060661315918 
vn -0.12802237272262573 0.9917111396789551 0.010923261754214764 
vn 0.3256995975971222 0.9144707322120667 -0.2401314377784729 
vn -0.12052258849143982 0.9925928115844727 0.0152922747656703 
vn 0.2500430643558502 0.9064164161682129 -0.34042292833328247 
vn -0.12051337957382202 0.9925169944763184 0.01966099627315998 
vn 0.1503685861825943 0.8962790369987488 -0.417220801115036 
vn -0.11301462352275848 0.9933987855911255 0.01966099627315998 
vn 0.028322476893663406 0.883199155330658 -0.46814218163490295 
vn -0.10550941526889801 0.994223952293396 0.01966099627315998 
vn -0.09049574285745621 0.8706461787223816 -0.4835140109062195 
vn -0.09799819439649582 0.9949923753738403 0.01966099627315998 
vn -0.21865792572498322 0.8561726212501526 -0.46814218163490295 
vn -0.09799819439649582 0.9949923753738403 0.01966099627315998 
vn -0.3320237994194031 0.8459828495979309 -0.417220801115036 
vn -0.09048829227685928 0.9957801103591919 0.0152922747656703 
vn -0.4325864613056183 0.834854006767273 -0.34042292833328247 
vn -0.09049347788095474 0.9958371520042419 0.010923261754214764 
vn -0.5091399550437927 0.8265067338943481 -0.2401314377784729 
vn -0.0829736664891243 0.9965301752090454 0.006554040592163801 
vn -0.557918131351471 0.8205487132072449 -0.1242060661315918 
vn -0.08297525346279144 0.9965491890907288 0.002184694167226553 
vn -0.5742622017860413 0.8186684846878052 0.002184694167226553 
vn -0.0829736664891243 0.9965301752090454 -0.006554040592163801 
vn 0.35406798124313354 0.8991973996162415 -0.25706008076667786 
vn 0.2733081579208374 0.8900064826011658 -0.3649536371231079 
vn 0.16708062589168549 0.8798983693122864 -0.44481781125068665 
vn 0.03964127227663994 0.8658457398414612 -0.4987381398677826 
vn -0.09044107049703598 0.850857675075531 -0.5175535082817078 
vn -0.22220338881015778 0.8377863168716431 -0.4987381398677826 
vn -0.3510090112686157 0.8239719867706299 -0.44481781125068665 
vn -0.4567699730396271 0.8112767934799194 -0.3649536371231079 
vn -0.5345433950424194 0.8050984144210815 -0.25706008076667786 
vn -0.5840991139411926 0.8007329106330872 -0.1328723281621933 
vn -0.604758083820343 0.7964062690734863 0.002184694167226553 
vn -0.5840991139411926 0.8007329106330872 0.1328723281621933 
vn -0.5386631488800049 0.8023478984832764 0.25706008076667786 
vn -0.4567699730396271 0.8112767934799194 0.3649536371231079 
vn -0.3488280177116394 0.8248976469039917 0.44481781125068665 
vn -0.2273664027452469 0.8363999128341675 0.4987381398677826 
vn -0.08843994140625 0.8510680198669434 0.5175535082817078 
vn 0.04147006571292877 0.865760087966919 0.4987381398677826 
vn 0.16871173679828644 0.8795871138572693 0.44481781125068665 
vn 0.2733081579208374 0.8900064826011658 0.3649536371231079 
vn 0.35540318489074707 0.898670494556427 0.25706008076667786 
vn 0.4048534035682678 0.9046760201454163 0.1328723281621933 
vn 0.4241376221179962 0.9055951237678528 0.002184694167226553 
vn 0.4048534035682678 0.9046760201454163 -0.1328723281621933 
vn -0.4014054834842682 -0.9062111377716064 -0.1328723281621933 
vn 0.08297525346279144 -0.9965491890907288 0.002184694167226553 
vn -0.4241376221179962 -0.9055951237678528 0.002184694167226553 
vn 0.0829736664891243 -0.9965301752090454 0.006554040592163801 
vn -0.4014054834842682 -0.9062111377716064 0.1328723281621933 
vn 0.09049347788095474 -0.9958371520042419 0.010923261754214764 
vn -0.3518933355808258 -0.9000506401062012 0.25706008076667786 
vn 0.09048829227685928 -0.9957801103591919 0.0152922747656703 
vn -0.2696981430053711 -0.8911070227622986 0.3649536371231079 
vn 0.09799819439649582 -0.9949923753738403 0.01966099627315998 
vn -0.16871173679828644 -0.8795871138572693 0.44481781125068665 
vn 0.09799819439649582 -0.9949923753738403 0.01966099627315998 
vn -0.04147006571292877 -0.865760087966919 0.4987381398677826 
vn 0.10550941526889801 -0.994223952293396 0.01966099627315998 
vn 0.0921890139579773 -0.8506700396537781 0.5175535082817078 
vn 0.11301462352275848 -0.9933987855911255 0.01966099627315998 
vn 0.2273664027452469 -0.8363999128341675 0.4987381398677826 
vn 0.12051337957382202 -0.9925169944763184 0.01966099627315998 
vn 0.3488280177116394 -0.8248976469039917 0.44481781125068665 
vn 0.12052258849143982 -0.9925928115844727 0.0152922747656703 
vn 0.4534775912761688 -0.8131217360496521 0.3649536371231079 
vn 0.12802237272262573 -0.9917111396789551 0.010923261754214764 
vn 0.5355278253555298 -0.8044439554214478 0.25706008076667786 
vn 0.12802726030349731 -0.9917489886283875 0.006554040592163801 
vn 0.5871440172195435 -0.7985028624534607 0.1328723281621933 
vn 0.1280297040939331 -0.991767942905426 0.002184694167226553 
vn 0.604758083820343 -0.7964062690734863 0.002184694167226553 
vn 0.12802726030349731 -0.9917489886283875 -0.006554040592163801 
vn 0.5871440172195435 -0.7985028624534607 -0.1328723281621933 
vn 0.12802237272262573 -0.9917111396789551 -0.010923261754214764 
vn 0.5345433950424194 -0.8050984144210815 -0.25706008076667786 
vn 0.12052258849143982 -0.9925928115844727 -0.0152922747656703 
vn 0.4534775912761688 -0.8131217360496521 -0.3649536371231079 
vn 0.12051337957382202 -0.9925169944763184 -0.01966099627315998 
vn 0.3475312888622284 -0.8254448175430298 -0.44481781125068665 
vn 0.11301462352275848 -0.9933987855911255 -0.01966099627315998 
vn 0.22585172951221466 -0.8368101716041565 -0.4987381398677826 
vn 0.10550941526889801 -0.994223952293396 -0.01966099627315998 
vn 0.09044107049703598 -0.850857675075531 -0.5175535082817078 
vn 0.09799819439649582 -0.9949923753738403 -0.01966099627315998 
vn -0.04341360926628113 -0.8656647801399231 -0.4987381398677826 
vn 0.09799819439649582 -0.9949923753738403 -0.01966099627315998 
vn -0.16336870193481445 -0.8805951476097107 -0.44481781125068665 
vn 0.09048829227685928 -0.9957801103591919 -0.0152922747656703 
vn -0.2696981430053711 -0.8911070227622986 -0.3649536371231079 
vn 0.09049347788095474 -0.9958371520042419 -0.010923261754214764 
vn -0.35406798124313354 -0.8991973996162415 -0.25706008076667786 
vn 0.0829736664891243 -0.9965301752090454 -0.006554040592163801 
vn 0.5742622017860413 -0.8186684846878052 0.002184694167226553 
vn 0.557918131351471 -0.8205487132072449 -0.1242060661315918 
vn 0.5091399550437927 -0.8265067338943481 -0.2401314377784729 
vn 0.4325864613056183 -0.834854006767273 -0.34042292833328247 
vn 0.3320237994194031 -0.8459828495979309 -0.417220801115036 
vn 0.21499642729759216 -0.8570994138717651 -0.46814218163490295 
vn 0.09049574285745621 -0.8706461787223816 -0.4835140109062195 
vn -0.03209724277257919 -0.8830699920654297 -0.46814218163490295 
vn -0.1503685861825943 -0.8962790369987488 -0.417220801115036 
vn -0.2500430643558502 -0.9064164161682129 -0.34042292833328247 
vn -0.3256995975971222 -0.9144707322120667 -0.2401314377784729 
vn -0.3718613088130951 -0.9199413061141968 -0.1242060661315918 
vn -0.38964858651161194 -0.9209610223770142 0.002184694167226553 
vn -0.3718613088130951 -0.9199413061141968 0.1242060661315918 
vn -0.3256995975971222 -0.9144707322120667 0.2401314377784729 
vn -0.24791240692138672 -0.9070014953613281 0.34042292833328247 
vn -0.1483115702867508 -0.8966217041015625 0.417220801115036 
vn -0.03016890026628971 -0.8831380009651184 0.46814218163490295 
vn 0.092247873544693 -0.8704622387886047 0.4835140109062195 
vn 0.21653911471366882 -0.8567109704017639 0.46814218163490295 
vn 0.333360880613327 -0.8454568982124329 0.417220801115036 
vn 0.4337511360645294 -0.8342494964599609 0.34042292833328247 
vn 0.5091399550437927 -0.8265067338943481 0.2401314377784729 
vn 0.557918131351471 -0.8205487132072449 0.1242060661315918 
vn -0.6107805967330933 -0.08295394480228424 -0.7874425053596497 
vn -0.6705986261367798 0.36607667803764343 -0.6452018022537231 
vn -0.5477491021156311 0.2973318099975586 -0.7820260524749756 
vn -0.37848833203315735 0.6505249738693237 -0.6584556698799133 
vn -0.32611915469169617 0.554777979850769 -0.7654199600219727 
vn -0.06603201478719711 0.7439119219779968 -0.6650074124336243 
vn -0.05475956201553345 0.6512105464935303 -0.7569189071655273 
vn 0.25168952345848083 0.7062261700630188 -0.661737859249115 
vn 0.21665403246879578 0.6130374670028687 -0.7597671151161194 
vn 0.5616190433502197 0.5095791816711426 -0.651853621006012 
vn 0.46811991930007935 0.42674770951271057 -0.7737894654273987 
vn 0.7605481147766113 0.09790642559528351 -0.641857385635376 
vn 0.6107805967330933 0.08295394480228424 -0.7874425053596497 
vn 0.6687793135643005 -0.3693898916244507 -0.6452018022537231 
vn 0.5477491021156311 -0.2973318099975586 -0.7820260524749756 
vn 0.37848833203315735 -0.6505249738693237 -0.6584556698799133 
vn 0.3228558301925659 -0.5566834211349487 -0.7654199600219727 
vn 0.062267791479825974 -0.7442364692687988 -0.6650074124336243 
vn 0.058526281267404556 -0.6508827805519104 -0.7569189071655273 
vn -0.25168952345848083 -0.7062261700630188 -0.661737859249115 
vn -0.22021028399467468 -0.6117690205574036 -0.7597671151161194 
vn -0.5641491413116455 -0.5067766904830933 -0.651853621006012 
vn -0.47065556049346924 -0.42394953966140747 -0.7737894654273987 
vn -0.7605481147766113 -0.09790642559528351 -0.641857385635376 
vn 0.8901070356369019 0.381974995136261 -0.24860523641109467 
vn -0.6474913358688354 0.41082119941711426 0.641857385635376 
vn -0.5759913921356201 -0.5799909830093384 0.5760593414306641 
vn -0.2571122348308563 0.7254034280776978 0.6385006904602051 
vn 0.5779946446418762 -0.5779946446418762 -0.5760593414306641 
vn 0.5779946446418762 -0.5779946446418762 -0.5760593414306641 
vn -0.6365483999252319 0.512798011302948 0.5760593414306641 
vn -0.5104886293411255 -0.6384019255638123 -0.5760593414306641 
vn 0.6384019255638123 -0.5104886293411255 -0.5760593414306641 
vn 0.4534775912761688 -0.8131217360496521 -0.3649536371231079 
vn -0.6269311904907227 0.5856249928474426 0.5138099193572998 
vn 0.2733081579208374 0.8900064826011658 0.3649536371231079 
vn 0.4863887429237366 0.706700325012207 -0.5138099193572998 
vn -0.6705986261367798 0.36607667803764343 -0.6452018022537231 
vn 0.37384700775146484 0.3552004098892212 0.8567795157432556 
vn -0.37384700775146484 -0.3552004098892212 0.8567795157432556 
vt 0.2306509017944336 0.4724096357822418 
vt 0.019825482740998268 0.4995737075805664 
vt 0.258176326751709 0.4549905061721802 
vt 0.019825482740998268 0.4549905061721802 
vt 0.019825482740998268 0.049356553703546524 
vt 0.0011909999884665012 0.4549905061721802 
vt 0.0011909999884665012 0.049356553703546524 
vt 0.0011909999884665012 0.4995737075805664 
vt 0.9712802171707153 0.028283076360821724 
vt 0.9988056421279907 0.045702192932367325 
vt 0.760576605796814 0.0011190000222995877 
vt 0.760576605796814 0.045702192932367325 
vt 0.760576605796814 0.451336145401001 
vt 0.9988056421279907 0.451336145401001 
vt 0.9809019565582275 0.4685116410255432 
vt 0.7805507779121399 0.5017663240432739 
vt 0.7997942566871643 0.5042025446891785 
vt 0.7805507779121399 0.7804721593856812 
vt 0.7997942566871643 0.7829084396362305 
vt 0.7805507779121399 0.795089602470398 
vt 0.7997942566871643 0.7975258827209473 
vt 0.490072101354599 0.8069053888320923 
vt 0.4875144362449646 0.8069053888320923 
vt 0.490072101354599 0.8027637600898743 
vt 0.4875144362449646 0.8027637600898743 
vt 0.490072101354599 0.7969167828559875 
vt 0.4875144362449646 0.7969167828559875 
vt 0.490072101354599 0.7909480333328247 
vt 0.4875144362449646 0.7909480333328247 
vt 0.490072101354599 0.7863191366195679 
vt 0.4875144362449646 0.7863191366195679 
vt 0.4866618812084198 0.7969167828559875 
vt 0.4866618812084198 0.7914352416992188 
vt 0.3887394964694977 0.808001697063446 
vt 0.3922715485095978 0.8041037321090698 
vt 0.38934847712516785 0.808610737323761 
vt 0.3925151228904724 0.8050782084465027 
vt 0.4026240110397339 0.8212791681289673 
vt 0.3967778980731964 0.804225504398346 
vt 0.40067532658576965 0.8061745166778564 
vt 0.4011625051498413 0.8053218126296997 
vt 0.40408554673194885 0.8100724816322327 
vt 0.3967778980731964 0.8031291961669922 
vt 0.6851860880851746 0.8075144290924072 
vt 0.6851860880851746 0.8108033537864685 
vt 0.6820194721221924 0.8082453012466431 
vt 0.6820194721221924 0.8112906217575073 
vt 0.677756667137146 0.8081235289573669 
vt 0.677756667137146 0.8110470175743103 
vt 0.6733720898628235 0.8071489930152893 
vt 0.6733720898628235 0.8101943135261536 
vt 0.6702054142951965 0.8055654764175415 
vt 0.6702054142951965 0.8088544011116028 
vt 0.6851860880851746 0.8147013187408447 
vt 0.6820194721221924 0.8147013187408447 
vt 0.677756667137146 0.8143358826637268 
vt 0.6733720898628235 0.813605010509491 
vt 0.6702054142951965 0.812752366065979 
vt 0.6851860880851746 0.8187211155891418 
vt 0.6820194721221924 0.8183556795120239 
vt 0.677756667137146 0.8178684711456299 
vt 0.6733720898628235 0.8172593712806702 
vt 0.6702054142951965 0.8168939352035522 
vt 0.6851860880851746 0.8228627443313599 
vt 0.6820194721221924 0.8220100402832031 
vt 0.677756667137146 0.8214010000228882 
vt 0.6733720898628235 0.8209137320518494 
vt 0.6702054142951965 0.8210355639457703 
vt 0.6851860880851746 0.8267607092857361 
vt 0.6820194721221924 0.8255426287651062 
vt 0.677756667137146 0.8246899247169495 
vt 0.6733720898628235 0.8244463205337524 
vt 0.6702054142951965 0.8248117566108704 
vt 0.6851860880851746 0.8300496339797974 
vt 0.6820194721221924 0.8284661173820496 
vt 0.677756667137146 0.8274915814399719 
vt 0.6733720898628235 0.8273698091506958 
vt 0.6702054142951965 0.8281006813049316 
vt 0.40408554673194885 0.8160412907600403 
vt 0.40335479378700256 0.8105597496032715 
vt 0.3878869414329529 0.8138486742973328 
vt 0.38849592208862305 0.8193302154541016 
vt 0.39117538928985596 0.8237154483795166 
vt 0.3951945900917053 0.8256644010543823 
vt 0.3908100128173828 0.8245680928230286 
vt 0.3950727880001068 0.8267607092857361 
vt 0.3878869414329529 0.8198174238204956 
vt 0.5197898745536804 0.0011190000222995877 
vt 0.7402369976043701 0.032181061804294586 
vt 0.5197898745536804 0.049356553703546524 
vt 0.7581406831741333 0.049356553703546524 
vt 0.7581406831741333 0.4549905061721802 
vt 0.5197898745536804 0.4549905061721802 
vt 0.5197898745536804 0.4995737075805664 
vt 0.8733578324317932 0.5787515044212341 
vt 0.8539925813674927 0.5787515044212341 
vt 0.8733578324317932 0.5666921138763428 
vt 0.8539925813674927 0.5666921138763428 
vt 0.8539925813674927 0.5138257145881653 
vt 0.8733578324317932 0.5138257145881653 
vt 0.8733578324317932 0.5017663240432739 
vt 0.298124760389328 0.7911916375160217 
vt 0.30384910106658936 0.7911916375160217 
vt 0.298124760389328 0.8139704465866089 
vt 0.30384910106658936 0.8120214939117432 
vt 0.30993878841400146 0.7913134694099426 
vt 0.30993878841400146 0.8112906217575073 
vt 0.3160284757614136 0.7913134694099426 
vt 0.3160284757614136 0.8120214939117432 
vt 0.3217528164386749 0.7911916375160217 
vt 0.3217528164386749 0.8139704465866089 
vt 0.7371921539306641 0.5017663240432739 
vt 0.7565574049949646 0.5042025446891785 
vt 0.7371921539306641 0.5163837671279907 
vt 0.7565574049949646 0.5188199877738953 
vt 0.7371921539306641 0.795089602470398 
vt 0.7565574049949646 0.7975258827209473 
vt 0.7371921539306641 0.8055654764175415 
vt 0.7565574049949646 0.808001697063446 
vt 0.40323299169540405 0.821888267993927 
vt 0.39957916736602783 0.8257862329483032 
vt 0.3993355929851532 0.8248117566108704 
vt 0.013857576064765453 0.9931559562683105 
vt 0.013857576064765453 0.5457404255867004 
vt 0.13431183993816376 0.9931559562683105 
vt 0.13431183993816376 0.945649266242981 
vt 0.14697842299938202 0.945649266242981 
vt 0.14697842299938202 0.5457404255867004 
vt 0.13431183993816376 0.5457404255867004 
vt 0.13431183993816376 0.5017663240432739 
vt 0.013857576064765453 0.5017663240432739 
vt 0.14697842299938202 0.5017663240432739 
vt 0.30129140615463257 0.7808375954627991 
vt 0.3006824553012848 0.7848573923110962 
vt 0.27705439925193787 0.7808375954627991 
vt 0.27595826983451843 0.7848573923110962 
vt 0.27352237701416016 0.7808375954627991 
vt 0.2721826434135437 0.7848573923110962 
vt 0.30129140615463257 0.7889990210533142 
vt 0.27705439925193787 0.7889990210533142 
vt 0.27352237701416016 0.7889990210533142 
vt 0.6505966186523438 0.8054436445236206 
vt 0.6378082633018494 0.8054436445236206 
vt 0.6505966186523438 0.7909480333328247 
vt 0.6378082633018494 0.7909480333328247 
vt 0.6505966186523438 0.5122421383857727 
vt 0.6378082633018494 0.5122421383857727 
vt 0.6378082633018494 0.5017663240432739 
vt 0.5814176201820374 0.5017663240432739 
vt 0.5814176201820374 0.7909480333328247 
vt 0.5814176201820374 0.8054436445236206 
vt 0.568629264831543 0.8054436445236206 
vt 0.568629264831543 0.7909480333328247 
vt 0.5814176201820374 0.5122421383857727 
vt 0.568629264831543 0.5122421383857727 
vt 0.568629264831543 0.5017663240432739 
vt 0.2721826434135437 0.7911916375160217 
vt 0.27790695428848267 0.7913134694099426 
vt 0.2721826434135437 0.8139704465866089 
vt 0.27790695428848267 0.8120214939117432 
vt 0.28399667143821716 0.7913134694099426 
vt 0.28399667143821716 0.8112906217575073 
vt 0.2900863587856293 0.7911916375160217 
vt 0.2900863587856293 0.8120214939117432 
vt 0.2958106994628906 0.7911916375160217 
vt 0.2958106994628906 0.8139704465866089 
vt 0.8539925813674927 0.6601219177246094 
vt 0.8733578324317932 0.6601219177246094 
vt 0.8539925813674927 0.7131101489067078 
vt 0.8733578324317932 0.7131101489067078 
vt 0.0011909999884665012 0.0011190000222995877 
vt 0.019825482740998268 0.0011190000222995877 
vt 0.2402726262807846 0.032181061804294586 
vt 0.258176326751709 0.049356553703546524 
vt 0.26049041748046875 0.0011190000222995877 
vt 0.279124915599823 0.0011190000222995877 
vt 0.26049041748046875 0.045702192932367325 
vt 0.279124915599823 0.045702192932367325 
vt 0.26049041748046875 0.451336145401001 
vt 0.279124915599823 0.451336145401001 
vt 0.26049041748046875 0.4995737075805664 
vt 0.279124915599823 0.4995737075805664 
vt 0.5174757838249207 0.045702192932367325 
vt 0.4899503290653229 0.028283076360821724 
vt 0.5174757838249207 0.451336145401001 
vt 0.4995720386505127 0.4685116410255432 
vt 0.4053034782409668 0.5017663240432739 
vt 0.41809186339378357 0.5017663240432739 
vt 0.4053034782409668 0.519672691822052 
vt 0.41809186339378357 0.519672691822052 
vt 0.4053034782409668 0.7282148003578186 
vt 0.41809186339378357 0.7282148003578186 
vt 0.41809186339378357 0.7457557320594788 
vt 0.4053034782409668 0.7457557320594788 
vt 0.2849710285663605 0.7282148003578186 
vt 0.2849710285663605 0.7457557320594788 
vt 0.2721826434135437 0.7282148003578186 
vt 0.2849710285663605 0.519672691822052 
vt 0.2721826434135437 0.519672691822052 
vt 0.2849710285663605 0.5017663240432739 
vt 0.2721826434135437 0.5017663240432739 
vt 0.3508615791797638 0.7954550385475159 
vt 0.35049620270729065 0.7991093993186951 
vt 0.3475731313228607 0.7943587303161621 
vt 0.34708595275878906 0.7983785271644592 
vt 0.3431885540485382 0.7939932942390442 
vt 0.34270137548446655 0.7981349229812622 
vt 0.3388039767742157 0.7943587303161621 
vt 0.33843860030174255 0.7983785271644592 
vt 0.33588090538978577 0.7954550385475159 
vt 0.3353937268257141 0.7991093993186951 
vt 0.35025259852409363 0.8034946322441101 
vt 0.34684237837791443 0.8031291961669922 
vt 0.3423359990119934 0.8030074238777161 
vt 0.338073194026947 0.8031291961669922 
vt 0.3351501524448395 0.8034946322441101 
vt 0.3501307964324951 0.8081235289573669 
vt 0.3467205762863159 0.8081235289573669 
vt 0.3422141969203949 0.8081235289573669 
vt 0.3379514217376709 0.8081235289573669 
vt 0.33502835035324097 0.8081235289573669 
vt 0.35025259852409363 0.8128741383552551 
vt 0.34684237837791443 0.813239574432373 
vt 0.3423359990119934 0.813361406326294 
vt 0.338073194026947 0.813239574432373 
vt 0.3351501524448395 0.8128741383552551 
vt 0.35049620270729065 0.817137598991394 
vt 0.34708595275878906 0.8178684711456299 
vt 0.34270137548446655 0.8181120753288269 
vt 0.33843860030174255 0.8178684711456299 
vt 0.3353937268257141 0.817137598991394 
vt 0.3508615791797638 0.8209137320518494 
vt 0.3475731313228607 0.821888267993927 
vt 0.3431885540485382 0.8222537040710449 
vt 0.3388039767742157 0.821888267993927 
vt 0.33588090538978577 0.8209137320518494 
vt 0.5837317109107971 0.8076362609863281 
vt 0.5840970873832703 0.8105597496032715 
vt 0.5803214907646179 0.8087325692176819 
vt 0.5806868672370911 0.8112906217575073 
vt 0.5759369134902954 0.8090980052947998 
vt 0.5763022899627686 0.8115342259407043 
vt 0.571674108505249 0.8087325692176819 
vt 0.5720394849777222 0.8112906217575073 
vt 0.568629264831543 0.8076362609863281 
vt 0.5691164135932922 0.8105597496032715 
vt 0.5844624638557434 0.8139704465866089 
vt 0.5809304118156433 0.8143358826637268 
vt 0.5765458345413208 0.8144577145576477 
vt 0.5722830891609192 0.8143358826637268 
vt 0.5693600177764893 0.8139704465866089 
vt 0.5844624638557434 0.817503035068512 
vt 0.5810522437095642 0.817503035068512 
vt 0.5765458345413208 0.817503035068512 
vt 0.5722830891609192 0.817503035068512 
vt 0.5694817900657654 0.817503035068512 
vt 0.5844624638557434 0.8211573958396912 
vt 0.5809304118156433 0.8207919597625732 
vt 0.5765458345413208 0.8206701278686523 
vt 0.5722830891609192 0.8207919597625732 
vt 0.5693600177764893 0.8211573958396912 
vt 0.5840970873832703 0.8245680928230286 
vt 0.5806868672370911 0.8238372206687927 
vt 0.5763022899627686 0.8235936164855957 
vt 0.5720394849777222 0.8238372206687927 
vt 0.5691164135932922 0.8245680928230286 
vt 0.5837317109107971 0.8274915814399719 
vt 0.5803214907646179 0.8263952732086182 
vt 0.5759369134902954 0.8260298371315002 
vt 0.571674108505249 0.8263952732086182 
vt 0.568629264831543 0.8274915814399719 
vt 0.8539925813674927 0.7450248599052429 
vt 0.8539925813674927 0.7407614588737488 
vt 0.8571592569351196 0.7466084361076355 
vt 0.8571592569351196 0.7419795989990234 
vt 0.8614220023155212 0.7475829124450684 
vt 0.8614220023155212 0.7429540753364563 
vt 0.8658065795898438 0.7477047443389893 
vt 0.8658065795898438 0.7431976795196533 
vt 0.8689732551574707 0.7469738721847534 
vt 0.8689732551574707 0.7427104711532593 
vt 0.8658065795898438 0.7378379702568054 
vt 0.8689732551574707 0.7377161383628845 
vt 0.8658065795898438 0.7321128249168396 
vt 0.8689732551574707 0.7324782609939575 
vt 0.8658065795898438 0.726387619972229 
vt 0.8689732551574707 0.7271184921264648 
vt 0.8658065795898438 0.7210279107093811 
vt 0.8689732551574707 0.7222460508346558 
vt 0.8658065795898438 0.716399073600769 
vt 0.8614220023155212 0.7154245972633362 
vt 0.8614220023155212 0.7201752066612244 
vt 0.8571592569351196 0.7153027653694153 
vt 0.8571592569351196 0.7199316024780273 
vt 0.8539925813674927 0.7160336375236511 
vt 0.8539925813674927 0.7202970385551453 
vt 0.8571592569351196 0.7252913117408752 
vt 0.8539925813674927 0.7252913117408752 
vt 0.8571592569351196 0.7310165166854858 
vt 0.8539925813674927 0.730529248714447 
vt 0.8571592569351196 0.7367416620254517 
vt 0.8539925813674927 0.7358889579772949 
vt 0.8689732551574707 0.7507500648498535 
vt 0.8689732551574707 0.7550134658813477 
vt 0.8658065795898438 0.7500191926956177 
vt 0.8658065795898438 0.7545261979103088 
vt 0.8614220023155212 0.7500191926956177 
vt 0.8614220023155212 0.7547698616981506 
vt 0.8571592569351196 0.7511155009269714 
vt 0.8571592569351196 0.7556225061416626 
vt 0.8539925813674927 0.7526990175247192 
vt 0.8539925813674927 0.7568406462669373 
vt 0.8571592569351196 0.7609822750091553 
vt 0.8539925813674927 0.7618349194526672 
vt 0.8571592569351196 0.7667074203491211 
vt 0.8539925813674927 0.767072856426239 
vt 0.8571592569351196 0.7724325656890869 
vt 0.8539925813674927 0.7724325656890869 
vt 0.8571592569351196 0.7777923345565796 
vt 0.8539925813674927 0.7773050665855408 
vt 0.8571592569351196 0.7824211716651917 
vt 0.8614220023155212 0.7822993397712708 
vt 0.8614220023155212 0.7775486707687378 
vt 0.8658065795898438 0.7813248634338379 
vt 0.8658065795898438 0.7766960263252258 
vt 0.8689732551574707 0.7797412872314453 
vt 0.8689732551574707 0.7754778861999512 
vt 0.8658065795898438 0.7713362574577332 
vt 0.8689732551574707 0.7704836130142212 
vt 0.8658065795898438 0.7656111121177673 
vt 0.8689732551574707 0.7652456760406494 
vt 0.8658065795898438 0.7598859667778015 
vt 0.8689732551574707 0.7598859667778015 
vt 0.5506037473678589 0.8131178021430969 
vt 0.545001208782196 0.812995970249176 
vt 0.5506037473678589 0.8097070455551147 
vt 0.545001208782196 0.8095852732658386 
vt 0.5506037473678589 0.7870500087738037 
vt 0.545001208782196 0.7889990210533142 
vt 0.5389115214347839 0.812995970249176 
vt 0.5389115214347839 0.8095852732658386 
vt 0.5389115214347839 0.7896080613136292 
vt 0.5328218340873718 0.8131178021430969 
vt 0.5328218340873718 0.8097070455551147 
vt 0.5328218340873718 0.7889990210533142 
vt 0.527219295501709 0.8131178021430969 
vt 0.527219295501709 0.8097070455551147 
vt 0.527219295501709 0.7870500087738037 
vt 0.4842260181903839 0.8148231506347656 
vt 0.47862347960472107 0.8140922784805298 
vt 0.4842260181903839 0.7893644571304321 
vt 0.47862347960472107 0.7886335849761963 
vt 0.47253379225730896 0.813239574432373 
vt 0.47253379225730896 0.7877808809280396 
vt 0.466565877199173 0.8125087022781372 
vt 0.466565877199173 0.7870500087738037 
vt 0.46096333861351013 0.8117778897285461 
vt 0.46096333861351013 0.7863191366195679 
vt 0.8539925813674927 0.5809441208839417 
vt 0.8733578324317932 0.5809441208839417 
vt 0.8539925813674927 0.5928816795349121 
vt 0.8733578324317932 0.5928816795349121 
vt 0.8539925813674927 0.6458699107170105 
vt 0.8733578324317932 0.6458699107170105 
vt 0.8539925813674927 0.6579293012619019 
vt 0.8733578324317932 0.6579293012619019 
vt 0.42040595412254333 0.7896080613136292 
vt 0.4260084629058838 0.7888771891593933 
vt 0.42040595412254333 0.8150667548179626 
vt 0.4260084629058838 0.8143358826637268 
vt 0.4320981800556183 0.7881463170051575 
vt 0.4320981800556183 0.813605010509491 
vt 0.4381878674030304 0.7872936725616455 
vt 0.4381878674030304 0.812752366065979 
vt 0.44379040598869324 0.7865628004074097 
vt 0.44379040598869324 0.8121432662010193 
vt 0.26986855268478394 0.9988811016082764 
vt 0.1494143009185791 0.9988811016082764 
vt 0.26986855268478394 0.954419732093811 
vt 0.1494143009185791 0.954419732093811 
vt 0.26986855268478394 0.5498820543289185 
vt 0.1494143009185791 0.5498820543289185 
vt 0.26986855268478394 0.5017663240432739 
vt 0.1494143009185791 0.5017663240432739 
vt 0.42040595412254333 0.5017663240432739 
vt 0.4330725371837616 0.5017663240432739 
vt 0.42040595412254333 0.5271032452583313 
vt 0.4330725371837616 0.5271032452583313 
vt 0.42040595412254333 0.7239513993263245 
vt 0.4330725371837616 0.7239513993263245 
vt 0.4330725371837616 0.7414923310279846 
vt 0.5535268187522888 0.7414923310279846 
vt 0.5535268187522888 0.7239513993263245 
vt 0.5661933422088623 0.7414923310279846 
vt 0.5661933422088623 0.7239513993263245 
vt 0.5661933422088623 0.5271032452583313 
vt 0.5535268187522888 0.5271032452583313 
vt 0.5661933422088623 0.5017663240432739 
vt 0.5303859114646912 0.7765741944313049 
vt 0.5298987627029419 0.780715823173523 
vt 0.506270706653595 0.7765741944313049 
vt 0.5050528049468994 0.780715823173523 
vt 0.5026168823242188 0.7765741944313049 
vt 0.5013989806175232 0.780715823173523 
vt 0.5303859114646912 0.7847356200218201 
vt 0.506270706653595 0.7847356200218201 
vt 0.5026168823242188 0.7847356200218201 
vt 0.854966938495636 0.8115342259407043 
vt 0.8544797897338867 0.807758092880249 
vt 0.858011782169342 0.8125087022781372 
vt 0.8574028015136719 0.8084889650344849 
vt 0.8622745871543884 0.8128741383552551 
vt 0.8616656064987183 0.8087325692176819 
vt 0.8666591644287109 0.8125087022781372 
vt 0.8660501837730408 0.8084889650344849 
vt 0.8700693845748901 0.8115342259407043 
vt 0.86946040391922 0.807758092880249 
vt 0.8541143536567688 0.803372859954834 
vt 0.8570374250411987 0.8037382960319519 
vt 0.8613002300262451 0.8039819002151489 
vt 0.8656848073005676 0.8037382960319519 
vt 0.8692168593406677 0.803372859954834 
vt 0.8539925813674927 0.7987439632415771 
vt 0.8569156527519226 0.7987439632415771 
vt 0.861178457736969 0.7987439632415771 
vt 0.8655630350112915 0.7987439632415771 
vt 0.8690950274467468 0.7987439632415771 
vt 0.8541143536567688 0.7941151261329651 
vt 0.8570374250411987 0.7937496900558472 
vt 0.8613002300262451 0.7936278581619263 
vt 0.8656848073005676 0.7937496900558472 
vt 0.8692168593406677 0.7941151261329651 
vt 0.8544797897338867 0.78972989320755 
vt 0.8574028015136719 0.7889990210533142 
vt 0.8616656064987183 0.7887554168701172 
vt 0.8660501837730408 0.7889990210533142 
vt 0.86946040391922 0.78972989320755 
vt 0.854966938495636 0.7860755324363708 
vt 0.858011782169342 0.7849792242050171 
vt 0.8622745871543884 0.7846137881278992 
vt 0.8666591644287109 0.7849792242050171 
vt 0.8700693845748901 0.7860755324363708 
vt 0.38508570194244385 0.7889990210533142 
vt 0.379483163356781 0.7896080613136292 
vt 0.385451078414917 0.7848573923110962 
vt 0.37972673773765564 0.785588264465332 
vt 0.38520747423171997 0.7808375954627991 
vt 0.379483163356781 0.7814466953277588 
vt 0.385451078414917 0.7553789019584656 
vt 0.37972673773765564 0.7559879422187805 
vt 0.385451078414917 0.7479483485221863 
vt 0.37984853982925415 0.748557448387146 
vt 0.3733934760093689 0.790338933467865 
vt 0.3733934760093689 0.7863191366195679 
vt 0.373515248298645 0.7821775674819946 
vt 0.37375885248184204 0.7567188143730164 
vt 0.37375885248184204 0.7492883205413818 
vt 0.3673037588596344 0.7910698056221008 
vt 0.3671819567680359 0.7870500087738037 
vt 0.3674255609512329 0.7829084396362305 
vt 0.36766913533210754 0.7574496865272522 
vt 0.36766913533210754 0.7500191926956177 
vt 0.36170125007629395 0.7918006777763367 
vt 0.3614576458930969 0.7877808809280396 
vt 0.36182302236557007 0.7836393117904663 
vt 0.3620666265487671 0.758180558681488 
vt 0.3620666265487671 0.7507500648498535 
vt 0.335271954536438 0.7479483485221863 
vt 0.34099626541137695 0.748557448387146 
vt 0.33502835035324097 0.7519681453704834 
vt 0.34087446331977844 0.7526990175247192 
vt 0.3353937268257141 0.7561097741127014 
vt 0.34099626541137695 0.7568406462669373 
vt 0.33563733100891113 0.7815684676170349 
vt 0.3412398397922516 0.7822993397712708 
vt 0.33563733100891113 0.7889990210533142 
vt 0.3413616418838501 0.7896080613136292 
vt 0.34696418046951294 0.7492883205413818 
vt 0.34708595275878906 0.7534298896789551 
vt 0.34708595275878906 0.7575715184211731 
vt 0.3473295569419861 0.7830302119255066 
vt 0.3473295569419861 0.790338933467865 
vt 0.35305386781692505 0.7500191926956177 
vt 0.3532974421977997 0.7541607618331909 
vt 0.35317566990852356 0.758180558681488 
vt 0.3532974421977997 0.7837610840797424 
vt 0.3534192442893982 0.7910698056221008 
vt 0.3586563766002655 0.7507500648498535 
vt 0.35902178287506104 0.7548916339874268 
vt 0.358778178691864 0.7589114308357239 
vt 0.35902178287506104 0.7843701839447021 
vt 0.35902178287506104 0.7918006777763367 
vt 0.506270706653595 0.7511155009269714 
vt 0.5026168823242188 0.7511155009269714 
vt 0.506270706653595 0.7436849474906921 
vt 0.5026168823242188 0.7436849474906921 
vt 0.5211296081542969 0.7531862854957581 
vt 0.5211296081542969 0.7457557320594788 
vt 0.6026097536087036 0.8076362609863281 
vt 0.6022443771362305 0.8105597496032715 
vt 0.5995649099349976 0.8087325692176819 
vt 0.5991995334625244 0.8112906217575073 
vt 0.5953021049499512 0.8090980052947998 
vt 0.594936728477478 0.8115342259407043 
vt 0.5909175276756287 0.8087325692176819 
vt 0.5905521512031555 0.8112906217575073 
vt 0.5875073075294495 0.8076362609863281 
vt 0.5871419310569763 0.8105597496032715 
vt 0.6020007729530334 0.8139704465866089 
vt 0.5990777611732483 0.8143358826637268 
vt 0.5948149561882019 0.8144577145576477 
vt 0.5903086066246033 0.8143358826637268 
vt 0.5868983268737793 0.8139704465866089 
vt 0.6020007729530334 0.817503035068512 
vt 0.5989559292793274 0.817503035068512 
vt 0.5946931838989258 0.817503035068512 
vt 0.5903086066246033 0.817503035068512 
vt 0.5868983268737793 0.817503035068512 
vt 0.6020007729530334 0.8211573958396912 
vt 0.5990777611732483 0.8207919597625732 
vt 0.5948149561882019 0.8206701278686523 
vt 0.5903086066246033 0.8207919597625732 
vt 0.5868983268737793 0.8211573958396912 
vt 0.6022443771362305 0.8245680928230286 
vt 0.5991995334625244 0.8238372206687927 
vt 0.594936728477478 0.8235936164855957 
vt 0.5905521512031555 0.8238372206687927 
vt 0.5871419310569763 0.8245680928230286 
vt 0.6026097536087036 0.8274915814399719 
vt 0.5995649099349976 0.8263952732086182 
vt 0.5953021049499512 0.8260298371315002 
vt 0.5909175276756287 0.8263952732086182 
vt 0.5875073075294495 0.8274915814399719 
vt 0.5529178380966187 0.7870500087738037 
vt 0.5543793439865112 0.7870500087738037 
vt 0.5529178380966187 0.7966731786727905 
vt 0.5543793439865112 0.7966731786727905 
vt 0.5565716624259949 0.7870500087738037 
vt 0.5565716624259949 0.7966731786727905 
vt 0.5587639212608337 0.7870500087738037 
vt 0.5587639212608337 0.7966731786727905 
vt 0.5604690313339233 0.7870500087738037 
vt 0.5604690313339233 0.7966731786727905 
vt 0.7050385475158691 0.8276134133338928 
vt 0.7049167156219482 0.8222537040710449 
vt 0.7200191617012024 0.8276134133338928 
vt 0.7198973894119263 0.8222537040710449 
vt 0.7049167156219482 0.8166503310203552 
vt 0.7198973894119263 0.8166503310203552 
vt 0.7050385475158691 0.8109251856803894 
vt 0.7200191617012024 0.8109251856803894 
vt 0.7050385475158691 0.8055654764175415 
vt 0.7198973894119263 0.8055654764175415 
vt 0.27705439925193787 0.7553789019584656 
vt 0.27352237701416016 0.7553789019584656 
vt 0.27705439925193787 0.7479483485221863 
vt 0.27352237701416016 0.7479483485221863 
vt 0.2920350730419159 0.7573279142379761 
vt 0.2920350730419159 0.7500191926956177 
vt 0.8388901352882385 0.5017663240432739 
vt 0.8515567183494568 0.5017663240432739 
vt 0.8388901352882385 0.9063039422035217 
vt 0.8515567183494568 0.9063039422035217 
vt 0.3718101382255554 0.794236958026886 
vt 0.37193194031715393 0.7995966672897339 
vt 0.3682781159877777 0.794236958026886 
vt 0.3682781159877777 0.7995966672897339 
vt 0.3532974421977997 0.7939932942390442 
vt 0.3532974421977997 0.7993530631065369 
vt 0.3718101382255554 0.8053218126296997 
vt 0.3681563138961792 0.8053218126296997 
vt 0.3532974421977997 0.8050782084465027 
vt 0.3718101382255554 0.8110470175743103 
vt 0.3682781159877777 0.8110470175743103 
vt 0.3532974421977997 0.8108033537864685 
vt 0.37193194031715393 0.8164067268371582 
vt 0.3682781159877777 0.8164067268371582 
vt 0.3532974421977997 0.8161630630493164 
vt 0.5247834324836731 0.8131178021430969 
vt 0.5191808938980103 0.8111687898635864 
vt 0.5247834324836731 0.7904607653617859 
vt 0.5191808938980103 0.7904607653617859 
vt 0.5247834324836731 0.7870500087738037 
vt 0.5191808938980103 0.7870500087738037 
vt 0.5130912065505981 0.8104379177093506 
vt 0.5130912065505981 0.7904607653617859 
vt 0.5130912065505981 0.7870500087738037 
vt 0.5070014595985413 0.8111687898635864 
vt 0.5070014595985413 0.790338933467865 
vt 0.5070014595985413 0.7870500087738037 
vt 0.5013989806175232 0.8131178021430969 
vt 0.5013989806175232 0.7904607653617859 
vt 0.5013989806175232 0.7870500087738037 
vt 0.8237876892089844 0.5017663240432739 
vt 0.8364542722702026 0.5017663240432739 
vt 0.8237876892089844 0.9063039422035217 
vt 0.8364542722702026 0.9063039422035217 
vt 0.6529107093811035 0.5017663240432739 
vt 0.6656990647315979 0.5017663240432739 
vt 0.6529107093811035 0.5162619352340698 
vt 0.6656990647315979 0.5162619352340698 
vt 0.6529107093811035 0.7928969860076904 
vt 0.6656990647315979 0.7928969860076904 
vt 0.6656990647315979 0.803372859954834 
vt 0.7220897078514099 0.803372859954834 
vt 0.7220897078514099 0.7928969860076904 
vt 0.7348780632019043 0.803372859954834 
vt 0.7348780632019043 0.7928969860076904 
vt 0.7348780632019043 0.5162619352340698 
vt 0.7220897078514099 0.5162619352340698 
vt 0.7348780632019043 0.5017663240432739 
vt 0.7220897078514099 0.5017663240432739 
vt 0.54195636510849 0.7531862854957581 
vt 0.54195636510849 0.7457557320594788 
vt 0.556937038898468 0.7511155009269714 
vt 0.556937038898468 0.7436849474906921 
vt 0.5605908632278442 0.7436849474906921 
vt 0.5605908632278442 0.7511155009269714 
vt 0.556937038898468 0.7765741944313049 
vt 0.5605908632278442 0.7765741944313049 
vt 0.5618087649345398 0.780715823173523 
vt 0.5581549406051636 0.780715823173523 
vt 0.5605908632278442 0.7847356200218201 
vt 0.556937038898468 0.7847356200218201 
vt 0.5333089828491211 0.780715823173523 
vt 0.5328218340873718 0.7765741944313049 
vt 0.3878869414329529 0.7479483485221863 
vt 0.4072521924972534 0.7479483485221863 
vt 0.3878869414329529 0.8009365797042847 
vt 0.4072521924972534 0.8009365797042847 
vt 0.6876220107078552 0.8276134133338928 
vt 0.6876220107078552 0.8222537040710449 
vt 0.7026026248931885 0.8276134133338928 
vt 0.7026026248931885 0.8222537040710449 
vt 0.6876220107078552 0.8166503310203552 
vt 0.7024808526039124 0.8166503310203552 
vt 0.6876220107078552 0.8109251856803894 
vt 0.7024808526039124 0.8109251856803894 
vt 0.6876220107078552 0.8055654764175415 
vt 0.7026026248931885 0.8055654764175415 
vt 0.4174828827381134 0.7742597460746765 
vt 0.4174828827381134 0.7796195149421692 
vt 0.4096880853176117 0.7732852697372437 
vt 0.4096880853176117 0.7786449790000916 
vt 0.4174828827381134 0.785344660282135 
vt 0.4096880853176117 0.7843701839447021 
vt 0.4174828827381134 0.7910698056221008 
vt 0.4096880853176117 0.790095329284668 
vt 0.4174828827381134 0.7964295744895935 
vt 0.4096880853176117 0.7954550385475159 
vt 0.4174828827381134 0.7479483485221863 
vt 0.4174828827381134 0.753308117389679 
vt 0.4096880853176117 0.7489228844642639 
vt 0.4096880853176117 0.7542825937271118 
vt 0.4174828827381134 0.7590332627296448 
vt 0.4096880853176117 0.7600077390670776 
vt 0.4174828827381134 0.7647584080696106 
vt 0.4096880853176117 0.7657329440116882 
vt 0.4174828827381134 0.7701181769371033 
vt 0.4096880853176117 0.7710926532745361 
vt 0.7588714957237244 0.5042025446891785 
vt 0.778114914894104 0.5017663240432739 
vt 0.7588714957237244 0.5188199877738953 
vt 0.778114914894104 0.5163837671279907 
vt 0.7588714957237244 0.7975258827209473 
vt 0.778114914894104 0.7949678301811218 
vt 0.7588714957237244 0.808001697063446 
vt 0.778114914894104 0.8055654764175415 
vt 0.7805507779121399 0.8220100402832031 
vt 0.7805507779121399 0.8167721629142761 
vt 0.7955314517021179 0.821888267993927 
vt 0.7955314517021179 0.8165284991264343 
vt 0.799063503742218 0.821888267993927 
vt 0.799063503742218 0.8165284991264343 
vt 0.7805507779121399 0.8110470175743103 
vt 0.7954096794128418 0.8108033537864685 
vt 0.799063503742218 0.8108033537864685 
vt 0.7805507779121399 0.8053218126296997 
vt 0.7954096794128418 0.8050782084465027 
vt 0.799063503742218 0.8050782084465027 
vt 0.7805507779121399 0.7999621033668518 
vt 0.7955314517021179 0.7997184991836548 
vt 0.799063503742218 0.7997184991836548 
vt 0.562904953956604 0.7870500087738037 
vt 0.5644882321357727 0.7870500087738037 
vt 0.562904953956604 0.7966731786727905 
vt 0.5644882321357727 0.7966731786727905 
vt 0.5659497976303101 0.7870500087738037 
vt 0.5659497976303101 0.7966731786727905 
vt 0.4487839639186859 0.8069053888320923 
vt 0.4462262690067291 0.8069053888320923 
vt 0.4487839639186859 0.8026419878005981 
vt 0.4462262690067291 0.8026419878005981 
vt 0.4487839639186859 0.7985003590583801 
vt 0.4462262690067291 0.7985003590583801 
vt 0.3128618597984314 0.7573279142379761 
vt 0.3128618597984314 0.7500191926956177 
vt 0.3277207016944885 0.7553789019584656 
vt 0.3277207016944885 0.7479483485221863 
vt 0.33137452602386475 0.7479483485221863 
vt 0.33137452602386475 0.7553789019584656 
vt 0.3277207016944885 0.7808375954627991 
vt 0.33137452602386475 0.7808375954627991 
vt 0.3325924873352051 0.7848573923110962 
vt 0.32893866300582886 0.7848573923110962 
vt 0.33137452602386475 0.7889990210533142 
vt 0.3277207016944885 0.7889990210533142 
vt 0.304092675447464 0.7848573923110962 
vt 0.30360549688339233 0.7808375954627991 
vt 0.6529107093811035 0.8300496339797974 
vt 0.6529107093811035 0.8267607092857361 
vt 0.6560773253440857 0.8284661173820496 
vt 0.6560773253440857 0.8255426287651062 
vt 0.6604619026184082 0.8274915814399719 
vt 0.6604619026184082 0.8246899247169495 
vt 0.6647247076034546 0.8273698091506958 
vt 0.6647247076034546 0.8244463205337524 
vt 0.6678913831710815 0.8281006813049316 
vt 0.6678913831710815 0.8248117566108704 
vt 0.6529107093811035 0.8228627443313599 
vt 0.6560773253440857 0.8220100402832031 
vt 0.6604619026184082 0.8214010000228882 
vt 0.6647247076034546 0.8209137320518494 
vt 0.6678913831710815 0.8210355639457703 
vt 0.6529107093811035 0.8187211155891418 
vt 0.6560773253440857 0.8183556795120239 
vt 0.6604619026184082 0.8178684711456299 
vt 0.6647247076034546 0.8172593712806702 
vt 0.6678913831710815 0.8168939352035522 
vt 0.6529107093811035 0.8147013187408447 
vt 0.6560773253440857 0.8147013187408447 
vt 0.6604619026184082 0.8143358826637268 
vt 0.6647247076034546 0.813605010509491 
vt 0.6678913831710815 0.812752366065979 
vt 0.6529107093811035 0.8108033537864685 
vt 0.6560773253440857 0.8112906217575073 
vt 0.6604619026184082 0.8110470175743103 
vt 0.6647247076034546 0.8100724816322327 
vt 0.6678913831710815 0.8088544011116028 
vt 0.6529107093811035 0.8075144290924072 
vt 0.6560773253440857 0.8082453012466431 
vt 0.6604619026184082 0.8081235289573669 
vt 0.6647247076034546 0.8071489930152893 
vt 0.6678913831710815 0.8055654764175415 
vt 0.0011909999884665012 0.9931559562683105 
vt 0.013857576064765453 0.945649266242981 
vt 0.0011909999884665012 0.945649266242981 
vt 0.0011909999884665012 0.5457404255867004 
vt 0.0011909999884665012 0.5017663240432739 
vt 0.37972673773765564 0.7939932942390442 
vt 0.3822844326496124 0.7939932942390442 
vt 0.37972673773765564 0.7983785271644592 
vt 0.3822844326496124 0.7983785271644592 
vt 0.37972673773765564 0.8023983240127563 
vt 0.3822844326496124 0.8023983240127563 
vt 0.4536557197570801 0.7963077425956726 
vt 0.4520723819732666 0.7963077425956726 
vt 0.4536557197570801 0.7865628004074097 
vt 0.4520723819732666 0.7865628004074097 
vt 0.44975829124450684 0.7963077425956726 
vt 0.44975829124450684 0.7865628004074097 
vt 0.4476878046989441 0.7963077425956726 
vt 0.4476878046989441 0.7865628004074097 
vt 0.4462262690067291 0.7963077425956726 
vt 0.4462262690067291 0.7865628004074097 
vt 0.8214735984802246 0.7949678301811218 
vt 0.8021083474159241 0.7975258827209473 
vt 0.8214735984802246 0.5163837671279907 
vt 0.8021083474159241 0.5188199877738953 
vt 0.8214735984802246 0.5017663240432739 
vt 0.8021083474159241 0.5042025446891785 
vt 0.4925079941749573 0.7863191366195679 
vt 0.4950656592845917 0.7863191366195679 
vt 0.4925079941749573 0.790338933467865 
vt 0.4950656592845917 0.790338933467865 
vt 0.4925079941749573 0.7960641384124756 
vt 0.4950656592845917 0.7960641384124756 
vt 0.4925079941749573 0.8021547198295593 
vt 0.4950656592845917 0.8021547198295593 
vt 0.4925079941749573 0.8067835569381714 
vt 0.4950656592845917 0.8067835569381714 
vt 0.4959182143211365 0.7961859107017517 
vt 0.4959182143211365 0.8016674518585205 
vt 0.37729087471961975 0.803616464138031 
vt 0.3758293390274048 0.803616464138031 
vt 0.37729087471961975 0.7939932942390442 
vt 0.3758293390274048 0.7939932942390442 
vt 0.3742460310459137 0.803616464138031 
vt 0.3742460310459137 0.7939932942390442 
vt 0.32625919580459595 0.7911916375160217 
vt 0.32784250378608704 0.7914352416992188 
vt 0.3249194622039795 0.7921661138534546 
vt 0.329304039478302 0.7925315499305725 
vt 0.3300347924232483 0.794480562210083 
vt 0.3300347924232483 0.7965513467788696 
vt 0.329304039478302 0.7983785271644592 
vt 0.32784250378608704 0.799231231212616 
vt 0.32625919580459595 0.7991093993186951 
vt 0.3249194622039795 0.7978913187980652 
vt 0.3240669071674347 0.7959423065185547 
vt 0.4856875240802765 0.7491664886474609 
vt 0.490315705537796 0.7492883205413818 
vt 0.4890977740287781 0.7511155009269714 
vt 0.4934823513031006 0.7524554133415222 
vt 0.491777241230011 0.7539171576499939 
vt 0.49567463994026184 0.7564752101898193 
vt 0.4937259256839752 0.7574496865272522 
vt 0.4968925714492798 0.7609822750091553 
vt 0.49482208490371704 0.7613477110862732 
vt 0.4968925714492798 0.7657329440116882 
vt 0.49482208490371704 0.7654892802238464 
vt 0.49567463994026184 0.7703617811203003 
vt 0.4937259256839752 0.7695090770721436 
vt 0.4934823513031006 0.7745034098625183 
vt 0.491777241230011 0.7731634378433228 
vt 0.490315705537796 0.7779141068458557 
vt 0.4890977740287781 0.776208758354187 
vt 0.4865400791168213 0.780350387096405 
vt 0.4856875240802765 0.7782795429229736 
vt 0.4821555018424988 0.7816902995109558 
vt 0.48191192746162415 0.7794976830482483 
vt 0.47777092456817627 0.7818121314048767 
vt 0.4780144989490509 0.7796195149421692 
vt 0.47338634729385376 0.780715823173523 
vt 0.47423890233039856 0.7786449790000916 
vt 0.46961072087287903 0.7785232067108154 
vt 0.470828652381897 0.7766960263252258 
vt 0.46644407510757446 0.7752342820167542 
vt 0.46814918518066406 0.7738943099975586 
vt 0.4641299843788147 0.771214485168457 
vt 0.46620050072669983 0.7703617811203003 
vt 0.46303385496139526 0.7667074203491211 
vt 0.465104341506958 0.7664638161659241 
vt 0.46303385496139526 0.762078583240509 
vt 0.465104341506958 0.762322187423706 
vt 0.4641299843788147 0.7574496865272522 
vt 0.46620050072669983 0.7583023905754089 
vt 0.46644407510757446 0.753308117389679 
vt 0.46814918518066406 0.7546480298042297 
vt 0.46961072087287903 0.7498973608016968 
vt 0.470828652381897 0.7516027092933655 
vt 0.47338634729385376 0.7474611401557922 
vt 0.47423890233039856 0.7495319247245789 
vt 0.47777092456817627 0.7461211681365967 
vt 0.4780144989490509 0.7483137845993042 
vt 0.4821555018424988 0.7459993958473206 
vt 0.48191192746162415 0.7481920123100281 
vt 0.4865400791168213 0.7469738721847534 
vt 0.4916554391384125 0.7474611401557922 
vt 0.4951874613761902 0.7511155009269714 
vt 0.4977451264858246 0.7556225061416626 
vt 0.4989630877971649 0.7607386112213135 
vt 0.4989630877971649 0.7659765481948853 
vt 0.4977451264858246 0.7710926532745361 
vt 0.4951874613761902 0.7758433222770691 
vt 0.4916554391384125 0.7796195149421692 
vt 0.48727086186408997 0.7824211716651917 
vt 0.4823991060256958 0.7840047478675842 
vt 0.4774055480957031 0.7841265201568604 
vt 0.4726555645465851 0.7829084396362305 
vt 0.4682709872722626 0.780350387096405 
vt 0.46473896503448486 0.7766960263252258 
vt 0.46218129992485046 0.7721889615058899 
vt 0.46096333861351013 0.767072856426239 
vt 0.46096333861351013 0.7618349194526672 
vt 0.46218129992485046 0.7567188143730164 
vt 0.46473896503448486 0.7519681453704834 
vt 0.4682709872722626 0.7481920123100281 
vt 0.4726555645465851 0.7453902959823608 
vt 0.4774055480957031 0.743806779384613 
vt 0.4823991060256958 0.7436849474906921 
vt 0.48727086186408997 0.7449030876159668 
vt 0.4320981800556183 0.7831520438194275 
vt 0.4372135102748871 0.7821775674819946 
vt 0.43696993589401245 0.7843701839447021 
vt 0.4417198896408081 0.7820557355880737 
vt 0.4419634938240051 0.7842483520507812 
vt 0.4459826946258545 0.780715823173523 
vt 0.4468352496623993 0.7826647758483887 
vt 0.44988009333610535 0.7782795429229736 
vt 0.4512198269367218 0.7798631191253662 
vt 0.4530467391014099 0.7747470140457153 
vt 0.4547518491744995 0.77596515417099 
vt 0.45523902773857117 0.7706053853034973 
vt 0.4571877419948578 0.7713362574577332 
vt 0.456335186958313 0.7659765481948853 
vt 0.45852747559547424 0.7660983800888062 
vt 0.456335186958313 0.7612258791923523 
vt 0.45852747559547424 0.7607386112213135 
vt 0.45523902773857117 0.7567188143730164 
vt 0.4571877419948578 0.7556225061416626 
vt 0.4530467391014099 0.7526990175247192 
vt 0.4547518491744995 0.7511155009269714 
vt 0.44988009333610535 0.749410092830658 
vt 0.4512198269367218 0.7474611401557922 
vt 0.4459826946258545 0.7472174763679504 
vt 0.4468352496623993 0.7449030876159668 
vt 0.4417198896408081 0.7461211681365967 
vt 0.4419634938240051 0.7436849474906921 
vt 0.4372135102748871 0.7462430000305176 
vt 0.43696993589401245 0.7439285516738892 
vt 0.4329507350921631 0.7475829124450684 
vt 0.4320981800556183 0.7453902959823608 
vt 0.42905333638191223 0.7501409649848938 
vt 0.4277136027812958 0.7481920123100281 
vt 0.42588669061660767 0.753551721572876 
vt 0.4241815507411957 0.7520899772644043 
vt 0.423694372177124 0.757693350315094 
vt 0.4217456877231598 0.7568406462669373 
vt 0.4224764406681061 0.762322187423706 
vt 0.42040595412254333 0.7619567513465881 
vt 0.4224764406681061 0.767072856426239 
vt 0.42040595412254333 0.767316460609436 
vt 0.423694372177124 0.771579921245575 
vt 0.4217456877231598 0.7724325656890869 
vt 0.42588669061660767 0.7755997180938721 
vt 0.4241815507411957 0.7769396305084229 
vt 0.42905333638191223 0.7788886427879333 
vt 0.4277136027812958 0.780593991279602 
vt 0.4329507350921631 0.781203031539917 
vt 0.4375789165496826 0.7798631191253662 
vt 0.44147631525993347 0.7797412872314453 
vt 0.4451301395893097 0.7785232067108154 
vt 0.4485403597354889 0.7763305902481079 
vt 0.4513416290283203 0.7734071016311646 
vt 0.45329031348228455 0.7697527408599854 
vt 0.45426467061042786 0.7656111121177673 
vt 0.45426467061042786 0.7614694833755493 
vt 0.45329031348228455 0.7575715184211731 
vt 0.4513416290283203 0.7540389895439148 
vt 0.4485403597354889 0.7511155009269714 
vt 0.4451301395893097 0.7491664886474609 
vt 0.44147631525993347 0.7481920123100281 
vt 0.4375789165496826 0.7483137845993042 
vt 0.4338032901287079 0.7495319247245789 
vt 0.4303930699825287 0.7517245411872864 
vt 0.42759180068969727 0.7547698616981506 
vt 0.42564308643341064 0.7584242224693298 
vt 0.42466872930526733 0.762444019317627 
vt 0.42466872930526733 0.7665855884552002 
vt 0.42564308643341064 0.7706053853034973 
vt 0.42759180068969727 0.7741379737854004 
vt 0.4303930699825287 0.7769396305084229 
vt 0.4338032901287079 0.7788886427879333 
vt 0.8072236776351929 0.8121432662010193 
vt 0.8014993667602539 0.8073926568031311 
vt 0.8072236776351929 0.8099507093429565 
vt 0.8038134574890137 0.8023983240127563 
vt 0.8079544305801392 0.8082453012466431 
vt 0.807832658290863 0.7997184991836548 
vt 0.8092941641807556 0.8073926568031311 
vt 0.8124608397483826 0.8002057075500488 
vt 0.81099933385849 0.8075144290924072 
vt 0.8164800405502319 0.803616464138031 
vt 0.8123390674591064 0.8087325692176819 
vt 0.8187941312789917 0.8092198371887207 
vt 0.8130698204040527 0.8105597496032715 
vt 0.8187941312789917 0.8153104186058044 
vt 0.8130698204040527 0.812752366065979 
vt 0.8164800405502319 0.8203046917915344 
vt 0.8123390674591064 0.8144577145576477 
vt 0.8124608397483826 0.8229845762252808 
vt 0.81099933385849 0.8154321908950806 
vt 0.807832658290863 0.8224973082542419 
vt 0.8092941641807556 0.8151885867118835 
vt 0.8038134574890137 0.8190865516662598 
vt 0.8079544305801392 0.8139704465866089 
vt 0.8014993667602539 0.8134832382202148 
vt 0.760576605796814 0.4995737075805664 
vt 0.7306152582168579 0.4724096357822418 
vt 0.42040595412254333 0.7414923310279846 
vt 0.5535268187522888 0.5017663240432739 
vt 0.2721826434135437 0.7457557320594788 
vt 0.14697842299938202 0.9931559562683105 
vt 0.6529107093811035 0.803372859954834 
vt 0.6505966186523438 0.5017663240432739 
vt 0.8539925813674927 0.5017663240432739 
vt 0.8689732551574707 0.7179825901985168 
vt 0.30360549688339233 0.7889990210533142 
vt 0.8539925813674927 0.7815684676170349 
vt 0.5328218340873718 0.7847356200218201 
vt 0.3240669071674347 0.7938715219497681 
vt 0.4866618812084198 0.8021547198295593 
vt 0.4959182143211365 0.7909480333328247 
s on 
f 1/1/1 2/2/2 3/3/3 
f 2/2/2 4/4/4 3/3/3 
f 3/3/3 4/4/4 5/5/5 
f 4/4/4 6/6/6 5/5/5 
f 5/5/5 6/6/6 7/7/7 
f 6/6/6 7/7/7 7/7/7 
f 7/7/7 7/7/7 6/6/6 
f 7/7/7 6/6/6 6/6/6 
f 6/6/6 6/6/6 6/6/6 
f 6/6/6 4/4/4 6/6/6 
f 6/6/6 4/4/4 8/8/8 
f 4/4/4 2/2/2 8/8/8 
f 8/8/8 2/2/2 2/2/2 
f 2/2/2 9/9/9 2/2/2 
f 2/2/2 9/9/9 9/9/9 
f 9/9/9 10/10/10 9/9/9 
f 9/9/9 10/10/10 11/11/11 
f 10/10/10 12/12/12 11/11/11 
f 11/11/11 12/12/12 12/12/12 
f 12/12/12 10/10/10 12/12/12 
f 12/12/12 10/10/10 13/13/13 
f 10/10/10 14/14/14 13/13/13 
f 13/13/13 14/14/14 15/15/15 
f 14/14/14 15/15/15 15/15/15 
f 15/15/15 15/15/15 16/16/16 
f 15/15/15 16/16/16 16/16/16 
f 16/16/16 16/16/16 16/16/16 
f 16/16/16 17/17/17 16/16/16 
f 16/16/16 17/17/17 18/18/18 
f 17/17/17 19/19/19 18/18/18 
f 18/18/18 19/19/19 20/20/20 
f 19/19/19 21/21/21 20/20/20 
f 20/20/20 21/21/21 21/21/21 
f 21/21/21 22/22/22 21/21/21 
f 21/21/21 22/22/22 22/22/22 
f 22/22/22 23/23/23 22/22/22 
f 22/22/22 23/23/23 24/24/24 
f 23/23/23 25/25/25 24/24/24 
f 24/24/24 25/25/25 26/26/26 
f 25/25/25 27/27/27 26/26/26 
f 26/26/26 27/27/27 28/28/28 
f 27/27/27 29/29/29 28/28/28 
f 28/28/28 29/29/29 30/30/30 
f 29/29/29 31/31/31 30/30/30 
f 30/30/30 31/31/31 31/31/31 
f 31/31/31 25/25/25 31/31/31 
f 31/31/31 25/25/25 25/25/25 
f 25/25/25 32/32/32 25/25/25 
f 25/25/25 32/32/32 27/27/27 
f 32/32/32 33/33/33 27/27/27 
f 27/27/27 33/33/33 29/29/29 
f 33/33/33 29/29/29 29/29/29 
f 29/29/29 29/29/29 34/34/34 
f 29/29/29 34/34/34 34/34/34 
f 34/34/34 34/34/34 34/34/34 
f 34/34/34 35/35/35 34/34/34 
f 34/34/34 35/35/35 36/36/36 
f 35/35/35 37/37/37 36/36/36 
f 36/36/36 37/37/37 38/38/38 
f 37/37/37 39/39/39 38/38/38 
f 38/38/38 39/39/39 40/40/40 
f 39/39/39 41/41/41 40/40/40 
f 40/40/40 41/41/41 42/42/42 
f 41/41/41 42/42/42 42/42/42 
f 42/42/42 42/42/42 41/41/41 
f 42/42/42 41/41/41 41/41/41 
f 41/41/41 41/41/41 41/41/41 
f 41/41/41 39/39/39 41/41/41 
f 41/41/41 39/39/39 43/43/43 
f 39/39/39 37/37/37 43/43/43 
f 43/43/43 37/37/37 35/35/35 
f 37/37/37 35/35/35 35/35/35 
f 35/35/35 35/35/35 44/44/44 
f 35/35/35 44/44/44 44/44/44 
f 44/44/44 44/44/44 44/44/44 
f 44/44/44 45/45/45 44/44/44 
f 44/44/44 45/45/45 46/46/46 
f 45/45/45 47/47/47 46/46/46 
f 46/46/46 47/47/47 48/48/48 
f 47/47/47 49/49/49 48/48/48 
f 48/48/48 49/49/49 50/50/50 
f 49/49/49 51/51/51 50/50/50 
f 50/50/50 51/51/51 52/52/52 
f 51/51/51 53/53/53 52/52/52 
f 52/52/52 53/53/53 53/53/53 
f 53/53/53 45/45/45 53/53/53 
f 53/53/53 45/45/45 45/45/45 
f 45/45/45 54/54/54 45/45/45 
f 45/45/45 54/54/54 47/47/47 
f 54/54/54 55/55/55 47/47/47 
f 47/47/47 55/55/55 49/49/49 
f 55/55/55 56/56/56 49/49/49 
f 49/49/49 56/56/56 51/51/51 
f 56/56/56 57/57/57 51/51/51 
f 51/51/51 57/57/57 53/53/53 
f 57/57/57 58/58/58 53/53/53 
f 53/53/53 58/58/58 58/58/58 
f 58/58/58 54/54/54 58/58/58 
f 58/58/58 54/54/54 54/54/54 
f 54/54/54 59/59/59 54/54/54 
f 54/54/54 59/59/59 55/55/55 
f 59/59/59 60/60/60 55/55/55 
f 55/55/55 60/60/60 56/56/56 
f 60/60/60 61/61/61 56/56/56 
f 56/56/56 61/61/61 57/57/57 
f 61/61/61 62/62/62 57/57/57 
f 57/57/57 62/62/62 58/58/58 
f 62/62/62 63/63/63 58/58/58 
f 58/58/58 63/63/63 63/63/63 
f 63/63/63 59/59/59 63/63/63 
f 63/63/63 59/59/59 59/59/59 
f 59/59/59 64/64/64 59/59/59 
f 59/59/59 64/64/64 60/60/60 
f 64/64/64 65/65/65 60/60/60 
f 60/60/60 65/65/65 61/61/61 
f 65/65/65 66/66/66 61/61/61 
f 61/61/61 66/66/66 62/62/62 
f 66/66/66 67/67/67 62/62/62 
f 62/62/62 67/67/67 63/63/63 
f 67/67/67 68/68/68 63/63/63 
f 63/63/63 68/68/68 68/68/68 
f 68/68/68 64/64/64 68/68/68 
f 68/68/68 64/64/64 64/64/64 
f 64/64/64 69/69/69 64/64/64 
f 64/64/64 69/69/69 65/65/65 
f 69/69/69 70/70/70 65/65/65 
f 65/65/65 70/70/70 66/66/66 
f 70/70/70 71/71/71 66/66/66 
f 66/66/66 71/71/71 67/67/67 
f 71/71/71 72/72/72 67/67/67 
f 67/67/67 72/72/72 68/68/68 
f 72/72/72 73/73/73 68/68/68 
f 68/68/68 73/73/73 73/73/73 
f 73/73/73 69/69/69 73/73/73 
f 73/73/73 69/69/69 69/69/69 
f 69/69/69 74/74/74 69/69/69 
f 69/69/69 74/74/74 70/70/70 
f 74/74/74 75/75/75 70/70/70 
f 70/70/70 75/75/75 71/71/71 
f 75/75/75 76/76/76 71/71/71 
f 71/71/71 76/76/76 72/72/72 
f 76/76/76 77/77/77 72/72/72 
f 72/72/72 77/77/77 73/73/73 
f 77/77/77 78/78/78 73/73/73 
f 73/73/73 78/78/78 78/78/78 
f 78/78/78 79/79/79 78/78/78 
f 78/78/78 79/79/79 79/79/79 
f 79/79/79 38/38/38 79/79/79 
f 79/79/79 38/38/38 80/80/80 
f 38/38/38 40/40/40 80/80/80 
f 80/80/80 40/40/40 42/42/42 
f 40/40/40 42/42/42 42/42/42 
f 42/42/42 42/42/42 36/36/36 
f 42/42/42 36/36/36 36/36/36 
f 36/36/36 36/36/36 36/36/36 
f 36/36/36 38/38/38 36/36/36 
f 36/36/36 38/38/38 81/81/81 
f 38/38/38 82/82/82 81/81/81 
f 81/81/81 82/82/82 82/82/82 
f 82/82/82 38/38/38 82/82/82 
f 82/82/82 38/38/38 83/83/83 
f 38/38/38 84/84/84 83/83/83 
f 83/83/83 84/84/84 85/85/85 
f 84/84/84 86/86/86 85/85/85 
f 85/85/85 86/86/86 86/86/86 
f 86/86/86 82/82/82 86/86/86 
f 86/86/86 82/82/82 82/82/82 
f 82/82/82 83/83/83 82/82/82 
f 82/82/82 83/83/83 87/87/87 
f 83/83/83 85/85/85 87/87/87 
f 87/87/87 85/85/85 85/85/85 
f 85/85/85 88/88/88 85/85/85 
f 85/85/85 88/88/88 88/88/88 
f 88/88/88 89/89/89 88/88/88 
f 88/88/88 89/89/89 90/90/90 
f 89/89/89 91/91/91 90/90/90 
f 90/90/90 91/91/91 92/92/92 
f 91/91/91 92/92/92 92/92/92 
f 92/92/92 92/92/92 90/90/90 
f 92/92/92 90/90/90 90/90/90 
f 90/90/90 90/90/90 90/90/90 
f 90/90/90 92/92/92 90/90/90 
f 90/90/90 92/92/92 93/93/93 
f 92/92/92 94/94/94 93/93/93 
f 93/93/93 94/94/94 94/94/94 
f 94/94/94 95/95/95 94/94/94 
f 94/94/94 95/95/95 95/95/95 
f 95/95/95 96/96/96 95/95/95 
f 95/95/95 96/96/96 97/97/97 
f 96/96/96 98/98/98 97/97/97 
f 97/97/97 98/98/98 99/99/99 
f 98/98/98 99/99/99 99/99/99 
f 99/99/99 99/99/99 97/97/97 
f 99/99/99 97/97/97 97/97/97 
f 97/97/97 97/97/97 97/97/97 
f 97/97/97 99/99/99 97/97/97 
f 97/97/97 99/99/99 100/100/100 
f 99/99/99 101/101/101 100/100/100 
f 100/100/100 101/101/101 101/101/101 
f 101/101/101 102/102/102 101/101/101 
f 101/101/101 102/102/102 102/102/102 
f 102/102/102 103/103/103 102/102/102 
f 102/102/102 103/103/103 104/104/104 
f 103/103/103 105/105/105 104/104/104 
f 104/104/104 105/105/105 105/105/105 
f 105/105/105 103/103/103 105/105/105 
f 105/105/105 103/103/103 103/103/103 
f 103/103/103 106/106/106 103/103/103 
f 103/103/103 106/106/106 105/105/105 
f 106/106/106 107/107/107 105/105/105 
f 105/105/105 107/107/107 107/107/107 
f 107/107/107 106/106/106 107/107/107 
f 107/107/107 106/106/106 106/106/106 
f 106/106/106 108/108/108 106/106/106 
f 106/106/106 108/108/108 107/107/107 
f 108/108/108 109/109/109 107/107/107 
f 107/107/107 109/109/109 109/109/109 
f 109/109/109 108/108/108 109/109/109 
f 109/109/109 108/108/108 108/108/108 
f 108/108/108 110/110/110 108/108/108 
f 108/108/108 110/110/110 109/109/109 
f 110/110/110 111/111/111 109/109/109 
f 109/109/109 111/111/111 111/111/111 
f 111/111/111 112/112/112 111/111/111 
f 111/111/111 112/112/112 112/112/112 
f 112/112/112 113/113/113 112/112/112 
f 112/112/112 113/113/113 114/114/114 
f 113/113/113 115/115/115 114/114/114 
f 114/114/114 115/115/115 116/116/116 
f 115/115/115 117/117/117 116/116/116 
f 116/116/116 117/117/117 118/118/118 
f 117/117/117 119/119/119 118/118/118 
f 118/118/118 119/119/119 119/119/119 
f 119/119/119 120/120/120 119/119/119 
f 119/119/119 120/120/120 120/120/120 
f 120/120/120 121/121/121 120/120/120 
f 120/120/120 121/121/121 38/38/38 
f 121/121/121 122/122/122 38/38/38 
f 38/38/38 122/122/122 84/84/84 
f 122/122/122 86/86/86 84/84/84 
f 84/84/84 86/86/86 86/86/86 
f 86/86/86 123/123/123 86/86/86 
f 86/86/86 123/123/123 123/123/123 
f 123/123/123 124/124/124 123/123/123 
f 123/123/123 124/124/124 125/125/125 
f 124/124/124 126/126/126 125/125/125 
f 125/125/125 126/126/126 127/127/127 
f 126/126/126 128/128/128 127/127/127 
f 127/127/127 128/128/128 128/128/128 
f 128/128/128 126/126/126 128/128/128 
f 128/128/128 126/126/126 129/129/129 
f 126/126/126 124/124/124 129/129/129 
f 129/129/129 124/124/124 130/130/130 
f 124/124/124 131/131/131 130/130/130 
f 130/130/130 131/131/131 131/131/131 
f 131/131/131 130/130/130 131/131/131 
f 131/131/131 130/130/130 130/130/130 
f 130/130/130 132/132/132 130/130/130 
f 130/130/130 132/132/132 129/129/129 
f 132/132/132 128/128/128 129/129/129 
f 129/129/129 128/128/128 128/128/128 
f 128/128/128 133/133/133 128/128/128 
f 128/128/128 133/133/133 133/133/133 
f 133/133/133 134/134/134 133/133/133 
f 133/133/133 134/134/134 135/135/135 
f 134/134/134 136/136/136 135/135/135 
f 135/135/135 136/136/136 137/137/137 
f 136/136/136 138/138/138 137/137/137 
f 137/137/137 138/138/138 138/138/138 
f 138/138/138 134/134/134 138/138/138 
f 138/138/138 134/134/134 134/134/134 
f 134/134/134 139/139/139 134/134/134 
f 134/134/134 139/139/139 136/136/136 
f 139/139/139 140/140/140 136/136/136 
f 136/136/136 140/140/140 138/138/138 
f 140/140/140 141/141/141 138/138/138 
f 138/138/138 141/141/141 141/141/141 
f 141/141/141 142/142/142 141/141/141 
f 141/141/141 142/142/142 142/142/142 
f 142/142/142 143/143/143 142/142/142 
f 142/142/142 143/143/143 144/144/144 
f 143/143/143 145/145/145 144/144/144 
f 144/144/144 145/145/145 146/146/146 
f 145/145/145 147/147/147 146/146/146 
f 146/146/146 147/147/147 148/148/148 
f 147/147/147 149/149/149 148/148/148 
f 148/148/148 149/149/149 149/149/149 
f 149/149/149 145/145/145 149/149/149 
f 149/149/149 145/145/145 145/145/145 
f 145/145/145 143/143/143 145/145/145 
f 145/145/145 143/143/143 150/150/150 
f 143/143/143 151/151/151 150/150/150 
f 150/150/150 151/151/151 152/152/152 
f 151/151/151 152/152/152 152/152/152 
f 152/152/152 152/152/152 152/152/152 
f 152/152/152 153/153/153 152/152/152 
f 152/152/152 153/153/153 150/150/150 
f 153/153/153 154/154/154 150/150/150 
f 150/150/150 154/154/154 154/154/154 
f 154/154/154 153/153/153 154/154/154 
f 154/154/154 153/153/153 153/153/153 
f 153/153/153 155/155/155 153/153/153 
f 153/153/153 155/155/155 154/154/154 
f 155/155/155 156/156/156 154/154/154 
f 154/154/154 156/156/156 149/149/149 
f 156/156/156 149/149/149 149/149/149 
f 149/149/149 149/149/149 157/157/157 
f 149/149/149 157/157/157 157/157/157 
f 157/157/157 157/157/157 157/157/157 
f 157/157/157 158/158/158 157/157/157 
f 157/157/157 158/158/158 159/159/159 
f 158/158/158 160/160/160 159/159/159 
f 159/159/159 160/160/160 160/160/160 
f 160/160/160 158/158/158 160/160/160 
f 160/160/160 158/158/158 158/158/158 
f 158/158/158 161/161/161 158/158/158 
f 158/158/158 161/161/161 160/160/160 
f 161/161/161 162/162/162 160/160/160 
f 160/160/160 162/162/162 162/162/162 
f 162/162/162 161/161/161 162/162/162 
f 162/162/162 161/161/161 161/161/161 
f 161/161/161 163/163/163 161/161/161 
f 161/161/161 163/163/163 162/162/162 
f 163/163/163 164/164/164 162/162/162 
f 162/162/162 164/164/164 164/164/164 
f 164/164/164 163/163/163 164/164/164 
f 164/164/164 163/163/163 163/163/163 
f 163/163/163 165/165/165 163/163/163 
f 163/163/163 165/165/165 164/164/164 
f 165/165/165 166/166/166 164/164/164 
f 164/164/164 166/166/166 166/166/166 
f 166/166/166 167/167/167 166/166/166 
f 166/166/166 167/167/167 167/167/167 
f 167/167/167 168/168/168 167/167/167 
f 167/167/167 168/168/168 169/169/169 
f 168/168/168 170/170/170 169/169/169 
f 169/169/169 170/170/170 170/170/170 
f 170/170/170 171/171/171 170/170/170 
f 170/170/170 171/171/171 171/171/171 
f 171/171/171 172/172/172 171/171/171 
f 171/171/171 172/172/172 7/7/7 
f 172/172/172 5/5/5 7/7/7 
f 7/7/7 5/5/5 5/5/5 
f 5/5/5 172/172/172 5/5/5 
f 5/5/5 172/172/172 172/172/172 
f 172/172/172 173/173/173 172/172/172 
f 172/172/172 173/173/173 5/5/5 
f 173/173/173 174/174/174 5/5/5 
f 5/5/5 174/174/174 3/3/3 
f 174/174/174 3/3/3 3/3/3 
f 3/3/3 3/3/3 175/175/175 
f 3/3/3 175/175/175 175/175/175 
f 175/175/175 175/175/175 175/175/175 
f 175/175/175 176/176/176 175/175/175 
f 175/175/175 176/176/176 177/177/177 
f 176/176/176 178/178/178 177/177/177 
f 177/177/177 178/178/178 179/179/179 
f 178/178/178 180/180/180 179/179/179 
f 179/179/179 180/180/180 181/181/181 
f 180/180/180 182/182/182 181/181/181 
f 181/181/181 182/182/182 182/182/182 
f 182/182/182 180/180/180 182/182/182 
f 182/182/182 180/180/180 180/180/180 
f 180/180/180 178/178/178 180/180/180 
f 180/180/180 178/178/178 183/183/183 
f 178/178/178 176/176/176 183/183/183 
f 183/183/183 176/176/176 184/184/184 
f 176/176/176 184/184/184 184/184/184 
f 184/184/184 184/184/184 183/183/183 
f 184/184/184 183/183/183 183/183/183 
f 183/183/183 183/183/183 183/183/183 
f 183/183/183 185/185/185 183/183/183 
f 183/183/183 185/185/185 180/180/180 
f 185/185/185 186/186/186 180/180/180 
f 180/180/180 186/186/186 182/182/182 
f 186/186/186 182/182/182 182/182/182 
f 182/182/182 182/182/182 187/187/187 
f 182/182/182 187/187/187 187/187/187 
f 187/187/187 187/187/187 187/187/187 
f 187/187/187 188/188/188 187/187/187 
f 187/187/187 188/188/188 189/189/189 
f 188/188/188 190/190/190 189/189/189 
f 189/189/189 190/190/190 191/191/191 
f 190/190/190 192/192/192 191/191/191 
f 191/191/191 192/192/192 193/193/193 
f 192/192/192 193/193/193 193/193/193 
f 193/193/193 193/193/193 193/193/193 
f 193/193/193 194/194/194 193/193/193 
f 193/193/193 194/194/194 191/191/191 
f 194/194/194 195/195/195 191/191/191 
f 191/191/191 195/195/195 195/195/195 
f 195/195/195 194/194/194 195/195/195 
f 195/195/195 194/194/194 194/194/194 
f 194/194/194 196/196/196 194/194/194 
f 194/194/194 196/196/196 195/195/195 
f 196/196/196 197/197/197 195/195/195 
f 195/195/195 197/197/197 198/198/198 
f 197/197/197 199/199/199 198/198/198 
f 198/198/198 199/199/199 200/200/200 
f 199/199/199 201/201/201 200/200/200 
f 200/200/200 201/201/201 201/201/201 
f 201/201/201 202/202/202 201/201/201 
f 201/201/201 202/202/202 202/202/202 
f 202/202/202 203/203/203 202/202/202 
f 202/202/202 203/203/203 204/204/204 
f 203/203/203 205/205/205 204/204/204 
f 204/204/204 205/205/205 206/206/206 
f 205/205/205 207/207/207 206/206/206 
f 206/206/206 207/207/207 208/208/208 
f 207/207/207 209/209/209 208/208/208 
f 208/208/208 209/209/209 210/210/210 
f 209/209/209 211/211/211 210/210/210 
f 210/210/210 211/211/211 211/211/211 
f 211/211/211 203/203/203 211/211/211 
f 211/211/211 203/203/203 203/203/203 
f 203/203/203 212/212/212 203/203/203 
f 203/203/203 212/212/212 205/205/205 
f 212/212/212 213/213/213 205/205/205 
f 205/205/205 213/213/213 207/207/207 
f 213/213/213 214/214/214 207/207/207 
f 207/207/207 214/214/214 209/209/209 
f 214/214/214 215/215/215 209/209/209 
f 209/209/209 215/215/215 211/211/211 
f 215/215/215 216/216/216 211/211/211 
f 211/211/211 216/216/216 216/216/216 
f 216/216/216 212/212/212 216/216/216 
f 216/216/216 212/212/212 212/212/212 
f 212/212/212 217/217/217 212/212/212 
f 212/212/212 217/217/217 213/213/213 
f 217/217/217 218/218/218 213/213/213 
f 213/213/213 218/218/218 214/214/214 
f 218/218/218 219/219/219 214/214/214 
f 214/214/214 219/219/219 215/215/215 
f 219/219/219 220/220/220 215/215/215 
f 215/215/215 220/220/220 216/216/216 
f 220/220/220 221/221/221 216/216/216 
f 216/216/216 221/221/221 221/221/221 
f 221/221/221 217/217/217 221/221/221 
f 221/221/221 217/217/217 217/217/217 
f 217/217/217 222/222/222 217/217/217 
f 217/217/217 222/222/222 218/218/218 
f 222/222/222 223/223/223 218/218/218 
f 218/218/218 223/223/223 219/219/219 
f 223/223/223 224/224/224 219/219/219 
f 219/219/219 224/224/224 220/220/220 
f 224/224/224 225/225/225 220/220/220 
f 220/220/220 225/225/225 221/221/221 
f 225/225/225 226/226/226 221/221/221 
f 221/221/221 226/226/226 226/226/226 
f 226/226/226 222/222/222 226/226/226 
f 226/226/226 222/222/222 222/222/222 
f 222/222/222 227/227/227 222/222/222 
f 222/222/222 227/227/227 223/223/223 
f 227/227/227 228/228/228 223/223/223 
f 223/223/223 228/228/228 224/224/224 
f 228/228/228 229/229/229 224/224/224 
f 224/224/224 229/229/229 225/225/225 
f 229/229/229 230/230/230 225/225/225 
f 225/225/225 230/230/230 226/226/226 
f 230/230/230 231/231/231 226/226/226 
f 226/226/226 231/231/231 231/231/231 
f 231/231/231 227/227/227 231/231/231 
f 231/231/231 227/227/227 227/227/227 
f 227/227/227 232/232/232 227/227/227 
f 227/227/227 232/232/232 228/228/228 
f 232/232/232 233/233/233 228/228/228 
f 228/228/228 233/233/233 229/229/229 
f 233/233/233 234/234/234 229/229/229 
f 229/229/229 234/234/234 230/230/230 
f 234/234/234 235/235/235 230/230/230 
f 230/230/230 235/235/235 231/231/231 
f 235/235/235 236/236/236 231/231/231 
f 231/231/231 236/236/236 236/236/236 
f 236/236/236 237/237/237 236/236/236 
f 236/236/236 237/237/237 237/237/237 
f 237/237/237 238/238/238 237/237/237 
f 237/237/237 238/238/238 239/239/239 
f 238/238/238 240/240/240 239/239/239 
f 239/239/239 240/240/240 241/241/241 
f 240/240/240 242/242/242 241/241/241 
f 241/241/241 242/242/242 243/243/243 
f 242/242/242 244/244/244 243/243/243 
f 243/243/243 244/244/244 245/245/245 
f 244/244/244 246/246/246 245/245/245 
f 245/245/245 246/246/246 246/246/246 
f 246/246/246 238/238/238 246/246/246 
f 246/246/246 238/238/238 238/238/238 
f 238/238/238 247/247/247 238/238/238 
f 238/238/238 247/247/247 240/240/240 
f 247/247/247 248/248/248 240/240/240 
f 240/240/240 248/248/248 242/242/242 
f 248/248/248 249/249/249 242/242/242 
f 242/242/242 249/249/249 244/244/244 
f 249/249/249 250/250/250 244/244/244 
f 244/244/244 250/250/250 246/246/246 
f 250/250/250 251/251/251 246/246/246 
f 246/246/246 251/251/251 251/251/251 
f 251/251/251 247/247/247 251/251/251 
f 251/251/251 247/247/247 247/247/247 
f 247/247/247 252/252/252 247/247/247 
f 247/247/247 252/252/252 248/248/248 
f 252/252/252 253/253/253 248/248/248 
f 248/248/248 253/253/253 249/249/249 
f 253/253/253 254/254/254 249/249/249 
f 249/249/249 254/254/254 250/250/250 
f 254/254/254 255/255/255 250/250/250 
f 250/250/250 255/255/255 251/251/251 
f 255/255/255 256/256/256 251/251/251 
f 251/251/251 256/256/256 256/256/256 
f 256/256/256 252/252/252 256/256/256 
f 256/256/256 252/252/252 252/252/252 
f 252/252/252 257/257/257 252/252/252 
f 252/252/252 257/257/257 253/253/253 
f 257/257/257 258/258/258 253/253/253 
f 253/253/253 258/258/258 254/254/254 
f 258/258/258 259/259/259 254/254/254 
f 254/254/254 259/259/259 255/255/255 
f 259/259/259 260/260/260 255/255/255 
f 255/255/255 260/260/260 256/256/256 
f 260/260/260 261/261/261 256/256/256 
f 256/256/256 261/261/261 261/261/261 
f 261/261/261 257/257/257 261/261/261 
f 261/261/261 257/257/257 257/257/257 
f 257/257/257 262/262/262 257/257/257 
f 257/257/257 262/262/262 258/258/258 
f 262/262/262 263/263/263 258/258/258 
f 258/258/258 263/263/263 259/259/259 
f 263/263/263 264/264/264 259/259/259 
f 259/259/259 264/264/264 260/260/260 
f 264/264/264 265/265/265 260/260/260 
f 260/260/260 265/265/265 261/261/261 
f 265/265/265 266/266/266 261/261/261 
f 261/261/261 266/266/266 266/266/266 
f 266/266/266 262/262/262 266/266/266 
f 266/266/266 262/262/262 262/262/262 
f 262/262/262 267/267/267 262/262/262 
f 262/262/262 267/267/267 263/263/263 
f 267/267/267 268/268/268 263/263/263 
f 263/263/263 268/268/268 264/264/264 
f 268/268/268 269/269/269 264/264/264 
f 264/264/264 269/269/269 265/265/265 
f 269/269/269 270/270/270 265/265/265 
f 265/265/265 270/270/270 266/266/266 
f 270/270/270 271/271/271 266/266/266 
f 266/266/266 271/271/271 271/271/271 
f 271/271/271 272/272/272 271/271/271 
f 271/271/271 272/272/272 272/272/272 
f 272/272/272 273/273/273 272/272/272 
f 272/272/272 273/273/273 274/274/274 
f 273/273/273 275/275/275 274/274/274 
f 274/274/274 275/275/275 276/276/276 
f 275/275/275 277/277/277 276/276/276 
f 276/276/276 277/277/277 278/278/278 
f 277/277/277 279/279/279 278/278/278 
f 278/278/278 279/279/279 280/280/280 
f 279/279/279 281/281/281 280/280/280 
f 280/280/280 281/281/281 281/281/281 
f 281/281/281 279/279/279 281/281/281 
f 281/281/281 279/279/279 279/279/279 
f 279/279/279 282/282/282 279/279/279 
f 279/279/279 282/282/282 281/281/281 
f 282/282/282 283/283/283 281/281/281 
f 281/281/281 283/283/283 283/283/283 
f 283/283/283 282/282/282 283/283/283 
f 283/283/283 282/282/282 282/282/282 
f 282/282/282 284/284/284 282/282/282 
f 282/282/282 284/284/284 283/283/283 
f 284/284/284 285/285/285 283/283/283 
f 283/283/283 285/285/285 285/285/285 
f 285/285/285 284/284/284 285/285/285 
f 285/285/285 284/284/284 284/284/284 
f 284/284/284 286/286/286 284/284/284 
f 284/284/284 286/286/286 285/285/285 
f 286/286/286 287/287/287 285/285/285 
f 285/285/285 287/287/287 287/287/287 
f 287/287/287 286/286/286 287/287/287 
f 287/287/287 286/286/286 286/286/286 
f 286/286/286 288/288/288 286/286/286 
f 286/286/286 288/288/288 287/287/287 
f 288/288/288 289/289/289 287/287/287 
f 287/287/287 289/289/289 289/289/289 
f 289/289/289 288/288/288 289/289/289 
f 289/289/289 288/288/288 290/290/290 
f 288/288/288 291/291/291 290/290/290 
f 290/290/290 291/291/291 291/291/291 
f 291/291/291 288/288/288 291/291/291 
f 291/291/291 288/288/288 288/288/288 
f 288/288/288 292/292/292 288/288/288 
f 288/288/288 292/292/292 291/291/291 
f 292/292/292 293/293/293 291/291/291 
f 291/291/291 293/293/293 293/293/293 
f 293/293/293 292/292/292 293/293/293 
f 293/293/293 292/292/292 292/292/292 
f 292/292/292 294/294/294 292/292/292 
f 292/292/292 294/294/294 293/293/293 
f 294/294/294 295/295/295 293/293/293 
f 293/293/293 295/295/295 295/295/295 
f 295/295/295 294/294/294 295/295/295 
f 295/295/295 294/294/294 296/296/296 
f 294/294/294 297/297/297 296/296/296 
f 296/296/296 297/297/297 298/298/298 
f 297/297/297 299/299/299 298/298/298 
f 298/298/298 299/299/299 300/300/300 
f 299/299/299 301/301/301 300/300/300 
f 300/300/300 301/301/301 302/302/302 
f 301/301/301 275/275/275 302/302/302 
f 302/302/302 275/275/275 273/273/273 
f 275/275/275 273/273/273 273/273/273 
f 273/273/273 273/273/273 303/303/303 
f 273/273/273 303/303/303 303/303/303 
f 303/303/303 303/303/303 303/303/303 
f 303/303/303 304/304/304 303/303/303 
f 303/303/303 304/304/304 305/305/305 
f 304/304/304 306/306/306 305/305/305 
f 305/305/305 306/306/306 307/307/307 
f 306/306/306 308/308/308 307/307/307 
f 307/307/307 308/308/308 309/309/309 
f 308/308/308 310/310/310 309/309/309 
f 309/309/309 310/310/310 311/311/311 
f 310/310/310 312/312/312 311/311/311 
f 311/311/311 312/312/312 312/312/312 
f 312/312/312 310/310/310 312/312/312 
f 312/312/312 310/310/310 310/310/310 
f 310/310/310 313/313/313 310/310/310 
f 310/310/310 313/313/313 312/312/312 
f 313/313/313 314/314/314 312/312/312 
f 312/312/312 314/314/314 314/314/314 
f 314/314/314 313/313/313 314/314/314 
f 314/314/314 313/313/313 313/313/313 
f 313/313/313 315/315/315 313/313/313 
f 313/313/313 315/315/315 314/314/314 
f 315/315/315 316/316/316 314/314/314 
f 314/314/314 316/316/316 316/316/316 
f 316/316/316 315/315/315 316/316/316 
f 316/316/316 315/315/315 315/315/315 
f 315/315/315 317/317/317 315/315/315 
f 315/315/315 317/317/317 316/316/316 
f 317/317/317 318/318/318 316/316/316 
f 316/316/316 318/318/318 318/318/318 
f 318/318/318 317/317/317 318/318/318 
f 318/318/318 317/317/317 317/317/317 
f 317/317/317 319/319/319 317/317/317 
f 317/317/317 319/319/319 318/318/318 
f 319/319/319 320/320/320 318/318/318 
f 318/318/318 320/320/320 320/320/320 
f 320/320/320 319/319/319 320/320/320 
f 320/320/320 319/319/319 321/321/321 
f 319/319/319 322/322/322 321/321/321 
f 321/321/321 322/322/322 322/322/322 
f 322/322/322 319/319/319 322/322/322 
f 322/322/322 319/319/319 319/319/319 
f 319/319/319 323/323/323 319/319/319 
f 319/319/319 323/323/323 322/322/322 
f 323/323/323 324/324/324 322/322/322 
f 322/322/322 324/324/324 324/324/324 
f 324/324/324 323/323/323 324/324/324 
f 324/324/324 323/323/323 323/323/323 
f 323/323/323 325/325/325 323/323/323 
f 323/323/323 325/325/325 324/324/324 
f 325/325/325 326/326/326 324/324/324 
f 324/324/324 326/326/326 326/326/326 
f 326/326/326 325/325/325 326/326/326 
f 326/326/326 325/325/325 327/327/327 
f 325/325/325 328/328/328 327/327/327 
f 327/327/327 328/328/328 329/329/329 
f 328/328/328 330/330/330 329/329/329 
f 329/329/329 330/330/330 331/331/331 
f 330/330/330 332/332/332 331/331/331 
f 331/331/331 332/332/332 333/333/333 
f 332/332/332 306/306/306 333/333/333 
f 333/333/333 306/306/306 304/304/304 
f 306/306/306 304/304/304 304/304/304 
f 304/304/304 304/304/304 334/334/334 
f 304/304/304 334/334/334 334/334/334 
f 334/334/334 334/334/334 334/334/334 
f 334/334/334 335/335/335 334/334/334 
f 334/334/334 335/335/335 336/336/336 
f 335/335/335 337/337/337 336/336/336 
f 336/336/336 337/337/337 338/338/338 
f 337/337/337 339/339/339 338/338/338 
f 338/338/338 339/339/339 339/339/339 
f 339/339/339 335/335/335 339/339/339 
f 339/339/339 335/335/335 335/335/335 
f 335/335/335 340/340/340 335/335/335 
f 335/335/335 340/340/340 337/337/337 
f 340/340/340 341/341/341 337/337/337 
f 337/337/337 341/341/341 339/339/339 
f 341/341/341 342/342/342 339/339/339 
f 339/339/339 342/342/342 342/342/342 
f 342/342/342 340/340/340 342/342/342 
f 342/342/342 340/340/340 340/340/340 
f 340/340/340 343/343/343 340/340/340 
f 340/340/340 343/343/343 341/341/341 
f 343/343/343 344/344/344 341/341/341 
f 341/341/341 344/344/344 342/342/342 
f 344/344/344 345/345/345 342/342/342 
f 342/342/342 345/345/345 345/345/345 
f 345/345/345 343/343/343 345/345/345 
f 345/345/345 343/343/343 343/343/343 
f 343/343/343 346/346/346 343/343/343 
f 343/343/343 346/346/346 344/344/344 
f 346/346/346 347/347/347 344/344/344 
f 344/344/344 347/347/347 345/345/345 
f 347/347/347 348/348/348 345/345/345 
f 345/345/345 348/348/348 348/348/348 
f 348/348/348 349/349/349 348/348/348 
f 348/348/348 349/349/349 349/349/349 
f 349/349/349 350/350/350 349/349/349 
f 349/349/349 350/350/350 351/351/351 
f 350/350/350 352/352/352 351/351/351 
f 351/351/351 352/352/352 352/352/352 
f 352/352/352 350/350/350 352/352/352 
f 352/352/352 350/350/350 350/350/350 
f 350/350/350 353/353/353 350/350/350 
f 350/350/350 353/353/353 352/352/352 
f 353/353/353 354/354/354 352/352/352 
f 352/352/352 354/354/354 354/354/354 
f 354/354/354 353/353/353 354/354/354 
f 354/354/354 353/353/353 353/353/353 
f 353/353/353 355/355/355 353/353/353 
f 353/353/353 355/355/355 354/354/354 
f 355/355/355 356/356/356 354/354/354 
f 354/354/354 356/356/356 356/356/356 
f 356/356/356 355/355/355 356/356/356 
f 356/356/356 355/355/355 355/355/355 
f 355/355/355 357/357/357 355/355/355 
f 355/355/355 357/357/357 356/356/356 
f 357/357/357 358/358/358 356/356/356 
f 356/356/356 358/358/358 358/358/358 
f 358/358/358 359/359/359 358/358/358 
f 358/358/358 359/359/359 359/359/359 
f 359/359/359 360/360/360 359/359/359 
f 359/359/359 360/360/360 361/361/361 
f 360/360/360 362/362/362 361/361/361 
f 361/361/361 362/362/362 363/363/363 
f 362/362/362 364/364/364 363/363/363 
f 363/363/363 364/364/364 365/365/365 
f 364/364/364 366/366/366 365/365/365 
f 365/365/365 366/366/366 366/366/366 
f 366/366/366 367/367/367 366/366/366 
f 366/366/366 367/367/367 367/367/367 
f 367/367/367 368/368/368 367/367/367 
f 367/367/367 368/368/368 369/369/369 
f 368/368/368 370/370/370 369/369/369 
f 369/369/369 370/370/370 370/370/370 
f 370/370/370 368/368/368 370/370/370 
f 370/370/370 368/368/368 368/368/368 
f 368/368/368 371/371/371 368/368/368 
f 368/368/368 371/371/371 370/370/370 
f 371/371/371 372/372/372 370/370/370 
f 370/370/370 372/372/372 372/372/372 
f 372/372/372 371/371/371 372/372/372 
f 372/372/372 371/371/371 371/371/371 
f 371/371/371 373/373/373 371/371/371 
f 371/371/371 373/373/373 372/372/372 
f 373/373/373 374/374/374 372/372/372 
f 372/372/372 374/374/374 374/374/374 
f 374/374/374 373/373/373 374/374/374 
f 374/374/374 373/373/373 373/373/373 
f 373/373/373 375/375/375 373/373/373 
f 373/373/373 375/375/375 374/374/374 
f 375/375/375 376/376/376 374/374/374 
f 374/374/374 376/376/376 376/376/376 
f 376/376/376 377/377/377 376/376/376 
f 376/376/376 377/377/377 377/377/377 
f 377/377/377 378/378/378 377/377/377 
f 377/377/377 378/378/378 379/379/379 
f 378/378/378 380/380/380 379/379/379 
f 379/379/379 380/380/380 381/381/381 
f 380/380/380 382/382/382 381/381/381 
f 381/381/381 382/382/382 383/383/383 
f 382/382/382 384/384/384 383/383/383 
f 383/383/383 384/384/384 384/384/384 
f 384/384/384 385/385/385 384/384/384 
f 384/384/384 385/385/385 385/385/385 
f 385/385/385 386/386/386 385/385/385 
f 385/385/385 386/386/386 387/387/387 
f 386/386/386 388/388/388 387/387/387 
f 387/387/387 388/388/388 389/389/389 
f 388/388/388 390/390/390 389/389/389 
f 389/389/389 390/390/390 391/391/391 
f 390/390/390 392/392/392 391/391/391 
f 391/391/391 392/392/392 392/392/392 
f 392/392/392 390/390/390 392/392/392 
f 392/392/392 390/390/390 390/390/390 
f 390/390/390 393/393/393 390/390/390 
f 390/390/390 393/393/393 392/392/392 
f 393/393/393 394/394/394 392/392/392 
f 392/392/392 394/394/394 394/394/394 
f 394/394/394 393/393/393 394/394/394 
f 394/394/394 393/393/393 395/395/395 
f 393/393/393 396/396/396 395/395/395 
f 395/395/395 396/396/396 396/396/396 
f 396/396/396 393/393/393 396/396/396 
f 396/396/396 393/393/393 393/393/393 
f 393/393/393 397/397/397 393/393/393 
f 393/393/393 397/397/397 396/396/396 
f 397/397/397 398/398/398 396/396/396 
f 396/396/396 398/398/398 398/398/398 
f 398/398/398 399/399/399 398/398/398 
f 398/398/398 399/399/399 399/399/399 
f 399/399/399 400/400/400 399/399/399 
f 399/399/399 400/400/400 401/401/401 
f 400/400/400 402/402/402 401/401/401 
f 401/401/401 402/402/402 403/403/403 
f 402/402/402 404/404/404 403/403/403 
f 403/403/403 404/404/404 404/404/404 
f 404/404/404 400/400/400 404/404/404 
f 404/404/404 400/400/400 400/400/400 
f 400/400/400 405/405/405 400/400/400 
f 400/400/400 405/405/405 402/402/402 
f 405/405/405 406/406/406 402/402/402 
f 402/402/402 406/406/406 404/404/404 
f 406/406/406 407/407/407 404/404/404 
f 404/404/404 407/407/407 407/407/407 
f 407/407/407 408/408/408 407/407/407 
f 407/407/407 408/408/408 408/408/408 
f 408/408/408 409/409/409 408/408/408 
f 408/408/408 409/409/409 410/410/410 
f 409/409/409 411/411/411 410/410/410 
f 410/410/410 411/411/411 412/412/412 
f 411/411/411 413/413/413 412/412/412 
f 412/412/412 413/413/413 414/414/414 
f 413/413/413 415/415/415 414/414/414 
f 414/414/414 415/415/415 416/416/416 
f 415/415/415 417/417/417 416/416/416 
f 416/416/416 417/417/417 417/417/417 
f 417/417/417 409/409/409 417/417/417 
f 417/417/417 409/409/409 409/409/409 
f 409/409/409 418/418/418 409/409/409 
f 409/409/409 418/418/418 411/411/411 
f 418/418/418 419/419/419 411/411/411 
f 411/411/411 419/419/419 413/413/413 
f 419/419/419 420/420/420 413/413/413 
f 413/413/413 420/420/420 415/415/415 
f 420/420/420 421/421/421 415/415/415 
f 415/415/415 421/421/421 417/417/417 
f 421/421/421 422/422/422 417/417/417 
f 417/417/417 422/422/422 422/422/422 
f 422/422/422 418/418/418 422/422/422 
f 422/422/422 418/418/418 418/418/418 
f 418/418/418 423/423/423 418/418/418 
f 418/418/418 423/423/423 419/419/419 
f 423/423/423 424/424/424 419/419/419 
f 419/419/419 424/424/424 420/420/420 
f 424/424/424 425/425/425 420/420/420 
f 420/420/420 425/425/425 421/421/421 
f 425/425/425 426/426/426 421/421/421 
f 421/421/421 426/426/426 422/422/422 
f 426/426/426 427/427/427 422/422/422 
f 422/422/422 427/427/427 427/427/427 
f 427/427/427 423/423/423 427/427/427 
f 427/427/427 423/423/423 423/423/423 
f 423/423/423 428/428/428 423/423/423 
f 423/423/423 428/428/428 424/424/424 
f 428/428/428 429/429/429 424/424/424 
f 424/424/424 429/429/429 425/425/425 
f 429/429/429 430/430/430 425/425/425 
f 425/425/425 430/430/430 426/426/426 
f 430/430/430 431/431/431 426/426/426 
f 426/426/426 431/431/431 427/427/427 
f 431/431/431 432/432/432 427/427/427 
f 427/427/427 432/432/432 432/432/432 
f 432/432/432 428/428/428 432/432/432 
f 432/432/432 428/428/428 428/428/428 
f 428/428/428 433/433/433 428/428/428 
f 428/428/428 433/433/433 429/429/429 
f 433/433/433 434/434/434 429/429/429 
f 429/429/429 434/434/434 430/430/430 
f 434/434/434 435/435/435 430/430/430 
f 430/430/430 435/435/435 431/431/431 
f 435/435/435 436/436/436 431/431/431 
f 431/431/431 436/436/436 432/432/432 
f 436/436/436 437/437/437 432/432/432 
f 432/432/432 437/437/437 437/437/437 
f 437/437/437 433/433/433 437/437/437 
f 437/437/437 433/433/433 433/433/433 
f 433/433/433 438/438/438 433/433/433 
f 433/433/433 438/438/438 434/434/434 
f 438/438/438 439/439/439 434/434/434 
f 434/434/434 439/439/439 435/435/435 
f 439/439/439 440/440/440 435/435/435 
f 435/435/435 440/440/440 436/436/436 
f 440/440/440 441/441/441 436/436/436 
f 436/436/436 441/441/441 437/437/437 
f 441/441/441 442/442/442 437/437/437 
f 437/437/437 442/442/442 442/442/442 
f 442/442/442 443/443/443 442/442/442 
f 442/442/442 443/443/443 443/443/443 
f 443/443/443 444/444/444 443/443/443 
f 443/443/443 444/444/444 445/445/445 
f 444/444/444 446/446/446 445/445/445 
f 445/445/445 446/446/446 447/447/447 
f 446/446/446 448/448/448 447/447/447 
f 447/447/447 448/448/448 449/449/449 
f 448/448/448 450/450/450 449/449/449 
f 449/449/449 450/450/450 451/451/451 
f 450/450/450 452/452/452 451/451/451 
f 451/451/451 452/452/452 452/452/452 
f 452/452/452 444/444/444 452/452/452 
f 452/452/452 444/444/444 444/444/444 
f 444/444/444 453/453/453 444/444/444 
f 444/444/444 453/453/453 446/446/446 
f 453/453/453 454/454/454 446/446/446 
f 446/446/446 454/454/454 448/448/448 
f 454/454/454 455/455/455 448/448/448 
f 448/448/448 455/455/455 450/450/450 
f 455/455/455 456/456/456 450/450/450 
f 450/450/450 456/456/456 452/452/452 
f 456/456/456 457/457/457 452/452/452 
f 452/452/452 457/457/457 457/457/457 
f 457/457/457 453/453/453 457/457/457 
f 457/457/457 453/453/453 453/453/453 
f 453/453/453 458/458/458 453/453/453 
f 453/453/453 458/458/458 454/454/454 
f 458/458/458 459/459/459 454/454/454 
f 454/454/454 459/459/459 455/455/455 
f 459/459/459 460/460/460 455/455/455 
f 455/455/455 460/460/460 456/456/456 
f 460/460/460 461/461/461 456/456/456 
f 456/456/456 461/461/461 457/457/457 
f 461/461/461 462/462/462 457/457/457 
f 457/457/457 462/462/462 462/462/462 
f 462/462/462 458/458/458 462/462/462 
f 462/462/462 458/458/458 458/458/458 
f 458/458/458 463/463/463 458/458/458 
f 458/458/458 463/463/463 459/459/459 
f 463/463/463 464/464/464 459/459/459 
f 459/459/459 464/464/464 460/460/460 
f 464/464/464 465/465/465 460/460/460 
f 460/460/460 465/465/465 461/461/461 
f 465/465/465 466/466/466 461/461/461 
f 461/461/461 466/466/466 462/462/462 
f 466/466/466 467/467/467 462/462/462 
f 462/462/462 467/467/467 467/467/467 
f 467/467/467 468/468/468 467/467/467 
f 467/467/467 468/468/468 468/468/468 
f 468/468/468 469/469/469 468/468/468 
f 468/468/468 469/469/469 470/470/470 
f 469/469/469 471/471/471 470/470/470 
f 470/470/470 471/471/471 472/472/472 
f 471/471/471 473/473/473 472/472/472 
f 472/472/472 473/473/473 474/474/474 
f 473/473/473 475/475/475 474/474/474 
f 474/474/474 475/475/475 476/476/476 
f 475/475/475 477/477/477 476/476/476 
f 476/476/476 477/477/477 477/477/477 
f 477/477/477 469/469/469 477/477/477 
f 477/477/477 469/469/469 469/469/469 
f 469/469/469 478/478/478 469/469/469 
f 469/469/469 478/478/478 471/471/471 
f 478/478/478 479/479/479 471/471/471 
f 471/471/471 479/479/479 473/473/473 
f 479/479/479 480/480/480 473/473/473 
f 473/473/473 480/480/480 475/475/475 
f 480/480/480 481/481/481 475/475/475 
f 475/475/475 481/481/481 477/477/477 
f 481/481/481 482/482/482 477/477/477 
f 477/477/477 482/482/482 482/482/482 
f 482/482/482 478/478/478 482/482/482 
f 482/482/482 478/478/478 478/478/478 
f 478/478/478 483/483/483 478/478/478 
f 478/478/478 483/483/483 479/479/479 
f 483/483/483 484/484/484 479/479/479 
f 479/479/479 484/484/484 480/480/480 
f 484/484/484 485/485/485 480/480/480 
f 480/480/480 485/485/485 481/481/481 
f 485/485/485 486/486/486 481/481/481 
f 481/481/481 486/486/486 482/482/482 
f 486/486/486 487/487/487 482/482/482 
f 482/482/482 487/487/487 487/487/487 
f 487/487/487 483/483/483 487/487/487 
f 487/487/487 483/483/483 483/483/483 
f 483/483/483 488/488/488 483/483/483 
f 483/483/483 488/488/488 484/484/484 
f 488/488/488 489/489/489 484/484/484 
f 484/484/484 489/489/489 485/485/485 
f 489/489/489 490/490/490 485/485/485 
f 485/485/485 490/490/490 486/486/486 
f 490/490/490 491/491/491 486/486/486 
f 486/486/486 491/491/491 487/487/487 
f 491/491/491 492/492/492 487/487/487 
f 487/487/487 492/492/492 492/492/492 
f 492/492/492 401/401/401 492/492/492 
f 492/492/492 401/401/401 401/401/401 
f 401/401/401 403/403/403 401/401/401 
f 401/401/401 403/403/403 493/493/493 
f 403/403/403 494/494/494 493/493/493 
f 493/493/493 494/494/494 495/495/495 
f 494/494/494 496/496/496 495/495/495 
f 495/495/495 496/496/496 496/496/496 
f 496/496/496 493/493/493 496/496/496 
f 496/496/496 493/493/493 493/493/493 
f 493/493/493 495/495/495 493/493/493 
f 493/493/493 495/495/495 497/497/497 
f 495/495/495 498/498/498 497/497/497 
f 497/497/497 498/498/498 498/498/498 
f 498/498/498 499/499/499 498/498/498 
f 498/498/498 499/499/499 499/499/499 
f 499/499/499 500/500/500 499/499/499 
f 499/499/499 500/500/500 501/501/501 
f 500/500/500 502/502/502 501/501/501 
f 501/501/501 502/502/502 503/503/503 
f 502/502/502 504/504/504 503/503/503 
f 503/503/503 504/504/504 505/505/505 
f 504/504/504 506/506/506 505/505/505 
f 505/505/505 506/506/506 507/507/507 
f 506/506/506 508/508/508 507/507/507 
f 507/507/507 508/508/508 508/508/508 
f 508/508/508 500/500/500 508/508/508 
f 508/508/508 500/500/500 500/500/500 
f 500/500/500 509/509/509 500/500/500 
f 500/500/500 509/509/509 502/502/502 
f 509/509/509 510/510/510 502/502/502 
f 502/502/502 510/510/510 504/504/504 
f 510/510/510 511/511/511 504/504/504 
f 504/504/504 511/511/511 506/506/506 
f 511/511/511 512/512/512 506/506/506 
f 506/506/506 512/512/512 508/508/508 
f 512/512/512 513/513/513 508/508/508 
f 508/508/508 513/513/513 513/513/513 
f 513/513/513 509/509/509 513/513/513 
f 513/513/513 509/509/509 509/509/509 
f 509/509/509 514/514/514 509/509/509 
f 509/509/509 514/514/514 510/510/510 
f 514/514/514 515/515/515 510/510/510 
f 510/510/510 515/515/515 511/511/511 
f 515/515/515 516/516/516 511/511/511 
f 511/511/511 516/516/516 512/512/512 
f 516/516/516 517/517/517 512/512/512 
f 512/512/512 517/517/517 513/513/513 
f 517/517/517 518/518/518 513/513/513 
f 513/513/513 518/518/518 518/518/518 
f 518/518/518 514/514/514 518/518/518 
f 518/518/518 514/514/514 514/514/514 
f 514/514/514 519/519/519 514/514/514 
f 514/514/514 519/519/519 515/515/515 
f 519/519/519 520/520/520 515/515/515 
f 515/515/515 520/520/520 516/516/516 
f 520/520/520 521/521/521 516/516/516 
f 516/516/516 521/521/521 517/517/517 
f 521/521/521 522/522/522 517/517/517 
f 517/517/517 522/522/522 518/518/518 
f 522/522/522 523/523/523 518/518/518 
f 518/518/518 523/523/523 523/523/523 
f 523/523/523 519/519/519 523/523/523 
f 523/523/523 519/519/519 519/519/519 
f 519/519/519 524/524/524 519/519/519 
f 519/519/519 524/524/524 520/520/520 
f 524/524/524 525/525/525 520/520/520 
f 520/520/520 525/525/525 521/521/521 
f 525/525/525 526/526/526 521/521/521 
f 521/521/521 526/526/526 522/522/522 
f 526/526/526 527/527/527 522/522/522 
f 522/522/522 527/527/527 523/523/523 
f 527/527/527 528/528/528 523/523/523 
f 523/523/523 528/528/528 528/528/528 
f 528/528/528 524/524/524 528/528/528 
f 528/528/528 524/524/524 524/524/524 
f 524/524/524 529/529/529 524/524/524 
f 524/524/524 529/529/529 525/525/525 
f 529/529/529 530/530/530 525/525/525 
f 525/525/525 530/530/530 526/526/526 
f 530/530/530 531/531/531 526/526/526 
f 526/526/526 531/531/531 527/527/527 
f 531/531/531 532/532/532 527/527/527 
f 527/527/527 532/532/532 528/528/528 
f 532/532/532 533/533/533 528/528/528 
f 528/528/528 533/533/533 533/533/533 
f 533/533/533 534/534/534 533/533/533 
f 533/533/533 534/534/534 534/534/534 
f 534/534/534 535/535/535 534/534/534 
f 534/534/534 535/535/535 536/536/536 
f 535/535/535 537/537/537 536/536/536 
f 536/536/536 537/537/537 537/537/537 
f 537/537/537 535/535/535 537/537/537 
f 537/537/537 535/535/535 535/535/535 
f 535/535/535 538/538/538 535/535/535 
f 535/535/535 538/538/538 537/537/537 
f 538/538/538 539/539/539 537/537/537 
f 537/537/537 539/539/539 539/539/539 
f 539/539/539 538/538/538 539/539/539 
f 539/539/539 538/538/538 538/538/538 
f 538/538/538 540/540/540 538/538/538 
f 538/538/538 540/540/540 539/539/539 
f 540/540/540 541/541/541 539/539/539 
f 539/539/539 541/541/541 541/541/541 
f 541/541/541 540/540/540 541/541/541 
f 541/541/541 540/540/540 540/540/540 
f 540/540/540 542/542/542 540/540/540 
f 540/540/540 542/542/542 541/541/541 
f 542/542/542 543/543/543 541/541/541 
f 541/541/541 543/543/543 543/543/543 
f 543/543/543 544/544/544 543/543/543 
f 543/543/543 544/544/544 544/544/544 
f 544/544/544 545/545/545 544/544/544 
f 544/544/544 545/545/545 546/546/546 
f 545/545/545 547/547/547 546/546/546 
f 546/546/546 547/547/547 547/547/547 
f 547/547/547 545/545/545 547/547/547 
f 547/547/547 545/545/545 545/545/545 
f 545/545/545 548/548/548 545/545/545 
f 545/545/545 548/548/548 547/547/547 
f 548/548/548 549/549/549 547/547/547 
f 547/547/547 549/549/549 549/549/549 
f 549/549/549 548/548/548 549/549/549 
f 549/549/549 548/548/548 548/548/548 
f 548/548/548 550/550/550 548/548/548 
f 548/548/548 550/550/550 549/549/549 
f 550/550/550 551/551/551 549/549/549 
f 549/549/549 551/551/551 551/551/551 
f 551/551/551 550/550/550 551/551/551 
f 551/551/551 550/550/550 550/550/550 
f 550/550/550 552/552/552 550/550/550 
f 550/550/550 552/552/552 551/551/551 
f 552/552/552 553/553/553 551/551/551 
f 551/551/551 553/553/553 553/553/553 
f 553/553/553 135/135/135 553/553/553 
f 553/553/553 135/135/135 135/135/135 
f 135/135/135 137/137/137 135/135/135 
f 135/135/135 137/137/137 554/554/554 
f 137/137/137 555/555/555 554/554/554 
f 554/554/554 555/555/555 556/556/556 
f 555/555/555 557/557/557 556/556/556 
f 556/556/556 557/557/557 557/557/557 
f 557/557/557 554/554/554 557/557/557 
f 557/557/557 554/554/554 554/554/554 
f 554/554/554 556/556/556 554/554/554 
f 554/554/554 556/556/556 558/558/558 
f 556/556/556 559/559/559 558/558/558 
f 558/558/558 559/559/559 559/559/559 
f 559/559/559 560/560/560 559/559/559 
f 559/559/559 560/560/560 560/560/560 
f 560/560/560 561/561/561 560/560/560 
f 560/560/560 561/561/561 562/562/562 
f 561/561/561 563/563/563 562/562/562 
f 562/562/562 563/563/563 563/563/563 
f 563/563/563 564/564/564 563/563/563 
f 563/563/563 564/564/564 564/564/564 
f 564/564/564 565/565/565 564/564/564 
f 564/564/564 565/565/565 566/566/566 
f 565/565/565 567/567/567 566/566/566 
f 566/566/566 567/567/567 568/568/568 
f 567/567/567 569/569/569 568/568/568 
f 568/568/568 569/569/569 569/569/569 
f 569/569/569 565/565/565 569/569/569 
f 569/569/569 565/565/565 565/565/565 
f 565/565/565 570/570/570 565/565/565 
f 565/565/565 570/570/570 567/567/567 
f 570/570/570 571/571/571 567/567/567 
f 567/567/567 571/571/571 569/569/569 
f 571/571/571 572/572/572 569/569/569 
f 569/569/569 572/572/572 572/572/572 
f 572/572/572 570/570/570 572/572/572 
f 572/572/572 570/570/570 570/570/570 
f 570/570/570 573/573/573 570/570/570 
f 570/570/570 573/573/573 571/571/571 
f 573/573/573 574/574/574 571/571/571 
f 571/571/571 574/574/574 572/572/572 
f 574/574/574 575/575/575 572/572/572 
f 572/572/572 575/575/575 575/575/575 
f 575/575/575 573/573/573 575/575/575 
f 575/575/575 573/573/573 573/573/573 
f 573/573/573 576/576/576 573/573/573 
f 573/573/573 576/576/576 574/574/574 
f 576/576/576 577/577/577 574/574/574 
f 574/574/574 577/577/577 575/575/575 
f 577/577/577 578/578/578 575/575/575 
f 575/575/575 578/578/578 578/578/578 
f 578/578/578 579/579/579 578/578/578 
f 578/578/578 579/579/579 579/579/579 
f 579/579/579 580/580/580 579/579/579 
f 579/579/579 580/580/580 581/581/581 
f 580/580/580 582/582/582 581/581/581 
f 581/581/581 582/582/582 583/583/583 
f 582/582/582 584/584/584 583/583/583 
f 583/583/583 584/584/584 584/584/584 
f 584/584/584 580/580/580 584/584/584 
f 584/584/584 580/580/580 580/580/580 
f 580/580/580 585/585/585 580/580/580 
f 580/580/580 585/585/585 582/582/582 
f 585/585/585 586/586/586 582/582/582 
f 582/582/582 586/586/586 584/584/584 
f 586/586/586 587/587/587 584/584/584 
f 584/584/584 587/587/587 587/587/587 
f 587/587/587 585/585/585 587/587/587 
f 587/587/587 585/585/585 585/585/585 
f 585/585/585 588/588/588 585/585/585 
f 585/585/585 588/588/588 586/586/586 
f 588/588/588 589/589/589 586/586/586 
f 586/586/586 589/589/589 587/587/587 
f 589/589/589 590/590/590 587/587/587 
f 587/587/587 590/590/590 590/590/590 
f 590/590/590 588/588/588 590/590/590 
f 590/590/590 588/588/588 588/588/588 
f 588/588/588 591/591/591 588/588/588 
f 588/588/588 591/591/591 589/589/589 
f 591/591/591 592/592/592 589/589/589 
f 589/589/589 592/592/592 590/590/590 
f 592/592/592 593/593/593 590/590/590 
f 590/590/590 593/593/593 593/593/593 
f 593/593/593 594/594/594 593/593/593 
f 593/593/593 594/594/594 594/594/594 
f 594/594/594 595/595/595 594/594/594 
f 594/594/594 595/595/595 596/596/596 
f 595/595/595 597/597/597 596/596/596 
f 596/596/596 597/597/597 597/597/597 
f 597/597/597 598/598/598 597/597/597 
f 597/597/597 598/598/598 598/598/598 
f 598/598/598 599/599/599 598/598/598 
f 598/598/598 599/599/599 600/600/600 
f 599/599/599 601/601/601 600/600/600 
f 600/600/600 601/601/601 602/602/602 
f 601/601/601 603/603/603 602/602/602 
f 602/602/602 603/603/603 604/604/604 
f 603/603/603 605/605/605 604/604/604 
f 604/604/604 605/605/605 605/605/605 
f 605/605/605 603/603/603 605/605/605 
f 605/605/605 603/603/603 603/603/603 
f 603/603/603 606/606/606 603/603/603 
f 603/603/603 606/606/606 605/605/605 
f 606/606/606 607/607/607 605/605/605 
f 605/605/605 607/607/607 607/607/607 
f 607/607/607 606/606/606 607/607/607 
f 607/607/607 606/606/606 608/608/608 
f 606/606/606 609/609/609 608/608/608 
f 608/608/608 609/609/609 609/609/609 
f 609/609/609 606/606/606 609/609/609 
f 609/609/609 606/606/606 606/606/606 
f 606/606/606 610/610/610 606/606/606 
f 606/606/606 610/610/610 609/609/609 
f 610/610/610 611/611/611 609/609/609 
f 609/609/609 611/611/611 611/611/611 
f 611/611/611 610/610/610 611/611/611 
f 611/611/611 610/610/610 612/612/612 
f 610/610/610 601/601/601 612/612/612 
f 612/612/612 601/601/601 599/599/599 
f 601/601/601 599/599/599 599/599/599 
f 599/599/599 599/599/599 613/613/613 
f 599/599/599 613/613/613 613/613/613 
f 613/613/613 613/613/613 613/613/613 
f 613/613/613 614/614/614 613/613/613 
f 613/613/613 614/614/614 615/615/615 
f 614/614/614 616/616/616 615/615/615 
f 615/615/615 616/616/616 617/617/617 
f 616/616/616 617/617/617 617/617/617 
f 617/617/617 617/617/617 617/617/617 
f 617/617/617 618/618/618 617/617/617 
f 617/617/617 618/618/618 615/615/615 
f 618/618/618 619/619/619 615/615/615 
f 615/615/615 619/619/619 619/619/619 
f 619/619/619 618/618/618 619/619/619 
f 619/619/619 618/618/618 618/618/618 
f 618/618/618 620/620/620 618/618/618 
f 618/618/618 620/620/620 619/619/619 
f 620/620/620 621/621/621 619/619/619 
f 619/619/619 621/621/621 622/622/622 
f 621/621/621 623/623/623 622/622/622 
f 622/622/622 623/623/623 624/624/624 
f 623/623/623 624/624/624 624/624/624 
f 624/624/624 624/624/624 624/624/624 
f 624/624/624 625/625/625 624/624/624 
f 624/624/624 625/625/625 622/622/622 
f 625/625/625 626/626/626 622/622/622 
f 622/622/622 626/626/626 619/619/619 
f 626/626/626 619/619/619 619/619/619 
f 619/619/619 619/619/619 627/627/627 
f 619/619/619 627/627/627 627/627/627 
f 627/627/627 627/627/627 627/627/627 
f 627/627/627 628/628/628 627/627/627 
f 627/627/627 628/628/628 629/629/629 
f 628/628/628 630/630/630 629/629/629 
f 629/629/629 630/630/630 630/630/630 
f 630/630/630 631/631/631 630/630/630 
f 630/630/630 631/631/631 631/631/631 
f 631/631/631 632/632/632 631/631/631 
f 631/631/631 632/632/632 633/633/633 
f 632/632/632 634/634/634 633/633/633 
f 633/633/633 634/634/634 634/634/634 
f 634/634/634 632/632/632 634/634/634 
f 634/634/634 632/632/632 632/632/632 
f 632/632/632 635/635/635 632/632/632 
f 632/632/632 635/635/635 634/634/634 
f 635/635/635 636/636/636 634/634/634 
f 634/634/634 636/636/636 636/636/636 
f 636/636/636 635/635/635 636/636/636 
f 636/636/636 635/635/635 635/635/635 
f 635/635/635 637/637/637 635/635/635 
f 635/635/635 637/637/637 636/636/636 
f 637/637/637 638/638/638 636/636/636 
f 636/636/636 638/638/638 638/638/638 
f 638/638/638 637/637/637 638/638/638 
f 638/638/638 637/637/637 637/637/637 
f 637/637/637 639/639/639 637/637/637 
f 637/637/637 639/639/639 638/638/638 
f 639/639/639 640/640/640 638/638/638 
f 638/638/638 640/640/640 640/640/640 
f 640/640/640 641/641/641 640/640/640 
f 640/640/640 641/641/641 641/641/641 
f 641/641/641 642/642/642 641/641/641 
f 641/641/641 642/642/642 643/643/643 
f 642/642/642 644/644/644 643/643/643 
f 643/643/643 644/644/644 644/644/644 
f 644/644/644 642/642/642 644/644/644 
f 644/644/644 642/642/642 642/642/642 
f 642/642/642 645/645/645 642/642/642 
f 642/642/642 645/645/645 644/644/644 
f 645/645/645 646/646/646 644/644/644 
f 644/644/644 646/646/646 646/646/646 
f 646/646/646 645/645/645 646/646/646 
f 646/646/646 645/645/645 645/645/645 
f 645/645/645 647/647/647 645/645/645 
f 645/645/645 647/647/647 646/646/646 
f 647/647/647 648/648/648 646/646/646 
f 646/646/646 648/648/648 648/648/648 
f 648/648/648 647/647/647 648/648/648 
f 648/648/648 647/647/647 647/647/647 
f 647/647/647 649/649/649 647/647/647 
f 647/647/647 649/649/649 648/648/648 
f 649/649/649 650/650/650 648/648/648 
f 648/648/648 650/650/650 650/650/650 
f 650/650/650 651/651/651 650/650/650 
f 650/650/650 651/651/651 651/651/651 
f 651/651/651 652/652/652 651/651/651 
f 651/651/651 652/652/652 653/653/653 
f 652/652/652 654/654/654 653/653/653 
f 653/653/653 654/654/654 654/654/654 
f 654/654/654 652/652/652 654/654/654 
f 654/654/654 652/652/652 652/652/652 
f 652/652/652 655/655/655 652/652/652 
f 652/652/652 655/655/655 654/654/654 
f 655/655/655 656/656/656 654/654/654 
f 654/654/654 656/656/656 656/656/656 
f 656/656/656 655/655/655 656/656/656 
f 656/656/656 655/655/655 655/655/655 
f 655/655/655 657/657/657 655/655/655 
f 655/655/655 657/657/657 656/656/656 
f 657/657/657 658/658/658 656/656/656 
f 656/656/656 658/658/658 658/658/658 
f 658/658/658 657/657/657 658/658/658 
f 658/658/658 657/657/657 657/657/657 
f 657/657/657 659/659/659 657/657/657 
f 657/657/657 659/659/659 658/658/658 
f 659/659/659 660/660/660 658/658/658 
f 658/658/658 660/660/660 660/660/660 
f 660/660/660 661/661/661 660/660/660 
f 660/660/660 661/661/661 661/661/661 
f 661/661/661 662/662/662 661/661/661 
f 661/661/661 662/662/662 663/663/663 
f 662/662/662 664/664/664 663/663/663 
f 663/663/663 664/664/664 665/665/665 
f 664/664/664 666/666/666 665/665/665 
f 665/665/665 666/666/666 667/667/667 
f 666/666/666 668/668/668 667/667/667 
f 667/667/667 668/668/668 668/668/668 
f 668/668/668 669/669/669 668/668/668 
f 668/668/668 669/669/669 669/669/669 
f 669/669/669 670/670/670 669/669/669 
f 669/669/669 670/670/670 671/671/671 
f 670/670/670 672/672/672 671/671/671 
f 671/671/671 672/672/672 673/673/673 
f 672/672/672 674/674/674 673/673/673 
f 673/673/673 674/674/674 674/674/674 
f 674/674/674 670/670/670 674/674/674 
f 674/674/674 670/670/670 670/670/670 
f 670/670/670 675/675/675 670/670/670 
f 670/670/670 675/675/675 672/672/672 
f 675/675/675 676/676/676 672/672/672 
f 672/672/672 676/676/676 674/674/674 
f 676/676/676 677/677/677 674/674/674 
f 674/674/674 677/677/677 677/677/677 
f 677/677/677 675/675/675 677/677/677 
f 677/677/677 675/675/675 675/675/675 
f 675/675/675 678/678/678 675/675/675 
f 675/675/675 678/678/678 676/676/676 
f 678/678/678 679/679/679 676/676/676 
f 676/676/676 679/679/679 677/677/677 
f 679/679/679 680/680/680 677/677/677 
f 677/677/677 680/680/680 680/680/680 
f 680/680/680 678/678/678 680/680/680 
f 680/680/680 678/678/678 678/678/678 
f 678/678/678 681/681/681 678/678/678 
f 678/678/678 681/681/681 679/679/679 
f 681/681/681 682/682/682 679/679/679 
f 679/679/679 682/682/682 680/680/680 
f 682/682/682 683/683/683 680/680/680 
f 680/680/680 683/683/683 683/683/683 
f 683/683/683 684/684/684 683/683/683 
f 683/683/683 684/684/684 684/684/684 
f 684/684/684 685/685/685 684/684/684 
f 684/684/684 685/685/685 686/686/686 
f 685/685/685 687/687/687 686/686/686 
f 686/686/686 687/687/687 687/687/687 
f 687/687/687 685/685/685 687/687/687 
f 687/687/687 685/685/685 685/685/685 
f 685/685/685 688/688/688 685/685/685 
f 685/685/685 688/688/688 687/687/687 
f 688/688/688 689/689/689 687/687/687 
f 687/687/687 689/689/689 689/689/689 
f 689/689/689 690/690/690 689/689/689 
f 689/689/689 690/690/690 690/690/690 
f 690/690/690 691/691/691 690/690/690 
f 690/690/690 691/691/691 692/692/692 
f 691/691/691 693/693/693 692/692/692 
f 692/692/692 693/693/693 694/694/694 
f 693/693/693 695/695/695 694/694/694 
f 694/694/694 695/695/695 695/695/695 
f 695/695/695 696/696/696 695/695/695 
f 695/695/695 696/696/696 696/696/696 
f 696/696/696 697/697/697 696/696/696 
f 696/696/696 697/697/697 698/698/698 
f 697/697/697 699/699/699 698/698/698 
f 698/698/698 699/699/699 700/700/700 
f 699/699/699 700/700/700 700/700/700 
f 700/700/700 700/700/700 700/700/700 
f 700/700/700 701/701/701 700/700/700 
f 700/700/700 701/701/701 698/698/698 
f 701/701/701 702/702/702 698/698/698 
f 698/698/698 702/702/702 702/702/702 
f 702/702/702 701/701/701 702/702/702 
f 702/702/702 701/701/701 701/701/701 
f 701/701/701 703/703/703 701/701/701 
f 701/701/701 703/703/703 702/702/702 
f 703/703/703 704/704/704 702/702/702 
f 702/702/702 704/704/704 705/705/705 
f 704/704/704 706/706/706 705/705/705 
f 705/705/705 706/706/706 707/707/707 
f 706/706/706 707/707/707 707/707/707 
f 707/707/707 707/707/707 707/707/707 
f 707/707/707 708/708/708 707/707/707 
f 707/707/707 708/708/708 705/705/705 
f 708/708/708 709/709/709 705/705/705 
f 705/705/705 709/709/709 702/702/702 
f 709/709/709 702/702/702 702/702/702 
f 702/702/702 702/702/702 710/710/710 
f 702/702/702 710/710/710 710/710/710 
f 710/710/710 710/710/710 710/710/710 
f 710/710/710 711/711/711 710/710/710 
f 710/710/710 711/711/711 712/712/712 
f 711/711/711 713/713/713 712/712/712 
f 712/712/712 713/713/713 714/714/714 
f 713/713/713 715/715/715 714/714/714 
f 714/714/714 715/715/715 716/716/716 
f 715/715/715 717/717/717 716/716/716 
f 716/716/716 717/717/717 718/718/718 
f 717/717/717 719/719/719 718/718/718 
f 718/718/718 719/719/719 719/719/719 
f 719/719/719 711/711/711 719/719/719 
f 719/719/719 711/711/711 711/711/711 
f 711/711/711 720/720/720 711/711/711 
f 711/711/711 720/720/720 713/713/713 
f 720/720/720 721/721/721 713/713/713 
f 713/713/713 721/721/721 715/715/715 
f 721/721/721 722/722/722 715/715/715 
f 715/715/715 722/722/722 717/717/717 
f 722/722/722 723/723/723 717/717/717 
f 717/717/717 723/723/723 719/719/719 
f 723/723/723 724/724/724 719/719/719 
f 719/719/719 724/724/724 724/724/724 
f 724/724/724 720/720/720 724/724/724 
f 724/724/724 720/720/720 720/720/720 
f 720/720/720 725/725/725 720/720/720 
f 720/720/720 725/725/725 721/721/721 
f 725/725/725 726/726/726 721/721/721 
f 721/721/721 726/726/726 722/722/722 
f 726/726/726 727/727/727 722/722/722 
f 722/722/722 727/727/727 723/723/723 
f 727/727/727 728/728/728 723/723/723 
f 723/723/723 728/728/728 724/724/724 
f 728/728/728 729/729/729 724/724/724 
f 724/724/724 729/729/729 729/729/729 
f 729/729/729 725/725/725 729/729/729 
f 729/729/729 725/725/725 725/725/725 
f 725/725/725 730/730/730 725/725/725 
f 725/725/725 730/730/730 726/726/726 
f 730/730/730 731/731/731 726/726/726 
f 726/726/726 731/731/731 727/727/727 
f 731/731/731 732/732/732 727/727/727 
f 727/727/727 732/732/732 728/728/728 
f 732/732/732 733/733/733 728/728/728 
f 728/728/728 733/733/733 729/729/729 
f 733/733/733 734/734/734 729/729/729 
f 729/729/729 734/734/734 734/734/734 
f 734/734/734 730/730/730 734/734/734 
f 734/734/734 730/730/730 730/730/730 
f 730/730/730 735/735/735 730/730/730 
f 730/730/730 735/735/735 731/731/731 
f 735/735/735 736/736/736 731/731/731 
f 731/731/731 736/736/736 732/732/732 
f 736/736/736 737/737/737 732/732/732 
f 732/732/732 737/737/737 733/733/733 
f 737/737/737 738/738/738 733/733/733 
f 733/733/733 738/738/738 734/734/734 
f 738/738/738 739/739/739 734/734/734 
f 734/734/734 739/739/739 739/739/739 
f 739/739/739 735/735/735 739/739/739 
f 739/739/739 735/735/735 735/735/735 
f 735/735/735 740/740/740 735/735/735 
f 735/735/735 740/740/740 736/736/736 
f 740/740/740 741/741/741 736/736/736 
f 736/736/736 741/741/741 737/737/737 
f 741/741/741 742/742/742 737/737/737 
f 737/737/737 742/742/742 738/738/738 
f 742/742/742 743/743/743 738/738/738 
f 738/738/738 743/743/743 739/739/739 
f 743/743/743 744/744/744 739/739/739 
f 739/739/739 744/744/744 744/744/744 
f 744/744/744 123/123/123 744/744/744 
f 744/744/744 123/123/123 123/123/123 
f 123/123/123 745/745/745 123/123/123 
f 123/123/123 745/745/745 746/746/746 
f 745/745/745 747/747/747 746/746/746 
f 746/746/746 747/747/747 124/124/124 
f 747/747/747 748/748/748 124/124/124 
f 124/124/124 748/748/748 131/131/131 
f 748/748/748 749/749/749 131/131/131 
f 131/131/131 749/749/749 749/749/749 
f 749/749/749 750/750/750 749/749/749 
f 749/749/749 750/750/750 750/750/750 
f 750/750/750 751/751/751 750/750/750 
f 750/750/750 751/751/751 752/752/752 
f 751/751/751 753/753/753 752/752/752 
f 752/752/752 753/753/753 754/754/754 
f 753/753/753 755/755/755 754/754/754 
f 754/754/754 755/755/755 755/755/755 
f 755/755/755 756/756/756 755/755/755 
f 755/755/755 756/756/756 756/756/756 
f 756/756/756 757/757/757 756/756/756 
f 756/756/756 757/757/757 758/758/758 
f 757/757/757 759/759/759 758/758/758 
f 758/758/758 759/759/759 759/759/759 
f 759/759/759 757/757/757 759/759/759 
f 759/759/759 757/757/757 757/757/757 
f 757/757/757 760/760/760 757/757/757 
f 757/757/757 760/760/760 759/759/759 
f 760/760/760 761/761/761 759/759/759 
f 759/759/759 761/761/761 761/761/761 
f 761/761/761 760/760/760 761/761/761 
f 761/761/761 760/760/760 760/760/760 
f 760/760/760 762/762/762 760/760/760 
f 760/760/760 762/762/762 761/761/761 
f 762/762/762 763/763/763 761/761/761 
f 761/761/761 763/763/763 763/763/763 
f 763/763/763 762/762/762 763/763/763 
f 763/763/763 762/762/762 762/762/762 
f 762/762/762 764/764/764 762/762/762 
f 762/762/762 764/764/764 763/763/763 
f 764/764/764 765/765/765 763/763/763 
f 763/763/763 765/765/765 765/765/765 
f 765/765/765 766/766/766 765/765/765 
f 765/765/765 766/766/766 766/766/766 
f 766/766/766 767/767/767 766/766/766 
f 766/766/766 767/767/767 768/768/768 
f 767/767/767 769/769/769 768/768/768 
f 768/768/768 769/769/769 770/770/770 
f 769/769/769 771/771/771 770/770/770 
f 770/770/770 771/771/771 771/771/771 
f 771/771/771 772/772/772 771/771/771 
f 771/771/771 772/772/772 772/772/772 
f 772/772/772 773/773/773 772/772/772 
f 772/772/772 773/773/773 774/774/774 
f 773/773/773 775/775/775 774/774/774 
f 774/774/774 775/775/775 776/776/776 
f 775/775/775 777/777/777 776/776/776 
f 776/776/776 777/777/777 778/778/778 
f 777/777/777 779/779/779 778/778/778 
f 778/778/778 779/779/779 780/780/780 
f 779/779/779 781/781/781 780/780/780 
f 780/780/780 781/781/781 781/781/781 
f 781/781/781 775/775/775 781/781/781 
f 781/781/781 775/775/775 775/775/775 
f 775/775/775 782/782/782 775/775/775 
f 775/775/775 782/782/782 777/777/777 
f 782/782/782 783/783/783 777/777/777 
f 777/777/777 783/783/783 779/779/779 
f 783/783/783 779/779/779 779/779/779 
f 779/779/779 779/779/779 784/784/784 
f 779/779/779 784/784/784 784/784/784 
f 784/784/784 784/784/784 784/784/784 
f 784/784/784 785/785/785 784/784/784 
f 784/784/784 785/785/785 786/786/786 
f 785/785/785 787/787/787 786/786/786 
f 786/786/786 787/787/787 787/787/787 
f 787/787/787 785/785/785 787/787/787 
f 787/787/787 785/785/785 785/785/785 
f 785/785/785 788/788/788 785/785/785 
f 785/785/785 788/788/788 787/787/787 
f 788/788/788 789/789/789 787/787/787 
f 787/787/787 789/789/789 789/789/789 
f 789/789/789 790/790/790 789/789/789 
f 789/789/789 790/790/790 790/790/790 
f 790/790/790 791/791/791 790/790/790 
f 790/790/790 791/791/791 792/792/792 
f 791/791/791 793/793/793 792/792/792 
f 792/792/792 793/793/793 794/794/794 
f 793/793/793 794/794/794 794/794/794 
f 794/794/794 794/794/794 794/794/794 
f 794/794/794 795/795/795 794/794/794 
f 794/794/794 795/795/795 792/792/792 
f 795/795/795 796/796/796 792/792/792 
f 792/792/792 796/796/796 797/797/797 
f 796/796/796 797/797/797 797/797/797 
f 797/797/797 797/797/797 797/797/797 
f 797/797/797 798/798/798 797/797/797 
f 797/797/797 798/798/798 792/792/792 
f 798/798/798 799/799/799 792/792/792 
f 792/792/792 799/799/799 800/800/800 
f 799/799/799 800/800/800 800/800/800 
f 800/800/800 800/800/800 801/801/801 
f 800/800/800 801/801/801 801/801/801 
f 801/801/801 801/801/801 801/801/801 
f 801/801/801 802/802/802 801/801/801 
f 801/801/801 802/802/802 803/803/803 
f 802/802/802 804/804/804 803/803/803 
f 803/803/803 804/804/804 805/805/805 
f 804/804/804 806/806/806 805/805/805 
f 805/805/805 806/806/806 807/807/807 
f 806/806/806 808/808/808 807/807/807 
f 807/807/807 808/808/808 809/809/809 
f 808/808/808 810/810/810 809/809/809 
f 809/809/809 810/810/810 811/811/811 
f 810/810/810 812/812/812 811/811/811 
f 811/811/811 812/812/812 813/813/813 
f 812/812/812 814/814/814 813/813/813 
f 813/813/813 814/814/814 815/815/815 
f 814/814/814 816/816/816 815/815/815 
f 815/815/815 816/816/816 817/817/817 
f 816/816/816 818/818/818 817/817/817 
f 817/817/817 818/818/818 819/819/819 
f 818/818/818 820/820/820 819/819/819 
f 819/819/819 820/820/820 821/821/821 
f 820/820/820 822/822/822 821/821/821 
f 821/821/821 822/822/822 823/823/823 
f 822/822/822 824/824/824 823/823/823 
f 823/823/823 824/824/824 825/825/825 
f 824/824/824 826/826/826 825/825/825 
f 825/825/825 826/826/826 827/827/827 
f 826/826/826 828/828/828 827/827/827 
f 827/827/827 828/828/828 829/829/829 
f 828/828/828 830/830/830 829/829/829 
f 829/829/829 830/830/830 831/831/831 
f 830/830/830 832/832/832 831/831/831 
f 831/831/831 832/832/832 833/833/833 
f 832/832/832 834/834/834 833/833/833 
f 833/833/833 834/834/834 835/835/835 
f 834/834/834 836/836/836 835/835/835 
f 835/835/835 836/836/836 837/837/837 
f 836/836/836 838/838/838 837/837/837 
f 837/837/837 838/838/838 839/839/839 
f 838/838/838 840/840/840 839/839/839 
f 839/839/839 840/840/840 841/841/841 
f 840/840/840 842/842/842 841/841/841 
f 841/841/841 842/842/842 843/843/843 
f 842/842/842 844/844/844 843/843/843 
f 843/843/843 844/844/844 845/845/845 
f 844/844/844 846/846/846 845/845/845 
f 845/845/845 846/846/846 847/847/847 
f 846/846/846 848/848/848 847/847/847 
f 847/847/847 848/848/848 801/801/801 
f 848/848/848 802/802/802 801/801/801 
f 801/801/801 802/802/802 802/802/802 
f 802/802/802 848/848/848 802/802/802 
f 802/802/802 848/848/848 848/848/848 
f 848/848/848 849/849/849 848/848/848 
f 848/848/848 849/849/849 802/802/802 
f 849/849/849 850/850/850 802/802/802 
f 802/802/802 850/850/850 804/804/804 
f 850/850/850 851/851/851 804/804/804 
f 804/804/804 851/851/851 806/806/806 
f 851/851/851 852/852/852 806/806/806 
f 806/806/806 852/852/852 808/808/808 
f 852/852/852 853/853/853 808/808/808 
f 808/808/808 853/853/853 810/810/810 
f 853/853/853 854/854/854 810/810/810 
f 810/810/810 854/854/854 812/812/812 
f 854/854/854 855/855/855 812/812/812 
f 812/812/812 855/855/855 814/814/814 
f 855/855/855 856/856/856 814/814/814 
f 814/814/814 856/856/856 816/816/816 
f 856/856/856 857/857/857 816/816/816 
f 816/816/816 857/857/857 818/818/818 
f 857/857/857 858/858/858 818/818/818 
f 818/818/818 858/858/858 820/820/820 
f 858/858/858 859/859/859 820/820/820 
f 820/820/820 859/859/859 822/822/822 
f 859/859/859 860/860/860 822/822/822 
f 822/822/822 860/860/860 824/824/824 
f 860/860/860 861/861/861 824/824/824 
f 824/824/824 861/861/861 826/826/826 
f 861/861/861 862/862/862 826/826/826 
f 826/826/826 862/862/862 828/828/828 
f 862/862/862 863/863/863 828/828/828 
f 828/828/828 863/863/863 830/830/830 
f 863/863/863 864/864/864 830/830/830 
f 830/830/830 864/864/864 832/832/832 
f 864/864/864 865/865/865 832/832/832 
f 832/832/832 865/865/865 834/834/834 
f 865/865/865 866/866/866 834/834/834 
f 834/834/834 866/866/866 836/836/836 
f 866/866/866 867/867/867 836/836/836 
f 836/836/836 867/867/867 838/838/838 
f 867/867/867 868/868/868 838/838/838 
f 838/838/838 868/868/868 840/840/840 
f 868/868/868 869/869/869 840/840/840 
f 840/840/840 869/869/869 842/842/842 
f 869/869/869 870/870/870 842/842/842 
f 842/842/842 870/870/870 844/844/844 
f 870/870/870 871/871/871 844/844/844 
f 844/844/844 871/871/871 846/846/846 
f 871/871/871 872/872/872 846/846/846 
f 846/846/846 872/872/872 848/848/848 
f 872/872/872 849/849/849 848/848/848 
f 848/848/848 849/849/849 849/849/849 
f 849/849/849 873/873/873 849/849/849 
f 849/849/849 873/873/873 873/873/873 
f 873/873/873 874/874/874 873/873/873 
f 873/873/873 874/874/874 875/875/875 
f 874/874/874 876/876/876 875/875/875 
f 875/875/875 876/876/876 877/877/877 
f 876/876/876 878/878/878 877/877/877 
f 877/877/877 878/878/878 879/879/879 
f 878/878/878 880/880/880 879/879/879 
f 879/879/879 880/880/880 881/881/881 
f 880/880/880 882/882/882 881/881/881 
f 881/881/881 882/882/882 883/883/883 
f 882/882/882 884/884/884 883/883/883 
f 883/883/883 884/884/884 885/885/885 
f 884/884/884 886/886/886 885/885/885 
f 885/885/885 886/886/886 887/887/887 
f 886/886/886 888/888/888 887/887/887 
f 887/887/887 888/888/888 889/889/889 
f 888/888/888 890/890/890 889/889/889 
f 889/889/889 890/890/890 891/891/891 
f 890/890/890 892/892/892 891/891/891 
f 891/891/891 892/892/892 893/893/893 
f 892/892/892 894/894/894 893/893/893 
f 893/893/893 894/894/894 895/895/895 
f 894/894/894 896/896/896 895/895/895 
f 895/895/895 896/896/896 897/897/897 
f 896/896/896 898/898/898 897/897/897 
f 897/897/897 898/898/898 899/899/899 
f 898/898/898 900/900/900 899/899/899 
f 899/899/899 900/900/900 901/901/901 
f 900/900/900 902/902/902 901/901/901 
f 901/901/901 902/902/902 903/903/903 
f 902/902/902 904/904/904 903/903/903 
f 903/903/903 904/904/904 905/905/905 
f 904/904/904 906/906/906 905/905/905 
f 905/905/905 906/906/906 907/907/907 
f 906/906/906 908/908/908 907/907/907 
f 907/907/907 908/908/908 909/909/909 
f 908/908/908 910/910/910 909/909/909 
f 909/909/909 910/910/910 911/911/911 
f 910/910/910 912/912/912 911/911/911 
f 911/911/911 912/912/912 913/913/913 
f 912/912/912 914/914/914 913/913/913 
f 913/913/913 914/914/914 915/915/915 
f 914/914/914 916/916/916 915/915/915 
f 915/915/915 916/916/916 917/917/917 
f 916/916/916 918/918/918 917/917/917 
f 917/917/917 918/918/918 919/919/919 
f 918/918/918 920/920/920 919/919/919 
f 919/919/919 920/920/920 873/873/873 
f 920/920/920 874/874/874 873/873/873 
f 873/873/873 874/874/874 874/874/874 
f 874/874/874 920/920/920 874/874/874 
f 874/874/874 920/920/920 920/920/920 
f 920/920/920 921/921/921 920/920/920 
f 920/920/920 921/921/921 874/874/874 
f 921/921/921 922/922/922 874/874/874 
f 874/874/874 922/922/922 876/876/876 
f 922/922/922 923/923/923 876/876/876 
f 876/876/876 923/923/923 878/878/878 
f 923/923/923 924/924/924 878/878/878 
f 878/878/878 924/924/924 880/880/880 
f 924/924/924 925/925/925 880/880/880 
f 880/880/880 925/925/925 882/882/882 
f 925/925/925 926/926/926 882/882/882 
f 882/882/882 926/926/926 884/884/884 
f 926/926/926 927/927/927 884/884/884 
f 884/884/884 927/927/927 886/886/886 
f 927/927/927 928/928/928 886/886/886 
f 886/886/886 928/928/928 888/888/888 
f 928/928/928 929/929/929 888/888/888 
f 888/888/888 929/929/929 890/890/890 
f 929/929/929 930/930/930 890/890/890 
f 890/890/890 930/930/930 892/892/892 
f 930/930/930 931/931/931 892/892/892 
f 892/892/892 931/931/931 894/894/894 
f 931/931/931 932/932/932 894/894/894 
f 894/894/894 932/932/932 896/896/896 
f 932/932/932 933/933/933 896/896/896 
f 896/896/896 933/933/933 898/898/898 
f 933/933/933 934/934/934 898/898/898 
f 898/898/898 934/934/934 900/900/900 
f 934/934/934 935/935/935 900/900/900 
f 900/900/900 935/935/935 902/902/902 
f 935/935/935 936/936/936 902/902/902 
f 902/902/902 936/936/936 904/904/904 
f 936/936/936 937/937/937 904/904/904 
f 904/904/904 937/937/937 906/906/906 
f 937/937/937 938/938/938 906/906/906 
f 906/906/906 938/938/938 908/908/908 
f 938/938/938 939/939/939 908/908/908 
f 908/908/908 939/939/939 910/910/910 
f 939/939/939 940/940/940 910/910/910 
f 910/910/910 940/940/940 912/912/912 
f 940/940/940 941/941/941 912/912/912 
f 912/912/912 941/941/941 914/914/914 
f 941/941/941 942/942/942 914/914/914 
f 914/914/914 942/942/942 916/916/916 
f 942/942/942 943/943/943 916/916/916 
f 916/916/916 943/943/943 918/918/918 
f 943/943/943 944/944/944 918/918/918 
f 918/918/918 944/944/944 920/920/920 
f 944/944/944 921/921/921 920/920/920 
f 920/920/920 921/921/921 921/921/921 
f 921/921/921 945/945/945 921/921/921 
f 921/921/921 945/945/945 945/945/945 
f 945/945/945 946/946/946 945/945/945 
f 945/945/945 946/946/946 947/947/947 
f 946/946/946 948/948/948 947/947/947 
f 947/947/947 948/948/948 949/949/949 
f 948/948/948 950/950/950 949/949/949 
f 949/949/949 950/950/950 951/951/951 
f 950/950/950 952/952/952 951/951/951 
f 951/951/951 952/952/952 953/953/953 
f 952/952/952 954/954/954 953/953/953 
f 953/953/953 954/954/954 955/955/955 
f 954/954/954 956/956/956 955/955/955 
f 955/955/955 956/956/956 957/957/957 
f 956/956/956 958/958/958 957/957/957 
f 957/957/957 958/958/958 959/959/959 
f 958/958/958 960/960/960 959/959/959 
f 959/959/959 960/960/960 961/961/961 
f 960/960/960 962/962/962 961/961/961 
f 961/961/961 962/962/962 963/963/963 
f 962/962/962 964/964/964 963/963/963 
f 963/963/963 964/964/964 965/965/965 
f 964/964/964 966/966/966 965/965/965 
f 965/965/965 966/966/966 967/967/967 
f 966/966/966 968/968/968 967/967/967 
f 967/967/967 968/968/968 945/945/945 
f 968/968/968 946/946/946 945/945/945 
f 15/15/15 969/969/969 13/13/13 
f 92/92/92 970/970/970 94/94/94 
f 391/391/391 971/971/971 389/389/389 
f 397/397/397 972/972/972 398/398/398 
f 196/196/196 973/973/973 197/197/197 
f 127/127/127 974/974/974 125/125/125 
f 604/604/604 975/975/975 602/602/602 
f 148/148/148 976/976/976 146/146/146 
f 147/147/147 154/154/154 149/149/149 
f 99/99/99 977/977/977 101/101/101 
f 290/290/290 978/978/978 289/289/289 
f 707/707/707 979/979/979 708/708/708 
f 321/321/321 980/980/980 320/320/320 
f 624/624/624 981/981/981 625/625/625 
f 800/800/800 982/982/982 792/792/792 
f 122/122/122 121/121/121 86/86/86 
f 25/25/25 983/983/983 32/32/32 
f 775/775/775 984/984/984 782/782/782 

