mtllib model_8.mtl
o model_8
v 0.4675449728965759 -0.1587199568748474 0.015423186123371124 
v 0.47400379180908203 -0.1588604599237442 0.01833021081984043 
v 0.46178439259529114 -0.15717437863349915 0.01833021081984043 
v 0.4717344641685486 -0.15605033934116364 0.022753944620490074 
v 0.46894147992134094 -0.15225668251514435 0.023975739255547523 
v 0.4827319383621216 -0.15492628514766693 0.02330164611339569 
v 0.4848267138004303 -0.15014909207820892 0.025113269686698914 
v 0.49477678537368774 -0.1493060439825058 0.023807214573025703 
v 0.48709601163864136 -0.14537188410758972 0.026924895122647285 
v 0.49931544065475464 -0.14396682381629944 0.025029009208083153 
v 0.5024575591087341 -0.139470636844635 0.025998016819357872 
v 0.5057742595672607 -0.14354529976844788 0.018751518800854683 
v 0.5096146464347839 -0.13876810669898987 0.019004303961992264 
v 0.48831796646118164 -0.14143770933151245 0.028399473056197166 
v 0.46579933166503906 -0.14495036005973816 0.026124408468604088 
v 0.4673703908920288 -0.14846301078796387 0.02515540085732937 
v 0.4499140977859497 -0.15127313137054443 0.01896217279136181 
v 0.4549764394760132 -0.1542237550020218 0.018667258322238922 
v 0.3359244465827942 0.05091499909758568 0.027009155601263046 
v 0.33836835622787476 0.04894791543483734 0.031180106103420258 
v 0.33435338735580444 0.05850232392549515 0.031180106103420258 
v 0.3373209536075592 0.05934536084532738 0.03657284751534462 
v 0.33574989438056946 0.07325545698404312 0.03657284751534462 
v 0.3484930098056793 0.06313902139663696 0.03568810224533081 
v 0.3470965027809143 0.07578456401824951 0.036362193524837494 
v 0.3734554946422577 0.08154530823230743 0.03568810224533081 
v 0.3456999957561493 0.08843009918928146 0.03657284751534462 
v 0.3724081218242645 0.09138073027133942 0.03657284751534462 
v 0.37136074900627136 0.10023260861635208 0.03657284751534462 
v 0.4033057689666748 0.09433135390281677 0.03657284751534462 
v 0.4026075303554535 0.10093513876199722 0.03657284751534462 
v 0.4272209107875824 0.10135665535926819 0.03657284751534462 
v 0.4020838439464569 0.10739841312170029 0.03657284751534462 
v 0.42687177658081055 0.10739841312170029 0.03657284751534462 
v 0.4265226721763611 0.11358067393302917 0.03657284751534462 
v 0.4452008903026581 0.10739841312170029 0.03657284751534462 
v 0.4446772038936615 0.11358067393302917 0.03657284751534462 
v 0.4563729166984558 0.11358067393302917 0.03657284751534462 
v 0.44432806968688965 0.11990344524383545 0.03657284751534462 
v 0.45602381229400635 0.11990344524383545 0.03657284751534462 
v 0.4556746780872345 0.12454014271497726 0.031180106103420258 
v 0.46440282464027405 0.11990344524383545 0.03657284751534462 
v 0.4640536904335022 0.12454014271497726 0.031180106103420258 
v 0.4724327325820923 0.12454014271497726 0.031180106103420258 
v 0.4439789652824402 0.12454014271497726 0.031180106103420258 
v 0.4258244037628174 0.12454014271497726 0.031180106103420258 
v 0.4259989559650421 0.11990344524383545 0.03657284751534462 
v 0.4012110233306885 0.11990344524383545 0.03657284751534462 
v 0.4015601575374603 0.11358067393302917 0.03657284751534462 
v 0.37048792839050293 0.11358067393302917 0.03657284751534462 
v 0.3708370625972748 0.10739841312170029 0.03657284751534462 
v 0.3439543545246124 0.10739841312170029 0.03657284751534462 
v 0.34465262293815613 0.09953007847070694 0.03657284751534462 
v 0.33313146233558655 0.09924906492233276 0.03657284751534462 
v 0.33435338735580444 0.08716554939746857 0.03657284751534462 
v 0.3313858211040497 0.08688453584909439 0.031180106103420258 
v 0.33295688033103943 0.07269342988729477 0.031180106103420258 
v 0.40103647112846375 0.12454014271497726 0.031180106103420258 
v 0.3697896897792816 0.12454014271497726 0.031180106103420258 
v 0.36996424198150635 0.11990344524383545 0.03657284751534462 
v 0.3432561159133911 0.11990344524383545 0.03657284751534462 
v 0.3436052203178406 0.11358067393302917 0.03657284751534462 
v 0.3320840895175934 0.11358067393302917 0.03657284751534462 
v 0.33243319392204285 0.10739841312170029 0.03657284751534462 
v 0.3294656276702881 0.10739841312170029 0.031180106103420258 
v 0.3301638960838318 0.09910855442285538 0.031180106103420258 
v 0.34290698170661926 0.12454014271497726 0.031180106103420258 
v 0.3313858211040497 0.12454014271497726 0.031180106103420258 
v 0.33173495531082153 0.11990344524383545 0.03657284751534462 
v 0.3287673890590668 0.11990344524383545 0.031180106103420258 
v 0.32911649346351624 0.11358067393302917 0.031180106103420258 
v 0.5164226293563843 -0.09450870752334595 0.01972052827477455 
v 0.5202630162239075 -0.09549225121736526 0.007376203313469887 
v 0.5282928943634033 -0.08959099650382996 0.01972052827477455 
v 0.532482385635376 -0.09099605679512024 0.007376203313469887 
v 0.5433052778244019 -0.08748341351747513 0.007376203313469887 
v 0.532482385635376 -0.09099605679512024 -0.006569091696292162 
v 0.5433052778244019 -0.08748341351747513 -0.006569091696292162 
v 0.5202630162239075 -0.09549225121736526 -0.006569091696292162 
v 0.5000137090682983 -0.149165540933609 0.018456604331731796 
v 0.5017592906951904 -0.149165540933609 0.007376203313469887 
v 0.5057742595672607 -0.14354529976844788 0.018751518800854683 
v 0.5080435872077942 -0.1432642936706543 0.007376203313469887 
v 0.5120585560798645 -0.1384870857000351 0.007376203313469887 
v 0.5080435872077942 -0.1432642936706543 -0.006569091696292162 
v 0.5120585560798645 -0.1384870857000351 -0.006569091696292162 
v 0.5017592906951904 -0.149165540933609 -0.006569091696292162 
v 0.6749258041381836 0.12397812306880951 -0.031173478811979294 
v 0.6787661910057068 0.11920091509819031 -0.032816581428050995 
v 0.6613098978996277 0.12566418945789337 -0.03757736086845398 
v 0.6600879430770874 0.1193414255976677 -0.04204322397708893 
v 0.6220332384109497 0.11948192864656448 -0.04777301475405693 
v 0.6574695110321045 0.11147308349609375 -0.04204322397708893 
v 0.6201130151748657 0.11189460754394531 -0.04777301475405693 
v 0.6166217923164368 0.10543132573366165 -0.04777301475405693 
v 0.557270348072052 0.11273764073848724 -0.04966890066862106 
v 0.5555247068405151 0.10627436637878418 -0.04966890066862106 
v 0.4982680380344391 0.10711739957332611 -0.04966890066862106 
v 0.5529062747955322 0.09938956797122955 -0.04966890066862106 
v 0.4979189336299896 0.10065412521362305 -0.04966890066862106 
v 0.4970461130142212 0.0939098373055458 -0.04966890066862106 
v 0.47400379180908203 0.10135665535926819 -0.04966890066862106 
v 0.47417834401130676 0.09559591114521027 -0.04966890066862106 
v 0.4659738838672638 0.09629844129085541 -0.04966890066862106 
v 0.4745274782180786 0.08997566998004913 -0.04785727709531784 
v 0.46632301807403564 0.0915212333202362 -0.047899406403303146 
v 0.46562477946281433 0.10149715840816498 -0.04966890066862106 
v 0.4652756452560425 0.10739841312170029 -0.04966890066862106 
v 0.4736546576023102 0.10739841312170029 -0.04966890066862106 
v 0.4731309711933136 0.11358067393302917 -0.04966890066862106 
v 0.4984426200389862 0.11344017088413239 -0.04966890066862106 
v 0.4982680380344391 0.11976294219493866 -0.04966890066862106 
v 0.558143138885498 0.11962243169546127 -0.04966890066862106 
v 0.5584923028945923 0.12510216236114502 -0.0442761592566967 
v 0.6229060292243958 0.1253831833600998 -0.042590927332639694 
v 0.48133543133735657 0.07536304742097855 -0.006526960991322994 
v 0.48133543133735657 0.07536304742097855 0.007586857303977013 
v 0.4750511646270752 0.07887569069862366 -0.006526960991322994 
v 0.4750511646270752 0.07887569069862366 0.007755380589514971 
v 0.4671958386898041 0.0819668248295784 0.007923903875052929 
v 0.4750511646270752 0.08028075098991394 0.02026822790503502 
v 0.46702128648757935 0.0832313820719719 0.020563144236803055 
v 0.4666721522808075 0.0867440328001976 0.0294948723167181 
v 0.4588168263435364 0.08463644236326218 0.020647404715418816 
v 0.4584676921367645 0.0880085825920105 0.029537003487348557 
v 0.44694653153419495 0.08772756904363632 0.029537003487348557 
v 0.4581185579299927 0.09236426651477814 0.0348033532500267 
v 0.44642284512519836 0.09222376346588135 0.0348033532500267 
v 0.4472956657409668 0.08449593186378479 0.020647404715418816 
v 0.44747021794319153 0.08337188512086868 0.00796603411436081 
v 0.4589913785457611 0.08365289866924286 0.00796603411436081 
v 0.4589913785457611 0.08365289866924286 -0.006526960991322994 
v 0.4671958386898041 0.0819668248295784 -0.006526960991322994 
v 0.6759731769561768 0.11119207739830017 -0.032816581428050995 
v 0.6709108352661133 0.10458829253911972 -0.032816581428050995 
v 0.6531054377555847 0.1048693060874939 -0.04204322397708893 
v 0.6462974548339844 0.09714147448539734 -0.04204322397708893 
v 0.6115594506263733 0.09798450767993927 -0.04777301475405693 
v 0.6044023633003235 0.0880085825920105 -0.04777301475405693 
v 0.549065887928009 0.09095921367406845 -0.04966890066862106 
v 0.545400083065033 0.08224783837795258 -0.04874202236533165 
v 0.4963478446006775 0.08716554939746857 -0.04802579805254936 
v 0.6635792255401611 0.09671995788812637 -0.032816581428050995 
v 0.6534545421600342 0.08533897250890732 -0.032816581428050995 
v 0.6372202038764954 0.08618200570344925 -0.04204322397708893 
v 0.6286666393280029 0.07437950372695923 -0.04204322397708893 
v 0.5977689623832703 0.07733012735843658 -0.0475202277302742 
v 0.5935794711112976 0.06805673241615295 -0.04680400714278221 
v 0.5433052778244019 0.07409849017858505 -0.045919258147478104 
v 0.5426070690155029 0.06679217517375946 -0.04309649392962456 
v 0.4958241581916809 0.08042126148939133 -0.04318075627088547 
v 0.4912855327129364 0.0748010203242302 -0.03471246734261513 
v 0.6440281271934509 0.07297444343566895 -0.032816581428050995 
v 0.6382675766944885 0.06257699429988861 -0.032816581428050995 
v 0.6236042976379395 0.06440357863903046 -0.04204322397708893 
v 0.6209858655929565 0.0542871430516243 -0.04204322397708893 
v 0.5918338298797607 0.0590643472969532 -0.04612991213798523 
v 0.5914846658706665 0.04979095235466957 -0.0458771288394928 
v 0.5429561734199524 0.060328900814056396 -0.04216961935162544 
v 0.5438289642333984 0.054568156599998474 -0.04216961935162544 
v 0.4991408586502075 0.06946179270744324 -0.03302723541855812 
v 0.5005373954772949 0.06608964502811432 -0.03302723541855812 
v 0.6354745626449585 0.051898542791604996 -0.032816581428050995 
v 0.6344271898269653 0.03897199034690857 -0.032816581428050995 
v 0.6202875971794128 0.04290615767240524 -0.04204322397708893 
v 0.6202875971794128 0.03250871226191521 -0.04204322397708893 
v 0.5918338298797607 0.04136059060692787 -0.0458771288394928 
v 0.5921829342842102 0.03489731624722481 -0.0458771288394928 
v 0.5445272326469421 0.04979095235466957 -0.04216961935162544 
v 0.5433052778244019 0.0458567850291729 -0.04216961935162544 
v 0.5015847682952881 0.06299851834774017 -0.03302723541855812 
v 0.5017592906951904 0.06004789099097252 -0.03302723541855812 
v 0.6342526078224182 0.027309991419315338 -0.032816581428050995 
v 0.6342526078224182 0.020144186913967133 -0.032816581428050995 
v 0.6202875971794128 0.025342907756567 -0.04204322397708893 
v 0.6166217923164368 0.02042519859969616 -0.04204322397708893 
v 0.5892153978347778 0.029979605227708817 -0.0458771288394928 
v 0.5804872512817383 0.026045437902212143 -0.0458771288394928 
v 0.5387666821479797 0.04234413430094719 -0.04216961935162544 
v 0.5330060720443726 0.038550473749637604 -0.04216961935162544 
v 0.5010610818862915 0.057097263634204865 -0.03302723541855812 
v 0.4996645450592041 0.053584612905979156 -0.03302723541855812 
v 0.6300631165504456 0.015507487580180168 -0.032816581428050995 
v 0.6173200011253357 0.011573320254683495 -0.032816581428050995 
v 0.6051006317138672 0.016350524500012398 -0.04204322397708893 
v 0.5920083522796631 0.011854331940412521 -0.04204322397708893 
v 0.5700134634971619 0.021830258890986443 -0.0458771288394928 
v 0.5625072121620178 0.01621001772582531 -0.0458771288394928 
v 0.5284674763679504 0.033492255955934525 -0.04216961935162544 
v 0.5246270895004272 0.027450498193502426 -0.04216961935162544 
v 0.4977443516254425 0.04894791543483734 -0.03302723541855812 
v 0.49477678537368774 0.043468181043863297 -0.03302723541855812 
v 0.6028313040733337 0.006936621852219105 -0.032816581428050995 
v 0.5925320982933044 0.0006138519966043532 -0.032816581428050995 
v 0.5825819969177246 0.005953080020844936 -0.04204322397708893 
v 0.5769959688186646 -0.0017747499514371157 -0.04204322397708893 
v 0.5576194524765015 0.00946572981774807 -0.0458771288394928 
v 0.5551756024360657 0.0015973940026015043 -0.0458771288394928 
v 0.5213103890419006 0.020565703511238098 -0.04216961935162544 
v 0.5183427929878235 0.014523945748806 -0.04216961935162544 
v 0.49023815989494324 0.0374264232814312 -0.03302723541855812 
v 0.48569950461387634 0.03208719566464424 -0.03302723541855812 
v 0.5862478017807007 -0.007535495795309544 -0.032816581428050995 
v 0.5834547877311707 -0.017932940274477005 -0.032816581428050995 
v 0.574552059173584 -0.010907639749348164 -0.04204322397708893 
v 0.5735046863555908 -0.0191974937915802 -0.04204322397708893 
v 0.5537790656089783 -0.00570891797542572 -0.0458771288394928 
v 0.5518589019775391 -0.010486122220754623 -0.0458771288394928 
v 0.5157243609428406 0.010589778423309326 -0.04216961935162544 
v 0.5117093920707703 0.006936621852219105 -0.04216961935162544 
v 0.4829065203666687 0.029136570170521736 -0.03302723541855812 
v 0.47924068570137024 0.025904931128025055 -0.03302723541855812 
v 0.5824074149131775 -0.02692532353103161 -0.032816581428050995 
v 0.5818837285041809 -0.031421516090631485 -0.032816581428050995 
v 0.5722827911376953 -0.023974698036909103 -0.04204322397708893 
v 0.5686169266700745 -0.027206335216760635 -0.04204322397708893 
v 0.5476693511009216 -0.014279783703386784 -0.0458771288394928 
v 0.5391157865524292 -0.018775975331664085 -0.0458771288394928 
v 0.5038540959358215 0.0017378999618813396 -0.04216961935162544 
v 0.4944276511669159 -0.004444363992661238 -0.04216961935162544 
v 0.4719090461730957 0.02028469182550907 -0.03302723541855812 
v 0.4628317654132843 0.013259392231702805 -0.03302723541855812 
v 0.5787416100502014 -0.03381011635065079 -0.032816581428050995 
v 0.5703625679016113 -0.03704175725579262 -0.032816581428050995 
v 0.560063362121582 -0.03099999763071537 -0.04204322397708893 
v 0.5502878427505493 -0.03549619019031525 -0.04204322397708893 
v 0.5295148491859436 -0.023974698036909103 -0.0458771288394928 
v 0.5213103890419006 -0.029875950887799263 -0.0458771288394928 
v 0.48569950461387634 -0.011048145592212677 -0.04216961935162544 
v 0.47801873087882996 -0.018213951960206032 -0.04216961935162544 
v 0.45357993245124817 0.005953080020844936 -0.03302723541855812 
v 0.4448517858982086 -0.0016342439921572804 -0.03302723541855812 
v 0.5604124665260315 -0.04125693440437317 -0.032816581428050995 
v 0.5527316927909851 -0.046596165746450424 -0.032816581428050995 
v 0.5424324870109558 -0.04111643135547638 -0.04204322397708893 
v 0.5364973545074463 -0.04757970571517944 -0.04204322397708893 
v 0.5146769881248474 -0.036620236933231354 -0.0458771288394928 
v 0.5099637508392334 -0.044067054986953735 -0.0458771288394928 
v 0.47155991196632385 -0.0258012767881155 -0.04216961935162544 
v 0.4664975702762604 -0.03282657638192177 -0.04216961935162544 
v 0.4369964301586151 -0.009362073615193367 -0.03302723541855812 
v 0.4303630292415619 -0.01666838675737381 -0.03302723541855812 
v 0.5473202466964722 -0.05305944010615349 -0.032816581428050995 
v 0.5440035462379456 -0.060225244611501694 -0.032816581428050995 
v 0.5326569676399231 -0.05488601699471474 -0.04204322397708893 
v 0.5305622220039368 -0.06191131845116615 -0.04204322397708893 
v 0.5068216323852539 -0.05095184966921806 -0.0458771288394928 
v 0.505075991153717 -0.05629107728600502 -0.0458771288394928 
v 0.46300631761550903 -0.03858732059597969 -0.04216961935162544 
v 0.4603878855705261 -0.04392654821276665 -0.04216961935162544 
v 0.42495158314704895 -0.022991156205534935 -0.03302723541855812 
v 0.4207620918750763 -0.02931392565369606 -0.03302723541855812 
v 0.5422579050064087 -0.06753155589103699 -0.032816581428050995 
v 0.5420833826065063 -0.07427584379911423 -0.032816581428050995 
v 0.5298639535903931 -0.06795307248830795 -0.04204322397708893 
v 0.5298639535903931 -0.07273028045892715 -0.04204322397708893 
v 0.504203200340271 -0.060787271708250046 -0.0458771288394928 
v 0.5031558275222778 -0.06542396545410156 -0.0458771288394928 
v 0.4581185579299927 -0.04954678937792778 -0.04216961935162544 
v 0.45462730526924133 -0.05643158406019211 -0.04216961935162544 
v 0.41727080941200256 -0.03591770678758621 -0.03302723541855812 
v 0.4137795567512512 -0.04392654821276665 -0.03302723541855812 
v 0.5424324870109558 -0.07975558191537857 -0.032816581428050995 
v 0.5424324870109558 -0.0829872190952301 -0.032816581428050995 
v 0.529689371585846 -0.07652394473552704 -0.04204322397708893 
v 0.526198148727417 -0.08031760156154633 -0.04204322397708893 
v 0.4998391270637512 -0.07076319307088852 -0.0458771288394928 
v 0.49111098051071167 -0.07750748097896576 -0.0458771288394928 
v 0.4485175907611847 -0.06514295935630798 -0.04216961935162544 
v 0.44258245825767517 -0.07554040104150772 -0.04216961935162544 
v 0.409939169883728 -0.054183486849069595 -0.03302723541855812 
v 0.40697160363197327 -0.06654801964759827 -0.03302723541855812 
v 0.5389412045478821 -0.08565682917833328 -0.032816581428050995 
v 0.5282928943634033 -0.08959099650382996 -0.032816581428050995 
v 0.51607346534729 -0.0853758230805397 -0.04204322397708893 
v 0.505075991153717 -0.0914175808429718 -0.04204322397708893 
v 0.4816845655441284 -0.0853758230805397 -0.0458771288394928 
v 0.4764476716518402 -0.09422770142555237 -0.0458771288394928 
v 0.4394403100013733 -0.08734290301799774 -0.04216961935162544 
v 0.4396148920059204 -0.09998844563961029 -0.04216961935162544 
v 0.40609878301620483 -0.08116064220666885 -0.03302723541855812 
v 0.40801897644996643 -0.09647579491138458 -0.03302723541855812 
v 0.5164226293563843 -0.09450870752334595 -0.032816581428050995 
v 0.5092655420303345 -0.10040996223688126 -0.032816581428050995 
v 0.4984426200389862 -0.09830237179994583 -0.04204322397708893 
v 0.4953004717826843 -0.10603020340204239 -0.04204322397708893 
v 0.4745274782180786 -0.10364159941673279 -0.0458771288394928 
v 0.47540029883384705 -0.11347702145576477 -0.0458771288394928 
v 0.4427570104598999 -0.11249347776174545 -0.04216961935162544 
v 0.4479939043521881 -0.12387446314096451 -0.04187470301985741 
v 0.41343042254447937 -0.11165044456720352 -0.03302723541855812 
v 0.4207620918750763 -0.12485800683498383 -0.03294297307729721 
v 0.5054251551628113 -0.1070137470960617 -0.032816581428050995 
v 0.5043777823448181 -0.11446056514978409 -0.032816581428050995 
v 0.49477678537368774 -0.11417955160140991 -0.04204322397708893 
v 0.4963478446006775 -0.12204788625240326 -0.04174831137061119 
v 0.4783678650856018 -0.1227504163980484 -0.045455820858478546 
v 0.482208251953125 -0.13047824800014496 -0.0442340262234211 
v 0.45392903685569763 -0.13258583843708038 -0.04107421636581421 
v 0.45934051275253296 -0.13890860974788666 -0.040147338062524796 
v 0.4284428656101227 -0.1346934288740158 -0.032732319086790085 
v 0.4355999231338501 -0.14143770933151245 -0.03252166509628296 
v 0.5052505731582642 -0.12176687270402908 -0.03277444839477539 
v 0.5073453187942505 -0.12851116061210632 -0.032563794404268265 
v 0.4989663064479828 -0.12921369075775146 -0.04090569540858269 
v 0.5015847682952881 -0.13441240787506104 -0.04002094641327858 
v 0.48587408661842346 -0.1360984891653061 -0.04288583993911743 
v 0.4879688322544098 -0.13904911279678345 -0.04221174865961075 
v 0.46318089962005615 -0.14242126047611237 -0.039726030081510544 
v 0.46579933166503906 -0.14495036005973816 -0.03922045975923538 
v 0.4410113990306854 -0.1455123871564865 -0.03239527344703674 
v 0.44572457671165466 -0.14832250773906708 -0.03231101110577583 
v 0.5094400644302368 -0.1335693746805191 -0.03231101110577583 
v 0.5106620192527771 -0.13623899221420288 -0.03222674876451492 
v 0.5029812455177307 -0.1370820254087448 -0.03959963843226433 
v 0.5024575591087341 -0.139470636844635 -0.039094068109989166 
v 0.48831796646118164 -0.14143770933151245 -0.04149552434682846 
v 0.48709601163864136 -0.14537188410758972 -0.04002094641327858 
v 0.4673703908920288 -0.14846301078796387 -0.03825145214796066 
v 0.46894147992134094 -0.15225668251514435 -0.03707179054617882 
v 0.4499140977859497 -0.15127313137054443 -0.0320582240819931 
v 0.4549764394760132 -0.1542237550020218 -0.031763311475515366 
v 0.5096146464347839 -0.13876810669898987 -0.03210035711526871 
v 0.5057742595672607 -0.14354529976844788 -0.03184757009148598 
v 0.49931544065475464 -0.14396682381629944 -0.03812506049871445 
v 0.49477678537368774 -0.1493060439825058 -0.036903265863657 
v 0.4848267138004303 -0.15014909207820892 -0.03820932283997536 
v 0.4827319383621216 -0.15492628514766693 -0.036397699266672134 
v 0.4717344641685486 -0.15605033934116364 -0.03584999591112137 
v 0.47400379180908203 -0.1588604599237442 -0.031426262110471725 
v 0.46178439259529114 -0.15717437863349915 -0.031426262110471725 
v 0.4675449728965759 -0.1587199568748474 -0.028519239276647568 
v 0.5000137090682983 -0.149165540933609 -0.03155265748500824 
v 0.493205726146698 -0.15436427295207977 -0.031257741153240204 
v 0.48953989148139954 -0.15436427295207977 -0.03572360426187515 
v 0.4855249524116516 -0.15815792977809906 -0.03129987046122551 
v 0.48116087913513184 -0.15829843282699585 -0.031510524451732635 
v 0.4912855327129364 0.0748010203242302 0.021616414189338684 
v 0.4958241581916809 0.08042126148939133 0.030084704980254173 
v 0.47487661242485046 0.08449593186378479 0.02932634949684143 
v 0.4745274782180786 0.08997566998004913 0.0347612239420414 
v 0.46632301807403564 0.0915212333202362 0.0348033532500267 
v 0.32929107546806335 0.12341609597206116 -0.04010520875453949 
v 0.3313858211040497 0.12454014271497726 -0.0442761592566967 
v 0.3287673890590668 0.11990344524383545 -0.0442761592566967 
v 0.33173495531082153 0.11990344524383545 -0.04966890066862106 
v 0.3320840895175934 0.11358067393302917 -0.04966890066862106 
v 0.3432561159133911 0.11990344524383545 -0.04966890066862106 
v 0.3436052203178406 0.11358067393302917 -0.04966890066862106 
v 0.37048792839050293 0.11358067393302917 -0.04966890066862106 
v 0.3439543545246124 0.10739841312170029 -0.04966890066862106 
v 0.3708370625972748 0.10739841312170029 -0.04966890066862106 
v 0.37136074900627136 0.10023260861635208 -0.04966890066862106 
v 0.4020838439464569 0.10739841312170029 -0.04966890066862106 
v 0.4026075303554535 0.10093513876199722 -0.04966890066862106 
v 0.4272209107875824 0.10135665535926819 -0.04966890066862106 
v 0.4033057689666748 0.09433135390281677 -0.04966890066862106 
v 0.4279191493988037 0.09601742774248123 -0.04966890066862106 
v 0.4284428656101227 0.09095921367406845 -0.047899406403303146 
v 0.4460737109184265 0.09671995788812637 -0.04966890066862106 
v 0.44642284512519836 0.09222376346588135 -0.047899406403303146 
v 0.4581185579299927 0.09236426651477814 -0.047899406403303146 
v 0.36996424198150635 0.11990344524383545 -0.04966890066862106 
v 0.4012110233306885 0.11990344524383545 -0.04966890066862106 
v 0.4015601575374603 0.11358067393302917 -0.04966890066862106 
v 0.4265226721763611 0.11358067393302917 -0.04966890066862106 
v 0.42687177658081055 0.10739841312170029 -0.04966890066862106 
v 0.4452008903026581 0.10739841312170029 -0.04966890066862106 
v 0.44555002450942993 0.10163766890764236 -0.04966890066862106 
v 0.45724573731422424 0.10163766890764236 -0.04966890066862106 
v 0.4575948715209961 0.09671995788812637 -0.04966890066862106 
v 0.4568966329097748 0.10739841312170029 -0.04966890066862106 
v 0.4563729166984558 0.11358067393302917 -0.04966890066862106 
v 0.4647519588470459 0.11358067393302917 -0.04966890066862106 
v 0.46440282464027405 0.11990344524383545 -0.04966890066862106 
v 0.47278186678886414 0.11990344524383545 -0.04966890066862106 
v 0.4724327325820923 0.12454014271497726 -0.0442761592566967 
v 0.49809348583221436 0.12468065321445465 -0.0442761592566967 
v 0.6759731769561768 0.11119207739830017 0.01972052827477455 
v 0.6820828914642334 0.11119207739830017 0.007376203313469887 
v 0.6787661910057068 0.11920091509819031 0.01972052827477455 
v 0.6850504875183105 0.11920091509819031 0.007376203313469887 
v 0.6801626682281494 0.12580469250679016 0.00834521185606718 
v 0.6850504875183105 0.11920091509819031 -0.006526960991322994 
v 0.6801626682281494 0.12580469250679016 -0.006526960991322994 
v 0.6820828914642334 0.11119207739830017 -0.006526960991322994 
v 0.32911649346351624 0.11358067393302917 -0.0442761592566967 
v 0.3294656276702881 0.10739841312170029 -0.0442761592566967 
v 0.33243319392204285 0.10739841312170029 -0.04966890066862106 
v 0.33313146233558655 0.09924906492233276 -0.04966890066862106 
v 0.34465262293815613 0.09953007847070694 -0.04966890066862106 
v 0.3456999957561493 0.08843009918928146 -0.04966890066862106 
v 0.3724081218242645 0.09138073027133942 -0.04966890066862106 
v 0.3734554946422577 0.08154530823230743 -0.048784151673316956 
v 0.40417858958244324 0.08758706599473953 -0.04811006039381027 
v 0.40487685799598694 0.08084277808666229 -0.04351780191063881 
v 0.37450289726257324 0.07185039669275284 -0.046172045171260834 
v 0.3484930098056793 0.06313902139663696 -0.048784151673316956 
v 0.3470965027809143 0.07578456401824951 -0.04945824667811394 
v 0.33574989438056946 0.07325545698404312 -0.04966890066862106 
v 0.33435338735580444 0.08716554939746857 -0.04966890066862106 
v 0.3313858211040497 0.08688453584909439 -0.0442761592566967 
v 0.3301638960838318 0.09910855442285538 -0.0442761592566967 
v 0.4446772038936615 0.11358067393302917 -0.04966890066862106 
v 0.44432806968688965 0.11990344524383545 -0.04966890066862106 
v 0.45602381229400635 0.11990344524383545 -0.04966890066862106 
v 0.4556746780872345 0.12454014271497726 -0.0442761592566967 
v 0.4640536904335022 0.12454014271497726 -0.0442761592566967 
v 0.4259989559650421 0.11990344524383545 -0.04966890066862106 
v 0.4258244037628174 0.12454014271497726 -0.0442761592566967 
v 0.40103647112846375 0.12454014271497726 -0.0442761592566967 
v 0.3697896897792816 0.12454014271497726 -0.0442761592566967 
v 0.34290698170661926 0.12454014271497726 -0.0442761592566967 
v 0.33295688033103943 0.07269342988729477 -0.0442761592566967 
v 0.33435338735580444 0.05850232392549515 -0.0442761592566967 
v 0.3373209536075592 0.05934536084532738 -0.04966890066862106 
v 0.33836835622787476 0.04894791543483734 -0.0442761592566967 
v 0.3495403826236725 0.053584612905979156 -0.04297010228037834 
v 0.3753756880760193 0.06440357863903046 -0.039009805768728256 
v 0.40557509660720825 0.07578456401824951 -0.03504951298236847 
v 0.4439789652824402 0.12454014271497726 -0.0442761592566967 
v 0.5096146464347839 -0.13876810669898987 0.019004303961992264 
v 0.5106620192527771 -0.13623899221420288 0.01913069561123848 
v 0.5131059288978577 -0.1359579861164093 0.007376203313469887 
v 0.5131059288978577 -0.1359579861164093 -0.006569091696292162 
v 0.5120585560798645 -0.13342887163162231 0.007376203313469887 
v 0.5120585560798645 -0.13342887163162231 -0.006569091696292162 
v 0.5101383328437805 -0.12823015451431274 -0.006569091696292162 
v 0.5094400644302368 -0.1335693746805191 0.01921495795249939 
v 0.5073453187942505 -0.12851116061210632 0.01946774311363697 
v 0.5101383328437805 -0.12823015451431274 0.007376203313469887 
v 0.5082181692123413 -0.1216263696551323 0.007376203313469887 
v 0.5082181692123413 -0.1216263696551323 -0.006569091696292162 
v 0.5075199007987976 -0.11446056514978409 -0.006569091696292162 
v 0.5075199007987976 -0.11446056514978409 0.007376203313469887 
v 0.5043777823448181 -0.11446056514978409 0.01972052827477455 
v 0.5089163780212402 -0.10743526369333267 0.007376203313469887 
v 0.5054251551628113 -0.1070137470960617 0.01972052827477455 
v 0.5092655420303345 -0.10040996223688126 0.01972052827477455 
v 0.5089163780212402 -0.10743526369333267 -0.006569091696292162 
v 0.5127567648887634 -0.1011124923825264 -0.006569091696292162 
v 0.5127567648887634 -0.1011124923825264 0.007376203313469887 
v 0.5202630162239075 -0.09549225121736526 0.007376203313469887 
v 0.5164226293563843 -0.09450870752334595 0.01972052827477455 
v 0.4963478446006775 0.08716554939746857 -0.04802579805254936 
v 0.4958241581916809 0.08042126148939133 -0.04318075627088547 
v 0.4745274782180786 0.08997566998004913 -0.04785727709531784 
v 0.47487661242485046 0.08449593186378479 -0.042422402650117874 
v 0.4666721522808075 0.0867440328001976 -0.042590927332639694 
v 0.4750511646270752 0.08028075098991394 -0.03336428105831146 
v 0.46702128648757935 0.0832313820719719 -0.0336591973900795 
v 0.4671958386898041 0.0819668248295784 -0.021019956097006798 
v 0.4588168263435364 0.08463644236326218 -0.03374345600605011 
v 0.4589913785457611 0.08365289866924286 -0.021062087267637253 
v 0.44747021794319153 0.08337188512086868 -0.021062087267637253 
v 0.4589913785457611 0.08365289866924286 -0.006526960991322994 
v 0.44747021794319153 0.08337188512086868 -0.006526960991322994 
v 0.4472956657409668 0.08449593186378479 -0.03374345600605011 
v 0.44694653153419495 0.08772756904363632 -0.042633056640625 
v 0.4584676921367645 0.0880085825920105 -0.042633056640625 
v 0.4581185579299927 0.09236426651477814 -0.047899406403303146 
v 0.46632301807403564 0.0915212333202362 -0.047899406403303146 
v 0.40557509660720825 0.07578456401824951 0.021953459829092026 
v 0.40487685799598694 0.08084277808666229 0.030421750620007515 
v 0.3753756880760193 0.06440357863903046 0.025913754478096962 
v 0.37450289726257324 0.07185039669275284 0.03307599201798439 
v 0.40417858958244324 0.08758706599473953 0.03501400724053383 
v 0.4284428656101227 0.09095921367406845 0.0348033532500267 
v 0.4279191493988037 0.09601742774248123 0.03657284751534462 
v 0.4460737109184265 0.09671995788812637 0.03657284751534462 
v 0.44555002450942993 0.10163766890764236 0.03657284751534462 
v 0.45724573731422424 0.10163766890764236 0.03657284751534462 
v 0.4568966329097748 0.10739841312170029 0.03657284751534462 
v 0.4652756452560425 0.10739841312170029 0.03657284751534462 
v 0.4647519588470459 0.11358067393302917 0.03657284751534462 
v 0.4731309711933136 0.11358067393302917 0.03657284751534462 
v 0.47278186678886414 0.11990344524383545 0.03657284751534462 
v 0.4982680380344391 0.11976294219493866 0.03657284751534462 
v 0.49809348583221436 0.12468065321445465 0.031180106103420258 
v 0.44642284512519836 0.09222376346588135 0.0348033532500267 
v 0.4581185579299927 0.09236426651477814 0.0348033532500267 
v 0.4575948715209961 0.09671995788812637 0.03657284751534462 
v 0.4659738838672638 0.09629844129085541 0.03657284751534462 
v 0.46562477946281433 0.10149715840816498 0.03657284751534462 
v 0.47400379180908203 0.10135665535926819 0.03657284751534462 
v 0.4736546576023102 0.10739841312170029 0.03657284751534462 
v 0.4982680380344391 0.10711739957332611 0.03657284751534462 
v 0.4984426200389862 0.11344017088413239 0.03657284751534462 
v 0.557270348072052 0.11273764073848724 0.03657284751534462 
v 0.558143138885498 0.11962243169546127 0.03657284751534462 
v 0.6220332384109497 0.11948192864656448 0.03467696160078049 
v 0.5584923028945923 0.12510216236114502 0.031180106103420258 
v 0.6229060292243958 0.1253831833600998 0.0294948723167181 
v 0.46632301807403564 0.0915212333202362 0.0348033532500267 
v 0.4745274782180786 0.08997566998004913 0.0347612239420414 
v 0.47417834401130676 0.09559591114521027 0.03657284751534462 
v 0.4970461130142212 0.0939098373055458 0.03657284751534462 
v 0.4979189336299896 0.10065412521362305 0.03657284751534462 
v 0.5529062747955322 0.09938956797122955 0.03657284751534462 
v 0.5555247068405151 0.10627436637878418 0.03657284751534462 
v 0.6166217923164368 0.10543132573366165 0.03467696160078049 
v 0.6201130151748657 0.11189460754394531 0.03467696160078049 
v 0.6574695110321045 0.11147308349609375 0.028947172686457634 
v 0.6600879430770874 0.1193414255976677 0.028947172686457634 
v 0.6787661910057068 0.11920091509819031 0.01972052827477455 
v 0.6613098978996277 0.12566418945789337 0.024481307715177536 
v 0.6749258041381836 0.12397812306880951 0.01807742565870285 
v 0.4963478446006775 0.08716554939746857 0.03492974489927292 
v 0.545400083065033 0.08224783837795258 0.035645969212055206 
v 0.549065887928009 0.09095921367406845 0.03657284751534462 
v 0.6044023633003235 0.0880085825920105 0.03467696160078049 
v 0.6115594506263733 0.09798450767993927 0.03467696160078049 
v 0.6462974548339844 0.09714147448539734 0.028947172686457634 
v 0.6531054377555847 0.1048693060874939 0.028947172686457634 
v 0.6709108352661133 0.10458829253911972 0.01972052827477455 
v 0.6759731769561768 0.11119207739830017 0.01972052827477455 
v 0.4912855327129364 0.0748010203242302 -0.03471246734261513 
v 0.48133543133735657 0.07536304742097855 -0.020682910457253456 
v 0.4750511646270752 0.07887569069862366 -0.020851433277130127 
v 0.4750511646270752 0.07887569069862366 -0.006526960991322994 
v 0.4671958386898041 0.0819668248295784 -0.006526960991322994 
v 0.4958241581916809 0.08042126148939133 0.030084704980254173 
v 0.5433052778244019 0.07409849017858505 0.03282320499420166 
v 0.5935794711112976 0.06805673241615295 0.03370795398950577 
v 0.5426070690155029 0.06679217517375946 0.030000442638993263 
v 0.5918338298797607 0.0590643472969532 0.033033858984708786 
v 0.5914846658706665 0.04979095235466957 0.032781075686216354 
v 0.6209858655929565 0.0542871430516243 0.028947172686457634 
v 0.6202875971794128 0.04290615767240524 0.028947172686457634 
v 0.6344271898269653 0.03897199034690857 0.01972052827477455 
v 0.6202875971794128 0.03250871226191521 0.028947172686457634 
v 0.6342526078224182 0.027309991419315338 0.01972052827477455 
v 0.6342526078224182 0.020144186913967133 0.01972052827477455 
v 0.6354745626449585 0.051898542791604996 0.01972052827477455 
v 0.6382675766944885 0.06257699429988861 0.01972052827477455 
v 0.6236042976379395 0.06440357863903046 0.028947172686457634 
v 0.6286666393280029 0.07437950372695923 0.028947172686457634 
v 0.5977689623832703 0.07733012735843658 0.034424178302288055 
v 0.6440281271934509 0.07297444343566895 0.01972052827477455 
v 0.6534545421600342 0.08533897250890732 0.01972052827477455 
v 0.6372202038764954 0.08618200570344925 0.028947172686457634 
v 0.4912855327129364 0.0748010203242302 0.021616414189338684 
v 0.4991408586502075 0.06946179270744324 0.019931182265281677 
v 0.5429561734199524 0.060328900814056396 0.02907356433570385 
v 0.5438289642333984 0.054568156599998474 0.02907356433570385 
v 0.5918338298797607 0.04136059060692787 0.032781075686216354 
v 0.5921829342842102 0.03489731624722481 0.032781075686216354 
v 0.6202875971794128 0.025342907756567 0.028947172686457634 
v 0.6166217923164368 0.02042519859969616 0.028947172686457634 
v 0.6300631165504456 0.015507487580180168 0.01972052827477455 
v 0.5005373954772949 0.06608964502811432 0.019931182265281677 
v 0.5015847682952881 0.06299851834774017 0.019931182265281677 
v 0.5445272326469421 0.04979095235466957 0.02907356433570385 
v 0.5433052778244019 0.0458567850291729 0.02907356433570385 
v 0.5892153978347778 0.029979605227708817 0.032781075686216354 
v 0.5804872512817383 0.026045437902212143 0.032781075686216354 
v 0.6051006317138672 0.016350524500012398 0.028947172686457634 
v 0.5920083522796631 0.011854331940412521 0.028947172686457634 
v 0.6173200011253357 0.011573320254683495 0.01972052827477455 
v 0.6028313040733337 0.006936621852219105 0.01972052827477455 
v 0.5017592906951904 0.06004789099097252 0.019931182265281677 
v 0.5010610818862915 0.057097263634204865 0.019931182265281677 
v 0.5387666821479797 0.04234413430094719 0.02907356433570385 
v 0.5330060720443726 0.038550473749637604 0.02907356433570385 
v 0.5700134634971619 0.021830258890986443 0.032781075686216354 
v 0.5625072121620178 0.01621001772582531 0.032781075686216354 
v 0.5825819969177246 0.005953080020844936 0.028947172686457634 
v 0.5769959688186646 -0.0017747499514371157 0.028947172686457634 
v 0.5925320982933044 0.0006138519966043532 0.01972052827477455 
v 0.5862478017807007 -0.007535495795309544 0.01972052827477455 
v 0.4996645450592041 0.053584612905979156 0.019931182265281677 
v 0.4977443516254425 0.04894791543483734 0.019931182265281677 
v 0.5284674763679504 0.033492255955934525 0.02907356433570385 
v 0.5246270895004272 0.027450498193502426 0.02907356433570385 
v 0.5576194524765015 0.00946572981774807 0.032781075686216354 
v 0.5551756024360657 0.0015973940026015043 0.032781075686216354 
v 0.574552059173584 -0.010907639749348164 0.028947172686457634 
v 0.5735046863555908 -0.0191974937915802 0.028947172686457634 
v 0.5834547877311707 -0.017932940274477005 0.01972052827477455 
v 0.5824074149131775 -0.02692532353103161 0.01972052827477455 
v 0.49477678537368774 0.043468181043863297 0.019931182265281677 
v 0.49023815989494324 0.0374264232814312 0.019931182265281677 
v 0.5213103890419006 0.020565703511238098 0.02907356433570385 
v 0.5183427929878235 0.014523945748806 0.02907356433570385 
v 0.5537790656089783 -0.00570891797542572 0.032781075686216354 
v 0.5518589019775391 -0.010486122220754623 0.032781075686216354 
v 0.5722827911376953 -0.023974698036909103 0.028947172686457634 
v 0.5686169266700745 -0.027206335216760635 0.028947172686457634 
v 0.5818837285041809 -0.031421516090631485 0.01972052827477455 
v 0.5787416100502014 -0.03381011635065079 0.01972052827477455 
v 0.48569950461387634 0.03208719566464424 0.019931182265281677 
v 0.4829065203666687 0.029136570170521736 0.019931182265281677 
v 0.5157243609428406 0.010589778423309326 0.02907356433570385 
v 0.5117093920707703 0.006936621852219105 0.02907356433570385 
v 0.5476693511009216 -0.014279783703386784 0.032781075686216354 
v 0.5391157865524292 -0.018775975331664085 0.032781075686216354 
v 0.560063362121582 -0.03099999763071537 0.028947172686457634 
v 0.5502878427505493 -0.03549619019031525 0.028947172686457634 
v 0.5703625679016113 -0.03704175725579262 0.01972052827477455 
v 0.5604124665260315 -0.04125693440437317 0.01972052827477455 
v 0.47924068570137024 0.025904931128025055 0.019931182265281677 
v 0.4719090461730957 0.02028469182550907 0.019931182265281677 
v 0.5038540959358215 0.0017378999618813396 0.02907356433570385 
v 0.4944276511669159 -0.004444363992661238 0.02907356433570385 
v 0.5295148491859436 -0.023974698036909103 0.032781075686216354 
v 0.5213103890419006 -0.029875950887799263 0.032781075686216354 
v 0.5424324870109558 -0.04111643135547638 0.028947172686457634 
v 0.5364973545074463 -0.04757970571517944 0.028947172686457634 
v 0.5527316927909851 -0.046596165746450424 0.01972052827477455 
v 0.5473202466964722 -0.05305944010615349 0.01972052827477455 
v 0.4628317654132843 0.013259392231702805 0.019931182265281677 
v 0.45357993245124817 0.005953080020844936 0.019931182265281677 
v 0.48569950461387634 -0.011048145592212677 0.02907356433570385 
v 0.47801873087882996 -0.018213951960206032 0.02907356433570385 
v 0.5146769881248474 -0.036620236933231354 0.032781075686216354 
v 0.5099637508392334 -0.044067054986953735 0.032781075686216354 
v 0.5326569676399231 -0.05488601699471474 0.028947172686457634 
v 0.5305622220039368 -0.06191131845116615 0.028947172686457634 
v 0.5440035462379456 -0.060225244611501694 0.01972052827477455 
v 0.5422579050064087 -0.06753155589103699 0.01972052827477455 
v 0.4448517858982086 -0.0016342439921572804 0.019931182265281677 
v 0.4369964301586151 -0.009362073615193367 0.019931182265281677 
v 0.47155991196632385 -0.0258012767881155 0.02907356433570385 
v 0.4664975702762604 -0.03282657638192177 0.02907356433570385 
v 0.5068216323852539 -0.05095184966921806 0.032781075686216354 
v 0.505075991153717 -0.05629107728600502 0.032781075686216354 
v 0.5298639535903931 -0.06795307248830795 0.028947172686457634 
v 0.5298639535903931 -0.07273028045892715 0.028947172686457634 
v 0.5420833826065063 -0.07427584379911423 0.01972052827477455 
v 0.5424324870109558 -0.07975558191537857 0.01972052827477455 
v 0.4303630292415619 -0.01666838675737381 0.019931182265281677 
v 0.42495158314704895 -0.022991156205534935 0.019931182265281677 
v 0.46300631761550903 -0.03858732059597969 0.02907356433570385 
v 0.4603878855705261 -0.04392654821276665 0.02907356433570385 
v 0.504203200340271 -0.060787271708250046 0.032781075686216354 
v 0.5031558275222778 -0.06542396545410156 0.032781075686216354 
v 0.529689371585846 -0.07652394473552704 0.028947172686457634 
v 0.526198148727417 -0.08031760156154633 0.028947172686457634 
v 0.5424324870109558 -0.0829872190952301 0.01972052827477455 
v 0.5389412045478821 -0.08565682917833328 0.01972052827477455 
v 0.4207620918750763 -0.02931392565369606 0.019931182265281677 
v 0.41727080941200256 -0.03591770678758621 0.019931182265281677 
v 0.4581185579299927 -0.04954678937792778 0.02907356433570385 
v 0.45462730526924133 -0.05643158406019211 0.02907356433570385 
v 0.4998391270637512 -0.07076319307088852 0.032781075686216354 
v 0.49111098051071167 -0.07750748097896576 0.032781075686216354 
v 0.51607346534729 -0.0853758230805397 0.028947172686457634 
v 0.505075991153717 -0.0914175808429718 0.028947172686457634 
v 0.5282928943634033 -0.08959099650382996 0.01972052827477455 
v 0.5164226293563843 -0.09450870752334595 0.01972052827477455 
v 0.4137795567512512 -0.04392654821276665 0.019931182265281677 
v 0.409939169883728 -0.054183486849069595 0.019931182265281677 
v 0.4485175907611847 -0.06514295935630798 0.02907356433570385 
v 0.44258245825767517 -0.07554040104150772 0.02907356433570385 
v 0.4816845655441284 -0.0853758230805397 0.032781075686216354 
v 0.4764476716518402 -0.09422770142555237 0.032781075686216354 
v 0.4984426200389862 -0.09830237179994583 0.028947172686457634 
v 0.4953004717826843 -0.10603020340204239 0.028947172686457634 
v 0.5092655420303345 -0.10040996223688126 0.01972052827477455 
v 0.5054251551628113 -0.1070137470960617 0.01972052827477455 
v 0.40697160363197327 -0.06654801964759827 0.019931182265281677 
v 0.40609878301620483 -0.08116064220666885 0.019931182265281677 
v 0.4394403100013733 -0.08734290301799774 0.02907356433570385 
v 0.4396148920059204 -0.09998844563961029 0.02907356433570385 
v 0.4745274782180786 -0.10364159941673279 0.032781075686216354 
v 0.47540029883384705 -0.11347702145576477 0.032781075686216354 
v 0.49477678537368774 -0.11417955160140991 0.028947172686457634 
v 0.4963478446006775 -0.12204788625240326 0.028652256354689598 
v 0.5043777823448181 -0.11446056514978409 0.01972052827477455 
v 0.5052505731582642 -0.12176687270402908 0.019678397104144096 
v 0.40801897644996643 -0.09647579491138458 0.019931182265281677 
v 0.41343042254447937 -0.11165044456720352 0.019931182265281677 
v 0.4427570104598999 -0.11249347776174545 0.02907356433570385 
v 0.4479939043521881 -0.12387446314096451 0.028778649866580963 
v 0.4783678650856018 -0.1227504163980484 0.0323597677052021 
v 0.482208251953125 -0.13047824800014496 0.031137974932789803 
v 0.4989663064479828 -0.12921369075775146 0.027809640392661095 
v 0.5015847682952881 -0.13441240787506104 0.026924895122647285 
v 0.5073453187942505 -0.12851116061210632 0.01946774311363697 
v 0.5094400644302368 -0.1335693746805191 0.01921495795249939 
v 0.4207620918750763 -0.12485800683498383 0.019846919924020767 
v 0.4284428656101227 -0.1346934288740158 0.01963626593351364 
v 0.45392903685569763 -0.13258583843708038 0.027978165075182915 
v 0.45934051275253296 -0.13890860974788666 0.0270512867718935 
v 0.48587408661842346 -0.1360984891653061 0.029789788648486137 
v 0.4879688322544098 -0.13904911279678345 0.029115695506334305 
v 0.5029812455177307 -0.1370820254087448 0.026503587141633034 
v 0.5106620192527771 -0.13623899221420288 0.01913069561123848 
v 0.4355999231338501 -0.14143770933151245 0.019425611943006516 
v 0.4410113990306854 -0.1455123871564865 0.0192992202937603 
v 0.46318089962005615 -0.14242126047611237 0.02662997879087925 
v 0.48116087913513184 -0.15829843282699585 0.01841447316110134 
v 0.4855249524116516 -0.15815792977809906 0.018203819170594215 
v 0.48953989148139954 -0.15436427295207977 0.02262755297124386 
v 0.493205726146698 -0.15436427295207977 0.01816168799996376 
v 0.5000137090682983 -0.149165540933609 0.018456604331731796 
v 0.418143630027771 -0.011188652366399765 -0.006526960991322994 
v 0.418143630027771 -0.011188652366399765 0.00750259542837739 
v 0.42547526955604553 -0.003882339922711253 -0.006526960991322994 
v 0.42547526955604553 -0.003882339922711253 0.00750259542837739 
v 0.4336797297000885 0.003845490049570799 0.00750259542837739 
v 0.4369964301586151 -0.009362073615193367 0.019931182265281677 
v 0.4448517858982086 -0.0016342439921572804 0.019931182265281677 
v 0.4303630292415619 -0.01666838675737381 0.019931182265281677 
v 0.44572457671165466 -0.14832250773906708 0.01921495795249939 
v 0.5052505731582642 -0.12176687270402908 0.019678397104144096 
v 0.32929107546806335 0.12341609597206116 0.027009155601263046 
v 0.3284182548522949 0.12454014271497726 0.015001878142356873 
v 0.3287673890590668 0.11990344524383545 0.031180106103420258 
v 0.3277199864387512 0.11990344524383545 0.015001878142356873 
v 0.32806912064552307 0.11358067393302917 0.015001878142356873 
v 0.3277199864387512 0.11990344524383545 -0.006526960991322994 
v 0.32806912064552307 0.11358067393302917 -0.006526960991322994 
v 0.3284182548522949 0.12454014271497726 -0.006526960991322994 
v 0.32911649346351624 0.11358067393302917 0.031180106103420258 
v 0.3294656276702881 0.10739841312170029 0.031180106103420258 
v 0.3284182548522949 0.10739841312170029 0.015001878142356873 
v 0.3284182548522949 0.10739841312170029 -0.006526960991322994 
v 0.32911649346351624 0.09910855442285538 0.015001878142356873 
v 0.32911649346351624 0.09910855442285538 -0.006526960991322994 
v 0.3303384482860565 0.0867440328001976 -0.006526960991322994 
v 0.3301638960838318 0.09910855442285538 0.031180106103420258 
v 0.3313858211040497 0.08688453584909439 0.031180106103420258 
v 0.3303384482860565 0.0867440328001976 0.015001878142356873 
v 0.33190950751304626 0.0724124163389206 0.015001878142356873 
v 0.33190950751304626 0.0724124163389206 -0.006526960991322994 
v 0.333480566740036 0.05808080732822418 -0.006526960991322994 
v 0.333480566740036 0.05808080732822418 0.015001878142356873 
v 0.33435338735580444 0.05850232392549515 0.031180106103420258 
v 0.3355753421783447 0.047823868691921234 0.015001878142356873 
v 0.3359244465827942 0.05091499909758568 0.027009155601263046 
v 0.3355753421783447 0.047823868691921234 -0.006526960991322994 
v 0.32929107546806335 0.12341609597206116 0.027009155601263046 
v 0.3313858211040497 0.12454014271497726 0.031180106103420258 
v 0.3284182548522949 0.12454014271497726 0.015001878142356873 
v 0.33121126890182495 0.12608571350574493 0.015001878142356873 
v 0.33121126890182495 0.12608571350574493 -0.006526960991322994 
v 0.34290698170661926 0.12608571350574493 0.015001878142356873 
v 0.34290698170661926 0.12608571350574493 -0.006526960991322994 
v 0.3696151077747345 0.12608571350574493 -0.006526960991322994 
v 0.34290698170661926 0.12454014271497726 0.031180106103420258 
v 0.3697896897792816 0.12454014271497726 0.031180106103420258 
v 0.3696151077747345 0.12608571350574493 0.015001878142356873 
v 0.4008618891239166 0.12608571350574493 0.015001878142356873 
v 0.4008618891239166 0.12608571350574493 -0.006526960991322994 
v 0.40103647112846375 0.12454014271497726 0.031180106103420258 
v 0.4258244037628174 0.12454014271497726 0.031180106103420258 
v 0.42564985156059265 0.12608571350574493 0.015001878142356873 
v 0.4439789652824402 0.12608571350574493 0.015001878142356873 
v 0.42564985156059265 0.12608571350574493 -0.006526960991322994 
v 0.4439789652824402 0.12608571350574493 -0.006526960991322994 
v 0.6693397760391235 0.09657944738864899 -0.006526960991322994 
v 0.6693397760391235 0.09657944738864899 -0.02047225646674633 
v 0.6770205497741699 0.10444778949022293 -0.006526960991322994 
v 0.6770205497741699 0.10444778949022293 -0.02047225646674633 
v 0.6820828914642334 0.11119207739830017 -0.02047225646674633 
v 0.6709108352661133 0.10458829253911972 -0.032816581428050995 
v 0.6759731769561768 0.11119207739830017 -0.032816581428050995 
v 0.6635792255401611 0.09671995788812637 -0.032816581428050995 
v 0.4439789652824402 0.12454014271497726 0.031180106103420258 
v 0.4556746780872345 0.12454014271497726 0.031180106103420258 
v 0.4556746780872345 0.12608571350574493 0.015001878142356873 
v 0.4640536904335022 0.12608571350574493 0.015001878142356873 
v 0.4556746780872345 0.12608571350574493 -0.006526960991322994 
v 0.4640536904335022 0.12608571350574493 -0.006526960991322994 
v 0.6801626682281494 0.12580469250679016 -0.006526960991322994 
v 0.6801626682281494 0.12580469250679016 -0.02144126407802105 
v 0.6616590023040771 0.1277717798948288 -0.006526960991322994 
v 0.6616590023040771 0.1277717798948288 -0.0243061576038599 
v 0.6232551336288452 0.12749077379703522 -0.027171052992343903 
v 0.6613098978996277 0.12566418945789337 -0.03757736086845398 
v 0.6229060292243958 0.1253831833600998 -0.042590927332639694 
v 0.6749258041381836 0.12397812306880951 -0.031173478811979294 
v 0.5508115291595459 -0.05474551022052765 -0.006569091696292162 
v 0.5562229752540588 -0.04842274263501167 -0.006569091696292162 
v 0.5508115291595459 -0.05474551022052765 0.007376203313469887 
v 0.5562229752540588 -0.04842274263501167 0.007376203313469887 
v 0.5527316927909851 -0.046596165746450424 0.01972052827477455 
v 0.5639037489891052 -0.043224021792411804 0.007376203313469887 
v 0.5604124665260315 -0.04125693440437317 0.01972052827477455 
v 0.5703625679016113 -0.03704175725579262 0.01972052827477455 
v 0.5639037489891052 -0.043224021792411804 -0.006569091696292162 
v 0.5736792683601379 -0.039008840918540955 -0.006569091696292162 
v 0.5736792683601379 -0.039008840918540955 0.007376203313469887 
v 0.582058310508728 -0.0360582135617733 0.007376203313469887 
v 0.5787416100502014 -0.03381011635065079 0.01972052827477455 
v 0.3359244465827942 0.05091499909758568 -0.04010520875453949 
v 0.33836835622787476 0.04894791543483734 -0.0442761592566967 
v 0.3355753421783447 0.047823868691921234 -0.028097931295633316 
v 0.3387174606323242 0.04543526470661163 -0.028097931295633316 
v 0.3387174606323242 0.04543526470661163 -0.006526960991322994 
v 0.34988948702812195 0.05049348250031471 -0.027213184162974358 
v 0.34988948702812195 0.05049348250031471 -0.006526960991322994 
v 0.37572482228279114 0.062014974653720856 -0.006526960991322994 
v 0.37572482228279114 0.062014974653720856 -0.024601073935627937 
v 0.3753756880760193 0.06440357863903046 -0.039009805768728256 
v 0.405749648809433 0.07409849017858505 -0.02194683440029621 
v 0.40557509660720825 0.07578456401824951 -0.03504951298236847 
v 0.42949023842811584 0.0819668248295784 -0.03374345600605011 
v 0.40487685799598694 0.08084277808666229 -0.04351780191063881 
v 0.429141104221344 0.08576048910617828 -0.042633056640625 
v 0.4284428656101227 0.09095921367406845 -0.047899406403303146 
v 0.44642284512519836 0.09222376346588135 -0.047899406403303146 
v 0.4296647906303406 0.0807022750377655 -0.021062087267637253 
v 0.4296647906303406 0.0807022750377655 -0.006526960991322994 
v 0.405749648809433 0.07409849017858505 -0.006526960991322994 
v 0.3495403826236725 0.053584612905979156 -0.04297010228037834 
v 0.42757004499435425 -0.14228075742721558 -0.006569091696292162 
v 0.4336797297000885 -0.14649592339992523 -0.006569091696292162 
v 0.42757004499435425 -0.14228075742721558 0.00750259542837739 
v 0.4336797297000885 -0.14649592339992523 0.00750259542837739 
v 0.4410113990306854 -0.1455123871564865 0.0192992202937603 
v 0.4389166235923767 -0.14944656193256378 0.00750259542837739 
v 0.44572457671165466 -0.14832250773906708 0.01921495795249939 
v 0.4499140977859497 -0.15127313137054443 0.01896217279136181 
v 0.4389166235923767 -0.14944656193256378 -0.006569091696292162 
v 0.4441535174846649 -0.15225668251514435 -0.006569091696292162 
v 0.4441535174846649 -0.15225668251514435 0.00750259542837739 
v 0.45026323199272156 -0.15492628514766693 0.00750259542837739 
v 0.4549764394760132 -0.1542237550020218 0.018667258322238922 
v 0.45026323199272156 -0.15492628514766693 -0.006569091696292162 
v 0.4584676921367645 -0.1575959026813507 -0.006569091696292162 
v 0.4584676921367645 -0.1575959026813507 0.00750259542837739 
v 0.4673703908920288 -0.15942248702049255 0.00750259542837739 
v 0.46178439259529114 -0.15717437863349915 0.01833021081984043 
v 0.4675449728965759 -0.1587199568748474 0.015423186123371124 
v 0.6801626682281494 0.12580469250679016 -0.006526960991322994 
v 0.6850504875183105 0.11920091509819031 -0.006526960991322994 
v 0.6801626682281494 0.12580469250679016 -0.02144126407802105 
v 0.6850504875183105 0.11920091509819031 -0.02047225646674633 
v 0.6787661910057068 0.11920091509819031 -0.032816581428050995 
v 0.6820828914642334 0.11119207739830017 -0.02047225646674633 
v 0.6759731769561768 0.11119207739830017 -0.032816581428050995 
v 0.6820828914642334 0.11119207739830017 -0.006526960991322994 
v 0.5389412045478821 -0.08565682917833328 -0.032816581428050995 
v 0.5433052778244019 -0.08748341351747513 -0.02047225646674633 
v 0.5282928943634033 -0.08959099650382996 -0.032816581428050995 
v 0.532482385635376 -0.09099605679512024 -0.02047225646674633 
v 0.5202630162239075 -0.09549225121736526 -0.02047225646674633 
v 0.532482385635376 -0.09099605679512024 -0.006569091696292162 
v 0.5202630162239075 -0.09549225121736526 -0.006569091696292162 
v 0.5433052778244019 -0.08748341351747513 -0.006569091696292162 
v 0.5508115291595459 -0.05474551022052765 -0.006569091696292162 
v 0.5476693511009216 -0.06205182522535324 -0.006569091696292162 
v 0.5508115291595459 -0.05474551022052765 -0.02047225646674633 
v 0.5476693511009216 -0.06205182522535324 -0.02047225646674633 
v 0.5440035462379456 -0.060225244611501694 -0.032816581428050995 
v 0.546272873878479 -0.06935813277959824 -0.02047225646674633 
v 0.5422579050064087 -0.06753155589103699 -0.032816581428050995 
v 0.5420833826065063 -0.07427584379911423 -0.032816581428050995 
v 0.546272873878479 -0.06935813277959824 -0.006569091696292162 
v 0.5460982918739319 -0.07652394473552704 -0.006569091696292162 
v 0.5460982918739319 -0.07652394473552704 -0.02047225646674633 
v 0.5466219782829285 -0.08214417845010757 -0.02047225646674633 
v 0.5424324870109558 -0.07975558191537857 -0.032816581428050995 
v 0.5466219782829285 -0.08214417845010757 -0.006569091696292162 
v 0.5467965602874756 -0.08523531258106232 -0.006569091696292162 
v 0.5467965602874756 -0.08523531258106232 -0.02047225646674633 
v 0.5433052778244019 -0.08748341351747513 -0.02047225646674633 
v 0.5424324870109558 -0.0829872190952301 -0.032816581428050995 
v 0.5389412045478821 -0.08565682917833328 -0.032816581428050995 
v 0.45357993245124817 0.005953080020844936 0.019931182265281677 
v 0.442931592464447 0.011573320254683495 0.00750259542837739 
v 0.442931592464447 0.011573320254683495 -0.006526960991322994 
v 0.4523579776287079 0.019160643219947815 0.00750259542837739 
v 0.4523579776287079 0.019160643219947815 -0.006526960991322994 
v 0.4614352583885193 0.026466956362128258 -0.006526960991322994 
v 0.4628317654132843 0.013259392231702805 0.019931182265281677 
v 0.4719090461730957 0.02028469182550907 0.019931182265281677 
v 0.4614352583885193 0.026466956362128258 0.00750259542837739 
v 0.468417763710022 0.03222770243883133 0.00750259542837739 
v 0.468417763710022 0.03222770243883133 -0.006526960991322994 
v 0.47924068570137024 0.025904931128025055 0.019931182265281677 
v 0.4829065203666687 0.029136570170521736 0.019931182265281677 
v 0.4719090461730957 0.035178329795598984 0.00750259542837739 
v 0.47487661242485046 0.03798844665288925 0.00750259542837739 
v 0.4719090461730957 0.035178329795598984 -0.006526960991322994 
v 0.47487661242485046 0.03798844665288925 -0.006526960991322994 
v 0.5862478017807007 -0.007535495795309544 -0.032816581428050995 
v 0.5893899202346802 -0.009502580389380455 -0.02047225646674633 
v 0.5834547877311707 -0.017932940274477005 -0.032816581428050995 
v 0.5864223837852478 -0.02018103562295437 -0.02047225646674633 
v 0.5853750109672546 -0.029594937339425087 -0.02047225646674633 
v 0.5864223837852478 -0.02018103562295437 -0.006569091696292162 
v 0.5853750109672546 -0.029594937339425087 -0.006569091696292162 
v 0.5893899202346802 -0.009502580389380455 -0.006569091696292162 
v 0.6635792255401611 0.09671995788812637 -0.032816581428050995 
v 0.6693397760391235 0.09657944738864899 -0.02047225646674633 
v 0.6534545421600342 0.08533897250890732 -0.032816581428050995 
v 0.6588659882545471 0.08505795896053314 -0.02047225646674633 
v 0.6490904688835144 0.07255292683839798 -0.02047225646674633 
v 0.6588659882545471 0.08505795896053314 -0.006526960991322994 
v 0.6490904688835144 0.07255292683839798 -0.006526960991322994 
v 0.6693397760391235 0.09657944738864899 -0.006526960991322994 
v 0.5000137090682983 -0.149165540933609 -0.03155265748500824 
v 0.5057742595672607 -0.14354529976844788 -0.03184757009148598 
v 0.5017592906951904 -0.149165540933609 -0.02047225646674633 
v 0.5080435872077942 -0.1432642936706543 -0.02047225646674633 
v 0.5080435872077942 -0.1432642936706543 -0.006569091696292162 
v 0.5120585560798645 -0.1384870857000351 -0.02047225646674633 
v 0.5120585560798645 -0.1384870857000351 -0.006569091696292162 
v 0.5131059288978577 -0.1359579861164093 -0.006569091696292162 
v 0.5096146464347839 -0.13876810669898987 -0.03210035711526871 
v 0.5106620192527771 -0.13623899221420288 -0.03222674876451492 
v 0.5131059288978577 -0.1359579861164093 -0.02047225646674633 
v 0.5120585560798645 -0.13342887163162231 -0.02047225646674633 
v 0.5120585560798645 -0.13342887163162231 -0.006569091696292162 
v 0.5094400644302368 -0.1335693746805191 -0.03231101110577583 
v 0.5073453187942505 -0.12851116061210632 -0.032563794404268265 
v 0.5101383328437805 -0.12823015451431274 -0.02047225646674633 
v 0.5082181692123413 -0.1216263696551323 -0.02047225646674633 
v 0.5101383328437805 -0.12823015451431274 -0.006569091696292162 
v 0.5082181692123413 -0.1216263696551323 -0.006569091696292162 
v 0.643329918384552 0.06187446787953377 -0.006526960991322994 
v 0.643329918384552 0.06187446787953377 -0.02047225646674633 
v 0.6382675766944885 0.06257699429988861 -0.032816581428050995 
v 0.6401877403259277 0.05091499909758568 -0.02047225646674633 
v 0.6354745626449585 0.051898542791604996 -0.032816581428050995 
v 0.6344271898269653 0.03897199034690857 -0.032816581428050995 
v 0.6401877403259277 0.05091499909758568 -0.006526960991322994 
v 0.6391403675079346 0.03714541345834732 -0.006526960991322994 
v 0.6391403675079346 0.0374264232814312 -0.02047225646674633 
v 0.6389658451080322 0.025202402845025063 -0.02047225646674633 
v 0.6342526078224182 0.027309991419315338 -0.032816581428050995 
v 0.6389658451080322 0.024780884385108948 -0.006526960991322994 
v 0.6387912631034851 0.01789608970284462 -0.006526960991322994 
v 0.6387912631034851 0.018177101388573647 -0.02047225646674633 
v 0.6344271898269653 0.013821415603160858 -0.02047225646674633 
v 0.6342526078224182 0.020144186913967133 -0.032816581428050995 
v 0.6300631165504456 0.015507487580180168 -0.032816581428050995 
v 0.5824074149131775 -0.02692532353103161 -0.032816581428050995 
v 0.5818837285041809 -0.031421516090631485 -0.032816581428050995 
v 0.5850258469581604 -0.03381011635065079 -0.02047225646674633 
v 0.5850258469581604 -0.03381011635065079 -0.006569091696292162 
v 0.582058310508728 -0.0360582135617733 -0.02047225646674633 
v 0.582058310508728 -0.0360582135617733 -0.006569091696292162 
v 0.5787416100502014 -0.03381011635065079 -0.032816581428050995 
v 0.5052505731582642 -0.12176687270402908 -0.03277444839477539 
v 0.5043777823448181 -0.11446056514978409 -0.032816581428050995 
v 0.5075199007987976 -0.11446056514978409 -0.02047225646674633 
v 0.5089163780212402 -0.10743526369333267 -0.02047225646674633 
v 0.5075199007987976 -0.11446056514978409 -0.006569091696292162 
v 0.5089163780212402 -0.10743526369333267 -0.006569091696292162 
v 0.4336797297000885 0.003845490049570799 -0.006526960991322994 
v 0.5127567648887634 -0.1011124923825264 -0.006569091696292162 
v 0.5127567648887634 -0.1011124923825264 -0.02047225646674633 
v 0.5202630162239075 -0.09549225121736526 -0.02047225646674633 
v 0.5092655420303345 -0.10040996223688126 -0.032816581428050995 
v 0.5164226293563843 -0.09450870752334595 -0.032816581428050995 
v 0.5054251551628113 -0.1070137470960617 -0.032816581428050995 
v 0.6232551336288452 0.12749077379703522 -0.006526960991322994 
v 0.5584923028945923 0.12678824365139008 -0.006526960991322994 
v 0.5584923028945923 0.12678824365139008 -0.028097931295633316 
v 0.5584923028945923 0.12510216236114502 -0.0442761592566967 
v 0.49809348583221436 0.1263667196035385 -0.028097931295633316 
v 0.49809348583221436 0.12468065321445465 -0.0442761592566967 
v 0.4724327325820923 0.12454014271497726 -0.0442761592566967 
v 0.49809348583221436 0.1263667196035385 -0.006526960991322994 
v 0.4724327325820923 0.12608571350574493 -0.006526960991322994 
v 0.4724327325820923 0.12608571350574493 -0.028097931295633316 
v 0.4640536904335022 0.12608571350574493 -0.028097931295633316 
v 0.4640536904335022 0.12454014271497726 -0.0442761592566967 
v 0.4556746780872345 0.12454014271497726 -0.0442761592566967 
v 0.4556746780872345 0.12608571350574493 -0.028097931295633316 
v 0.4556746780872345 0.12608571350574493 -0.006526960991322994 
v 0.4439789652824402 0.12608571350574493 -0.028097931295633316 
v 0.4439789652824402 0.12608571350574493 -0.006526960991322994 
v 0.42564985156059265 0.12608571350574493 -0.006526960991322994 
v 0.4439789652824402 0.12454014271497726 -0.0442761592566967 
v 0.4258244037628174 0.12454014271497726 -0.0442761592566967 
v 0.42564985156059265 0.12608571350574493 -0.028097931295633316 
v 0.4008618891239166 0.12608571350574493 -0.028097931295633316 
v 0.4008618891239166 0.12608571350574493 -0.006526960991322994 
v 0.40103647112846375 0.12454014271497726 -0.0442761592566967 
v 0.3697896897792816 0.12454014271497726 -0.0442761592566967 
v 0.3696151077747345 0.12608571350574493 -0.028097931295633316 
v 0.34290698170661926 0.12608571350574493 -0.028097931295633316 
v 0.3696151077747345 0.12608571350574493 -0.006526960991322994 
v 0.34290698170661926 0.12608571350574493 -0.006526960991322994 
v 0.4848267138004303 0.04880740866065025 -0.006526960991322994 
v 0.4848267138004303 0.04880740866065025 0.00750259542837739 
v 0.48761969804763794 0.05414663627743721 -0.006526960991322994 
v 0.48761969804763794 0.05414663627743721 0.00750259542837739 
v 0.48849251866340637 0.058642830699682236 0.00750259542837739 
v 0.4977443516254425 0.04894791543483734 0.019931182265281677 
v 0.4996645450592041 0.053584612905979156 0.019931182265281677 
v 0.49477678537368774 0.043468181043863297 0.019931182265281677 
v 0.34290698170661926 0.12454014271497726 -0.0442761592566967 
v 0.3313858211040497 0.12454014271497726 -0.0442761592566967 
v 0.33121126890182495 0.12608571350574493 -0.028097931295633316 
v 0.3284182548522949 0.12454014271497726 -0.028097931295633316 
v 0.33121126890182495 0.12608571350574493 -0.006526960991322994 
v 0.3284182548522949 0.12454014271497726 -0.006526960991322994 
v 0.48849251866340637 0.058642830699682236 -0.006526960991322994 
v 0.48849251866340637 0.062014974653720856 -0.006526960991322994 
v 0.48849251866340637 0.062014974653720856 0.00750259542837739 
v 0.5010610818862915 0.057097263634204865 0.019931182265281677 
v 0.4879688322544098 0.06482509523630142 0.00750259542837739 
v 0.5017592906951904 0.06004789099097252 0.019931182265281677 
v 0.5015847682952881 0.06299851834774017 0.019931182265281677 
v 0.4879688322544098 0.06482509523630142 -0.006526960991322994 
v 0.48709601163864136 0.06735420227050781 -0.006526960991322994 
v 0.48709601163864136 0.06735420227050781 0.00750259542837739 
v 0.4860486388206482 0.0698833093047142 0.00750259542837739 
v 0.5005373954772949 0.06608964502811432 0.019931182265281677 
v 0.4991408586502075 0.06946179270744324 0.019931182265281677 
v 0.4846521317958832 0.0724124163389206 0.00750259542837739 
v 0.4846521317958832 0.0724124163389206 -0.006526960991322994 
v 0.48133543133735657 0.07536304742097855 0.007586857303977013 
v 0.48133543133735657 0.07536304742097855 -0.006526960991322994 
v 0.4912855327129364 0.0748010203242302 0.021616414189338684 
v 0.4860486388206482 0.0698833093047142 -0.006526960991322994 
v 0.32929107546806335 0.12341609597206116 -0.04010520875453949 
v 0.3287673890590668 0.11990344524383545 -0.0442761592566967 
v 0.3284182548522949 0.12454014271497726 -0.028097931295633316 
v 0.3277199864387512 0.11990344524383545 -0.028097931295633316 
v 0.3277199864387512 0.11990344524383545 -0.006526960991322994 
v 0.32806912064552307 0.11358067393302917 -0.028097931295633316 
v 0.32806912064552307 0.11358067393302917 -0.006526960991322994 
v 0.3284182548522949 0.10739841312170029 -0.006526960991322994 
v 0.32911649346351624 0.11358067393302917 -0.0442761592566967 
v 0.3294656276702881 0.10739841312170029 -0.0442761592566967 
v 0.3284182548522949 0.10739841312170029 -0.028097931295633316 
v 0.32911649346351624 0.09910855442285538 -0.028097931295633316 
v 0.32911649346351624 0.09910855442285538 -0.006526960991322994 
v 0.3301638960838318 0.09910855442285538 -0.0442761592566967 
v 0.3313858211040497 0.08688453584909439 -0.0442761592566967 
v 0.3303384482860565 0.0867440328001976 -0.028097931295633316 
v 0.33190950751304626 0.0724124163389206 -0.028097931295633316 
v 0.3303384482860565 0.0867440328001976 -0.006526960991322994 
v 0.33190950751304626 0.0724124163389206 -0.006526960991322994 
v 0.6635792255401611 0.09671995788812637 0.01972052827477455 
v 0.6693397760391235 0.09657944738864899 0.007376203313469887 
v 0.6709108352661133 0.10458829253911972 0.01972052827477455 
v 0.6770205497741699 0.10444778949022293 0.007376203313469887 
v 0.6820828914642334 0.11119207739830017 0.007376203313469887 
v 0.6770205497741699 0.10444778949022293 -0.006526960991322994 
v 0.6820828914642334 0.11119207739830017 -0.006526960991322994 
v 0.6693397760391235 0.09657944738864899 -0.006526960991322994 
v 0.333480566740036 0.05808080732822418 -0.006526960991322994 
v 0.333480566740036 0.05808080732822418 -0.028097931295633316 
v 0.3355753421783447 0.047823868691921234 -0.028097931295633316 
v 0.33435338735580444 0.05850232392549515 -0.0442761592566967 
v 0.3359244465827942 0.05091499909758568 -0.04010520875453949 
v 0.33295688033103943 0.07269342988729477 -0.0442761592566967 
v 0.48569950461387634 0.03208719566464424 0.019931182265281677 
v 0.49023815989494324 0.0374264232814312 0.019931182265281677 
v 0.47993892431259155 0.04290615767240524 0.00750259542837739 
v 0.4848267138004303 0.04880740866065025 0.00750259542837739 
v 0.47993892431259155 0.04290615767240524 -0.006526960991322994 
v 0.4848267138004303 0.04880740866065025 -0.006526960991322994 
v 0.48133543133735657 0.07536304742097855 -0.006526960991322994 
v 0.48133543133735657 0.07536304742097855 -0.020682910457253456 
v 0.4846521317958832 0.0724124163389206 -0.006526960991322994 
v 0.4846521317958832 0.0724124163389206 -0.020598648115992546 
v 0.4860486388206482 0.0698833093047142 -0.020598648115992546 
v 0.4991408586502075 0.06946179270744324 -0.03302723541855812 
v 0.5005373954772949 0.06608964502811432 -0.03302723541855812 
v 0.4912855327129364 0.0748010203242302 -0.03471246734261513 
v 0.4860486388206482 0.0698833093047142 -0.006526960991322994 
v 0.48709601163864136 0.06735420227050781 -0.006526960991322994 
v 0.48709601163864136 0.06735420227050781 -0.020598648115992546 
v 0.5015847682952881 0.06299851834774017 -0.03302723541855812 
v 0.4879688322544098 0.06482509523630142 -0.020598648115992546 
v 0.5017592906951904 0.06004789099097252 -0.03302723541855812 
v 0.5010610818862915 0.057097263634204865 -0.03302723541855812 
v 0.4879688322544098 0.06482509523630142 -0.006526960991322994 
v 0.48849251866340637 0.062014974653720856 -0.006526960991322994 
v 0.48849251866340637 0.062014974653720856 -0.020598648115992546 
v 0.48849251866340637 0.058642830699682236 -0.020598648115992546 
v 0.4996645450592041 0.053584612905979156 -0.03302723541855812 
v 0.4977443516254425 0.04894791543483734 -0.03302723541855812 
v 0.48761969804763794 0.05414663627743721 -0.020598648115992546 
v 0.48761969804763794 0.05414663627743721 -0.006526960991322994 
v 0.4848267138004303 0.04880740866065025 -0.020598648115992546 
v 0.4848267138004303 0.04880740866065025 -0.006526960991322994 
v 0.49477678537368774 0.043468181043863297 -0.03302723541855812 
v 0.48849251866340637 0.058642830699682236 -0.006526960991322994 
v 0.6635792255401611 0.09671995788812637 0.01972052827477455 
v 0.6534545421600342 0.08533897250890732 0.01972052827477455 
v 0.6693397760391235 0.09657944738864899 0.007376203313469887 
v 0.6588659882545471 0.08505795896053314 0.007376203313469887 
v 0.6588659882545471 0.08505795896053314 -0.006526960991322994 
v 0.6490904688835144 0.07255292683839798 0.007376203313469887 
v 0.6490904688835144 0.07255292683839798 -0.006526960991322994 
v 0.643329918384552 0.06187446787953377 -0.006526960991322994 
v 0.6440281271934509 0.07297444343566895 0.01972052827477455 
v 0.6382675766944885 0.06257699429988861 0.01972052827477455 
v 0.643329918384552 0.06187446787953377 0.007376203313469887 
v 0.6401877403259277 0.05091499909758568 0.007376203313469887 
v 0.6401877403259277 0.05091499909758568 -0.006526960991322994 
v 0.6354745626449585 0.051898542791604996 0.01972052827477455 
v 0.6344271898269653 0.03897199034690857 0.01972052827477455 
v 0.6391403675079346 0.0374264232814312 0.007376203313469887 
v 0.6389658451080322 0.025202402845025063 0.007376203313469887 
v 0.6391403675079346 0.03714541345834732 -0.006526960991322994 
v 0.6389658451080322 0.024780884385108948 -0.006526960991322994 
v 0.6749258041381836 0.12397812306880951 0.01807742565870285 
v 0.6801626682281494 0.12580469250679016 0.00834521185606718 
v 0.6613098978996277 0.12566418945789337 0.024481307715177536 
v 0.6616590023040771 0.1277717798948288 0.011210106313228607 
v 0.6232551336288452 0.12749077379703522 0.014075000770390034 
v 0.6616590023040771 0.1277717798948288 -0.006526960991322994 
v 0.6232551336288452 0.12749077379703522 -0.006526960991322994 
v 0.6801626682281494 0.12580469250679016 -0.006526960991322994 
v 0.418143630027771 -0.011188652366399765 -0.006526960991322994 
v 0.418143630027771 -0.011188652366399765 -0.020598648115992546 
v 0.4123830497264862 -0.017932940274477005 -0.006526960991322994 
v 0.4123830497264862 -0.017932940274477005 -0.020598648115992546 
v 0.4076698422431946 -0.024396216496825218 -0.020598648115992546 
v 0.42495158314704895 -0.022991156205534935 -0.03302723541855812 
v 0.4207620918750763 -0.02931392565369606 -0.03302723541855812 
v 0.4303630292415619 -0.01666838675737381 -0.03302723541855812 
v 0.6342526078224182 0.027309991419315338 0.01972052827477455 
v 0.6342526078224182 0.020144186913967133 0.01972052827477455 
v 0.6387912631034851 0.018177101388573647 0.007376203313469887 
v 0.6344271898269653 0.013821415603160858 0.007376203313469887 
v 0.6387912631034851 0.01789608970284462 -0.006526960991322994 
v 0.6344271898269653 0.013821415603160858 -0.006569091696292162 
v 0.5473202466964722 -0.05305944010615349 -0.032816581428050995 
v 0.5527316927909851 -0.046596165746450424 -0.032816581428050995 
v 0.5508115291595459 -0.05474551022052765 -0.02047225646674633 
v 0.5562229752540588 -0.04842274263501167 -0.02047225646674633 
v 0.5562229752540588 -0.04842274263501167 -0.006569091696292162 
v 0.5639037489891052 -0.043224021792411804 -0.02047225646674633 
v 0.5639037489891052 -0.043224021792411804 -0.006569091696292162 
v 0.5736792683601379 -0.039008840918540955 -0.006569091696292162 
v 0.5604124665260315 -0.04125693440437317 -0.032816581428050995 
v 0.5703625679016113 -0.03704175725579262 -0.032816581428050995 
v 0.5736792683601379 -0.039008840918540955 -0.02047225646674633 
v 0.582058310508728 -0.0360582135617733 -0.02047225646674633 
v 0.582058310508728 -0.0360582135617733 -0.006569091696292162 
v 0.5893899202346802 -0.009502580389380455 -0.006569091696292162 
v 0.5893899202346802 -0.009502580389380455 -0.02047225646674633 
v 0.5958487391471863 -0.0010722200386226177 -0.006569091696292162 
v 0.5958487391471863 -0.0010722200386226177 -0.02047225646674633 
v 0.6063225269317627 0.005250549875199795 -0.02047225646674633 
v 0.5925320982933044 0.0006138519966043532 -0.032816581428050995 
v 0.6028313040733337 0.006936621852219105 -0.032816581428050995 
v 0.5862478017807007 -0.007535495795309544 -0.032816581428050995 
v 0.41727080941200256 -0.03591770678758621 -0.03302723541855812 
v 0.40365490317344666 -0.031421516090631485 -0.020598648115992546 
v 0.40365490317344666 -0.031421516090631485 -0.006526960991322994 
v 0.4001636505126953 -0.039851877838373184 -0.020598648115992546 
v 0.4001636505126953 -0.039851877838373184 -0.006526960991322994 
v 0.39719608426094055 -0.0505303330719471 -0.006526960991322994 
v 0.4137795567512512 -0.04392654821276665 -0.03302723541855812 
v 0.409939169883728 -0.054183486849069595 -0.03302723541855812 
v 0.39719608426094055 -0.0505303330719471 -0.020598648115992546 
v 0.39527589082717896 -0.06359738856554031 -0.020598648115992546 
v 0.39527589082717896 -0.06359738856554031 -0.006526960991322994 
v 0.40697160363197327 -0.06654801964759827 -0.03302723541855812 
v 0.40609878301620483 -0.08116064220666885 -0.03302723541855812 
v 0.39510130882263184 -0.07905305176973343 -0.020598648115992546 
v 0.39754518866539 -0.09535174816846848 -0.020598648115992546 
v 0.39510130882263184 -0.07905305176973343 -0.006569091696292162 
v 0.39754518866539 -0.09535174816846848 -0.006569091696292162 
v 0.6063225269317627 0.005250549875199795 -0.006569091696292162 
v 0.6215095520019531 0.009887248277664185 -0.006569091696292162 
v 0.6215095520019531 0.009887248277664185 -0.02047225646674633 
v 0.6173200011253357 0.011573320254683495 -0.032816581428050995 
v 0.6344271898269653 0.013821415603160858 -0.02047225646674633 
v 0.6300631165504456 0.015507487580180168 -0.032816581428050995 
v 0.6344271898269653 0.013821415603160858 -0.006569091696292162 
v 0.40801897644996643 -0.09647579491138458 -0.03302723541855812 
v 0.41343042254447937 -0.11165044456720352 -0.03302723541855812 
v 0.4034803509712219 -0.11136943101882935 -0.020598648115992546 
v 0.4115102291107178 -0.1251390129327774 -0.020598648115992546 
v 0.4034803509712219 -0.11136943101882935 -0.006569091696292162 
v 0.4115102291107178 -0.1251390129327774 -0.006569091696292162 
v 0.4207620918750763 -0.12485800683498383 -0.03294297307729721 
v 0.4284428656101227 -0.1346934288740158 -0.032732319086790085 
v 0.41988927125930786 -0.13525545597076416 -0.020598648115992546 
v 0.42757004499435425 -0.14228075742721558 -0.020598648115992546 
v 0.41988927125930786 -0.13525545597076416 -0.006569091696292162 
v 0.42757004499435425 -0.14228075742721558 -0.006569091696292162 
v 0.4355999231338501 -0.14143770933151245 0.019425611943006516 
v 0.4284428656101227 -0.1346934288740158 0.01963626593351364 
v 0.42757004499435425 -0.14228075742721558 0.00750259542837739 
v 0.41988927125930786 -0.13525545597076416 0.00750259542837739 
v 0.41988927125930786 -0.13525545597076416 -0.006569091696292162 
v 0.4115102291107178 -0.1251390129327774 0.00750259542837739 
v 0.4115102291107178 -0.1251390129327774 -0.006569091696292162 
v 0.4034803509712219 -0.11136943101882935 -0.006569091696292162 
v 0.4207620918750763 -0.12485800683498383 0.019846919924020767 
v 0.41343042254447937 -0.11165044456720352 0.019931182265281677 
v 0.4034803509712219 -0.11136943101882935 0.00750259542837739 
v 0.39754518866539 -0.09535174816846848 0.00750259542837739 
v 0.39754518866539 -0.09535174816846848 -0.006569091696292162 
v 0.40801897644996643 -0.09647579491138458 0.019931182265281677 
v 0.40609878301620483 -0.08116064220666885 0.019931182265281677 
v 0.39510130882263184 -0.07905305176973343 0.00750259542837739 
v 0.39527589082717896 -0.06359738856554031 0.00750259542837739 
v 0.39510130882263184 -0.07905305176973343 -0.006569091696292162 
v 0.39527589082717896 -0.06359738856554031 -0.006526960991322994 
v 0.40697160363197327 -0.06654801964759827 0.019931182265281677 
v 0.409939169883728 -0.054183486849069595 0.019931182265281677 
v 0.39719608426094055 -0.0505303330719471 0.00750259542837739 
v 0.4001636505126953 -0.039851877838373184 0.00750259542837739 
v 0.39719608426094055 -0.0505303330719471 -0.006526960991322994 
v 0.4001636505126953 -0.039851877838373184 -0.006526960991322994 
v 0.4137795567512512 -0.04392654821276665 0.019931182265281677 
v 0.41727080941200256 -0.03591770678758621 0.019931182265281677 
v 0.40365490317344666 -0.031421516090631485 0.00750259542837739 
v 0.4076698422431946 -0.024396216496825218 0.00750259542837739 
v 0.40365490317344666 -0.031421516090631485 -0.006526960991322994 
v 0.4076698422431946 -0.024396216496825218 -0.006526960991322994 
v 0.4207620918750763 -0.02931392565369606 0.019931182265281677 
v 0.42495158314704895 -0.022991156205534935 0.019931182265281677 
v 0.4123830497264862 -0.017932940274477005 0.00750259542837739 
v 0.418143630027771 -0.011188652366399765 0.00750259542837739 
v 0.4123830497264862 -0.017932940274477005 -0.006526960991322994 
v 0.418143630027771 -0.011188652366399765 -0.006526960991322994 
v 0.5389412045478821 -0.08565682917833328 0.01972052827477455 
v 0.5433052778244019 -0.08748341351747513 0.007376203313469887 
v 0.5424324870109558 -0.0829872190952301 0.01972052827477455 
v 0.5467965602874756 -0.08523531258106232 0.007376203313469887 
v 0.5466219782829285 -0.08214417845010757 0.007376203313469887 
v 0.5467965602874756 -0.08523531258106232 -0.006569091696292162 
v 0.5466219782829285 -0.08214417845010757 -0.006569091696292162 
v 0.5433052778244019 -0.08748341351747513 -0.006569091696292162 
v 0.5424324870109558 -0.07975558191537857 0.01972052827477455 
v 0.5420833826065063 -0.07427584379911423 0.01972052827477455 
v 0.5460982918739319 -0.07652394473552704 0.007376203313469887 
v 0.5460982918739319 -0.07652394473552704 -0.006569091696292162 
v 0.546272873878479 -0.06935813277959824 0.007376203313469887 
v 0.546272873878479 -0.06935813277959824 -0.006569091696292162 
v 0.5476693511009216 -0.06205182522535324 -0.006569091696292162 
v 0.5422579050064087 -0.06753155589103699 0.01972052827477455 
v 0.5440035462379456 -0.060225244611501694 0.01972052827477455 
v 0.5476693511009216 -0.06205182522535324 0.007376203313469887 
v 0.5508115291595459 -0.05474551022052765 0.007376203313469887 
v 0.5508115291595459 -0.05474551022052765 -0.006569091696292162 
v 0.40417858958244324 0.08758706599473953 0.03501400724053383 
v 0.40487685799598694 0.08084277808666229 0.030421750620007515 
v 0.4284428656101227 0.09095921367406845 0.0348033532500267 
v 0.429141104221344 0.08576048910617828 0.029537003487348557 
v 0.42949023842811584 0.0819668248295784 0.020647404715418816 
v 0.40557509660720825 0.07578456401824951 0.021953459829092026 
v 0.405749648809433 0.07409849017858505 0.008850781247019768 
v 0.3753756880760193 0.06440357863903046 0.025913754478096962 
v 0.37572482228279114 0.062014974653720856 0.011505021713674068 
v 0.34988948702812195 0.05049348250031471 0.014117131009697914 
v 0.37572482228279114 0.062014974653720856 -0.006526960991322994 
v 0.34988948702812195 0.05049348250031471 -0.006526960991322994 
v 0.4296647906303406 0.0807022750377655 0.00796603411436081 
v 0.4296647906303406 0.0807022750377655 -0.006526960991322994 
v 0.44747021794319153 0.08337188512086868 -0.006526960991322994 
v 0.405749648809433 0.07409849017858505 -0.006526960991322994 
v 0.3387174606323242 0.04543526470661163 -0.006526960991322994 
v 0.3387174606323242 0.04543526470661163 0.015001878142356873 
v 0.3355753421783447 0.047823868691921234 0.015001878142356873 
v 0.33836835622787476 0.04894791543483734 0.031180106103420258 
v 0.3359244465827942 0.05091499909758568 0.027009155601263046 
v 0.3495403826236725 0.053584612905979156 0.029874050989747047 
v 0.6635792255401611 0.09671995788812637 0.01972052827477455 
v 0.6440281271934509 0.07297444343566895 -0.032816581428050995 
v 0.4848267138004303 0.04880740866065025 -0.006526960991322994 
v 0.4848267138004303 0.04880740866065025 -0.020598648115992546 
v 0.47993892431259155 0.04290615767240524 -0.006526960991322994 
v 0.47993892431259155 0.04290615767240524 -0.020598648115992546 
v 0.47487661242485046 0.03798844665288925 -0.020598648115992546 
v 0.49023815989494324 0.0374264232814312 -0.03302723541855812 
v 0.48569950461387634 0.03208719566464424 -0.03302723541855812 
v 0.49477678537368774 0.043468181043863297 -0.03302723541855812 
v 0.5017592906951904 -0.149165540933609 -0.006569091696292162 
v 0.5017592906951904 -0.149165540933609 0.007376203313469887 
v 0.4944276511669159 -0.15436427295207977 -0.006569091696292162 
v 0.4944276511669159 -0.15436427295207977 0.007376203313469887 
v 0.48779428005218506 -0.15801742672920227 0.007376203313469887 
v 0.493205726146698 -0.15436427295207977 0.01816168799996376 
v 0.4886671006679535 -0.15703387558460236 0.015296793542802334 
v 0.5000137090682983 -0.149165540933609 0.018456604331731796 
v 0.4829065203666687 0.029136570170521736 -0.03302723541855812 
v 0.4719090461730957 0.035178329795598984 -0.020598648115992546 
v 0.4719090461730957 0.035178329795598984 -0.006526960991322994 
v 0.468417763710022 0.03222770243883133 -0.020598648115992546 
v 0.468417763710022 0.03222770243883133 -0.006526960991322994 
v 0.4614352583885193 0.026466956362128258 -0.006526960991322994 
v 0.47924068570137024 0.025904931128025055 -0.03302723541855812 
v 0.4719090461730957 0.02028469182550907 -0.03302723541855812 
v 0.4614352583885193 0.026466956362128258 -0.020598648115992546 
v 0.4523579776287079 0.019160643219947815 -0.020598648115992546 
v 0.4523579776287079 0.019160643219947815 -0.006526960991322994 
v 0.4628317654132843 0.013259392231702805 -0.03302723541855812 
v 0.45357993245124817 0.005953080020844936 -0.03302723541855812 
v 0.442931592464447 0.011573320254683495 -0.020598648115992546 
v 0.4336797297000885 0.003845490049570799 -0.020598648115992546 
v 0.442931592464447 0.011573320254683495 -0.006526960991322994 
v 0.4336797297000885 0.003845490049570799 -0.006526960991322994 
v 0.4448517858982086 -0.0016342439921572804 -0.03302723541855812 
v 0.4369964301586151 -0.009362073615193367 -0.03302723541855812 
v 0.42547526955604553 -0.003882339922711253 -0.020598648115992546 
v 0.418143630027771 -0.011188652366399765 -0.020598648115992546 
v 0.42547526955604553 -0.003882339922711253 -0.006526960991322994 
v 0.418143630027771 -0.011188652366399765 -0.006526960991322994 
v 0.4673703908920288 -0.15942248702049255 -0.006569091696292162 
v 0.47487661242485046 -0.15984399616718292 -0.006569091696292162 
v 0.47487661242485046 -0.15984399616718292 0.00750259542837739 
v 0.48063719272613525 -0.15956299006938934 0.007460464723408222 
v 0.47400379180908203 -0.1588604599237442 0.01833021081984043 
v 0.48116087913513184 -0.15829843282699585 0.01841447316110134 
v 0.48063719272613525 -0.15956299006938934 -0.006569091696292162 
v 0.4841284453868866 -0.15928196907043457 -0.006569091696292162 
v 0.4841284453868866 -0.15928196907043457 0.0074183340184390545 
v 0.4855249524116516 -0.15815792977809906 0.018203819170594215 
v 0.48779428005218506 -0.15801742672920227 -0.006569091696292162 
v 0.47487661242485046 0.03798844665288925 -0.006526960991322994 
v 0.5000137090682983 -0.149165540933609 -0.03155265748500824 
v 0.5017592906951904 -0.149165540933609 -0.02047225646674633 
v 0.493205726146698 -0.15436427295207977 -0.031257741153240204 
v 0.4944276511669159 -0.15436427295207977 -0.02047225646674633 
v 0.48779428005218506 -0.15801742672920227 -0.02047225646674633 
v 0.4944276511669159 -0.15436427295207977 -0.006569091696292162 
v 0.48779428005218506 -0.15801742672920227 -0.006569091696292162 
v 0.5017592906951904 -0.149165540933609 -0.006569091696292162 
v 0.5787416100502014 -0.03381011635065079 0.01972052827477455 
v 0.582058310508728 -0.0360582135617733 0.007376203313469887 
v 0.5818837285041809 -0.031421516090631485 0.01972052827477455 
v 0.5850258469581604 -0.03381011635065079 0.007376203313469887 
v 0.5853750109672546 -0.029594937339425087 0.007376203313469887 
v 0.5850258469581604 -0.03381011635065079 -0.006569091696292162 
v 0.5853750109672546 -0.029594937339425087 -0.006569091696292162 
v 0.582058310508728 -0.0360582135617733 -0.006569091696292162 
v 0.5862478017807007 -0.007535495795309544 0.01972052827477455 
v 0.5893899202346802 -0.009502580389380455 0.007376203313469887 
v 0.5925320982933044 0.0006138519966043532 0.01972052827477455 
v 0.5958487391471863 -0.0010722200386226177 0.007376203313469887 
v 0.6063225269317627 0.005250549875199795 0.007376203313469887 
v 0.5958487391471863 -0.0010722200386226177 -0.006569091696292162 
v 0.6063225269317627 0.005250549875199795 -0.006569091696292162 
v 0.5893899202346802 -0.009502580389380455 -0.006569091696292162 
v 0.6229060292243958 0.1253831833600998 0.0294948723167181 
v 0.5584923028945923 0.12510216236114502 0.031180106103420258 
v 0.5584923028945923 0.12678824365139008 0.015001878142356873 
v 0.5584923028945923 0.12678824365139008 -0.006526960991322994 
v 0.49809348583221436 0.1263667196035385 0.015001878142356873 
v 0.49809348583221436 0.1263667196035385 -0.006526960991322994 
v 0.4724327325820923 0.12608571350574493 -0.006526960991322994 
v 0.49809348583221436 0.12468065321445465 0.031180106103420258 
v 0.4724327325820923 0.12454014271497726 0.031180106103420258 
v 0.4724327325820923 0.12608571350574493 0.015001878142356873 
v 0.4640536904335022 0.12454014271497726 0.031180106103420258 
v 0.5864223837852478 -0.02018103562295437 -0.006569091696292162 
v 0.5864223837852478 -0.02018103562295437 0.007376203313469887 
v 0.5834547877311707 -0.017932940274477005 0.01972052827477455 
v 0.5893899202346802 -0.009502580389380455 0.007376203313469887 
v 0.5862478017807007 -0.007535495795309544 0.01972052827477455 
v 0.5893899202346802 -0.009502580389380455 -0.006569091696292162 
v 0.5824074149131775 -0.02692532353103161 0.01972052827477455 
v 0.3495403826236725 0.053584612905979156 0.029874050989747047 
v 0.4841284453868866 -0.15928196907043457 -0.006569091696292162 
v 0.4841284453868866 -0.15928196907043457 -0.020514385774731636 
v 0.4855249524116516 -0.15815792977809906 -0.03129987046122551 
v 0.48063719272613525 -0.15956299006938934 -0.02055651694536209 
v 0.48116087913513184 -0.15829843282699585 -0.031510524451732635 
v 0.47400379180908203 -0.1588604599237442 -0.031426262110471725 
v 0.48063719272613525 -0.15956299006938934 -0.006569091696292162 
v 0.47487661242485046 -0.15984399616718292 -0.006569091696292162 
v 0.47487661242485046 -0.15984399616718292 -0.020598648115992546 
v 0.4673703908920288 -0.15942248702049255 -0.020598648115992546 
v 0.4675449728965759 -0.1587199568748474 -0.028519239276647568 
v 0.4673703908920288 -0.15942248702049255 -0.006569091696292162 
v 0.4584676921367645 -0.1575959026813507 -0.006569091696292162 
v 0.4584676921367645 -0.1575959026813507 -0.020598648115992546 
v 0.45026323199272156 -0.15492628514766693 -0.020598648115992546 
v 0.46178439259529114 -0.15717437863349915 -0.031426262110471725 
v 0.4549764394760132 -0.1542237550020218 -0.031763311475515366 
v 0.4886671006679535 -0.15703387558460236 -0.028392845764756203 
v 0.4076698422431946 -0.024396216496825218 -0.006526960991322994 
v 0.4499140977859497 -0.15127313137054443 -0.0320582240819931 
v 0.4441535174846649 -0.15225668251514435 -0.020598648115992546 
v 0.4389166235923767 -0.14944656193256378 -0.020598648115992546 
v 0.4441535174846649 -0.15225668251514435 -0.006569091696292162 
v 0.4389166235923767 -0.14944656193256378 -0.006569091696292162 
v 0.45026323199272156 -0.15492628514766693 -0.006569091696292162 
v 0.6215095520019531 0.009887248277664185 -0.006569091696292162 
v 0.6215095520019531 0.009887248277664185 0.007376203313469887 
v 0.6173200011253357 0.011573320254683495 0.01972052827477455 
v 0.6344271898269653 0.013821415603160858 0.007376203313469887 
v 0.6300631165504456 0.015507487580180168 0.01972052827477455 
v 0.6344271898269653 0.013821415603160858 -0.006569091696292162 
v 0.6028313040733337 0.006936621852219105 0.01972052827477455 
v 0.4640536904335022 0.12608571350574493 -0.006526960991322994 
v 0.4355999231338501 -0.14143770933151245 -0.03252166509628296 
v 0.4410113990306854 -0.1455123871564865 -0.03239527344703674 
v 0.42757004499435425 -0.14228075742721558 -0.020598648115992546 
v 0.4336797297000885 -0.14649592339992523 -0.020598648115992546 
v 0.4336797297000885 -0.14649592339992523 -0.006569091696292162 
v 0.44572457671165466 -0.14832250773906708 -0.03231101110577583 
v 0.33295688033103943 0.07269342988729477 0.031180106103420258 
v 0.32929107546806335 0.12341609597206116 0.027009155601263046 
v 0.4963478446006775 0.08716554939746857 0.03492974489927292 
v 0.4886671006679535 -0.15703387558460236 0.015296793542802334 
v 0.3355753421783447 0.047823868691921234 -0.006526960991322994 
v 0.5473202466964722 -0.05305944010615349 0.01972052827477455 
v 0.6693397760391235 0.09657944738864899 -0.006526960991322994 
v 0.5389412045478821 -0.08565682917833328 0.01972052827477455 
v 0.6749258041381836 0.12397812306880951 0.01807742565870285 
v 0.3284182548522949 0.12454014271497726 -0.006526960991322994 
v 0.5473202466964722 -0.05305944010615349 0.01972052827477455 
v 0.4355999231338501 -0.14143770933151245 0.019425611943006516 
v 0.582058310508728 -0.0360582135617733 -0.006569091696292162 
v 0.6759731769561768 0.11119207739830017 0.01972052827477455 
v 0.5202630162239075 -0.09549225121736526 -0.006569091696292162 
v 0.49477678537368774 0.043468181043863297 0.019931182265281677 
v 0.4303630292415619 -0.01666838675737381 0.019931182265281677 
v 0.42757004499435425 -0.14228075742721558 -0.006569091696292162 
v 0.6300631165504456 0.015507487580180168 0.01972052827477455 
v 0.40417858958244324 0.08758706599473953 -0.04811006039381027 
v 0.3359244465827942 0.05091499909758568 -0.04010520875453949 
v 0.4886671006679535 -0.15703387558460236 -0.028392845764756203 
v 0.3355753421783447 0.047823868691921234 -0.006526960991322994 
v 0.5473202466964722 -0.05305944010615349 -0.032816581428050995 
v 0.5164226293563843 -0.09450870752334595 -0.032816581428050995 
v 0.5017592906951904 -0.149165540933609 -0.006569091696292162 
v 0.48133543133735657 0.07536304742097855 -0.006526960991322994 
v 0.6749258041381836 0.12397812306880951 -0.031173478811979294 
v 0.4303630292415619 -0.01666838675737381 -0.03302723541855812 
v 0.32929107546806335 0.12341609597206116 -0.04010520875453949 
v 0.3284182548522949 0.12454014271497726 -0.006526960991322994 
v 0.3355753421783447 0.047823868691921234 -0.006526960991322994 
v 0.5508115291595459 -0.05474551022052765 -0.006569091696292162 
v 0.42757004499435425 -0.14228075742721558 -0.006569091696292162 
v 0.5787416100502014 -0.03381011635065079 -0.032816581428050995 
v 0.6820828914642334 0.11119207739830017 -0.006526960991322994 
v 0.5202630162239075 -0.09549225121736526 -0.006569091696292162 
v 0.5433052778244019 -0.08748341351747513 -0.006569091696292162 
v 0.4355999231338501 -0.14143770933151245 -0.03252166509628296 
v 0.6344271898269653 0.013821415603160858 -0.006569091696292162 
vn -0.12975044548511505 -0.9698991775512695 0.2060592919588089 
vn -0.009427154436707497 -0.9446067810058594 0.3280687630176544 
vn -0.2602759599685669 -0.8401349782943726 0.4758462607860565 
vn -0.08650301396846771 -0.6642793416976929 0.7424622178077698 
vn -0.14783364534378052 -0.4257417619228363 0.8926864862442017 
vn 0.060208678245544434 -0.6065021753311157 0.7927988767623901 
vn 0.05796569213271141 -0.3623799979686737 0.9302261471748352 
vn 0.3827785849571228 -0.5576114654541016 0.736579954624176 
vn 0.07460781931877136 -0.35100221633911133 0.933397650718689 
vn 0.40918442606925964 -0.501007080078125 0.762600839138031 
vn 0.46206632256507874 -0.37570783495903015 0.8033295273780823 
vn 0.6776730418205261 -0.6430010199546814 0.3568037748336792 
vn 0.7838149070739746 -0.46705231070518494 0.40926313400268555 
vn 0.09260173887014389 -0.2996000051498413 0.949560284614563 
vn -0.13408896327018738 -0.33723902702331543 0.931820809841156 
vn -0.13832741975784302 -0.37454473972320557 0.916832447052002 
vn -0.37582510709762573 -0.6811181902885437 0.6283578276634216 
vn -0.3419536054134369 -0.7479485273361206 0.5688942670822144 
vn -0.8607431650161743 -0.46355289220809937 0.2103329300880432 
vn -0.22155998647212982 -0.7868080139160156 0.5760593414306641 
vn -0.9322986602783203 -0.20947545766830444 0.2948545813560486 
vn -0.39271724224090576 -0.2853257656097412 0.87427818775177 
vn -0.49273478984832764 -0.06376329809427261 0.8678402304649353 
vn 0.18600431084632874 -0.30209019780158997 0.9349566102027893 
vn 0.04599921405315399 -0.05256957933306694 0.9975572824478149 
vn 0.07302821427583694 -0.18119516968727112 0.9807319641113281 
vn 0.006688034627586603 -0.016146345064044 0.9998472929000854 
vn 0.009147304110229015 -0.04716598615050316 0.9988451600074768 
vn 0 0 1 
vn 0.016609512269496918 -0.09894249588251114 0.994954526424408 
vn 0 0 1 
vn 0 0 1 
vn 0 0 1 
vn 0 0 1 
vn 0 0 1 
vn 0 0 1 
vn 0 0 1 
vn 0 0 1 
vn -0.0018796725198626518 0.4152300953865051 0.9097144603729248 
vn -0.0018796725198626518 0.4152300953865051 0.9097144603729248 
vn 0.0037708422169089317 0.9194218516349792 0.3932546079158783 
vn -0.0018796725198626518 0.4152300953865051 0.9097144603729248 
vn 0.0037708422169089317 0.9194218516349792 0.3932546079158783 
vn -9.510481866013137e-14 0.9177025556564331 0.3972681760787964 
vn 0.0037708422169089317 0.9194218516349792 0.3932546079158783 
vn 0.0037708422169089317 0.9194218516349792 0.3932546079158783 
vn -0.0018796725198626518 0.4152300953865051 0.9097144603729248 
vn -0.0018796725198626518 0.4152300953865051 0.9097144603729248 
vn 0 0 1 
vn 0 0 1 
vn 0 0 1 
vn 0 0 1 
vn 0 0 1 
vn -0.5095946192741394 -0.04888969659805298 0.8590245246887207 
vn -0.5054445266723633 -0.052619557827711105 0.8612531423568726 
vn -0.9555468559265137 -0.09790346026420593 0.2781098484992981 
vn -0.9555468559265137 -0.09790346026420593 0.2781098484992981 
vn 0.0037708422169089317 0.9194218516349792 0.3932546079158783 
vn 0.0037708422169089317 0.9194218516349792 0.3932546079158783 
vn -0.0018796725198626518 0.4152300953865051 0.9097144603729248 
vn -0.0018796725198626518 0.4152300953865051 0.9097144603729248 
vn 0 0 1 
vn -0.507283627986908 -0.03010467439889908 0.8612531423568726 
vn -0.510812520980835 -0.033873606473207474 0.8590245246887207 
vn -0.9581505656242371 -0.06784070283174515 0.2781098484992981 
vn -0.9569668173789978 -0.08288230746984482 0.2781098484992981 
vn 0.0037708422169089317 0.9194218516349792 0.3932546079158783 
vn -0.3974688947200775 0.8290773630142212 0.3932546079158783 
vn -0.4619249701499939 0.3411947786808014 0.8186644315719604 
vn -0.938482940196991 0.17272154986858368 0.2990269064903259 
vn -0.9586538672447205 -0.0603133887052536 0.2781098484992981 
vn 0.4474319815635681 -0.7523422241210938 0.4835140109062195 
vn 0.47605136036872864 -0.8723600506782532 0.1111890971660614 
vn 0.3292389512062073 -0.8133291602134705 0.4796847105026245 
vn 0.3314107656478882 -0.9369118809700012 0.1111890971660614 
vn 0.45076534152030945 -0.8813514113426208 0.1415284425020218 
vn 0.32620200514793396 -0.9452975392341614 0.002184694167226553 
vn 0.4309644401073456 -0.9023662805557251 0.002184694167226553 
vn 0.47804227471351624 -0.878334105014801 0.002184694167226553 
vn 0.6157692670822144 -0.7237334847450256 0.31150925159454346 
vn 0.6329043507575989 -0.7728704214096069 0.04586252197623253 
vn 0.6776730418205261 -0.6430010199546814 0.3568037748336792 
vn 0.7260581254959106 -0.6847123503684998 0.0633138045668602 
vn 0.8594018220901489 -0.5041691064834595 0.08510008454322815 
vn 0.7229422330856323 -0.6909050345420837 0.002184694167226553 
vn 0.855779230594635 -0.5173366069793701 0.002184694167226553 
vn 0.6285360455513 -0.777777373790741 0.002184694167226553 
vn 0.4168285131454468 0.7673066258430481 -0.48733407258987427 
vn 0.7210792899131775 0.15738819539546967 -0.67473965883255 
vn 0.19466601312160492 0.8237870931625366 -0.5324283838272095 
vn 0.2952477037906647 0.23787043988704681 -0.9253358840942383 
vn 0.08590279519557953 0.32302600145339966 -0.9424833655357361 
vn 0.3074186146259308 -0.1600320041179657 -0.9380210638046265 
vn 0.09499892592430115 -0.043951183557510376 -0.9945066571235657 
vn 0.09345868229866028 -0.06415574997663498 -0.9935539960861206 
vn 0.015745941549539566 -0.007582846097648144 -0.9998472929000854 
vn 0.015745941549539566 -0.007582846097648144 -0.9998472929000854 
vn -2.0682311115474694e-13 0 -1 
vn 0.015745941549539566 -0.007582846097648144 -0.9998472929000854 
vn -2.0682311115474694e-13 0 -1 
vn -0.009436621330678463 -0.1042470708489418 -0.9945066571235657 
vn -2.0682311115474694e-13 0 -1 
vn -0.018941687420010567 -0.15115109086036682 -0.9883291721343994 
vn -0.01515527069568634 -0.173225536942482 -0.9847655892372131 
vn -0.09573892503976822 -0.5067178606987 -0.8567795157432556 
vn -0.08104003965854645 -0.5539807677268982 -0.8285757899284363 
vn -2.0682311115474694e-13 0 -1 
vn -2.0682311115474694e-13 0 -1 
vn -2.0682311115474694e-13 0 -1 
vn -2.0682311115474694e-13 0 -1 
vn -2.0682311115474694e-13 0 -1 
vn -0.0018909238278865814 0.40326988697052 -0.9150791168212891 
vn 0.015103822574019432 0.3747974932193756 -0.926983654499054 
vn 0.005662122275680304 0.8975382447242737 -0.4409002661705017 
vn 0.03961943835020065 0.8701764345169067 -0.4911448359489441 
vn -0.5804283022880554 -0.8143084645271301 0.002184694167226553 
vn -0.5069824457168579 -0.8529605269432068 0.1242060661315918 
vn -0.4241376221179962 -0.9055951237678528 0.002184694167226553 
vn -0.39311593770980835 -0.9169951677322388 0.06767380982637405 
vn -0.27764567732810974 -0.9595881700515747 0.04586252197623253 
vn -0.3163994550704956 -0.9029941558837891 0.29067665338516235 
vn -0.24265678226947784 -0.9420514702796936 0.23163928091526031 
vn -0.17043043673038483 -0.8338566422462463 0.5250110030174255 
vn -0.07535306364297867 -0.9718719720840454 0.22312943637371063 
vn -0.05280333012342453 -0.8585186004638672 0.5100564956665039 
vn 0.05087443068623543 -0.8518635034561157 0.5212872624397278 
vn -0.026354854926466942 -0.5772424340248108 0.8161473870277405 
vn 0.02447506971657276 -0.5665678381919861 0.8236515522003174 
vn 0.07914586365222931 -0.9695767760276794 0.23163928091526031 
vn 0.08863148838281631 -0.995008111000061 0.04586252197623253 
vn -0.08486923575401306 -0.9953360557556152 0.04586252197623253 
vn -0.08297525346279144 -0.9965491890907288 0.002184694167226553 
vn -0.283049076795578 -0.9591029286384583 0.002184694167226553 
vn 0.6634170413017273 -0.35540682077407837 -0.6584556698799133 
vn 0.6022595167160034 -0.5009757876396179 -0.6215357780456543 
vn 0.299925297498703 -0.2384907454252243 -0.9236704111099243 
vn 0.3002505898475647 -0.2508430480957031 -0.9202865362167358 
vn 0.09385910630226135 -0.07101960480213165 -0.9930492043495178 
vn 0.09456200897693634 -0.07714466005563736 -0.9925254583358765 
vn 0.013160789385437965 -0.05522501841187477 -0.9983872175216675 
vn -0.02460942044854164 -0.2196248173713684 -0.9752739667892456 
vn -0.06780791282653809 -0.3894026279449463 -0.9185682535171509 
vn 0.5888248682022095 -0.536784827709198 -0.6042742133140564 
vn 0.6147679090499878 -0.502693235874176 -0.607749879360199 
vn 0.30972278118133545 -0.239049032330513 -0.9202865362167358 
vn 0.31703221797943115 -0.20047903060913086 -0.926983654499054 
vn 0.07821006327867508 -0.11535121500492096 -0.9902410507202148 
vn 0.04851612448692322 -0.14440090954303741 -0.9883291721343994 
vn -0.08616459369659424 -0.37751176953315735 -0.9219872951507568 
vn -0.15031933784484863 -0.3258419334888458 -0.933397650718689 
vn -0.15160691738128662 -0.625417947769165 -0.7654199600219727 
vn -0.34822317957878113 -0.774074137210846 -0.528724730014801 
vn 0.6526183485984802 -0.4283962547779083 -0.6249527335166931 
vn 0.7078278064727783 -0.2875663936138153 -0.6452018022537231 
vn 0.31722700595855713 -0.13958321511745453 -0.9380210638046265 
vn 0.32736170291900635 -0.06752333045005798 -0.9424833655357361 
vn 0.020825332030653954 -0.09369207918643951 -0.9953833818435669 
vn 0.022624867036938667 -0.026636051014065742 -0.999389111995697 
vn -0.15440964698791504 -0.11967651546001434 -0.9807319641113281 
vn -0.14931292831897736 -0.03018425777554512 -0.9883291721343994 
vn -0.4275258183479309 -0.38341912627220154 -0.8186644315719604 
vn -0.4600221514701843 -0.16654130816459656 -0.872148871421814 
vn 0.750374436378479 -0.12783588469028473 -0.6485338807106018 
vn 0.7718119621276855 -0.03023000806570053 -0.6351318359375 
vn 0.3421434462070465 -0.015095753595232964 -0.9395264387130737 
vn 0.3506734371185303 0 -0.9364978075027466 
vn 0.030580973252654076 0 -0.9995322823524475 
vn 0.041045788675546646 -0.014939445070922375 -0.9990455508232117 
vn -0.13482490181922913 0.007571603637188673 -0.990840494632721 
vn -0.11319531500339508 0.06535334885120392 -0.991421103477478 
vn -0.45192039012908936 -0.09760545194149017 -0.8867024183273315 
vn -0.43047231435775757 0.022686365991830826 -0.9023185968399048 
vn 0.7806259989738464 -0.0075577362440526485 -0.6249527335166931 
vn 0.7400197982788086 -0.2881159484386444 -0.607749879360199 
vn 0.3533335328102112 -0.12592333555221558 -0.926983654499054 
vn 0.2324969619512558 -0.3951359987258911 -0.888714075088501 
vn 0.02438158169388771 -0.0700918436050415 -0.9972425103187561 
vn 0.013160789385437965 -0.05522501841187477 -0.9983872175216675 
vn -0.11514757573604584 0.12449637055397034 -0.9855159521102905 
vn -0.13103488087654114 0.12700806558132172 -0.983208417892456 
vn -0.4365459680557251 0.126749649643898 -0.8907088041305542 
vn -0.46007272601127625 0.17727981507778168 -0.8700028657913208 
vn 0.4474787414073944 -0.7045495510101318 -0.5507928133010864 
vn 0.26938101649284363 -0.8437303900718689 -0.4642767012119293 
vn 0.1633070707321167 -0.4732459485530853 -0.865661084651947 
vn 0.20062944293022156 -0.4079040288925171 -0.8907088041305542 
vn 0.016386104747653008 -0.025820370763540268 -0.9995322823524475 
vn 0.01673441007733345 -0.014041837304830551 -0.9997613430023193 
vn -0.15026605129241943 0.1035437285900116 -0.983208417892456 
vn -0.15556097030639648 0.08690157532691956 -0.9839963912963867 
vn -0.4558531641960144 0.21592934429645538 -0.8634653687477112 
vn -0.42898622155189514 0.2724221646785736 -0.8612531423568726 
vn 0.35585904121398926 -0.7974144816398621 -0.48733407258987427 
vn 0.5558589696884155 -0.6226139664649963 -0.5507928133010864 
vn 0.27846336364746094 -0.2971969544887543 -0.913308322429657 
vn 0.35422050952911377 -0.1753857433795929 -0.9185682535171509 
vn 0.0205277930945158 -0.007471505552530289 -0.9997613430023193 
vn 0.034948017448186874 0 -0.999389111995697 
vn -0.15059076249599457 0.0869436115026474 -0.9847655892372131 
vn -0.13885164260864258 0.08964408934116364 -0.9862475395202637 
vn -0.39831697940826416 0.31557342410087585 -0.8612531423568726 
vn -0.374727338552475 0.3319794535636902 -0.865661084651947 
vn 0.7398896217346191 -0.3646976947784424 -0.5652954578399658 
vn 0.8340125679969788 -0.1577121764421463 -0.528724730014801 
vn 0.4215446412563324 -0.09011772274971008 -0.9023185968399048 
vn 0.4443669021129608 -0.07515903562307358 -0.8926864862442017 
vn 0.048044804483652115 0 -0.9988451600074768 
vn 0.04370872303843498 -0.02891741879284382 -0.9986256957054138 
vn -0.1197044625878334 0.10761184245347977 -0.986960232257843 
vn -0.10585583746433258 0.1379540115594864 -0.9847655892372131 
vn -0.3391624987125397 0.3578600585460663 -0.8700028657913208 
vn -0.3185299336910248 0.3959566652774811 -0.8612531423568726 
vn 0.8448410034179688 -0.1204293891787529 -0.5212872624397278 
vn 0.7302675843238831 -0.41871193051338196 -0.5398051738739014 
vn 0.38169610500335693 -0.21673701703548431 -0.8985171914100647 
vn 0.2222936898469925 -0.3875461220741272 -0.8946471214294434 
vn 0.020497281104326248 -0.04823412746191025 -0.9986256957054138 
vn 0.014939445070922375 -0.041045788675546646 -0.9990455508232117 
vn -0.10197499394416809 0.15133503079414368 -0.983208417892456 
vn -0.10824979096651077 0.15221333503723145 -0.9824016690254211 
vn -0.31620386242866516 0.4120848774909973 -0.8545181155204773 
vn -0.32595887780189514 0.4139346778392792 -0.8499464392662048 
vn 0.4254165291786194 -0.7318065166473389 -0.5324283838272095 
vn 0.3260801434516907 -0.7983350157737732 -0.5062933564186096 
vn 0.18543663620948792 -0.41928577423095703 -0.888714075088501 
vn 0.21988801658153534 -0.3707699477672577 -0.9023185968399048 
vn 0.016386104747653008 -0.025820370763540268 -0.9995322823524475 
vn 0.021658483892679214 -0.014766504056751728 -0.9996563792228699 
vn -0.11420179158449173 0.14233461022377014 -0.983208417892456 
vn -0.12295684218406677 0.12295684218406677 -0.9847655892372131 
vn -0.3376990258693695 0.40441372990608215 -0.8499464392662048 
vn -0.3489699959754944 0.3796693980693817 -0.8567795157432556 
vn 0.412399023771286 -0.7445068955421448 -0.5250110030174255 
vn 0.5521066188812256 -0.6161877512931824 -0.5616858005523682 
vn 0.2686592638492584 -0.29536494612693787 -0.916832447052002 
vn 0.31326714158058167 -0.21358193457126617 -0.9253358840942383 
vn 0.025048762559890747 -0.007726519834250212 -0.9996563792228699 
vn 0.025048762559890747 -0.007726519834250212 -0.9996563792228699 
vn -0.13005682826042175 0.10198560357093811 -0.9862475395202637 
vn -0.13370466232299805 0.08962439745664597 -0.986960232257843 
vn -0.35930541157722473 0.34861233830451965 -0.865661084651947 
vn -0.368504136800766 0.3218090832233429 -0.872148871421814 
vn 0.6749565601348877 -0.4427531659603119 -0.590256929397583 
vn 0.7588284015655518 -0.25966528058052063 -0.5972883701324463 
vn 0.34352314472198486 -0.14024369418621063 -0.9286137819290161 
vn 0.36335378885269165 -0.0751696527004242 -0.9286137819290161 
vn 0.030580973252654076 0 -0.9995322823524475 
vn 0.0296202152967453 0.007605178747326136 -0.9995322823524475 
vn -0.12998463213443756 0.07943195104598999 -0.9883291721343994 
vn -0.13427859544754028 0.06226753443479538 -0.9889853596687317 
vn -0.3829348385334015 0.2856954038143158 -0.8784868121147156 
vn -0.396562784910202 0.23769058287143707 -0.8867024183273315 
vn 0.7950620055198669 -0.10546568036079407 -0.5972883701324463 
vn 0.8097867965698242 0 -0.5867242813110352 
vn 0.37441733479499817 -0.022648075595498085 -0.926983654499054 
vn 0.38311317563056946 -0.007570705842226744 -0.9236704111099243 
vn 0.03413094952702522 0.007512790150940418 -0.999389111995697 
vn 0.041045788675546646 -0.014939445070922375 -0.9990455508232117 
vn -0.12946094572544098 0.06234510615468025 -0.9896226525306702 
vn -0.12722788751125336 0.07563765347003937 -0.9889853596687317 
vn -0.40955737233161926 0.1972324252128601 -0.8907088041305542 
vn -0.4217565059661865 0.16958573460578918 -0.8907088041305542 
vn 0.8117812871932983 0.03019481524825096 -0.5831804275512695 
vn 0.7332944869995117 -0.34356045722961426 -0.5867242813110352 
vn 0.36236119270324707 -0.1475364714860916 -0.9202865362167358 
vn 0.23135460913181305 -0.373017281293869 -0.8985171914100647 
vn 0.02728337235748768 -0.049785807728767395 -0.9983872175216675 
vn 0.014846661128103733 -0.045693326741456985 -0.9988451600074768 
vn -0.1415637731552124 0.07661048322916031 -0.986960232257843 
vn -0.1634005457162857 0.059472933411598206 -0.9847655892372131 
vn -0.4574335515499115 0.13789670169353485 -0.8784868121147156 
vn -0.5025538206100464 0.07538343220949173 -0.8612531423568726 
vn 0.41195929050445557 -0.7286471128463745 -0.5471406579017639 
vn 0.3279169797897339 -0.8138630390167236 -0.4796847105026245 
vn 0.21482005715370178 -0.42244046926498413 -0.8805659413337708 
vn 0.272603303194046 -0.3539687991142273 -0.8946471214294434 
vn 0.016386104747653008 -0.025820370763540268 -0.9995322823524475 
vn 0.016343755647540092 -0.02049442008137703 -0.9996563792228699 
vn -0.18643522262573242 0.01135018840432167 -0.9824016690254211 
vn -0.20107370615005493 -0.03395781293511391 -0.9789873361587524 
vn -0.5376327037811279 -0.01890065334737301 -0.8429672718048096 
vn -0.5573052167892456 -0.13856199383735657 -0.8186644315719604 
vn 0.4463626742362976 -0.7529771327972412 -0.4835140109062195 
vn 0.6523663997650146 -0.5430176854133606 -0.528724730014801 
vn 0.34669220447540283 -0.22852589190006256 -0.9097144603729248 
vn 0.4077107608318329 -0.0974934995174408 -0.9078915119171143 
vn 0.021658483892679214 -0.014766504056751728 -0.9996563792228699 
vn 0.027799472212791443 -0.027799472212791443 -0.9992268681526184 
vn -0.21038132905960083 -0.09173940867185593 -0.9733054637908936 
vn -0.20875602960586548 -0.1740710437297821 -0.962351381778717 
vn -0.554619312286377 -0.2527199983596802 -0.7927988767623901 
vn -0.5312049984931946 -0.3691357672214508 -0.762600839138031 
vn 0.8005898594856262 -0.2601274251937866 -0.5398051738739014 
vn 0.8556175231933594 -0.007550762500613928 -0.5175535082817078 
vn 0.4427955448627472 0.0075609697960317135 -0.8965907096862793 
vn 0.45541051030158997 0.05280695855617523 -0.888714075088501 
vn 0.03680675849318504 -0.08391095697879791 -0.9957932829856873 
vn 0.04840758815407753 -0.14898322522640228 -0.9876541495323181 
vn -0.18642260134220123 -0.2623874545097351 -0.946783721446991 
vn -0.16670021414756775 -0.303854376077652 -0.9380210638046265 
vn -0.48809608817100525 -0.4774152338504791 -0.7306414246559143 
vn -0.438405841588974 -0.5635874271392822 -0.7001210451126099 
vn 0.8530908226966858 0.16511890292167664 -0.4949462115764618 
vn 0.8333212733268738 0.27473291754722595 -0.4796847105026245 
vn 0.4573364853858948 0.06783945858478546 -0.8867024183273315 
vn 0.4522417485713959 0.0752640888094902 -0.888714075088501 
vn 0.059472933411598206 -0.1634005457162857 -0.9847655892372131 
vn 0.08130808174610138 -0.19629506766796112 -0.9771679639816284 
vn -0.15514002740383148 -0.31904178857803345 -0.9349566102027893 
vn -0.13626284897327423 -0.33636653423309326 -0.931820809841156 
vn -0.3969993591308594 -0.6221880316734314 -0.67473965883255 
vn -0.3813863694667816 -0.6454823613166809 -0.661737859249115 
vn 0.8202961683273315 0.3173081874847412 -0.4758462607860565 
vn 0.8877103328704834 0 -0.46040233969688416 
vn 0.5101618766784668 -0.075257807970047 -0.8567795157432556 
vn 0.46102824807167053 -0.3769809305667877 -0.8033295273780823 
vn 0.08966813236474991 -0.3004910349845886 -0.949560284614563 
vn 0.07139778137207031 -0.35166922211647034 -0.933397650718689 
vn -0.14049628376960754 -0.37373659014701843 -0.916832447052002 
vn -0.14999450743198395 -0.42498525977134705 -0.8926864862442017 
vn -0.37800759077072144 -0.679909348487854 -0.6283578276634216 
vn -0.3441387116909027 -0.7469456791877747 -0.5688942670822144 
vn 0.7873281240463257 -0.4611053168773651 -0.40926313400268555 
vn 0.6822272539138794 -0.6381669640541077 -0.3568037748336792 
vn 0.4083588421344757 -0.5016801953315735 -0.762600839138031 
vn 0.3808530271053314 -0.558928370475769 -0.736579954624176 
vn 0.062071409076452255 -0.36169934272766113 -0.9302261471748352 
vn 0.05844771862030029 -0.6066743731498718 -0.7927988767623901 
vn -0.0810345783829689 -0.6649686098098755 -0.7424622178077698 
vn -0.011326895095407963 -0.944585919380188 -0.3280687630176544 
vn -0.2602759599685669 -0.8401349782943726 -0.4758462607860565 
vn -0.1317802518606186 -0.9696254730224609 -0.2060592919588089 
vn 0.6157692670822144 -0.7237334847450256 -0.31150925159454346 
vn 0.5251101851463318 -0.8139132261276245 -0.24860523641109467 
vn 0.3045068681240082 -0.688267171382904 -0.6584556698799133 
vn 0.21902939677238464 -0.9232475161552429 -0.31565824151039124 
vn 0.07172127813100815 -0.9329767823219299 -0.3527185618877411 
vn -0.34603914618492126 -0.7750529050827026 0.528724730014801 
vn -0.14949572086334229 -0.6259259581565857 0.7654199600219727 
vn -0.20162342488765717 -0.7816295623779297 0.590256929397583 
vn -0.09366703033447266 -0.5071049332618713 0.8567795157432556 
vn -0.08442061394453049 -0.5534756779670715 0.8285757899284363 
vn -0.8253215551376343 0.5455010533332825 -0.1458524912595749 
vn -0.3996543884277344 0.8280260562896729 -0.3932546079158783 
vn -0.938482940196991 0.17272154986858368 -0.2990269064903259 
vn -0.4654836058616638 0.3363235890865326 -0.8186644315719604 
vn -0.5072751641273499 -0.03024718165397644 -0.8612531423568726 
vn 0.0018905691104009748 0.41523003578186035 -0.9097144603729248 
vn -2.0682311115474694e-13 0 -1 
vn -2.0682311115474694e-13 0 -1 
vn -2.0682311115474694e-13 0 -1 
vn -2.0682311115474694e-13 0 -1 
vn -2.0682311115474694e-13 0 -1 
vn -2.0682311115474694e-13 0 -1 
vn -2.0682311115474694e-13 0 -1 
vn -2.0682311115474694e-13 0 -1 
vn 0.01325214933604002 -0.09944784641265869 -0.994954526424408 
vn 0.011383882723748684 -0.15190735459327698 -0.9883291721343994 
vn 0.06414172798395157 -0.5041119456291199 -0.8612531423568726 
vn 0.007562529295682907 -0.17802782356739044 -0.9839963912963867 
vn 0.028357362374663353 -0.5663867592811584 -0.8236515522003174 
vn -0.02268604002892971 -0.5773982405662537 -0.8161473870277405 
vn 0.0018905691104009748 0.41523003578186035 -0.9097144603729248 
vn 0.0018905691104009748 0.41523003578186035 -0.9097144603729248 
vn -2.0682311115474694e-13 0 -1 
vn -2.0682311115474694e-13 0 -1 
vn -2.0682311115474694e-13 0 -1 
vn -2.0682311115474694e-13 0 -1 
vn -2.0682311115474694e-13 0 -1 
vn -2.0682311115474694e-13 0 -1 
vn -0.0018983004847541451 -0.1824762523174286 -0.983208417892456 
vn -2.0682311115474694e-13 0 -1 
vn -2.0682311115474694e-13 0 -1 
vn -2.0682311115474694e-13 0 -1 
vn 0.0018905691104009748 0.41523003578186035 -0.9097144603729248 
vn -0.0037777165416628122 0.4112381339073181 -0.9115201234817505 
vn -0.001889282837510109 0.9177005887031555 -0.3972681760787964 
vn -0.0018882994772866368 0.9124144315719604 -0.40926313400268555 
vn 0.6636956334114075 -0.35488632321357727 0.6584556698799133 
vn 0.8626099228858948 -0.4638839364051819 0.2017817199230194 
vn 0.7211342453956604 0.1571362316608429 0.67473965883255 
vn 0.9652279615402222 0.1429395228624344 0.21886809170246124 
vn 0.5149021744728088 0.8389793038368225 0.1760382205247879 
vn 0.9886130690574646 0.15046414732933044 0.002184694167226553 
vn 0.49125343561172485 0.8710139393806458 0.002184694167226553 
vn 0.8746989965438843 -0.48466166853904724 0.002184694167226553 
vn -0.9588791131973267 -0.05661899968981743 -0.2781098484992981 
vn -0.9578701257705688 -0.07169226557016373 -0.2781098484992981 
vn -0.5105429887771606 -0.037719063460826874 -0.8590245246887207 
vn -0.5099311470985413 -0.04524482041597366 -0.8590245246887207 
vn -2.0682311115474694e-13 0 -1 
vn 0.010896530002355576 -0.013663816265761852 -0.9998472929000854 
vn 0.014846661128103733 -0.045693326741456985 -0.9988451600074768 
vn 0.07737740874290466 -0.17938099801540375 -0.9807319641113281 
vn 0.08429235965013504 -0.35717514157295227 -0.9302261471748352 
vn 0.20673757791519165 -0.6705322265625 -0.7124928832054138 
vn 0.22106944024562836 -0.4658939838409424 -0.8567795157432556 
vn 0.18495981395244598 -0.30273082852363586 -0.9349566102027893 
vn 0.04522209241986275 -0.05323956161737442 -0.9975572824478149 
vn -0.4926949441432953 -0.06407035887241364 -0.8678402304649353 
vn -0.505418598651886 -0.052868038415908813 -0.8612531423568726 
vn -0.9559124112129211 -0.09426774829626083 -0.2781098484992981 
vn -0.9566241502761841 -0.08674779534339905 -0.2781098484992981 
vn -2.0682311115474694e-13 0 -1 
vn 0.0018905691104009748 0.41523003578186035 -0.9097144603729248 
vn 0.0018905691104009748 0.41523003578186035 -0.9097144603729248 
vn 0.001887889695353806 0.9194276928901672 -0.3932546079158783 
vn 0.001887889695353806 0.9194276928901672 -0.3932546079158783 
vn 0.0018905691104009748 0.41523003578186035 -0.9097144603729248 
vn 0.001887889695353806 0.9194276928901672 -0.3932546079158783 
vn 0.001887889695353806 0.9194276928901672 -0.3932546079158783 
vn 0.001887889695353806 0.9194276928901672 -0.3932546079158783 
vn 0.001887889695353806 0.9194276928901672 -0.3932546079158783 
vn -0.955141544342041 -0.10178187489509583 -0.2781098484992981 
vn -0.9330618977546692 -0.2060490846633911 -0.2948545813560486 
vn -0.3918256163597107 -0.2865489423274994 -0.87427818775177 
vn -0.22369427978992462 -0.7862038612365723 -0.5760593414306641 
vn 0.368582546710968 -0.7541740536689758 -0.5434780716896057 
vn 0.3718683421611786 -0.8126242160797119 -0.4487268626689911 
vn 0.30060070753097534 -0.8909273147583008 -0.34042292833328247 
vn 0.001887889695353806 0.9194276928901672 -0.3932546079158783 
vn 0.7838149070739746 -0.46705231070518494 0.40926313400268555 
vn 0.8877103328704834 0 0.46040233969688416 
vn 0.9947043061256409 0.007548347115516663 0.10250037163496017 
vn 0.999997615814209 0 0.002184694167226553 
vn 0.9207414984703064 0.3752587139606476 0.10684575140476227 
vn 0.9267409443855286 0.3756946325302124 0.002184694167226553 
vn 0.9452975392341614 0.32620200514793396 0.002184694167226553 
vn 0.8202961683273315 0.3173081874847412 0.4758462607860565 
vn 0.8310518264770508 0.28152334690093994 0.4796847105026245 
vn 0.9387850761413574 0.3260667324066162 0.1111890971660614 
vn 0.9748919606208801 0.18766196072101593 0.11986933648586273 
vn 0.9836175441741943 0.18025460839271545 0.002184694167226553 
vn 0.9986006617546082 -0.05283859372138977 0.002184694167226553 
vn 0.9906690716743469 -0.04530104249715805 0.12854042649269104 
vn 0.8556175827980042 -0.0075401728972792625 0.5175535082817078 
vn 0.9283117651939392 -0.34724944829940796 0.1328723281621933 
vn 0.8007063865661621 -0.25976860523223877 0.5398051738739014 
vn 0.6528992056846619 -0.5423769354820251 0.528724730014801 
vn 0.9323094487190247 -0.36165499687194824 0.002184694167226553 
vn 0.7384083271026611 -0.6743503212928772 0.002184694167226553 
vn 0.7331775426864624 -0.6677784323692322 0.12854042649269104 
vn 0.47605136036872864 -0.8723600506782532 0.1111890971660614 
vn 0.4474319815635681 -0.7523422241210938 0.4835140109062195 
vn -0.06780791282653809 -0.3894026279449463 -0.9185682535171509 
vn -0.15160691738128662 -0.625417947769165 -0.7654199600219727 
vn -0.09573892503976822 -0.5067178606987 -0.8567795157432556 
vn -0.20374652743339539 -0.7810788154602051 -0.590256929397583 
vn -0.17251737415790558 -0.833427369594574 -0.5250110030174255 
vn -0.3114311993122101 -0.9047196507453918 -0.29067665338516235 
vn -0.24477887153625488 -0.9415022730827332 -0.23163928091526031 
vn -0.27764567732810974 -0.9595881700515747 -0.04586252197623253 
vn -0.07732801884412766 -0.9717168211936951 -0.22312943637371063 
vn -0.08486923575401306 -0.9953360557556152 -0.04586252197623253 
vn 0.08863148838281631 -0.995008111000061 -0.04586252197623253 
vn -0.08297525346279144 -0.9965491890907288 0.002184694167226553 
vn 0.08297525346279144 -0.9965491890907288 0.002184694167226553 
vn 0.07736076414585114 -0.9697208404541016 -0.23163928091526031 
vn 0.05659876763820648 -0.8515022993087769 -0.5212872624397278 
vn -0.05476304516196251 -0.8583958148956299 -0.5100564956665039 
vn -0.02268604002892971 -0.5773982405662537 -0.8161473870277405 
vn -0.08104003965854645 -0.5539807677268982 -0.8285757899284363 
vn 0.3020173907279968 -0.8904480338096619 0.34042292833328247 
vn 0.2096509486436844 -0.6696270108222961 0.7124928832054138 
vn 0.3662436902523041 -0.8151746988296509 0.4487268626689911 
vn 0.22229057550430298 -0.4653126001358032 0.8567795157432556 
vn 0.08009233325719833 -0.35814034938812256 0.9302261471748352 
vn 0.06010360270738602 -0.5046092867851257 0.8612531423568726 
vn 0.014931275509297848 -0.15159977972507477 0.9883291721343994 
vn 0.0037316959351301193 -0.1781492978334427 0.9839963912963867 
vn 0 0 1 
vn 0 0 1 
vn 0 0 1 
vn 0 0 1 
vn 0 0 1 
vn 0 0 1 
vn -0.0018833712674677372 0.4112511873245239 0.9115201234817505 
vn 0.0018797018565237522 0.4032699465751648 0.9150791168212891 
vn -0.007543179206550121 0.9123852252960205 0.40926313400268555 
vn 0.02447506971657276 -0.5665678381919861 0.8236515522003174 
vn -0.026354854926466942 -0.5772424340248108 0.8161473870277405 
vn -0.005619671195745468 -0.18239958584308624 0.983208417892456 
vn -0.018672244623303413 -0.17288179695606232 0.9847655892372131 
vn 0 0 1 
vn 0 0 1 
vn 0 0 1 
vn 0 0 1 
vn 0 0 1 
vn 0.016146345064044 -0.006688034627586603 0.9998472929000854 
vn 0.01693633385002613 0.37471914291381836 0.926983654499054 
vn 0.08741957694292068 0.3226188123226166 0.9424833655357361 
vn 0.005662122275680304 0.8975382447242737 0.4409002661705017 
vn 0.03961943835020065 0.8701764345169067 0.4911448359489441 
vn -0.08442061394453049 -0.5534756779670715 0.8285757899284363 
vn -0.09366703033447266 -0.5071049332618713 0.8567795157432556 
vn -0.022351939231157303 -0.15068453550338745 0.9883291721343994 
vn -0.014896565116941929 -0.10360788553953171 0.9945066571235657 
vn 0 0 1 
vn 0.016146345064044 -0.006688034627586603 0.9998472929000854 
vn 0.016146345064044 -0.006688034627586603 0.9998472929000854 
vn 0.09425538033246994 -0.06297942996025085 0.9935539960861206 
vn 0.09521419554948807 -0.04348286613821983 0.9945066571235657 
vn 0.30794665217399597 -0.1590135395526886 0.9380210638046265 
vn 0.2962627708911896 0.2366049736738205 0.9253358840942383 
vn 0.7211342453956604 0.1571362316608429 0.67473965883255 
vn 0.1962299644947052 0.8234159350395203 0.5324283838272095 
vn 0.4179607033729553 0.7666904926300049 0.48733407258987427 
vn -0.06369022279977798 -0.3900972604751587 0.9185682535171509 
vn -0.028070848435163498 -0.21920929849147797 0.9752739667892456 
vn 0.009060733951628208 -0.056043840944767 0.9983872175216675 
vn 0.09557869285345078 -0.07588139176368713 0.9925254583358765 
vn 0.09478040039539337 -0.06978532671928406 0.9930492043495178 
vn 0.29646506905555725 -0.2553059160709381 0.9202865362167358 
vn 0.30092400312423706 -0.2372293621301651 0.9236704111099243 
vn 0.6027914881706238 -0.5003355741500854 0.6215357780456543 
vn 0.6636956334114075 -0.35488632321357727 0.6584556698799133 
vn -0.34822317957878113 -0.774074137210846 -0.528724730014801 
vn -0.5069824457168579 -0.8529605269432068 -0.1242060661315918 
vn -0.39311593770980835 -0.9169951677322388 -0.06767380982637405 
vn -0.4241376221179962 -0.9055951237678528 0.002184694167226553 
vn -0.283049076795578 -0.9591029286384583 0.002184694167226553 
vn -0.14949572086334229 -0.6259259581565857 0.7654199600219727 
vn -0.09140152484178543 -0.3762781322002411 0.9219872951507568 
vn 0.04422002658247948 -0.14577388763427734 0.9883291721343994 
vn -0.1459549218416214 -0.3278201222419739 0.933397650718689 
vn 0.023941023275256157 -0.09294475615024567 0.9953833818435669 
vn 0.023384787142276764 -0.025971436873078346 0.999389111995697 
vn 0.32741084694862366 -0.06728463619947433 0.9424833655357361 
vn 0.34214577078819275 -0.015043005347251892 0.9395264387130737 
vn 0.7718155980110168 -0.030136173591017723 0.6351318359375 
vn 0.3506734371185303 0 0.9364978075027466 
vn 0.780626118183136 -0.007546109613031149 0.6249527335166931 
vn 0.7403424978256226 -0.2872856855392456 0.607749879360199 
vn 0.750408411026001 -0.1276361644268036 0.6485338807106018 
vn 0.7081757187843323 -0.2867085635662079 0.6452018022537231 
vn 0.3176247179508209 -0.1386757791042328 0.9380210638046265 
vn 0.31739288568496704 -0.1999075710773468 0.926983654499054 
vn 0.07916857302188873 -0.1146954819560051 0.9902410507202148 
vn 0.6530009508132935 -0.4278128445148468 0.6249527335166931 
vn 0.6158075928688049 -0.5014190673828125 0.607749879360199 
vn 0.3106813132762909 -0.2378019392490387 0.9202865362167358 
vn -0.34603914618492126 -0.7750529050827026 0.528724730014801 
vn -0.4286941885948181 -0.3821123242378235 0.8186644315719604 
vn -0.1553669422864914 -0.11843107640743256 0.9807319641113281 
vn -0.14940626919269562 -0.029718754813075066 0.9883291721343994 
vn 0.030580973252654076 0 0.9995322823524475 
vn 0.04131331294775009 -0.014182877726852894 0.9990455508232117 
vn 0.3534710705280304 -0.12553678452968597 0.926983654499054 
vn 0.2346372753381729 -0.3938688039779663 0.888714075088501 
vn 0.4484970271587372 -0.7039017677307129 0.5507928133010864 
vn -0.4588707685470581 -0.1696878969669342 0.872148871421814 
vn -0.45202767848968506 -0.09710731357336044 0.8867024183273315 
vn -0.13483227789402008 0.007438904605805874 0.990840494632721 
vn -0.10995746403932571 0.0706653743982315 0.991421103477478 
vn 0.027112457901239395 -0.06908141821622849 0.9972425103187561 
vn 0.01615307293832302 -0.054425060749053955 0.9983872175216675 
vn 0.15899115800857544 -0.4747133255004883 0.865661084651947 
vn 0.20182719826698303 -0.4073127210140228 0.8907088041305542 
vn 0.2708231210708618 -0.843268632888794 0.4642767012119293 
vn 0.35712113976478577 -0.7968500256538391 0.48733407258987427 
vn -0.43047896027565 0.022560445591807365 0.9023185968399048 
vn -0.43767330050468445 0.12280044704675674 0.8907088041305542 
vn -0.11310076713562012 0.1263587325811386 0.9855159521102905 
vn -0.1323062628507614 0.12568309903144836 0.983208417892456 
vn 0.012112504802644253 -0.028079941868782043 0.9995322823524475 
vn 0.012840298935770988 -0.017673155292868614 0.9997613430023193 
vn 0.2798900604248047 -0.29585373401641846 0.913308322429657 
vn 0.354707807302475 -0.17439807951450348 0.9185682535171509 
vn 0.5566128492355347 -0.6219400763511658 0.5507928133010864 
vn 0.7401325702667236 -0.36420437693595886 0.5652954578399658 
vn -0.4615696668624878 0.17334499955177307 0.8700028657913208 
vn -0.45630595088005066 0.21497087180614471 0.8634653687477112 
vn -0.1510780155658722 0.10235537588596344 0.983208417892456 
vn -0.15241597592830658 0.09230639785528183 0.9839963912963867 
vn 0.020776038989424706 -0.006750544533133507 0.9997613430023193 
vn 0.034948017448186874 0 0.999389111995697 
vn 0.4216498136520386 -0.08962443470954895 0.9023185968399048 
vn 0.4444003701210022 -0.07496101409196854 0.8926864862442017 
vn 0.8340542316436768 -0.15749169886112213 0.528724730014801 
vn 0.8448650240898132 -0.12026114016771317 0.5212872624397278 
vn -0.4297117292881012 0.2712762951850891 0.8612531423568726 
vn -0.3993123173713684 0.31431299448013306 0.8612531423568726 
vn -0.1512104868888855 0.08586126565933228 0.9847655892372131 
vn -0.13958635926246643 0.08849570900201797 0.9862475395202637 
vn 0.048044804483652115 0 0.9988451600074768 
vn 0.04444508254528046 -0.027772368863224983 0.9986256957054138 
vn 0.3782339096069336 -0.22272393107414246 0.8985171914100647 
vn 0.22447209060192108 -0.38628843426704407 0.8946471214294434 
vn 0.7268009185791016 -0.42470088601112366 0.5398051738739014 
vn 0.42649996280670166 -0.7311756014823914 0.5324283838272095 
vn -0.37086379528045654 0.33629003167152405 0.865661084651947 
vn -0.3371288776397705 0.3597765564918518 0.8700028657913208 
vn -0.12086478620767593 0.10630696266889572 0.986960232257843 
vn -0.1075790524482727 0.13661447167396545 0.9847655892372131 
vn 0.022974452003836632 -0.0471046082675457 0.9986256957054138 
vn 0.017546063289046288 -0.04000099375844002 0.9990455508232117 
vn 0.18796075880527496 -0.4181603193283081 0.888714075088501 
vn 0.2220173180103302 -0.3694988489151001 0.9023185968399048 
vn 0.32739511132240295 -0.7977966666221619 0.5062933564186096 
vn 0.4135168492794037 -0.7438865900039673 0.5250110030174255 
vn -0.32019561529159546 0.3946109116077423 0.8612531423568726 
vn -0.32005178928375244 0.40910351276397705 0.8545181155204773 
vn -0.10390102118253708 0.15001921355724335 0.983208417892456 
vn -0.11008891463279724 0.15088853240013123 0.9824016690254211 
vn 0.01826169155538082 -0.024529708549380302 0.9995322823524475 
vn 0.017892003059387207 -0.019157657399773598 0.9996563792228699 
vn 0.2693970203399658 -0.29469218850135803 0.916832447052002 
vn 0.31407126784324646 -0.2123977094888687 0.9253358840942383 
vn 0.5528576374053955 -0.6155140399932861 0.5616858005523682 
vn 0.675338864326477 -0.4421698749065399 0.590256929397583 
vn -0.3276565372943878 0.41259217262268066 0.8499464392662048 
vn -0.3335147202014923 0.4078713357448578 0.8499464392662048 
vn -0.11585846543312073 0.14098937809467316 0.983208417892456 
vn -0.12427257746458054 0.12162686884403229 0.9847655892372131 
vn 0.02239719219505787 -0.013620034791529179 0.9996563792228699 
vn 0.02524128556251526 -0.007072276435792446 0.9996563792228699 
vn 0.3438727557659149 -0.13938423991203308 0.9286137819290161 
vn 0.36345240473747253 -0.07469137012958527 0.9286137819290161 
vn 0.7589564323425293 -0.2592907249927521 0.5972883701324463 
vn 0.7950828075408936 -0.10530871152877808 0.5972883701324463 
vn -0.3469217121601105 0.381541907787323 0.8567795157432556 
vn -0.36058780550956726 0.3472857177257538 0.865661084651947 
vn -0.1263408362865448 0.10655435919761658 0.9862475395202637 
vn -0.13022275269031525 0.09461236745119095 0.986960232257843 
vn 0.030580973252654076 0 0.9995322823524475 
vn 0.029756659641861916 0.007052457891404629 0.9995322823524475 
vn 0.37442171573638916 -0.022575806826353073 0.926983654499054 
vn 0.3831140995025635 -0.007523394655436277 0.9236704111099243 
vn 0.8097867965698242 0 0.5867242813110352 
vn 0.811782956123352 0.030150234699249268 0.5831804275512695 
vn -0.37153172492980957 0.31830888986587524 0.872148871421814 
vn -0.3838507831096649 0.2844635844230652 0.8784868121147156 
vn -0.13066063821315765 0.07831497490406036 0.9883291721343994 
vn -0.13470794260501862 0.06133316829800606 0.9889853596687317 
vn 0.03418431803584099 0.007266100961714983 0.999389111995697 
vn 0.04131331294775009 -0.014182877726852894 0.9990455508232117 
vn 0.36270907521247864 -0.1466791182756424 0.9202865362167358 
vn 0.23238882422447205 -0.3723738491535187 0.8985171914100647 
vn 0.7335173487663269 -0.3430843949317932 0.5867242813110352 
vn 0.41306301951408386 -0.7280219793319702 0.5471406579017639 
vn -0.39332279562950134 0.24301448464393616 0.8867024183273315 
vn -0.4081456959247589 0.20013733208179474 0.8907088041305542 
vn -0.1299198716878891 0.06138303875923157 0.9896226525306702 
vn -0.1278723031282425 0.07454302161931992 0.9889853596687317 
vn 0.029429951682686806 -0.04854778200387955 0.9983872175216675 
vn 0.0162399560213089 -0.045216891914606094 0.9988451600074768 
vn 0.20925883948802948 -0.4252226948738098 0.8805659413337708 
vn 0.27433574199676514 -0.35262781381607056 0.8946471214294434 
vn 0.3292389512062073 -0.8133291602134705 0.4796847105026245 
vn 0.4474319815635681 -0.7523422241210938 0.4835140109062195 
vn -0.4205106794834137 0.17265178263187408 0.8907088041305542 
vn -0.45763543248176575 0.1372252106666565 0.8784868121147156 
vn -0.13845320045948029 0.082098588347435 0.986960232257843 
vn -0.16368305683135986 0.05869092047214508 0.9847655892372131 
vn 0.012112504802644253 -0.028079941868782043 0.9995322823524475 
vn 0.017892003059387207 -0.019157657399773598 0.9996563792228699 
vn 0.3474578559398651 -0.2273600697517395 0.9097144603729248 
vn 0.40784117579460144 -0.09694657474756241 0.9078915119171143 
vn 0.6528992056846619 -0.5423769354820251 0.528724730014801 
vn 0.8007063865661621 -0.25976860523223877 0.5398051738739014 
vn -0.5026066303253174 0.07503046095371246 0.8612531423568726 
vn -0.5376356244087219 -0.018816499039530754 0.8429672718048096 
vn -0.18584632873535156 0.018656352534890175 0.9824016690254211 
vn -0.20113977789878845 -0.03356429189443588 0.9789873361587524 
vn 0.02239719219505787 -0.013620034791529179 0.9996563792228699 
vn 0.029053686186671257 -0.026485934853553772 0.9992268681526184 
vn 0.4427962303161621 0.007520103361457586 0.8965907096862793 
vn 0.45544224977493286 0.05253241956233978 0.888714075088501 
vn 0.8556175827980042 -0.0075401728972792625 0.5175535082817078 
vn 0.8531344532966614 0.16489361226558685 0.4949462115764618 
vn -0.5574459433555603 -0.13799487054347992 0.8186644315719604 
vn -0.5532612204551697 -0.25567948818206787 0.7927988767623901 
vn -0.20905549824237823 -0.09472181648015976 0.9733054637908936 
vn -0.20686784386634827 -0.17631080746650696 0.962351381778717 
vn 0.03928046673536301 -0.0827818289399147 0.9957932829856873 
vn 0.051235273480415344 -0.14803460240364075 0.9876541495323181 
vn 0.45738813281059265 0.06749048829078674 0.8867024183273315 
vn 0.45101726055145264 0.0822843685746193 0.888714075088501 
vn 0.8310518264770508 0.28152334690093994 0.4796847105026245 
vn 0.8202961683273315 0.3173081874847412 0.4758462607860565 
vn -0.529463529586792 -0.3716293275356293 0.762600839138031 
vn -0.48610565066337585 -0.47944176197052 0.7306414246559143 
vn -0.18827718496322632 -0.2610599100589752 0.946783721446991 
vn -0.1689358353614807 -0.3026171326637268 0.9380210638046265 
vn 0.05515551567077637 -0.16490796208381653 0.9847655892372131 
vn 0.08389925211668015 -0.19520162045955658 0.9771679639816284 
vn 0.5101875066757202 -0.07508403807878494 0.8567795157432556 
vn 0.8877103328704834 0 0.46040233969688416 
vn -0.4362886846065521 -0.5652279853820801 0.7001210451126099 
vn -0.3948332369327545 -0.6235648393630981 0.67473965883255 
vn -0.15295551717281342 -0.3200948238372803 0.9349566102027893 
vn 0.0735105350613594 -0.9328374862670898 0.3527185618877411 
vn 0.2132457047700882 -0.9246005415916443 0.31565824151039124 
vn 0.30577340722084045 -0.6877054572105408 0.6584556698799133 
vn 0.5251101851463318 -0.8139132261276245 0.24860523641109467 
vn 0.6157692670822144 -0.7237334847450256 0.31150925159454346 
vn -0.733294665813446 0.6799074411392212 0.002184694167226553 
vn -0.6837726831436157 0.6197354197502136 0.3852050006389618 
vn -0.6963448524475098 0.7177039980888367 0.002184694167226553 
vn -0.6513717174530029 0.660703718662262 0.37307560443878174 
vn -0.6164057850837708 0.6977483630180359 0.3649536371231079 
vn -0.36058780550956726 0.3472857177257538 0.865661084651947 
vn -0.3469217121601105 0.381541907787323 0.8567795157432556 
vn -0.37153172492980957 0.31830888986587524 0.872148871421814 
vn -0.37921079993247986 -0.6467628479003906 0.661737859249115 
vn 0.8531344532966614 0.16489361226558685 0.4949462115764618 
vn -0.8277795314788818 0.5417639017105103 0.1458524912595749 
vn -0.8238468170166016 0.5649540424346924 0.04586252197623253 
vn -0.938482940196991 0.17272154986858368 0.2990269064903259 
vn -0.9980669021606445 0.05281035229563713 0.03276457265019417 
vn -0.9977729916572571 -0.06035414710640907 0.028397228568792343 
vn -0.9989712238311768 0.04529581964015961 0.002184694167226553 
vn -0.998173177242279 -0.06037835404276848 0.002184694167226553 
vn -0.8186684846878052 0.5742622017860413 0.002184694167226553 
vn -0.9586538672447205 -0.0603133887052536 0.2781098484992981 
vn -0.9581505656242371 -0.06784070283174515 0.2781098484992981 
vn -0.9972887635231018 -0.06788744032382965 0.028397228568792343 
vn -0.9976887702941895 -0.06791467219591141 0.002184694167226553 
vn -0.9954949021339417 -0.09046237915754318 0.028397228568792343 
vn -0.995894193649292 -0.0904986634850502 0.002184694167226553 
vn -0.9944137930870056 -0.10552956163883209 0.002184694167226553 
vn -0.9569668173789978 -0.08288230746984482 0.2781098484992981 
vn -0.9555468559265137 -0.09790346026420593 0.2781098484992981 
vn -0.994015097618103 -0.10548725724220276 0.028397228568792343 
vn -0.994015097618103 -0.10548725724220276 0.028397228568792343 
vn -0.9944137930870056 -0.10552956163883209 0.002184694167226553 
vn -0.9886130690574646 -0.15046414732933044 0.002184694167226553 
vn -0.9869207739830017 -0.1578412801027298 0.03276457265019417 
vn -0.9322986602783203 -0.20947545766830444 0.2948545813560486 
vn -0.8411760330200195 -0.5365101099014282 0.06767380982637405 
vn -0.8607431650161743 -0.46355289220809937 0.2103329300880432 
vn -0.8397637009620667 -0.5429477095603943 0.002184694167226553 
vn -0.8277795314788818 0.5417639017105103 0.1458524912595749 
vn -0.3974688947200775 0.8290773630142212 0.3932546079158783 
vn -0.8238468170166016 0.5649540424346924 0.04586252197623253 
vn -0.26304832100868225 0.9634743928909302 0.05022686347365379 
vn -0.2466406375169754 0.969104528427124 0.002184694167226553 
vn -0.001887861406430602 0.9987360239028931 0.05022686347365379 
vn -1.0341130485562108e-13 0.999997615814209 0.002184694167226553 
vn -1.0341130485562108e-13 0.999997615814209 0.002184694167226553 
vn 0.0037708422169089317 0.9194218516349792 0.3932546079158783 
vn 0.0037708422169089317 0.9194218516349792 0.3932546079158783 
vn -0.001887861406430602 0.9987360239028931 0.05022686347365379 
vn -0.001887861406430602 0.9987360239028931 0.05022686347365379 
vn -1.0341130485562108e-13 0.999997615814209 0.002184694167226553 
vn 0.0037708422169089317 0.9194218516349792 0.3932546079158783 
vn 0.0037708422169089317 0.9194218516349792 0.3932546079158783 
vn -0.001887861406430602 0.9987360239028931 0.05022686347365379 
vn -0.001887861406430602 0.9987360239028931 0.05022686347365379 
vn -1.0341130485562108e-13 0.999997615814209 0.002184694167226553 
vn -1.0341130485562108e-13 0.999997615814209 0.002184694167226553 
vn 0.733294665813446 -0.6799074411392212 0.002184694167226553 
vn 0.720743715763092 -0.6726782321929932 -0.16742929816246033 
vn 0.7584388852119446 -0.651740550994873 0.002184694167226553 
vn 0.7492049336433411 -0.6385158896446228 -0.1760382205247879 
vn 0.8626099228858948 -0.4638839364051819 -0.2017817199230194 
vn 0.6022595167160034 -0.5009757876396179 -0.6215357780456543 
vn 0.6634170413017273 -0.35540682077407837 -0.6584556698799133 
vn 0.5888248682022095 -0.536784827709198 -0.6042742133140564 
vn 0.0037708422169089317 0.9194218516349792 0.3932546079158783 
vn 0.0037708422169089317 0.9194218516349792 0.3932546079158783 
vn -0.001887861406430602 0.9987360239028931 0.05022686347365379 
vn -0.001887861406430602 0.9987360239028931 0.05022686347365379 
vn -1.0341130485562108e-13 0.999997615814209 0.002184694167226553 
vn -1.0341130485562108e-13 0.999997615814209 0.002184694167226553 
vn 0.49125343561172485 0.8710139393806458 0.002184694167226553 
vn 0.5149021744728088 0.8389793038368225 -0.1760382205247879 
vn 0.05283859372138977 0.9986006617546082 0.002184694167226553 
vn 0.06976967304944992 0.993544340133667 -0.08945280313491821 
vn -0.003776365192607045 0.9977003335952759 -0.06767380982637405 
vn 0.19466601312160492 0.8237870931625366 -0.5324283838272095 
vn 0.03961943835020065 0.8701764345169067 -0.4911448359489441 
vn 0.4168285131454468 0.7673066258430481 -0.48733407258987427 
vn 0.8478681445121765 -0.5302026271820068 0.002184694167226553 
vn 0.6743503212928772 -0.7384083271026611 0.002184694167226553 
vn 0.8335321545600891 -0.529154360294342 0.15880759060382843 
vn 0.6612273454666138 -0.7358705401420593 0.1458524912595749 
vn 0.5528576374053955 -0.6155140399932861 0.5616858005523682 
vn 0.47251319885253906 -0.871249794960022 0.1328723281621933 
vn 0.4135168492794037 -0.7438865900039673 0.5250110030174255 
vn 0.32739511132240295 -0.7977966666221619 0.5062933564186096 
vn 0.47804227471351624 -0.878334105014801 0.002184694167226553 
vn 0.36165499687194824 -0.9323094487190247 0.002184694167226553 
vn 0.3648528456687927 -0.9227433204650879 0.1242060661315918 
vn 0.48543956875801086 -0.8634374141693115 0.1372016966342926 
vn 0.42649996280670166 -0.7311756014823914 0.5324283838272095 
vn -0.8622481822967529 -0.4607473909854889 -0.2103329300880432 
vn -0.22369427978992462 -0.7862038612365723 -0.5760593414306641 
vn -0.8411760330200195 -0.5365101099014282 -0.06767380982637405 
vn -0.12244206666946411 -0.9867076277732849 -0.10684575140476227 
vn -0.0980169028043747 -0.9951823353767395 0.002184694167226553 
vn 0.4117104709148407 -0.9064741134643555 -0.09380380809307098 
vn 0.4104118347167969 -0.9118976593017578 0.002184694167226553 
vn 0.38964858651161194 -0.9209610223770142 0.002184694167226553 
vn 0.39144396781921387 -0.9166524410247803 -0.08074574917554855 
vn 0.3718683421611786 -0.8126242160797119 -0.4487268626689911 
vn 0.3169960081577301 -0.9463112354278564 -0.0633138045668602 
vn 0.30060070753097534 -0.8909273147583008 -0.34042292833328247 
vn 0.18576639890670776 -0.9472188353538513 -0.2612801790237427 
vn 0.20673757791519165 -0.6705322265625 -0.7124928832054138 
vn 0.13527484238147736 -0.80100017786026 -0.5831804275512695 
vn 0.06414172798395157 -0.5041119456291199 -0.8612531423568726 
vn 0.028357362374663353 -0.5663867592811584 -0.8236515522003174 
vn 0.20801858603954315 -0.9768344163894653 -0.05022686347365379 
vn 0.20988060534000397 -0.9777246117591858 0.002184694167226553 
vn 0.31905397772789 -0.947733998298645 0.002184694167226553 
vn 0.368582546710968 -0.7541740536689758 -0.5434780716896057 
vn -0.6226444840431213 -0.7825018167495728 0.002184694167226553 
vn -0.5365904569625854 -0.8438400030136108 0.002184694167226553 
vn -0.6194921135902405 -0.752623975276947 0.22312943637371063 
vn -0.5351766347885132 -0.8213279247283936 0.1975002884864807 
vn -0.3948332369327545 -0.6235648393630981 0.67473965883255 
vn -0.48563703894615173 -0.8562518358230591 0.1760382205247879 
vn -0.37921079993247986 -0.6467628479003906 0.661737859249115 
vn -0.37582510709762573 -0.6811181902885437 0.6283578276634216 
vn -0.47804227471351624 -0.878334105014801 0.002184694167226553 
vn -0.4309644401073456 -0.9023662805557251 0.002184694167226553 
vn -0.45424994826316833 -0.8773763179779053 0.15449213981628418 
vn -0.3772565424442291 -0.9194098711013794 0.1111890971660614 
vn -0.3419536054134369 -0.7479485273361206 0.5688942670822144 
vn -0.354604035615921 -0.935014009475708 0.002184694167226553 
vn -0.2612491250038147 -0.9652689099311829 0.002184694167226553 
vn -0.2721808850765228 -0.9598634243011475 0.06767380982637405 
vn -0.1374059021472931 -0.9894524812698364 0.04586252197623253 
vn -0.2602759599685669 -0.8401349782943726 0.4758462607860565 
vn -0.12975044548511505 -0.9698991775512695 0.2060592919588089 
vn 0.49125343561172485 0.8710139393806458 0.002184694167226553 
vn 0.9886130690574646 0.15046414732933044 0.002184694167226553 
vn 0.5149021744728088 0.8389793038368225 -0.1760382205247879 
vn 0.9652279615402222 0.1429395228624344 -0.21886809170246124 
vn 0.7210792899131775 0.15738819539546967 -0.67473965883255 
vn 0.8626099228858948 -0.4638839364051819 -0.2017817199230194 
vn 0.6634170413017273 -0.35540682077407837 -0.6584556698799133 
vn 0.8746989965438843 -0.48466166853904724 0.002184694167226553 
vn 0.41195929050445557 -0.7286471128463745 -0.5471406579017639 
vn 0.45076534152030945 -0.8813514113426208 -0.1415284425020218 
vn 0.3279169797897339 -0.8138630390167236 -0.4796847105026245 
vn 0.3314107656478882 -0.9369118809700012 -0.1111890971660614 
vn 0.47605136036872864 -0.8723600506782532 -0.1111890971660614 
vn 0.32620200514793396 -0.9452975392341614 0.002184694167226553 
vn 0.47804227471351624 -0.878334105014801 0.002184694167226553 
vn 0.4309644401073456 -0.9023662805557251 0.002184694167226553 
vn 0.8478681445121765 -0.5302026271820068 0.002184694167226553 
vn 0.9524446725845337 -0.3047037422657013 0.002184694167226553 
vn 0.8335321545600891 -0.529154360294342 -0.15880759060382843 
vn 0.9407379031181335 -0.29732823371887207 -0.16312000155448914 
vn 0.7588284015655518 -0.25966528058052063 -0.5972883701324463 
vn 0.9816617369651794 -0.10545330494642258 -0.15880759060382843 
vn 0.7950620055198669 -0.10546568036079407 -0.5972883701324463 
vn 0.8097867965698242 0 -0.5867242813110352 
vn 0.9944137930870056 -0.10552956163883209 0.002184694167226553 
vn 0.9995414018630981 0.0302029550075531 0.002184694167226553 
vn 0.9877342581748962 0.022654034197330475 -0.15449213981628418 
vn 0.984974205493927 0.06786741316318512 -0.15880759060382843 
vn 0.8117812871932983 0.03019481524825096 -0.5831804275512695 
vn 0.9971474409103394 0.07544711232185364 0.002184694167226553 
vn 0.8990859389305115 -0.4377666711807251 0.002184694167226553 
vn 0.8861748576164246 -0.43035000562667847 -0.17173540592193604 
vn 0.45076534152030945 -0.8813514113426208 -0.1415284425020218 
vn 0.7332944869995117 -0.34356045722961426 -0.5867242813110352 
vn 0.41195929050445557 -0.7286471128463745 -0.5471406579017639 
vn -0.3335147202014923 0.4078713357448578 0.8499464392662048 
vn -0.5950031876564026 0.7201821208000183 0.3568037748336792 
vn -0.6343917846679688 0.7730085849761963 0.002184694167226553 
vn -0.5844170451164246 0.7267879843711853 0.36088213324546814 
vn -0.6285360455513 0.777777373790741 0.002184694167226553 
vn -0.6343917846679688 0.7730085849761963 0.002184694167226553 
vn -0.3276565372943878 0.41259217262268066 0.8499464392662048 
vn -0.32005178928375244 0.40910351276397705 0.8545181155204773 
vn -0.5876227617263794 0.7221553921699524 0.3649536371231079 
vn -0.588707447052002 0.7192003726959229 0.3690181374549866 
vn -0.640211284160614 0.7681957483291626 0.002184694167226553 
vn -0.32019561529159546 0.3946109116077423 0.8612531423568726 
vn -0.3371288776397705 0.3597765564918518 0.8700028657913208 
vn -0.6127451062202454 0.6966764330863953 0.37307560443878174 
vn -0.6513717174530029 0.660703718662262 0.37307560443878174 
vn -0.6574495434761047 0.7534953951835632 0.002184694167226553 
vn -0.6909050345420837 0.7229422330856323 0.002184694167226553 
vn 0.7398896217346191 -0.3646976947784424 -0.5652954578399658 
vn 0.8839508891105652 -0.44424983859062195 -0.1458524912595749 
vn 0.8340125679969788 -0.1577121764421463 -0.528724730014801 
vn 0.9746224284172058 -0.18015576899051666 -0.1328723281621933 
vn 0.98524010181427 -0.11304576694965363 -0.12854042649269104 
vn 0.9822282791137695 -0.18767757713794708 0.002184694167226553 
vn 0.9944137930870056 -0.10552956163883209 0.002184694167226553 
vn 0.8923717141151428 -0.4512958228588104 0.002184694167226553 
vn 0.5888248682022095 -0.536784827709198 -0.6042742133140564 
vn 0.720743715763092 -0.6726782321929932 -0.16742929816246033 
vn 0.6147679090499878 -0.502693235874176 -0.607749879360199 
vn 0.7557702660560608 -0.6330708265304565 -0.16742929816246033 
vn 0.8175658583641052 -0.5482668876647949 -0.1760382205247879 
vn 0.7681957483291626 -0.640211284160614 0.002184694167226553 
vn 0.8314676284790039 -0.5555689334869385 0.002184694167226553 
vn 0.733294665813446 -0.6799074411392212 0.002184694167226553 
vn 0.6157692670822144 -0.7237334847450256 -0.31150925159454346 
vn 0.6822272539138794 -0.6381669640541077 -0.3568037748336792 
vn 0.6329043507575989 -0.7728704214096069 -0.04586252197623253 
vn 0.7260581254959106 -0.6847123503684998 -0.0633138045668602 
vn 0.7229422330856323 -0.6909050345420837 0.002184694167226553 
vn 0.8594018220901489 -0.5041691064834595 -0.08510008454322815 
vn 0.855779230594635 -0.5173366069793701 0.002184694167226553 
vn 0.999997615814209 0 0.002184694167226553 
vn 0.7873281240463257 -0.4611053168773651 -0.40926313400268555 
vn 0.8877103328704834 0 -0.46040233969688416 
vn 0.9947043061256409 0.007548347115516663 -0.10250037163496017 
vn 0.9205657839775085 0.3756895363330841 -0.10684575140476227 
vn 0.9267409443855286 0.3756946325302124 0.002184694167226553 
vn 0.8202961683273315 0.3173081874847412 -0.4758462607860565 
vn 0.8333212733268738 0.27473291754722595 -0.4796847105026245 
vn 0.9387850761413574 0.3260667324066162 -0.1111890971660614 
vn 0.9748919606208801 0.18766196072101593 -0.11986933648586273 
vn 0.9452975392341614 0.32620200514793396 0.002184694167226553 
vn 0.9836175441741943 0.18025460839271545 0.002184694167226553 
vn 0.9267409443855286 -0.3756946325302124 0.002184694167226553 
vn 0.9074221849441528 -0.37535569071769714 -0.18892620503902435 
vn 0.7078278064727783 -0.2875663936138153 -0.6452018022537231 
vn 0.9666692614555359 -0.17279304563999176 -0.18892620503902435 
vn 0.750374436378479 -0.12783588469028473 -0.6485338807106018 
vn 0.7718119621276855 -0.03023000806570053 -0.6351318359375 
vn 0.9849507808685303 -0.17282135784626007 0.002184694167226553 
vn 0.9989712238311768 -0.04529581964015961 0.002184694167226553 
vn 0.9817638397216797 -0.04527854546904564 -0.18463370203971863 
vn 0.9835757613182068 -0.00755514670163393 -0.18033768236637115 
vn 0.7806259989738464 -0.0075577362440526485 -0.6249527335166931 
vn 0.9998835325241089 -0.015103200450539589 0.002184694167226553 
vn 0.9179922342300415 -0.3965924084186554 0.002184694167226553 
vn 0.9083563685417175 -0.37523213028907776 -0.18463370203971863 
vn 0.521311342716217 -0.8400490283966064 -0.15017375349998474 
vn 0.7400197982788086 -0.2881159484386444 -0.607749879360199 
vn 0.4474787414073944 -0.7045495510101318 -0.5507928133010864 
vn 0.8448410034179688 -0.1204293891787529 -0.5212872624397278 
vn 0.7302675843238831 -0.41871193051338196 -0.5398051738739014 
vn 0.8589588403701782 -0.49083271622657776 -0.1458524912595749 
vn 0.8710139393806458 -0.49125343561172485 0.002184694167226553 
vn 0.48432987928390503 -0.8640603423118591 -0.1372016966342926 
vn 0.47804227471351624 -0.878334105014801 0.002184694167226553 
vn 0.4254165291786194 -0.7318065166473389 -0.5324283838272095 
vn 0.8530908226966858 0.16511890292167664 -0.4949462115764618 
vn 0.8556175231933594 -0.007550762500613928 -0.5175535082817078 
vn 0.9906690716743469 -0.04530104249715805 -0.12854042649269104 
vn 0.9283117651939392 -0.34724944829940796 -0.1328723281621933 
vn 0.9986006617546082 -0.05283859372138977 0.002184694167226553 
vn 0.9323094487190247 -0.36165499687194824 0.002184694167226553 
vn -0.6574495434761047 0.7534953951835632 0.002184694167226553 
vn 0.7384083271026611 -0.6743503212928772 0.002184694167226553 
vn 0.7331775426864624 -0.6677784323692322 -0.12854042649269104 
vn 0.47605136036872864 -0.8723600506782532 -0.1111890971660614 
vn 0.6523663997650146 -0.5430176854133606 -0.528724730014801 
vn 0.4463626742362976 -0.7529771327972412 -0.4835140109062195 
vn 0.8005898594856262 -0.2601274251937866 -0.5398051738739014 
vn -0.007551815826445818 0.9999691247940063 0.002184694167226553 
vn -0.007551815826445818 0.9999691247940063 0.002184694167226553 
vn -0.009437007829546928 0.9984642267227173 -0.05459024757146835 
vn 0.005662122275680304 0.8975382447242737 -0.4409002661705017 
vn -0.009439172223210335 0.9986932277679443 -0.05022686347365379 
vn -0.0018882994772866368 0.9124144315719604 -0.40926313400268555 
vn -0.001889282837510109 0.9177005887031555 -0.3972681760787964 
vn -0.007551815826445818 0.9999691247940063 0.002184694167226553 
vn -1.0341130485562108e-13 0.999997615814209 0.002184694167226553 
vn -0.001887861406430602 0.9987360239028931 -0.05022686347365379 
vn -0.001887861406430602 0.9987360239028931 -0.05022686347365379 
vn 0.001887889695353806 0.9194276928901672 -0.3932546079158783 
vn 0.001887889695353806 0.9194276928901672 -0.3932546079158783 
vn -0.001887861406430602 0.9987360239028931 -0.05022686347365379 
vn -1.0341130485562108e-13 0.999997615814209 0.002184694167226553 
vn -0.001887861406430602 0.9987360239028931 -0.05022686347365379 
vn -1.0341130485562108e-13 0.999997615814209 0.002184694167226553 
vn -1.0341130485562108e-13 0.999997615814209 0.002184694167226553 
vn 0.001887889695353806 0.9194276928901672 -0.3932546079158783 
vn 0.001887889695353806 0.9194276928901672 -0.3932546079158783 
vn -0.001887861406430602 0.9987360239028931 -0.05022686347365379 
vn -0.001887861406430602 0.9987360239028931 -0.05022686347365379 
vn -1.0341130485562108e-13 0.999997615814209 0.002184694167226553 
vn 0.001887889695353806 0.9194276928901672 -0.3932546079158783 
vn 0.001887889695353806 0.9194276928901672 -0.3932546079158783 
vn -0.001887861406430602 0.9987360239028931 -0.05022686347365379 
vn -0.001887861406430602 0.9987360239028931 -0.05022686347365379 
vn -1.0341130485562108e-13 0.999997615814209 0.002184694167226553 
vn -1.0341130485562108e-13 0.999997615814209 0.002184694167226553 
vn -0.835639476776123 0.5492739677429199 0.002184694167226553 
vn -0.7754731774330139 0.5093681216239929 0.37307560443878174 
vn -0.9428071975708008 0.333331435918808 0.002184694167226553 
vn -0.8659250140190125 0.3285572826862335 0.37712597846984863 
vn -0.9081807136535645 0.15396441519260406 0.3892335295677185 
vn -0.45630595088005066 0.21497087180614471 0.8634653687477112 
vn -0.4615696668624878 0.17334499955177307 0.8700028657913208 
vn -0.4297117292881012 0.2712762951850891 0.8612531423568726 
vn 0.001887889695353806 0.9194276928901672 -0.3932546079158783 
vn -0.3996543884277344 0.8280260562896729 -0.3932546079158783 
vn -0.26304832100868225 0.9634743928909302 -0.05022686347365379 
vn -0.8238468170166016 0.5649540424346924 -0.04586252197623253 
vn -0.2466406375169754 0.969104528427124 0.002184694167226553 
vn -0.8186684846878052 0.5742622017860413 0.002184694167226553 
vn -0.9935884475708008 0.11303620040416718 0.002184694167226553 
vn -0.9944137930870056 -0.10552956163883209 0.002184694167226553 
vn -0.9140011668205261 -0.01886877231299877 0.405272513628006 
vn -0.43767330050468445 0.12280044704675674 0.8907088041305542 
vn -0.8973792791366577 -0.1835467368364334 0.401274174451828 
vn -0.43047896027565 0.022560445591807365 0.9023185968399048 
vn -0.45202767848968506 -0.09710731357336044 0.8867024183273315 
vn -0.9672143459320068 -0.25395211577415466 0.002184694167226553 
vn -0.9376652836799622 -0.34753286838531494 0.002184694167226553 
vn -0.8714004755020142 -0.30377352237701416 0.3852050006389618 
vn -0.8349826335906982 -0.40449798107147217 0.37307560443878174 
vn -0.4588707685470581 -0.1696878969669342 0.872148871421814 
vn -0.4286941885948181 -0.3821123242378235 0.8186644315719604 
vn -0.6998074650764465 -0.6664755344390869 0.25706008076667786 
vn -0.7730085849761963 -0.6343917846679688 0.002184694167226553 
vn -0.5069824457168579 -0.8529605269432068 0.1242060661315918 
vn -0.5804283022880554 -0.8143084645271301 0.002184694167226553 
vn -0.34603914618492126 -0.7750529050827026 0.528724730014801 
vn -0.8889381885528564 -0.45802199840545654 0.002184694167226553 
vn -0.8253215551376343 0.5455010533332825 -0.1458524912595749 
vn -0.938482940196991 0.17272154986858368 -0.2990269064903259 
vn -0.8238468170166016 0.5649540424346924 -0.04586252197623253 
vn -0.9980669021606445 0.05281035229563713 -0.03276457265019417 
vn -0.9989712238311768 0.04529581964015961 0.002184694167226553 
vn -0.9977729916572571 -0.06035414710640907 -0.028397228568792343 
vn -0.998173177242279 -0.06037835404276848 0.002184694167226553 
vn -0.9976887702941895 -0.06791467219591141 0.002184694167226553 
vn -0.9588791131973267 -0.05661899968981743 -0.2781098484992981 
vn -0.9578701257705688 -0.07169226557016373 -0.2781098484992981 
vn -0.9972887635231018 -0.06788744032382965 -0.028397228568792343 
vn -0.9954949021339417 -0.09046237915754318 -0.028397228568792343 
vn -0.995894193649292 -0.0904986634850502 0.002184694167226553 
vn -0.9566241502761841 -0.08674779534339905 -0.2781098484992981 
vn -0.9559124112129211 -0.09426774829626083 -0.2781098484992981 
vn -0.994015097618103 -0.10548725724220276 -0.028397228568792343 
vn -0.994015097618103 -0.10548725724220276 -0.028397228568792343 
vn -0.9944137930870056 -0.10552956163883209 0.002184694167226553 
vn -0.9944137930870056 -0.10552956163883209 0.002184694167226553 
vn 0.5894221067428589 -0.5361289381980896 0.6042742133140564 
vn 0.7213586568832397 -0.6720187067985535 0.16742929816246033 
vn 0.6027914881706238 -0.5003355741500854 0.6215357780456543 
vn 0.7492049336433411 -0.6385158896446228 0.1760382205247879 
vn 0.8626099228858948 -0.4638839364051819 0.2017817199230194 
vn 0.7584388852119446 -0.651740550994873 0.002184694167226553 
vn 0.8746989965438843 -0.48466166853904724 0.002184694167226553 
vn 0.733294665813446 -0.6799074411392212 0.002184694167226553 
vn -0.9886130690574646 -0.15046414732933044 0.002184694167226553 
vn -0.9869207739830017 -0.1578412801027298 -0.03276457265019417 
vn -0.8411760330200195 -0.5365101099014282 -0.06767380982637405 
vn -0.9330618977546692 -0.2060490846633911 -0.2948545813560486 
vn -0.8622481822967529 -0.4607473909854889 -0.2103329300880432 
vn -0.955141544342041 -0.10178187489509583 -0.2781098484992981 
vn -0.37086379528045654 0.33629003167152405 0.865661084651947 
vn -0.3993123173713684 0.31431299448013306 0.8612531423568726 
vn -0.6922078132629395 0.6202208995819092 0.3690181374549866 
vn -0.7754731774330139 0.5093681216239929 0.37307560443878174 
vn -0.733294665813446 0.6799074411392212 0.002184694167226553 
vn -0.835639476776123 0.5492739677429199 0.002184694167226553 
vn -0.5804283022880554 -0.8143084645271301 0.002184694167226553 
vn -0.5069824457168579 -0.8529605269432068 -0.1242060661315918 
vn -0.7730085849761963 -0.6343917846679688 0.002184694167226553 
vn -0.7017778158187866 -0.6644005179405212 -0.25706008076667786 
vn -0.8363872766494751 -0.40158554911613464 -0.37307560443878174 
vn -0.4275258183479309 -0.38341912627220154 -0.8186644315719604 
vn -0.4600221514701843 -0.16654130816459656 -0.872148871421814 
vn -0.34822317957878113 -0.774074137210846 -0.528724730014801 
vn -0.8889381885528564 -0.45802199840545654 0.002184694167226553 
vn -0.9376652836799622 -0.34753286838531494 0.002184694167226553 
vn -0.8714004755020142 -0.30377352237701416 -0.3852050006389618 
vn -0.45192039012908936 -0.09760545194149017 -0.8867024183273315 
vn -0.8980807662010193 -0.1800832450389862 -0.401274174451828 
vn -0.43047231435775757 0.022686365991830826 -0.9023185968399048 
vn -0.4365459680557251 0.126749649643898 -0.8907088041305542 
vn -0.9672143459320068 -0.25395211577415466 0.002184694167226553 
vn -0.9944137930870056 -0.10552956163883209 0.002184694167226553 
vn -0.9140011668205261 -0.01886877231299877 -0.405272513628006 
vn -0.907507061958313 0.1578867882490158 -0.3892335295677185 
vn -0.46007272601127625 0.17727981507778168 -0.8700028657913208 
vn -0.4558531641960144 0.21592934429645538 -0.8634653687477112 
vn -0.8659250140190125 0.3285572826862335 -0.37712597846984863 
vn -0.9428071975708008 0.333331435918808 0.002184694167226553 
vn -0.7771583199501038 0.5067933797836304 -0.37307560443878174 
vn -0.835639476776123 0.5492739677429199 0.002184694167226553 
vn -0.42898622155189514 0.2724221646785736 -0.8612531423568726 
vn -0.9935884475708008 0.11303620040416718 0.002184694167226553 
vn 0.5894221067428589 -0.5361289381980896 0.6042742133140564 
vn 0.6158075928688049 -0.5014190673828125 0.607749879360199 
vn 0.7213586568832397 -0.6720187067985535 0.16742929816246033 
vn 0.7563076615333557 -0.632428765296936 0.16742929816246033 
vn 0.7681957483291626 -0.640211284160614 0.002184694167226553 
vn 0.8175658583641052 -0.5482668876647949 0.1760382205247879 
vn 0.8314676284790039 -0.5555689334869385 0.002184694167226553 
vn 0.9267409443855286 -0.3756946325302124 0.002184694167226553 
vn 0.6530009508132935 -0.4278128445148468 0.6249527335166931 
vn 0.7081757187843323 -0.2867085635662079 0.6452018022537231 
vn 0.9074221849441528 -0.37535569071769714 0.18892620503902435 
vn 0.9666692614555359 -0.17279304563999176 0.18892620503902435 
vn 0.9849507808685303 -0.17282135784626007 0.002184694167226553 
vn 0.750408411026001 -0.1276361644268036 0.6485338807106018 
vn 0.7718155980110168 -0.030136173591017723 0.6351318359375 
vn 0.9817638397216797 -0.04527854546904564 0.18463370203971863 
vn 0.9835758209228516 -0.007545922417193651 0.18033768236637115 
vn 0.9989712238311768 -0.04529581964015961 0.002184694167226553 
vn 0.9998835325241089 -0.015103200450539589 0.002184694167226553 
vn 0.4179607033729553 0.7666904926300049 0.48733407258987427 
vn 0.5149021744728088 0.8389793038368225 0.1760382205247879 
vn 0.1962299644947052 0.8234159350395203 0.5324283838272095 
vn 0.06976967304944992 0.993544340133667 0.08945280313491821 
vn -0.003776365192607045 0.9977003335952759 0.06767380982637405 
vn 0.05283859372138977 0.9986006617546082 0.002184694167226553 
vn -0.007551815826445818 0.9999691247940063 0.002184694167226553 
vn 0.49125343561172485 0.8710139393806458 0.002184694167226553 
vn -0.733294665813446 0.6799074411392212 0.002184694167226553 
vn -0.6837726831436157 0.6197354197502136 -0.3852050006389618 
vn -0.7825018167495728 0.6226444840431213 0.002184694167226553 
vn -0.7256811857223511 0.5645685195922852 -0.3932546079158783 
vn -0.771664559841156 0.4934701919555664 -0.401274174451828 
vn -0.3829348385334015 0.2856954038143158 -0.8784868121147156 
vn -0.396562784910202 0.23769058287143707 -0.8867024183273315 
vn -0.368504136800766 0.3218090832233429 -0.872148871421814 
vn 0.780626118183136 -0.007546109613031149 0.6249527335166931 
vn 0.7403424978256226 -0.2872856855392456 0.607749879360199 
vn 0.9083563685417175 -0.37523213028907776 0.18463370203971863 
vn 0.521311342716217 -0.8400490283966064 0.15017375349998474 
vn 0.9179922342300415 -0.3965924084186554 0.002184694167226553 
vn 0.5043525099754333 -0.8634950518608093 0.002184694167226553 
vn 0.6749565601348877 -0.4427531659603119 -0.590256929397583 
vn 0.5521066188812256 -0.6161877512931824 -0.5616858005523682 
vn 0.8335321545600891 -0.529154360294342 -0.15880759060382843 
vn 0.6604770421981812 -0.7365440726280212 -0.1458524912595749 
vn 0.6743503212928772 -0.7384083271026611 0.002184694167226553 
vn 0.47251319885253906 -0.871249794960022 -0.1328723281621933 
vn 0.47804227471351624 -0.878334105014801 0.002184694167226553 
vn 0.36165499687194824 -0.9323094487190247 0.002184694167226553 
vn 0.412399023771286 -0.7445068955421448 -0.5250110030174255 
vn 0.3260801434516907 -0.7983350157737732 -0.5062933564186096 
vn 0.3648528456687927 -0.9227433204650879 -0.1242060661315918 
vn 0.48432987928390503 -0.8640603423118591 -0.1372016966342926 
vn 0.47804227471351624 -0.878334105014801 0.002184694167226553 
vn 0.8923717141151428 -0.4512958228588104 0.002184694167226553 
vn 0.8839508891105652 -0.44424983859062195 -0.1458524912595749 
vn 0.6687547564506531 -0.74347984790802 0.002184694167226553 
vn 0.6560130715370178 -0.7413613200187683 -0.1415284425020218 
vn 0.3998907506465912 -0.9086906909942627 -0.11986933648586273 
vn 0.5558589696884155 -0.6226139664649963 -0.5507928133010864 
vn 0.35585904121398926 -0.7974144816398621 -0.48733407258987427 
vn 0.7398896217346191 -0.3646976947784424 -0.5652954578399658 
vn -0.40955737233161926 0.1972324252128601 -0.8907088041305542 
vn -0.8231936097145081 0.39762598276138306 -0.405272513628006 
vn -0.8990859389305115 0.4377666711807251 0.002184694167226553 
vn -0.8610533475875854 0.30715036392211914 -0.405272513628006 
vn -0.9452975392341614 0.32620200514793396 0.002184694167226553 
vn -0.9777246117591858 0.20988060534000397 0.002184694167226553 
vn -0.4217565059661865 0.16958573460578918 -0.8907088041305542 
vn -0.4574335515499115 0.13789670169353485 -0.8784868121147156 
vn -0.8960765600204468 0.20590679347515106 -0.3932546079158783 
vn -0.9233794808387756 0.09047070145606995 -0.37307560443878174 
vn -0.9965491890907288 0.08297525346279144 0.002184694167226553 
vn -0.5025538206100464 0.07538343220949173 -0.8612531423568726 
vn -0.5376327037811279 -0.01890065334737301 -0.8429672718048096 
vn -0.934234619140625 -0.052870966494083405 -0.3527185618877411 
vn -0.9157964587211609 -0.2317061573266983 -0.3280687630176544 
vn -0.9976887702941895 -0.06791467219591141 0.002184694167226553 
vn -0.9672143459320068 -0.25395211577415466 0.002184694167226553 
vn 0.4104118347167969 -0.9118976593017578 0.002184694167226553 
vn 0.2902839779853821 -0.9569380283355713 0.002184694167226553 
vn 0.2883718013763428 -0.9510408639907837 -0.1111890971660614 
vn 0.26938101649284363 -0.8437303900718689 -0.4642767012119293 
vn 0.521311342716217 -0.8400490283966064 -0.15017375349998474 
vn 0.4474787414073944 -0.7045495510101318 -0.5507928133010864 
vn 0.5043525099754333 -0.8634950518608093 0.002184694167226553 
vn -0.5573052167892456 -0.13856199383735657 -0.8186644315719604 
vn -0.554619312286377 -0.2527199983596802 -0.7927988767623901 
vn -0.8654552102088928 -0.39882445335388184 -0.30319350957870483 
vn -0.7954490780830383 -0.5405866503715515 -0.27391019463539124 
vn -0.9023662805557251 -0.4309644401073456 0.002184694167226553 
vn -0.8229818940162659 -0.5680633783340454 0.002184694167226553 
vn -0.5312049984931946 -0.3691357672214508 -0.762600839138031 
vn -0.48809608817100525 -0.4774152338504791 -0.7306414246559143 
vn -0.7046335935592651 -0.6645953059196472 -0.24860523641109467 
vn -0.6157503724098206 -0.7556882500648499 -0.22312943637371063 
vn -0.7229422330856323 -0.6909050345420837 0.002184694167226553 
vn -0.6226444840431213 -0.7825018167495728 0.002184694167226553 
vn -0.4362886846065521 -0.5652279853820801 0.7001210451126099 
vn -0.48610565066337585 -0.47944176197052 0.7306414246559143 
vn -0.6194921135902405 -0.752623975276947 0.22312943637371063 
vn -0.7046335935592651 -0.6645953059196472 0.24860523641109467 
vn -0.7229422330856323 -0.6909050345420837 0.002184694167226553 
vn -0.7979635000228882 -0.5368682146072388 0.27391019463539124 
vn -0.8229818940162659 -0.5680633783340454 0.002184694167226553 
vn -0.9023662805557251 -0.4309644401073456 0.002184694167226553 
vn -0.529463529586792 -0.3716293275356293 0.762600839138031 
vn -0.5532612204551697 -0.25567948818206787 0.7927988767623901 
vn -0.8654552102088928 -0.39882445335388184 0.30319350957870483 
vn -0.9167858362197876 -0.2277599275112152 0.3280687630176544 
vn -0.9672143459320068 -0.25395211577415466 0.002184694167226553 
vn -0.5574459433555603 -0.13799487054347992 0.8186644315719604 
vn -0.5376356244087219 -0.018816499039530754 0.8429672718048096 
vn -0.9340178966522217 -0.056570377200841904 0.3527185618877411 
vn -0.9237504601478577 0.08660049736499786 0.37307560443878174 
vn -0.9976887702941895 -0.06791467219591141 0.002184694167226553 
vn -0.9965491890907288 0.08297525346279144 0.002184694167226553 
vn -0.5026066303253174 0.07503046095371246 0.8612531423568726 
vn -0.45763543248176575 0.1372252106666565 0.8784868121147156 
vn -0.8952863216400146 0.20931614935398102 0.3932546079158783 
vn -0.8610533475875854 0.30715036392211914 0.405272513628006 
vn -0.9777246117591858 0.20988060534000397 0.002184694167226553 
vn -0.9452975392341614 0.32620200514793396 0.002184694167226553 
vn -0.4205106794834137 0.17265178263187408 0.8907088041305542 
vn -0.4081456959247589 0.20013733208179474 0.8907088041305542 
vn -0.8231936097145081 0.39762598276138306 0.405272513628006 
vn -0.7740552425384521 0.4897117018699646 0.401274174451828 
vn -0.8990859389305115 0.4377666711807251 0.002184694167226553 
vn -0.8397637009620667 0.5429477095603943 0.002184694167226553 
vn -0.39332279562950134 0.24301448464393616 0.8867024183273315 
vn -0.3838507831096649 0.2844635844230652 0.8784868121147156 
vn -0.7238492369651794 0.5669153928756714 0.3932546079158783 
vn -0.6837726831436157 0.6197354197502136 0.3852050006389618 
vn -0.7825018167495728 0.6226444840431213 0.002184694167226553 
vn -0.733294665813446 0.6799074411392212 0.002184694167226553 
vn 0.41306301951408386 -0.7280219793319702 0.5471406579017639 
vn 0.45076534152030945 -0.8813514113426208 0.1415284425020218 
vn 0.7335173487663269 -0.3430843949317932 0.5867242813110352 
vn 0.8861748576164246 -0.43035000562667847 0.17173540592193604 
vn 0.984974205493927 0.06786741316318512 0.15880759060382843 
vn 0.8990859389305115 -0.4377666711807251 0.002184694167226553 
vn 0.9971474409103394 0.07544711232185364 0.002184694167226553 
vn 0.4309644401073456 -0.9023662805557251 0.002184694167226553 
vn 0.811782956123352 0.030150234699249268 0.5831804275512695 
vn 0.8097867965698242 0 0.5867242813110352 
vn 0.9877342581748962 0.022654034197330475 0.15449213981628418 
vn 0.9995414018630981 0.0302029550075531 0.002184694167226553 
vn 0.9816617369651794 -0.10545330494642258 0.15880759060382843 
vn 0.9944137930870056 -0.10552956163883209 0.002184694167226553 
vn 0.9524446725845337 -0.3047037422657013 0.002184694167226553 
vn 0.7950828075408936 -0.10530871152877808 0.5972883701324463 
vn 0.7589564323425293 -0.2592907249927521 0.5972883701324463 
vn 0.9407379031181335 -0.29732823371887207 0.16312000155448914 
vn 0.8335321545600891 -0.529154360294342 0.15880759060382843 
vn 0.8478681445121765 -0.5302026271820068 0.002184694167226553 
vn 0.08009233325719833 -0.35814034938812256 0.9302261471748352 
vn 0.2096509486436844 -0.6696270108222961 0.7124928832054138 
vn 0.06010360270738602 -0.5046092867851257 0.8612531423568726 
vn 0.13693509995937347 -0.8007180690765381 0.5831804275512695 
vn 0.1873885691165924 -0.9468992352485657 0.2612801790237427 
vn 0.3020173907279968 -0.8904480338096619 0.34042292833328247 
vn 0.3169960081577301 -0.9463112354278564 0.0633138045668602 
vn 0.3662436902523041 -0.8151746988296509 0.4487268626689911 
vn 0.3927326500415802 -0.9161010980606079 0.08074574917554855 
vn 0.4117104709148407 -0.9064741134643555 0.09380380809307098 
vn 0.38964858651161194 -0.9209610223770142 0.002184694167226553 
vn 0.4104118347167969 -0.9118976593017578 0.002184694167226553 
vn 0.20801858603954315 -0.9768344163894653 0.05022686347365379 
vn 0.20988060534000397 -0.9777246117591858 0.002184694167226553 
vn 0.08297525346279144 -0.9965491890907288 0.002184694167226553 
vn 0.31905397772789 -0.947733998298645 0.002184694167226553 
vn -0.0980169028043747 -0.9951823353767395 0.002184694167226553 
vn -0.12042281031608582 -0.9869561195373535 0.10684575140476227 
vn -0.8411760330200195 -0.5365101099014282 0.06767380982637405 
vn -0.22155998647212982 -0.7868080139160156 0.5760593414306641 
vn -0.8607431650161743 -0.46355289220809937 0.2103329300880432 
vn 0.3697863817214966 -0.7535845041275024 0.5434780716896057 
vn 0.5894221067428589 -0.5361289381980896 0.6042742133140564 
vn 0.6526183485984802 -0.4283962547779083 -0.6249527335166931 
vn -0.835639476776123 0.5492739677429199 0.002184694167226553 
vn -0.7771583199501038 0.5067933797836304 -0.37307560443878174 
vn -0.733294665813446 0.6799074411392212 0.002184694167226553 
vn -0.689092218875885 0.623680591583252 -0.3690181374549866 
vn -0.6533791422843933 0.6587186455726624 -0.37307560443878174 
vn -0.39831697940826416 0.31557342410087585 -0.8612531423568726 
vn -0.374727338552475 0.3319794535636902 -0.865661084651947 
vn -0.42898622155189514 0.2724221646785736 -0.8612531423568726 
vn 0.6285360455513 -0.777777373790741 0.002184694167226553 
vn 0.6329043507575989 -0.7728704214096069 0.04586252197623253 
vn 0.5365904569625854 -0.8438400030136108 0.002184694167226553 
vn 0.5426574945449829 -0.8393148183822632 0.03276457265019417 
vn 0.4171193242073059 -0.908407986164093 0.028397228568792343 
vn 0.5251101851463318 -0.8139132261276245 0.24860523641109467 
vn 0.42735016345977783 -0.8961044549942017 0.11986933648586273 
vn 0.6157692670822144 -0.7237334847450256 0.31150925159454346 
vn -0.3391624987125397 0.3578600585460663 -0.8700028657913208 
vn -0.6148109436035156 0.6948540210723877 -0.37307560443878174 
vn -0.6574495434761047 0.7534953951835632 0.002184694167226553 
vn -0.5908045768737793 0.7174785733222961 -0.3690181374549866 
vn -0.640211284160614 0.7681957483291626 0.002184694167226553 
vn -0.6343917846679688 0.7730085849761963 0.002184694167226553 
vn -0.3185299336910248 0.3959566652774811 -0.8612531423568726 
vn -0.31620386242866516 0.4120848774909973 -0.8545181155204773 
vn -0.5876227617263794 0.7221553921699524 -0.3649536371231079 
vn -0.5865200757980347 0.7250919342041016 -0.36088213324546814 
vn -0.6285360455513 0.777777373790741 0.002184694167226553 
vn -0.32595887780189514 0.4139346778392792 -0.8499464392662048 
vn -0.3376990258693695 0.40441372990608215 -0.8499464392662048 
vn -0.5912674069404602 0.7232522964477539 -0.3568037748336792 
vn -0.6164057850837708 0.6977483630180359 -0.3649536371231079 
vn -0.6343917846679688 0.7730085849761963 0.002184694167226553 
vn -0.6574495434761047 0.7534953951835632 0.002184694167226553 
vn -0.3489699959754944 0.3796693980693817 -0.8567795157432556 
vn -0.35930541157722473 0.34861233830451965 -0.865661084651947 
vn -0.6533791422843933 0.6587186455726624 -0.37307560443878174 
vn -0.6837726831436157 0.6197354197502136 -0.3852050006389618 
vn -0.6963448524475098 0.7177039980888367 0.002184694167226553 
vn -0.733294665813446 0.6799074411392212 0.002184694167226553 
vn -0.1355157196521759 -0.9907727837562561 0.002184694167226553 
vn 3.097898456858039e-13 -0.999997615814209 0.002184694167226553 
vn 0.005664747674018145 -0.9989317059516907 0.04586252197623253 
vn 0.05849025025963783 -0.9970236420631409 0.05022686347365379 
vn -0.009427154436707497 -0.9446067810058594 0.3280687630176544 
vn 0.0735105350613594 -0.9328374862670898 0.3527185618877411 
vn 0.05283859372138977 -0.9986006617546082 0.002184694167226553 
vn 0.19508986175060272 -0.9807829260826111 0.002184694167226553 
vn 0.19326429069042206 -0.9800742268562317 0.04586252197623253 
vn 0.2132457047700882 -0.9246005415916443 0.31565824151039124 
vn 0.41728663444519043 -0.9087722897529602 0.002184694167226553 
vn -0.6909050345420837 0.7229422330856323 0.002184694167226553 
vn 0.6157692670822144 -0.7237334847450256 -0.31150925159454346 
vn 0.6329043507575989 -0.7728704214096069 -0.04586252197623253 
vn 0.5251101851463318 -0.8139132261276245 -0.24860523641109467 
vn 0.5426574945449829 -0.8393148183822632 -0.03276457265019417 
vn 0.4171193242073059 -0.908407986164093 -0.028397228568792343 
vn 0.5365904569625854 -0.8438400030136108 0.002184694167226553 
vn 0.41728663444519043 -0.9087722897529602 0.002184694167226553 
vn 0.6285360455513 -0.777777373790741 0.002184694167226553 
vn 0.42649996280670166 -0.7311756014823914 0.5324283838272095 
vn 0.48543956875801086 -0.8634374141693115 0.1372016966342926 
vn 0.7268009185791016 -0.42470088601112366 0.5398051738739014 
vn 0.8592678904533386 -0.49029144644737244 0.1458524912595749 
vn 0.98524010181427 -0.11304576694965363 0.12854042649269104 
vn 0.8710139393806458 -0.49125343561172485 0.002184694167226553 
vn 0.9944137930870056 -0.10552956163883209 0.002184694167226553 
vn 0.47804227471351624 -0.878334105014801 0.002184694167226553 
vn 0.7401325702667236 -0.36420437693595886 0.5652954578399658 
vn 0.8842018246650696 -0.44375017285346985 0.1458524912595749 
vn 0.5566128492355347 -0.6219400763511658 0.5507928133010864 
vn 0.6560130715370178 -0.7413613200187683 0.1415284425020218 
vn 0.3998907506465912 -0.9086906909942627 0.11986933648586273 
vn 0.6687547564506531 -0.74347984790802 0.002184694167226553 
vn 0.4104118347167969 -0.9118976593017578 0.002184694167226553 
vn 0.8923717141151428 -0.4512958228588104 0.002184694167226553 
vn 0.03961943835020065 0.8701764345169067 0.4911448359489441 
vn 0.005662122275680304 0.8975382447242737 0.4409002661705017 
vn -0.009437007829546928 0.9984642267227173 0.05459024757146835 
vn -0.007551815826445818 0.9999691247940063 0.002184694167226553 
vn -0.009439172223210335 0.9986932277679443 0.05022686347365379 
vn -0.007551815826445818 0.9999691247940063 0.002184694167226553 
vn -1.0341130485562108e-13 0.999997615814209 0.002184694167226553 
vn -0.007543179206550121 0.9123852252960205 0.40926313400268555 
vn -9.510481866013137e-14 0.9177025556564331 0.3972681760787964 
vn -0.001887861406430602 0.9987360239028931 0.05022686347365379 
vn 0.0037708422169089317 0.9194218516349792 0.3932546079158783 
vn 0.9822282791137695 -0.18767757713794708 0.002184694167226553 
vn 0.9746224284172058 -0.18015576899051666 0.1328723281621933 
vn 0.8340542316436768 -0.15749169886112213 0.528724730014801 
vn 0.8842018246650696 -0.44375017285346985 0.1458524912595749 
vn 0.7401325702667236 -0.36420437693595886 0.5652954578399658 
vn 0.8923717141151428 -0.4512958228588104 0.002184694167226553 
vn 0.8448650240898132 -0.12026114016771317 0.5212872624397278 
vn 0.3697863817214966 -0.7535845041275024 0.5434780716896057 
vn 0.19508986175060272 -0.9807829260826111 0.002184694167226553 
vn 0.19326429069042206 -0.9800742268562317 -0.04586252197623253 
vn 0.21902939677238464 -0.9232475161552429 -0.31565824151039124 
vn 0.05849025025963783 -0.9970236420631409 -0.05022686347365379 
vn 0.07172127813100815 -0.9329767823219299 -0.3527185618877411 
vn -0.011326895095407963 -0.944585919380188 -0.3280687630176544 
vn 0.05283859372138977 -0.9986006617546082 0.002184694167226553 
vn 3.097898456858039e-13 -0.999997615814209 0.002184694167226553 
vn 0.005664747674018145 -0.9989317059516907 -0.04586252197623253 
vn -0.1374059021472931 -0.9894524812698364 -0.04586252197623253 
vn -0.1317802518606186 -0.9696254730224609 -0.2060592919588089 
vn -0.1355157196521759 -0.9907727837562561 0.002184694167226553 
vn -0.2612491250038147 -0.9652689099311829 0.002184694167226553 
vn -0.2721808850765228 -0.9598634243011475 -0.06767380982637405 
vn -0.3772565424442291 -0.9194098711013794 -0.1111890971660614 
vn -0.2602759599685669 -0.8401349782943726 -0.4758462607860565 
vn -0.3441387116909027 -0.7469456791877747 -0.5688942670822144 
vn 0.42735016345977783 -0.8961044549942017 -0.11986933648586273 
vn -0.8397637009620667 0.5429477095603943 0.002184694167226553 
vn -0.37800759077072144 -0.679909348487854 -0.6283578276634216 
vn -0.45424994826316833 -0.8773763179779053 -0.15449213981628418 
vn -0.48563703894615173 -0.8562518358230591 -0.1760382205247879 
vn -0.4309644401073456 -0.9023662805557251 0.002184694167226553 
vn -0.47804227471351624 -0.878334105014801 0.002184694167226553 
vn -0.354604035615921 -0.935014009475708 0.002184694167226553 
vn 0.2902839779853821 -0.9569380283355713 0.002184694167226553 
vn 0.2883718013763428 -0.9510408639907837 0.1111890971660614 
vn 0.2708231210708618 -0.843268632888794 0.4642767012119293 
vn 0.521311342716217 -0.8400490283966064 0.15017375349998474 
vn 0.4484970271587372 -0.7039017677307129 0.5507928133010864 
vn 0.5043525099754333 -0.8634950518608093 0.002184694167226553 
vn 0.35712113976478577 -0.7968500256538391 0.48733407258987427 
vn -1.0341130485562108e-13 0.999997615814209 0.002184694167226553 
vn -0.438405841588974 -0.5635874271392822 -0.7001210451126099 
vn -0.3969993591308594 -0.6221880316734314 -0.67473965883255 
vn -0.6157503724098206 -0.7556882500648499 -0.22312943637371063 
vn -0.5351766347885132 -0.8213279247283936 -0.1975002884864807 
vn -0.5365904569625854 -0.8438400030136108 0.002184694167226553 
vn -0.3813863694667816 -0.6454823613166809 -0.661737859249115 
vn -0.9555468559265137 -0.09790346026420593 0.2781098484992981 
vn -0.8277795314788818 0.5417639017105103 0.1458524912595749 
vn -0.06369022279977798 -0.3900972604751587 0.9185682535171509 
vn 0.42735016345977783 -0.8961044549942017 0.11986933648586273 
vn -0.8397637009620667 -0.5429477095603943 0.002184694167226553 
vn 0.675338864326477 -0.4421698749065399 0.590256929397583 
vn 0.733294665813446 -0.6799074411392212 0.002184694167226553 
vn 0.41306301951408386 -0.7280219793319702 0.5471406579017639 
vn 0.4179607033729553 0.7666904926300049 0.48733407258987427 
vn -0.8186684846878052 0.5742622017860413 0.002184694167226553 
vn 0.675338864326477 -0.4421698749065399 0.590256929397583 
vn -0.4362886846065521 -0.5652279853820801 0.7001210451126099 
vn 0.47804227471351624 -0.878334105014801 0.002184694167226553 
vn 0.6636956334114075 -0.35488632321357727 0.6584556698799133 
vn 0.47804227471351624 -0.878334105014801 0.002184694167226553 
vn -0.4297117292881012 0.2712762951850891 0.8612531423568726 
vn -0.37153172492980957 0.31830888986587524 0.872148871421814 
vn -0.6226444840431213 -0.7825018167495728 0.002184694167226553 
vn 0.4484970271587372 -0.7039017677307129 0.5507928133010864 
vn 0.08429235965013504 -0.35717514157295227 -0.9302261471748352 
vn -0.8622481822967529 -0.4607473909854889 -0.2103329300880432 
vn 0.42735016345977783 -0.8961044549942017 -0.11986933648586273 
vn -0.8397637009620667 -0.5429477095603943 0.002184694167226553 
vn 0.6749565601348877 -0.4427531659603119 -0.590256929397583 
vn 0.4463626742362976 -0.7529771327972412 -0.4835140109062195 
vn 0.6285360455513 -0.777777373790741 0.002184694167226553 
vn -0.5804283022880554 -0.8143084645271301 0.002184694167226553 
vn 0.4168285131454468 0.7673066258430481 -0.48733407258987427 
vn -0.368504136800766 0.3218090832233429 -0.872148871421814 
vn -0.8253215551376343 0.5455010533332825 -0.1458524912595749 
vn -0.8186684846878052 0.5742622017860413 0.002184694167226553 
vn -0.8397637009620667 -0.5429477095603943 0.002184694167226553 
vn 0.8478681445121765 -0.5302026271820068 0.002184694167226553 
vn -0.6226444840431213 -0.7825018167495728 0.002184694167226553 
vn 0.4254165291786194 -0.7318065166473389 -0.5324283838272095 
vn 0.8746989965438843 -0.48466166853904724 0.002184694167226553 
vn 0.47804227471351624 -0.878334105014801 0.002184694167226553 
vn 0.4309644401073456 -0.9023662805557251 0.002184694167226553 
vn -0.438405841588974 -0.5635874271392822 -0.7001210451126099 
vn 0.5043525099754333 -0.8634950518608093 0.002184694167226553 
vt 0 0.5342439413070679 
vt 0.0008545949822291732 0.5173962116241455 
vt 0.0064705051481723785 0.5565854907035828 
vt 0.010133055038750172 0.5252096652984619 
vt 0.019411515444517136 0.531802237033844 
vt 0.012818925082683563 0.49871721863746643 
vt 0.024294914677739143 0.49395591020584106 
vt 0.026004105806350708 0.46978306770324707 
vt 0.03601507470011711 0.4889504313468933 
vt 0.038945116102695465 0.4589175283908844 
vt 0.04968859627842903 0.45159241557121277 
vt 0.03967762365937233 0.4371863901615143 
vt 0.05127570033073425 0.4271754026412964 
vt 0.04578187316656113 0.48589828610420227 
vt 0.03699175640940666 0.5397377610206604 
vt 0.028689974918961525 0.535831093788147 
vt 0.019289430230855942 0.591135561466217 
vt 0.012818925082683563 0.5763632655143738 
vt 0.4894387722015381 0.8519091010093689 
vt 0.4933454990386963 0.8427527546882629 
vt 0.5235005021095276 0.8552054166793823 
vt 0.5265526175498962 0.8459269404411316 
vt 0.5596376657485962 0.849101185798645 
vt 0.5350985527038574 0.818457841873169 
vt 0.5653756260871887 0.8216320276260376 
vt 0.5786828994750977 0.7580257654190063 
vt 0.59553062915802 0.824684202671051 
vt 0.6021232008934021 0.7607116103172302 
vt 0.6233659982681274 0.7627871036529541 
vt 0.608959972858429 0.6862397789955139 
vt 0.6248310208320618 0.6878268718719482 
vt 0.6254414319992065 0.6282494068145752 
vt 0.6399695873260498 0.6889256834983826 
vt 0.639725387096405 0.6292260885238647 
vt 0.6546197533607483 0.6299586296081543 
vt 0.639481246471405 0.5852754712104797 
vt 0.6543756127357483 0.5860080122947693 
vt 0.6542535424232483 0.5579284429550171 
vt 0.6692699790000916 0.5867404937744141 
vt 0.6691479086875916 0.5586609840393066 
vt 0.6840422749519348 0.5595155358314514 
vt 0.6690257787704468 0.5385169386863708 
vt 0.68392014503479 0.5393715500831604 
vt 0.68379807472229 0.5191054344177246 
vt 0.6841643452644348 0.5875951051712036 
vt 0.6844084858894348 0.6315457224845886 
vt 0.6695141196250916 0.6308131814002991 
vt 0.6697583198547363 0.6903906464576721 
vt 0.6548639535903931 0.6896581649780273 
vt 0.6552302241325378 0.7647404670715332 
vt 0.6403357982635498 0.7638858556747437 
vt 0.6405799984931946 0.8283467292785645 
vt 0.6219009757041931 0.8270037770271301 
vt 0.6212905645370483 0.8548391461372375 
vt 0.5927226543426514 0.8522753715515137 
vt 0.5917459726333618 0.8616759181022644 
vt 0.5576843023300171 0.8583796620368958 
vt 0.6846526861190796 0.6912452578544617 
vt 0.6850189566612244 0.7663275599479675 
vt 0.6701245903968811 0.765472948551178 
vt 0.6703687310218811 0.8299338221549988 
vt 0.6554743647575378 0.829201340675354 
vt 0.6555964350700378 0.8569146394729614 
vt 0.6407020688056946 0.8561820983886719 
vt 0.6407020688056946 0.8657047152519226 
vt 0.6210464239120483 0.8642396926879883 
vt 0.6852630972862244 0.8306663632392883 
vt 0.6853851675987244 0.8585017323493958 
vt 0.6704908013343811 0.8577691912651062 
vt 0.6704908013343811 0.8672918677330017 
vt 0.6555964350700378 0.8664372563362122 
vt 0.38749778270721436 0.8686347603797913 
vt 0.38749778270721436 0.9089228510856628 
vt 0.3527035713195801 0.8683906197547913 
vt 0.3527035713195801 0.9085565805435181 
vt 0.3177872598171234 0.9081903100013733 
vt 0.3527035713195801 0.9487225413322449 
vt 0.3177872598171234 0.9484783411026001 
vt 0.38749778270721436 0.9490888118743896 
vt 0 0.8680243492126465 
vt 0.039799708873033524 0.8680243492126465 
vt 0 0.8829187154769897 
vt 0.039799708873033524 0.8829187154769897 
vt 0.039799708873033524 0.8948830366134644 
vt 0.07947733253240585 0.8829187154769897 
vt 0.07947733253240585 0.8948830366134644 
vt 0.07947733253240585 0.8680243492126465 
vt 0.6834318041801453 0 
vt 0.6625552773475647 0.0047613149508833885 
vt 0.6844084858894348 0.0623854361474514 
vt 0.6642645001411438 0.0664142370223999 
vt 0.6659736633300781 0.1590767502784729 
vt 0.6455854773521423 0.07276266068220139 
vt 0.6480271816253662 0.16383807361125946 
vt 0.6325224041938782 0.17226193845272064 
vt 0.6509572267532349 0.31546762585639954 
vt 0.6356965899467468 0.3197406232357025 
vt 0.6382603645324707 0.4574525058269501 
vt 0.6193372011184692 0.3263331949710846 
vt 0.6229997277259827 0.458673357963562 
vt 0.6070066094398499 0.4606266915798187 
vt 0.6247089505195618 0.516053318977356 
vt 0.6110354065895081 0.5155649781227112 
vt 0.6129887700080872 0.5353427529335022 
vt 0.5978502631187439 0.5149545073509216 
vt 0.6016348600387573 0.5346102118492126 
vt 0.6253193616867065 0.536197304725647 
vt 0.6392370462417603 0.5369298458099365 
vt 0.6392370462417603 0.5167858004570007 
vt 0.6541314125061035 0.5176404118537903 
vt 0.6532768607139587 0.4569641649723053 
vt 0.668537437915802 0.4569641649723053 
vt 0.6674386858940125 0.31327012181282043 
vt 0.6845306158065796 0.3119271695613861 
vt 0.6850189566612244 0.15602463483810425 
vt 0.9197883605957031 0.3599065840244293 
vt 0.8797445297241211 0.3602728247642517 
vt 0.9194221496582031 0.34159383177757263 
vt 0.8787678480148315 0.341838002204895 
vt 0.877913236618042 0.32291483879089355 
vt 0.8438515067100525 0.341960072517395 
vt 0.8428748250007629 0.32303690910339355 
vt 0.8195565938949585 0.32291483879089355 
vt 0.8422644138336182 0.3033812344074249 
vt 0.8191903233528137 0.30301496386528015 
vt 0.8189461827278137 0.27517959475517273 
vt 0.8019763827323914 0.3025266230106354 
vt 0.8018542528152466 0.27456915378570557 
vt 0.8421423435211182 0.2755458354949951 
vt 0.8773028254508972 0.2755458354949951 
vt 0.8774248957633972 0.30325913429260254 
vt 0.9186896085739136 0.30301496386528015 
vt 0.9189338088035583 0.32267066836357117 
vt 0.6433879733085632 0.012086414732038975 
vt 0.6275169253349304 0.02453908510506153 
vt 0.6298364996910095 0.08375030755996704 
vt 0.6117679476737976 0.09986553341150284 
vt 0.6150642037391663 0.18483668565750122 
vt 0.5913797616958618 0.20229484140872955 
vt 0.5994373559951782 0.3357337415218353 
vt 0.5784387588500977 0.3444017767906189 
vt 0.5901588797569275 0.5000601410865784 
vt 0.608959972858429 0.04309600591659546 
vt 0.5814908742904663 0.068367600440979 
vt 0.5857638120651245 0.12196291238069534 
vt 0.5579284429550171 0.1429615318775177 
vt 0.5659860372543335 0.21865423023700714 
vt 0.5437666177749634 0.22842103242874146 
vt 0.5587830543518066 0.34916308522224426 
vt 0.5409586429595947 0.3506281077861786 
vt 0.5764853954315186 0.49383383989334106 
vt 0.5623235106468201 0.4915142059326172 
vt 0.5518242120742798 0.09229625761508942 
vt 0.5266746878623962 0.1067022904753685 
vt 0.5338777303695679 0.15565837919712067 
vt 0.5100711584091187 0.16200679540634155 
vt 0.522523820400238 0.23306027054786682 
vt 0.5004264116287231 0.23391486704349518 
vt 0.5250875949859619 0.34952935576438904 
vt 0.5115361213684082 0.34757599234580994 
vt 0.5535333752632141 0.48809581995010376 
vt 0.5474291443824768 0.48455536365509033 
vt 0.5007926821708679 0.11414947360754013 
vt 0.4691726565361023 0.11732368171215057 
vt 0.482968270778656 0.16420432925224304 
vt 0.45806291699409485 0.16432641446590424 
vt 0.48028239607810974 0.23318235576152802 
vt 0.4648996889591217 0.23281610012054443 
vt 0.5003043413162231 0.3461109697818756 
vt 0.49078169465065 0.34916308522224426 
vt 0.5414469838142395 0.48199158906936646 
vt 0.5353427529335022 0.48003822565078735 
vt 0.4403606057167053 0.11805619299411774 
vt 0.42326870560646057 0.11842244863510132 
vt 0.4412151873111725 0.16432641446590424 
vt 0.4293729364871979 0.17360487580299377 
vt 0.4531795084476471 0.2397749423980713 
vt 0.44377896189689636 0.261261910200119 
vt 0.48260200023651123 0.3602728247642517 
vt 0.4734456241130829 0.3740684390068054 
vt 0.5286280512809753 0.478695273399353 
vt 0.5205704569816589 0.4788173735141754 
vt 0.4125252068042755 0.129043847322464 
vt 0.4031246602535248 0.16041968762874603 
vt 0.41985031962394714 0.20107398927211761 
vt 0.4093509912490845 0.23293818533420563 
vt 0.43401217460632324 0.2862893342971802 
vt 0.4208270013332367 0.3044799864292145 
vt 0.4614813029766083 0.3850560784339905 
vt 0.4471973478794098 0.3943345546722412 
vt 0.5098269581794739 0.4813811480998993 
vt 0.4972521960735321 0.48785164952278137 
vt 0.3923811912536621 0.19680102169513702 
vt 0.37724265456199646 0.22219470143318176 
vt 0.3951891362667084 0.2555238902568817 
vt 0.37724265456199646 0.2693195044994354 
vt 0.4045896828174591 0.3163222372531891 
vt 0.38591068983078003 0.3224264979362488 
vt 0.4309600591659546 0.4027584195137024 
vt 0.4164319336414337 0.41008350253105164 
vt 0.4833345115184784 0.49993807077407837 
vt 0.4714922606945038 0.5121465921401978 
vt 0.35734280943870544 0.23794366419315338 
vt 0.3319491147994995 0.2455129325389862 
vt 0.35526734590530396 0.2755458354949951 
vt 0.3356116712093353 0.2781096398830414 
vt 0.3686966896057129 0.3260890245437622 
vt 0.35734280943870544 0.33085036277770996 
vt 0.407031387090683 0.41618776321411133 
vt 0.3984854519367218 0.42607665061950684 
vt 0.4650217592716217 0.5193495750427246 
vt 0.45806291699409485 0.5280176401138306 
vt 0.3097296357154846 0.24807672202587128 
vt 0.2994745075702667 0.24929757416248322 
vt 0.3242577612400055 0.28116175532341003 
vt 0.3165664076805115 0.290196031332016 
vt 0.3481864333152771 0.34110549092292786 
vt 0.33768710494041443 0.36149367690086365 
vt 0.3862769305706024 0.4449998140335083 
vt 0.37174883484840393 0.46782973408699036 
vt 0.44426730275154114 0.5451095104217529 
vt 0.426931232213974 0.566840648651123 
vt 0.2943469285964966 0.25637850165367126 
vt 0.28714391589164734 0.27640044689178467 
vt 0.3077762722969055 0.31070631742477417 
vt 0.29703280329704285 0.3345128893852234 
vt 0.32560068368911743 0.3850560784339905 
vt 0.31131675839424133 0.4048338532447815 
vt 0.3558777868747711 0.4890725016593933 
vt 0.33890795707702637 0.5078735947608948 
vt 0.4089847505092621 0.5896705389022827 
vt 0.3907940983772278 0.6120120882987976 
vt 0.2774991989135742 0.3003290891647339 
vt 0.26492443680763245 0.31876394152641296 
vt 0.2838476300239563 0.35355815291404724 
vt 0.26846492290496826 0.3678421080112457 
vt 0.29532361030578613 0.4208270013332367 
vt 0.277865469455719 0.4325471520423889 
vt 0.32108354568481445 0.5235005021095276 
vt 0.3044799864292145 0.5357089638710022 
vt 0.3726034164428711 0.6322782039642334 
vt 0.35514527559280396 0.6498584747314453 
vt 0.24990800023078918 0.3318270444869995 
vt 0.23281610012054443 0.33964046835899353 
vt 0.2512509226799011 0.37724265456199646 
vt 0.23440319299697876 0.3824923038482666 
vt 0.2616281509399414 0.4403606057167053 
vt 0.24880923330783844 0.4445114731788635 
vt 0.29080647230148315 0.5443770289421082 
vt 0.2781096398830414 0.5508475303649902 
vt 0.33927422761917114 0.664020299911499 
vt 0.3237694203853607 0.6756184101104736 
vt 0.2152358591556549 0.34330302476882935 
vt 0.19838812947273254 0.3439134359359741 
vt 0.22024133801460266 0.3843235671520233 
vt 0.20876534283161163 0.3845677375793457 
vt 0.23794366419315338 0.4468311071395874 
vt 0.22707809507846832 0.4491507112979889 
vt 0.26455819606781006 0.5564634203910828 
vt 0.24832089245319366 0.564887285232544 
vt 0.30716586112976074 0.6853851675987244 
vt 0.28714391589164734 0.6939311623573303 
vt 0.18495877087116241 0.34293675422668457 
vt 0.17763367295265198 0.3424484133720398 
vt 0.19985315203666687 0.3850560784339905 
vt 0.19081886112689972 0.39347994327545166 
vt 0.21450334787368774 0.4575745761394501 
vt 0.19851021468639374 0.478695273399353 
vt 0.2276885211467743 0.5799037218093872 
vt 0.2031494379043579 0.5946760177612305 
vt 0.2616281509399414 0.701378345489502 
vt 0.23061856627464294 0.7063838243484497 
vt 0.17213985323905945 0.35099437832832336 
vt 0.16408224403858185 0.3771205544471741 
vt 0.17885452508926392 0.41777485609054565 
vt 0.16457058489322662 0.4446335732936859 
vt 0.17970912158489227 0.5012810230255127 
vt 0.15871049463748932 0.5143440961837769 
vt 0.1749477982521057 0.6022453308105469 
vt 0.145036980509758 0.6023674011230469 
vt 0.19399306178092957 0.7072383761405945 
vt 0.1550479531288147 0.701744556427002 
vt 0.15346084535121918 0.4064209759235382 
vt 0.14027567207813263 0.4246116280555725 
vt 0.14808911085128784 0.4608708620071411 
vt 0.13002052903175354 0.46856221556663513 
vt 0.13624686002731323 0.5192275047302246 
vt 0.11292862147092819 0.5171520709991455 
vt 0.11500407010316849 0.5947981476783752 
vt 0.08790119737386703 0.5825896263122559 
vt 0.11707951128482819 0.6875827312469482 
vt 0.08399447798728943 0.6686595678329468 
vt 0.1251371204853058 0.43413427472114563 
vt 0.10828939825296402 0.43755263090133667 
vt 0.1106090098619461 0.46978306770324707 
vt 0.09156374633312225 0.46636471152305603 
vt 0.09083124250173569 0.5104373693466187 
vt 0.07227431982755661 0.5010368227958679 
vt 0.06678049266338348 0.5684277415275574 
vt 0.05188612639904022 0.5552425980567932 
vt 0.05982165038585663 0.6490038633346558 
vt 0.04321809113025665 0.6305690407752991 
vt 0.09119749814271927 0.43620970845222473 
vt 0.07544852793216705 0.43193674087524414 
vt 0.0745939314365387 0.45989418029785156 
vt 0.061897095292806625 0.45354577898979187 
vt 0.058722883462905884 0.49212464690208435 
vt 0.05151987075805664 0.4869970679283142 
vt 0.04334017634391785 0.5459641218185425 
vt 0.03699175640940666 0.5397377610206604 
vt 0.03284086659550667 0.6160408854484558 
vt 0.025882020592689514 0.6034661531448364 
vt 0.06336211413145065 0.4270533323287964 
vt 0.057257864624261856 0.4247337281703949 
vt 0.05542659014463425 0.45024949312210083 
vt 0.04968859627842903 0.45159241557121277 
vt 0.04578187316656113 0.48589828610420227 
vt 0.03601507470011711 0.4889504313468933 
vt 0.028689974918961525 0.535831093788147 
vt 0.019411515444517136 0.531802237033844 
vt 0.019289430230855942 0.591135561466217 
vt 0.012818925082683563 0.5763632655143738 
vt 0.05127570033073425 0.4271754026412964 
vt 0.03967762365937233 0.4371863901615143 
vt 0.038945116102695465 0.4589175283908844 
vt 0.026004105806350708 0.46978306770324707 
vt 0.024294914677739143 0.49395591020584106 
vt 0.012818925082683563 0.49871721863746643 
vt 0.010133055038750172 0.5252096652984619 
vt 0.0008545949822291732 0.5173962116241455 
vt 0.0064705051481723785 0.5565854907035828 
vt 0 0.5342439413070679 
vt 0.026004105806350708 0.45244699716567993 
vt 0.013795604929327965 0.47027140855789185 
vt 0.013795604929327965 0.48211365938186646 
vt 0.0018312749452888966 0.4950546622276306 
vt 0.001465020002797246 0.5033564567565918 
vt 0.8451944589614868 0.3605169951915741 
vt 0.8212658166885376 0.36088326573371887 
vt 0.820289134979248 0.3420821726322174 
vt 0.8024647235870361 0.3420821726322174 
vt 0.8022205233573914 0.3225485682487488 
vt 0.6853851675987244 0.8680243492126465 
vt 0.6853851675987244 0.8585017323493958 
vt 0.6704908013343811 0.8672918677330017 
vt 0.6704908013343811 0.8577691912651062 
vt 0.6555964350700378 0.8569146394729614 
vt 0.6703687310218811 0.8299338221549988 
vt 0.6554743647575378 0.829201340675354 
vt 0.6552302241325378 0.7647404670715332 
vt 0.6405799984931946 0.8283467292785645 
vt 0.6403357982635498 0.7638858556747437 
vt 0.6233659982681274 0.7627871036529541 
vt 0.6399695873260498 0.6889256834983826 
vt 0.6248310208320618 0.6878268718719482 
vt 0.6254414319992065 0.6282494068145752 
vt 0.608959972858429 0.6862397789955139 
vt 0.6126225590705872 0.6270285844802856 
vt 0.6004140377044678 0.6256856322288513 
vt 0.6139654517173767 0.5834442377090454 
vt 0.6034661531448364 0.5823454260826111 
vt 0.6035882234573364 0.5545100569725037 
vt 0.6701245903968811 0.765472948551178 
vt 0.6697583198547363 0.6903906464576721 
vt 0.6548639535903931 0.6896581649780273 
vt 0.6546197533607483 0.6299586296081543 
vt 0.639725387096405 0.6292260885238647 
vt 0.639481246471405 0.5852754712104797 
vt 0.6256856322288513 0.584420919418335 
vt 0.6255635619163513 0.5563413500785828 
vt 0.6140875220298767 0.5554867386817932 
vt 0.6393591165542603 0.5570738315582275 
vt 0.6542535424232483 0.5579284429550171 
vt 0.6541314125061035 0.5377843976020813 
vt 0.6690257787704468 0.5385169386863708 
vt 0.6690257787704468 0.5183728933334351 
vt 0.68379807472229 0.5191054344177246 
vt 0.6840422749519348 0.4573304057121277 
vt 0.9234509468078613 0.5673289895057678 
vt 0.9234509468078613 0.6076170206069946 
vt 0.9024523496627808 0.5673289895057678 
vt 0.9024523496627808 0.6076170206069946 
vt 0.8814536929130554 0.6076170206069946 
vt 0.9024523496627808 0.6477829813957214 
vt 0.8814536929130554 0.6477829813957214 
vt 0.9234509468078613 0.6477829813957214 
vt 0.6555964350700378 0.8664372563362122 
vt 0.6407020688056946 0.8657047152519226 
vt 0.6407020688056946 0.8561820983886719 
vt 0.6212905645370483 0.8548391461372375 
vt 0.6219009757041931 0.8270037770271301 
vt 0.59553062915802 0.824684202671051 
vt 0.6021232008934021 0.7607116103172302 
vt 0.5786828994750977 0.7580257654190063 
vt 0.5932109951972961 0.6631657481193542 
vt 0.580392062664032 0.6734208464622498 
vt 0.5549983978271484 0.7549736499786377 
vt 0.5350985527038574 0.818457841873169 
vt 0.5653756260871887 0.8216320276260376 
vt 0.5596376657485962 0.849101185798645 
vt 0.5927226543426514 0.8522753715515137 
vt 0.5917459726333618 0.8616759181022644 
vt 0.6210464239120483 0.8642396926879883 
vt 0.6543756127357483 0.5860080122947693 
vt 0.6692699790000916 0.5867404937744141 
vt 0.6691479086875916 0.5586609840393066 
vt 0.6840422749519348 0.5595155358314514 
vt 0.68392014503479 0.5393715500831604 
vt 0.6695141196250916 0.6308131814002991 
vt 0.6844084858894348 0.6315457224845886 
vt 0.6846526861190796 0.6912452578544617 
vt 0.6850189566612244 0.7663275599479675 
vt 0.6852630972862244 0.8306663632392883 
vt 0.5576843023300171 0.8583796620368958 
vt 0.5235005021095276 0.8552054166793823 
vt 0.5265526175498962 0.8459269404411316 
vt 0.4933454990386963 0.8427527546882629 
vt 0.5048214793205261 0.8154057264328003 
vt 0.5310697555541992 0.7517994046211243 
vt 0.564765214920044 0.6701245903968811 
vt 0.6841643452644348 0.5875951051712036 
vt 0 0.8948830366134644 
vt 0 0.9008651971817017 
vt 0.039799708873033524 0.9008651971817017 
vt 0.07947733253240585 0.9008651971817017 
vt 0.039799708873033524 0.9070915579795837 
vt 0.07947733253240585 0.9070915579795837 
vt 0.07947733253240585 0.9193000793457031 
vt 0 0.9070915579795837 
vt 0 0.9193000793457031 
vt 0.039799708873033524 0.9193000793457031 
vt 0.039799708873033524 0.9351711273193359 
vt 0.07947733253240585 0.9351711273193359 
vt 0.07947733253240585 0.9523850679397583 
vt 0.039799708873033524 0.9523850679397583 
vt 0 0.9523850679397583 
vt 0.039799708873033524 0.9695990681648254 
vt 0 0.9695990681648254 
vt 0 0.9851038455963135 
vt 0.07947733253240585 0.9695990681648254 
vt 0.07947733253240585 0.9851038455963135 
vt 0.039799708873033524 0.9851038455963135 
vt 0.039799708873033524 0.9999982118606567 
vt 0 0.9999982118606567 
vt 0.8028309345245361 0.36137160658836365 
vt 0.8212658166885376 0.36088326573371887 
vt 0.8024647235870361 0.3420821726322174 
vt 0.820289134979248 0.3420821726322174 
vt 0.8195565938949585 0.32291483879089355 
vt 0.8438515067100525 0.341960072517395 
vt 0.8428748250007629 0.32303690910339355 
vt 0.877913236618042 0.32291483879089355 
vt 0.8422644138336182 0.3033812344074249 
vt 0.8774248957633972 0.30325913429260254 
vt 0.8773028254508972 0.2755458354949951 
vt 0.9186896085739136 0.30301496386528015 
vt 0.9184454679489136 0.27530166506767273 
vt 0.8421423435211182 0.2755458354949951 
vt 0.8189461827278137 0.27517959475517273 
vt 0.8191903233528137 0.30301496386528015 
vt 0.8019763827323914 0.3025266230106354 
vt 0.8022205233573914 0.3225485682487488 
vt 0.564765214920044 0.6701245903968811 
vt 0.580392062664032 0.6734208464622498 
vt 0.5310697555541992 0.7517994046211243 
vt 0.5549983978271484 0.7549736499786377 
vt 0.5932109951972961 0.6631657481193542 
vt 0.6004140377044678 0.6256856322288513 
vt 0.6126225590705872 0.6270285844802856 
vt 0.6139654517173767 0.5834442377090454 
vt 0.6256856322288513 0.584420919418335 
vt 0.6255635619163513 0.5563413500785828 
vt 0.6393591165542603 0.5570738315582275 
vt 0.6392370462417603 0.5369298458099365 
vt 0.6541314125061035 0.5377843976020813 
vt 0.6541314125061035 0.5176404118537903 
vt 0.6690257787704468 0.5183728933334351 
vt 0.668537437915802 0.4569641649723053 
vt 0.6840422749519348 0.4573304057121277 
vt 0.6034661531448364 0.5823454260826111 
vt 0.6035882234573364 0.5545100569725037 
vt 0.6140875220298767 0.5554867386817932 
vt 0.6129887700080872 0.5353427529335022 
vt 0.6253193616867065 0.536197304725647 
vt 0.6247089505195618 0.516053318977356 
vt 0.6392370462417603 0.5167858004570007 
vt 0.6382603645324707 0.4574525058269501 
vt 0.6532768607139587 0.4569641649723053 
vt 0.6509572267532349 0.31546762585639954 
vt 0.6674386858940125 0.31327012181282043 
vt 0.6659736633300781 0.1590767502784729 
vt 0.6845306158065796 0.3119271695613861 
vt 0.6850189566612244 0.15602463483810425 
vt 0.6016348600387573 0.5346102118492126 
vt 0.5978502631187439 0.5149545073509216 
vt 0.6110354065895081 0.5155649781227112 
vt 0.6070066094398499 0.4606266915798187 
vt 0.6229997277259827 0.458673357963562 
vt 0.6193372011184692 0.3263331949710846 
vt 0.6356965899467468 0.3197406232357025 
vt 0.6325224041938782 0.17226193845272064 
vt 0.6480271816253662 0.16383807361125946 
vt 0.6455854773521423 0.07276266068220139 
vt 0.6642645001411438 0.0664142370223999 
vt 0.6625552773475647 0.0047613149508833885 
vt 0.6844084858894348 0.0623854361474514 
vt 0.6834318041801453 0 
vt 0.5901588797569275 0.5000601410865784 
vt 0.5784387588500977 0.3444017767906189 
vt 0.5994373559951782 0.3357337415218353 
vt 0.5913797616958618 0.20229484140872955 
vt 0.6150642037391663 0.18483668565750122 
vt 0.6117679476737976 0.09986553341150284 
vt 0.6298364996910095 0.08375030755996704 
vt 0.6275169253349304 0.02453908510506153 
vt 0.6433879733085632 0.012086414732038975 
vt 0.8451944589614868 0.3605169951915741 
vt 0.8797445297241211 0.3602728247642517 
vt 0.8787678480148315 0.341838002204895 
vt 0.9194221496582031 0.34159383177757263 
vt 0.9189338088035583 0.32267066836357117 
vt 0.5764853954315186 0.49383383989334106 
vt 0.5587830543518066 0.34916308522224426 
vt 0.5437666177749634 0.22842103242874146 
vt 0.5409586429595947 0.3506281077861786 
vt 0.522523820400238 0.23306027054786682 
vt 0.5004264116287231 0.23391486704349518 
vt 0.5100711584091187 0.16200679540634155 
vt 0.482968270778656 0.16420432925224304 
vt 0.4691726565361023 0.11732368171215057 
vt 0.45806291699409485 0.16432641446590424 
vt 0.4403606057167053 0.11805619299411774 
vt 0.42326870560646057 0.11842244863510132 
vt 0.5007926821708679 0.11414947360754013 
vt 0.5266746878623962 0.1067022904753685 
vt 0.5338777303695679 0.15565837919712067 
vt 0.5579284429550171 0.1429615318775177 
vt 0.5659860372543335 0.21865423023700714 
vt 0.5518242120742798 0.09229625761508942 
vt 0.5814908742904663 0.068367600440979 
vt 0.5857638120651245 0.12196291238069534 
vt 0.5623235106468201 0.4915142059326172 
vt 0.5535333752632141 0.48809581995010376 
vt 0.5250875949859619 0.34952935576438904 
vt 0.5115361213684082 0.34757599234580994 
vt 0.48028239607810974 0.23318235576152802 
vt 0.4648996889591217 0.23281610012054443 
vt 0.4412151873111725 0.16432641446590424 
vt 0.4293729364871979 0.17360487580299377 
vt 0.4125252068042755 0.129043847322464 
vt 0.5474291443824768 0.48455536365509033 
vt 0.5414469838142395 0.48199158906936646 
vt 0.5003043413162231 0.3461109697818756 
vt 0.49078169465065 0.34916308522224426 
vt 0.4531795084476471 0.2397749423980713 
vt 0.44377896189689636 0.261261910200119 
vt 0.41985031962394714 0.20107398927211761 
vt 0.4093509912490845 0.23293818533420563 
vt 0.4031246602535248 0.16041968762874603 
vt 0.3923811912536621 0.19680102169513702 
vt 0.5353427529335022 0.48003822565078735 
vt 0.5286280512809753 0.478695273399353 
vt 0.48260200023651123 0.3602728247642517 
vt 0.4734456241130829 0.3740684390068054 
vt 0.43401217460632324 0.2862893342971802 
vt 0.4208270013332367 0.3044799864292145 
vt 0.3951891362667084 0.2555238902568817 
vt 0.37724265456199646 0.2693195044994354 
vt 0.37724265456199646 0.22219470143318176 
vt 0.35734280943870544 0.23794366419315338 
vt 0.5205704569816589 0.4788173735141754 
vt 0.5098269581794739 0.4813811480998993 
vt 0.4614813029766083 0.3850560784339905 
vt 0.4471973478794098 0.3943345546722412 
vt 0.4045896828174591 0.3163222372531891 
vt 0.38591068983078003 0.3224264979362488 
vt 0.35526734590530396 0.2755458354949951 
vt 0.3356116712093353 0.2781096398830414 
vt 0.3319491147994995 0.2455129325389862 
vt 0.3097296357154846 0.24807672202587128 
vt 0.4972521960735321 0.48785164952278137 
vt 0.4833345115184784 0.49993807077407837 
vt 0.4309600591659546 0.4027584195137024 
vt 0.4164319336414337 0.41008350253105164 
vt 0.3686966896057129 0.3260890245437622 
vt 0.35734280943870544 0.33085036277770996 
vt 0.3242577612400055 0.28116175532341003 
vt 0.3165664076805115 0.290196031332016 
vt 0.2994745075702667 0.24929757416248322 
vt 0.2943469285964966 0.25637850165367126 
vt 0.4714922606945038 0.5121465921401978 
vt 0.4650217592716217 0.5193495750427246 
vt 0.407031387090683 0.41618776321411133 
vt 0.3984854519367218 0.42607665061950684 
vt 0.3481864333152771 0.34110549092292786 
vt 0.33768710494041443 0.36149367690086365 
vt 0.3077762722969055 0.31070631742477417 
vt 0.29703280329704285 0.3345128893852234 
vt 0.28714391589164734 0.27640044689178467 
vt 0.2774991989135742 0.3003290891647339 
vt 0.45806291699409485 0.5280176401138306 
vt 0.44426730275154114 0.5451095104217529 
vt 0.3862769305706024 0.4449998140335083 
vt 0.37174883484840393 0.46782973408699036 
vt 0.32560068368911743 0.3850560784339905 
vt 0.31131675839424133 0.4048338532447815 
vt 0.2838476300239563 0.35355815291404724 
vt 0.26846492290496826 0.3678421080112457 
vt 0.26492443680763245 0.31876394152641296 
vt 0.24990800023078918 0.3318270444869995 
vt 0.426931232213974 0.566840648651123 
vt 0.4089847505092621 0.5896705389022827 
vt 0.3558777868747711 0.4890725016593933 
vt 0.33890795707702637 0.5078735947608948 
vt 0.29532361030578613 0.4208270013332367 
vt 0.277865469455719 0.4325471520423889 
vt 0.2512509226799011 0.37724265456199646 
vt 0.23440319299697876 0.3824923038482666 
vt 0.23281610012054443 0.33964046835899353 
vt 0.2152358591556549 0.34330302476882935 
vt 0.3907940983772278 0.6120120882987976 
vt 0.3726034164428711 0.6322782039642334 
vt 0.32108354568481445 0.5235005021095276 
vt 0.3044799864292145 0.5357089638710022 
vt 0.2616281509399414 0.4403606057167053 
vt 0.24880923330783844 0.4445114731788635 
vt 0.22024133801460266 0.3843235671520233 
vt 0.20876534283161163 0.3845677375793457 
vt 0.19838812947273254 0.3439134359359741 
vt 0.18495877087116241 0.34293675422668457 
vt 0.35514527559280396 0.6498584747314453 
vt 0.33927422761917114 0.664020299911499 
vt 0.29080647230148315 0.5443770289421082 
vt 0.2781096398830414 0.5508475303649902 
vt 0.23794366419315338 0.4468311071395874 
vt 0.22707809507846832 0.4491507112979889 
vt 0.19985315203666687 0.3850560784339905 
vt 0.19081886112689972 0.39347994327545166 
vt 0.17763367295265198 0.3424484133720398 
vt 0.17213985323905945 0.35099437832832336 
vt 0.3237694203853607 0.6756184101104736 
vt 0.30716586112976074 0.6853851675987244 
vt 0.26455819606781006 0.5564634203910828 
vt 0.24832089245319366 0.564887285232544 
vt 0.21450334787368774 0.4575745761394501 
vt 0.19851021468639374 0.478695273399353 
vt 0.17885452508926392 0.41777485609054565 
vt 0.16457058489322662 0.4446335732936859 
vt 0.16408224403858185 0.3771205544471741 
vt 0.15346084535121918 0.4064209759235382 
vt 0.28714391589164734 0.6939311623573303 
vt 0.2616281509399414 0.701378345489502 
vt 0.2276885211467743 0.5799037218093872 
vt 0.2031494379043579 0.5946760177612305 
vt 0.17970912158489227 0.5012810230255127 
vt 0.15871049463748932 0.5143440961837769 
vt 0.14808911085128784 0.4608708620071411 
vt 0.13002052903175354 0.46856221556663513 
vt 0.14027567207813263 0.4246116280555725 
vt 0.1251371204853058 0.43413427472114563 
vt 0.23061856627464294 0.7063838243484497 
vt 0.19399306178092957 0.7072383761405945 
vt 0.1749477982521057 0.6022453308105469 
vt 0.145036980509758 0.6023674011230469 
vt 0.13624686002731323 0.5192275047302246 
vt 0.11292862147092819 0.5171520709991455 
vt 0.1106090098619461 0.46978306770324707 
vt 0.09156374633312225 0.46636471152305603 
vt 0.10828939825296402 0.43755263090133667 
vt 0.09119749814271927 0.43620970845222473 
vt 0.1550479531288147 0.701744556427002 
vt 0.11707951128482819 0.6875827312469482 
vt 0.11500407010316849 0.5947981476783752 
vt 0.08790119737386703 0.5825896263122559 
vt 0.09083124250173569 0.5104373693466187 
vt 0.07227431982755661 0.5010368227958679 
vt 0.0745939314365387 0.45989418029785156 
vt 0.061897095292806625 0.45354577898979187 
vt 0.07544852793216705 0.43193674087524414 
vt 0.06336211413145065 0.4270533323287964 
vt 0.08399447798728943 0.6686595678329468 
vt 0.05982165038585663 0.6490038633346558 
vt 0.06678049266338348 0.5684277415275574 
vt 0.05188612639904022 0.5552425980567932 
vt 0.058722883462905884 0.49212464690208435 
vt 0.05151987075805664 0.4869970679283142 
vt 0.05542659014463425 0.45024949312210083 
vt 0.057257864624261856 0.4247337281703949 
vt 0.04321809113025665 0.6305690407752991 
vt 0.03284086659550667 0.6160408854484558 
vt 0.04334017634391785 0.5459641218185425 
vt 0.001465020002797246 0.5033564567565918 
vt 0.0018312749452888966 0.4950546622276306 
vt 0.013795604929327965 0.48211365938186646 
vt 0.013795604929327965 0.47027140855789185 
vt 0.026004105806350708 0.45244699716567993 
vt 0.9999982118606567 0.16591352224349976 
vt 0.9599543809890747 0.16591352224349976 
vt 0.9999982118606567 0.1467461735010147 
vt 0.9599543809890747 0.1467461735010147 
vt 0.9599543809890747 0.1266021430492401 
vt 0.9197883605957031 0.1467461735010147 
vt 0.9197883605957031 0.1266021430492401 
vt 0.9197883605957031 0.16591352224349976 
vt 0.025882020592689514 0.6034661531448364 
vt 0 0.9351711273193359 
vt 0.8013659119606018 0.6811122298240662 
vt 0.8593563437461853 0.6811122298240662 
vt 0.8013659119606018 0.6962507367134094 
vt 0.8593563437461853 0.6962507367134094 
vt 0.8593563437461853 0.7112672328948975 
vt 0.917346715927124 0.6962507367134094 
vt 0.917346715927124 0.7112672328948975 
vt 0.917346715927124 0.6811122298240662 
vt 0.8013659119606018 0.7112672328948975 
vt 0.8013659119606018 0.7264057397842407 
vt 0.8593563437461853 0.7264057397842407 
vt 0.917346715927124 0.7264057397842407 
vt 0.8593563437461853 0.7465497851371765 
vt 0.917346715927124 0.7465497851371765 
vt 0.917346715927124 0.776338517665863 
vt 0.8013659119606018 0.7465497851371765 
vt 0.8013659119606018 0.776338517665863 
vt 0.8593563437461853 0.776338517665863 
vt 0.8593563437461853 0.8111327290534973 
vt 0.917346715927124 0.8111327290534973 
vt 0.917346715927124 0.8459269404411316 
vt 0.8593563437461853 0.8459269404411316 
vt 0.8013659119606018 0.8459269404411316 
vt 0.8593563437461853 0.8807212114334106 
vt 0.8013659119606018 0.8807212114334106 
vt 0.917346715927124 0.8807212114334106 
vt 0.6853851675987244 0.8681464195251465 
vt 0.6853851675987244 0.8586238026618958 
vt 0.7433755397796631 0.8681464195251465 
vt 0.7433755397796631 0.8586238026618958 
vt 0.8013659119606018 0.8586238026618958 
vt 0.7433755397796631 0.8306663632392883 
vt 0.8013659119606018 0.8306663632392883 
vt 0.8013659119606018 0.7659612894058228 
vt 0.6852630972862244 0.8306663632392883 
vt 0.6853851675987244 0.7659612894058228 
vt 0.7433755397796631 0.7659612894058228 
vt 0.7433755397796631 0.6906348466873169 
vt 0.8013659119606018 0.6906348466873169 
vt 0.6853851675987244 0.6906348466873169 
vt 0.6853851675987244 0.6308131814002991 
vt 0.7433755397796631 0.6308131814002991 
vt 0.7433755397796631 0.5866184234619141 
vt 0.8013659119606018 0.6308131814002991 
vt 0.8013659119606018 0.5866184234619141 
vt 0.5459641218185425 0.9494550228118896 
vt 0.5459641218185425 0.9092890620231628 
vt 0.5304593443870544 0.9489666819572449 
vt 0.5304593443870544 0.9088007211685181 
vt 0.5150766372680664 0.9081903100013733 
vt 0.5304593443870544 0.8685126900672913 
vt 0.5150766372680664 0.8680243492126465 
vt 0.5459641218185425 0.869123101234436 
vt 0.6853851675987244 0.5866184234619141 
vt 0.6853851675987244 0.5584167838096619 
vt 0.7433755397796631 0.5584167838096619 
vt 0.7433755397796631 0.5381506681442261 
vt 0.8013659119606018 0.5584167838096619 
vt 0.8013659119606018 0.5381506681442261 
vt 0.8013659119606018 0 
vt 0.7615662217140198 0 
vt 0.8013659119606018 0.06104249879717827 
vt 0.7525319457054138 0.06104249879717827 
vt 0.745695173740387 0.15382710099220276 
vt 0.703575849533081 0.06104249879717827 
vt 0.6900244355201721 0.15382710099220276 
vt 0.7218886017799377 0 
vt 0.15993134677410126 0.955070972442627 
vt 0.16029760241508484 0.9389557242393494 
vt 0.19960898160934448 0.9547047019004822 
vt 0.19997523725032806 0.9385894536972046 
vt 0.2396528571844101 0.9381011128425598 
vt 0.20021939277648926 0.9196662902832031 
vt 0.24001911282539368 0.9193000793457031 
vt 0.24001911282539368 0.8950051069259644 
vt 0.16054177284240723 0.9200325608253479 
vt 0.16054177284240723 0.8958597183227539 
vt 0.20034147799015045 0.8953713774681091 
vt 0.20034147799015045 0.8683906197547913 
vt 0.24001911282539368 0.8680243492126465 
vt 0.8040518164634705 0.000732510001398623 
vt 0.8039297461509705 0.010133055038750172 
vt 0.8619201183319092 0.0003662550006993115 
vt 0.8617979884147644 0.009766800329089165 
vt 0.9197883605957031 0.009400544688105583 
vt 0.8637513518333435 0.037113841623067856 
vt 0.9195442199707031 0.036747585982084274 
vt 0.9190558791160583 0.10023178160190582 
vt 0.8694893717765808 0.10047595202922821 
vt 0.8199228644371033 0.10084220767021179 
vt 0.8752273917198181 0.17421530187129974 
vt 0.8276141881942749 0.16151845455169678 
vt 0.8420202732086182 0.23257192969322205 
vt 0.818701982498169 0.1809299737215042 
vt 0.8188241124153137 0.23196150362491608 
vt 0.8016101121902466 0.23098482191562653 
vt 0.8018542528152466 0.27456915378570557 
vt 0.8771806955337524 0.23257192969322205 
vt 0.9183233976364136 0.23232775926589966 
vt 0.9184454679489136 0.17397113144397736 
vt 0.8078364729881287 0.03748009353876114 
vt 0.9182012677192688 0.8588680028915405 
vt 0.9179571270942688 0.8464152812957764 
vt 0.9582451581954956 0.8592342138290405 
vt 0.9580010175704956 0.8466594815254211 
vt 0.9980448484420776 0.8470257520675659 
vt 0.9578788876533508 0.8343288898468018 
vt 0.9979227781295776 0.8345730304718018 
vt 0.9976786375045776 0.8223645687103271 
vt 0.9178350567817688 0.833962619304657 
vt 0.917590856552124 0.8217541575431824 
vt 0.9576347470283508 0.8221203684806824 
vt 0.9575126767158508 0.8074702024459839 
vt 0.9975565075874329 0.8078364729881287 
vt 0.917468786239624 0.8071039319038391 
vt 0.917346715927124 0.7874482274055481 
vt 0.957390546798706 0.7878144979476929 
vt 0.957390546798706 0.7669379711151123 
vt 0.9974344372749329 0.7880586981773376 
vt 0.9974344372749329 0.7671821117401123 
vt 0.8814536929130554 0.6477829813957214 
vt 0.9024523496627808 0.6477829813957214 
vt 0.8814536929130554 0.6076170206069946 
vt 0.9024523496627808 0.6076170206069946 
vt 0.9024523496627808 0.5673289895057678 
vt 0.9234509468078613 0.6076170206069946 
vt 0.9234509468078613 0.5673289895057678 
vt 0.9234509468078613 0.6477829813957214 
vt 0.3177872598171234 0.8680243492126465 
vt 0.3177872598171234 0.9081903100013733 
vt 0.3527035713195801 0.8683906197547913 
vt 0.3527035713195801 0.9085565805435181 
vt 0.38749778270721436 0.9089228510856628 
vt 0.3527035713195801 0.9487225413322449 
vt 0.38749778270721436 0.9490888118743896 
vt 0.3177872598171234 0.9484783411026001 
vt 0.3177872598171234 0.8680243492126465 
vt 0.2995965778827667 0.8680243492126465 
vt 0.3177872598171234 0.9083123803138733 
vt 0.2995965778827667 0.9083123803138733 
vt 0.2995965778827667 0.9484783411026001 
vt 0.2818942666053772 0.9083123803138733 
vt 0.2818942666053772 0.9484783411026001 
vt 0.26492443680763245 0.9484783411026001 
vt 0.2818942666053772 0.8680243492126465 
vt 0.26492443680763245 0.8680243492126465 
vt 0.26492443680763245 0.9083123803138733 
vt 0.2516171932220459 0.9083123803138733 
vt 0.2516171932220459 0.9484783411026001 
vt 0.2516171932220459 0.8680243492126465 
vt 0.24429208040237427 0.8680243492126465 
vt 0.24429208040237427 0.9083123803138733 
vt 0.24001911282539368 0.9083123803138733 
vt 0.24429208040237427 0.9484783411026001 
vt 0.24001911282539368 0.9484783411026001 
vt 0.9197883605957031 0.10426059365272522 
vt 0.9599543809890747 0.10426059365272522 
vt 0.9999982118606567 0.10426059365272522 
vt 0.9599543809890747 0.08155278116464615 
vt 0.9999982118606567 0.08155278116464615 
vt 0.9999982118606567 0.05982165038585663 
vt 0.9197883605957031 0.08155278116464615 
vt 0.9197883605957031 0.05982165038585663 
vt 0.9599543809890747 0.05982165038585663 
vt 0.9599543809890747 0.04272975027561188 
vt 0.9999982118606567 0.04272975027561188 
vt 0.9197883605957031 0.04272975027561188 
vt 0.9197883605957031 0.03406171500682831 
vt 0.9599543809890747 0.03406171500682831 
vt 0.9599543809890747 0.02698078565299511 
vt 0.9999982118606567 0.03406171500682831 
vt 0.9999982118606567 0.02698078565299511 
vt 0.38749778270721436 0.8680243492126465 
vt 0.38749778270721436 0.9083123803138733 
vt 0.41594359278678894 0.8680243492126465 
vt 0.41594359278678894 0.9083123803138733 
vt 0.43828514218330383 0.9083123803138733 
vt 0.41594359278678894 0.9484783411026001 
vt 0.43828514218330383 0.9484783411026001 
vt 0.38749778270721436 0.9484783411026001 
vt 0.8814536929130554 0.5673289895057678 
vt 0.9212533831596375 0.5673289895057678 
vt 0.8814536929130554 0.5344881415367126 
vt 0.9212533831596375 0.5344881415367126 
vt 0.9212533831596375 0.5039668679237366 
vt 0.9610531330108643 0.5344881415367126 
vt 0.9610531330108643 0.5039668679237366 
vt 0.9610531330108643 0.5673289895057678 
vt 0 0.8680243492126465 
vt 0 0.8829187154769897 
vt 0.039799708873033524 0.8680243492126465 
vt 0.039799708873033524 0.8829187154769897 
vt 0.07947733253240585 0.8829187154769897 
vt 0.039799708873033524 0.8948830366134644 
vt 0.07947733253240585 0.8948830366134644 
vt 0.07947733253240585 0.9008651971817017 
vt 0 0.8948830366134644 
vt 0 0.9008651971817017 
vt 0.039799708873033524 0.9008651971817017 
vt 0.039799708873033524 0.9070915579795837 
vt 0.07947733253240585 0.9070915579795837 
vt 0 0.9070915579795837 
vt 0 0.9193000793457031 
vt 0.039799708873033524 0.9193000793457031 
vt 0.039799708873033524 0.9351711273193359 
vt 0.07947733253240585 0.9193000793457031 
vt 0.07947733253240585 0.9351711273193359 
vt 0.9610531330108643 0.47808486223220825 
vt 0.9212533831596375 0.47808486223220825 
vt 0.8814536929130554 0.47808486223220825 
vt 0.9212533831596375 0.4514703154563904 
vt 0.8814536929130554 0.45171448588371277 
vt 0.8814536929130554 0.41948404908180237 
vt 0.9610531330108643 0.4513482451438904 
vt 0.9610531330108643 0.41814112663269043 
vt 0.9212533831596375 0.4188736379146576 
vt 0.9212533831596375 0.38932907581329346 
vt 0.8814536929130554 0.390305757522583 
vt 0.9610531330108643 0.3883523941040039 
vt 0.9610531330108643 0.37162673473358154 
vt 0.9212533831596375 0.3722371757030487 
vt 0.9212533831596375 0.36137160658836365 
vt 0.8814536929130554 0.3728475868701935 
vt 0.8814536929130554 0.36137160658836365 
vt 0.43828514218330383 0.8680243492126465 
vt 0.4485403001308441 0.8680243492126465 
vt 0.4485403001308441 0.9083123803138733 
vt 0.4485403001308441 0.9484783411026001 
vt 0.4526911675930023 0.9083123803138733 
vt 0.4526911675930023 0.9484783411026001 
vt 0.4526911675930023 0.8680243492126465 
vt 0 0.9351711273193359 
vt 0 0.9523850679397583 
vt 0.039799708873033524 0.9523850679397583 
vt 0.039799708873033524 0.9695990681648254 
vt 0.07947733253240585 0.9523850679397583 
vt 0.07947733253240585 0.9695990681648254 
vt 0.9999982118606567 0.1266021430492401 
vt 0.07947733253240585 0.9851038455963135 
vt 0.039799708873033524 0.9851038455963135 
vt 0.039799708873033524 0.9999982118606567 
vt 0 0.9851038455963135 
vt 0 0.9999982118606567 
vt 0 0.9695990681648254 
vt 0.8013659119606018 0.15382710099220276 
vt 0.8013659119606018 0.309851735830307 
vt 0.7433755397796631 0.309851735830307 
vt 0.6853851675987244 0.309851735830307 
vt 0.7433755397796631 0.45574331283569336 
vt 0.6853851675987244 0.45574331283569336 
vt 0.6853851675987244 0.5178845524787903 
vt 0.8013659119606018 0.45574331283569336 
vt 0.8013659119606018 0.5178845524787903 
vt 0.7433755397796631 0.5178845524787903 
vt 0.7433755397796631 0.5381506681442261 
vt 0.6853851675987244 0.5381506681442261 
vt 0.6853851675987244 0.5584167838096619 
vt 0.7433755397796631 0.5584167838096619 
vt 0.8013659119606018 0.5584167838096619 
vt 0.7433755397796631 0.5866184234619141 
vt 0.8013659119606018 0.5866184234619141 
vt 0.8013659119606018 0.6308131814002991 
vt 0.6853851675987244 0.5866184234619141 
vt 0.6853851675987244 0.6308131814002991 
vt 0.7433755397796631 0.6308131814002991 
vt 0.7433755397796631 0.6906348466873169 
vt 0.8013659119606018 0.6906348466873169 
vt 0.6853851675987244 0.6906348466873169 
vt 0.6853851675987244 0.7659612894058228 
vt 0.7433755397796631 0.7659612894058228 
vt 0.7433755397796631 0.8306663632392883 
vt 0.8013659119606018 0.7659612894058228 
vt 0.8013659119606018 0.8306663632392883 
vt 0.5150766372680664 0.8680243492126465 
vt 0.5150766372680664 0.9085565805435181 
vt 0.5033564567565918 0.8680243492126465 
vt 0.5033564567565918 0.9085565805435181 
vt 0.4928571581840515 0.9085565805435181 
vt 0.5033564567565918 0.9492108821868896 
vt 0.4928571581840515 0.9492108821868896 
vt 0.5150766372680664 0.9492108821868896 
vt 0.6852630972862244 0.8306663632392883 
vt 0.6853851675987244 0.8586238026618958 
vt 0.7433755397796631 0.8586238026618958 
vt 0.7433755397796631 0.8681464195251465 
vt 0.8013659119606018 0.8586238026618958 
vt 0.8013659119606018 0.8681464195251465 
vt 0.4928571581840515 0.8680243492126465 
vt 0.4847995340824127 0.8680243492126465 
vt 0.4847995340824127 0.9085565805435181 
vt 0.4847995340824127 0.9492108821868896 
vt 0.47796276211738586 0.9085565805435181 
vt 0.47796276211738586 0.9492108821868896 
vt 0.47173643112182617 0.9492108821868896 
vt 0.47796276211738586 0.8680243492126465 
vt 0.47173643112182617 0.8680243492126465 
vt 0.47173643112182617 0.9085565805435181 
vt 0.46563220024108887 0.9085565805435181 
vt 0.46563220024108887 0.9492108821868896 
vt 0.4591616988182068 0.9492108821868896 
vt 0.4591616988182068 0.9085565805435181 
vt 0.4591616988182068 0.8680243492126465 
vt 0.4526911675930023 0.9085565805435181 
vt 0.4526911675930023 0.8680243492126465 
vt 0.4526911675930023 0.9492108821868896 
vt 0.46563220024108887 0.8680243492126465 
vt 0.8013659119606018 0.6811122298240662 
vt 0.8013659119606018 0.6962507367134094 
vt 0.8593563437461853 0.6811122298240662 
vt 0.8593563437461853 0.6962507367134094 
vt 0.917346715927124 0.6962507367134094 
vt 0.8593563437461853 0.7112672328948975 
vt 0.917346715927124 0.7112672328948975 
vt 0.917346715927124 0.7264057397842407 
vt 0.8013659119606018 0.7112672328948975 
vt 0.8013659119606018 0.7264057397842407 
vt 0.8593563437461853 0.7264057397842407 
vt 0.8593563437461853 0.7465497851371765 
vt 0.917346715927124 0.7465497851371765 
vt 0.8013659119606018 0.7465497851371765 
vt 0.8013659119606018 0.776338517665863 
vt 0.8593563437461853 0.776338517665863 
vt 0.8593563437461853 0.8111327290534973 
vt 0.917346715927124 0.776338517665863 
vt 0.917346715927124 0.8111327290534973 
vt 0.5459641218185425 0.869123101234436 
vt 0.5459641218185425 0.9092890620231628 
vt 0.5304593443870544 0.8685126900672913 
vt 0.5304593443870544 0.9088007211685181 
vt 0.5150766372680664 0.9081903100013733 
vt 0.5304593443870544 0.9489666819572449 
vt 0.5150766372680664 0.9484783411026001 
vt 0.5459641218185425 0.9494550228118896 
vt 0.917346715927124 0.8459269404411316 
vt 0.8593563437461853 0.8459269404411316 
vt 0.8593563437461853 0.8807212114334106 
vt 0.8013659119606018 0.8459269404411316 
vt 0.8013659119606018 0.8807212114334106 
vt 0.8013659119606018 0.8111327290534973 
vt 0.9197883605957031 0.02698078565299511 
vt 0.9197883605957031 0.014772284775972366 
vt 0.9599543809890747 0.014772284775972366 
vt 0.9599543809890747 0 
vt 0.9999982118606567 0.014772284775972366 
vt 0.9999982118606567 0 
vt 0.4526911675930023 0.8680243492126465 
vt 0.4526911675930023 0.9085565805435181 
vt 0.4591616988182068 0.8680243492126465 
vt 0.4591616988182068 0.9085565805435181 
vt 0.46563220024108887 0.9085565805435181 
vt 0.4591616988182068 0.9492108821868896 
vt 0.46563220024108887 0.9492108821868896 
vt 0.4526911675930023 0.9492108821868896 
vt 0.46563220024108887 0.8680243492126465 
vt 0.47173643112182617 0.8680243492126465 
vt 0.47173643112182617 0.9085565805435181 
vt 0.47173643112182617 0.9492108821868896 
vt 0.47796276211738586 0.9085565805435181 
vt 0.47796276211738586 0.9492108821868896 
vt 0.4847995340824127 0.9492108821868896 
vt 0.47796276211738586 0.8680243492126465 
vt 0.4847995340824127 0.8680243492126465 
vt 0.4847995340824127 0.9085565805435181 
vt 0.4928571581840515 0.9085565805435181 
vt 0.4928571581840515 0.9492108821868896 
vt 0.5033564567565918 0.9492108821868896 
vt 0.5033564567565918 0.9085565805435181 
vt 0.5033564567565918 0.8680243492126465 
vt 0.5150766372680664 0.9085565805435181 
vt 0.5150766372680664 0.8680243492126465 
vt 0.5150766372680664 0.9492108821868896 
vt 0.4928571581840515 0.8680243492126465 
vt 0.8814536929130554 0.5673289895057678 
vt 0.8814536929130554 0.5344881415367126 
vt 0.9212533831596375 0.5673289895057678 
vt 0.9212533831596375 0.5344881415367126 
vt 0.9610531330108643 0.5344881415367126 
vt 0.9212533831596375 0.5039668679237366 
vt 0.9610531330108643 0.5039668679237366 
vt 0.9610531330108643 0.47808486223220825 
vt 0.8814536929130554 0.5039668679237366 
vt 0.8814536929130554 0.47808486223220825 
vt 0.9212533831596375 0.47808486223220825 
vt 0.9212533831596375 0.4514703154563904 
vt 0.9610531330108643 0.4513482451438904 
vt 0.8814536929130554 0.45171448588371277 
vt 0.8814536929130554 0.41948404908180237 
vt 0.9212533831596375 0.4188736379146576 
vt 0.9212533831596375 0.38932907581329346 
vt 0.9610531330108643 0.41814112663269043 
vt 0.9610531330108643 0.3883523941040039 
vt 0.7218886017799377 0 
vt 0.7615662217140198 0 
vt 0.703575849533081 0.06104249879717827 
vt 0.7525319457054138 0.06104249879717827 
vt 0.745695173740387 0.15382710099220276 
vt 0.8013659119606018 0.06104249879717827 
vt 0.8013659119606018 0.15382710099220276 
vt 0.8013659119606018 0 
vt 0.8013659119606018 0.6811122298240662 
vt 0.8414098024368286 0.6811122298240662 
vt 0.8013659119606018 0.6668282747268677 
vt 0.8414098024368286 0.6668282747268677 
vt 0.8414098024368286 0.6519339084625244 
vt 0.8814536929130554 0.6668282747268677 
vt 0.8814536929130554 0.6519339084625244 
vt 0.8814536929130554 0.6811122298240662 
vt 0.8814536929130554 0.390305757522583 
vt 0.8814536929130554 0.3728475868701935 
vt 0.9212533831596375 0.3722371757030487 
vt 0.9212533831596375 0.36137160658836365 
vt 0.9610531330108643 0.37162673473358154 
vt 0.9610531330108643 0.36137160658836365 
vt 0.2394086867570877 0.9542163610458374 
vt 0.2396528571844101 0.9381011128425598 
vt 0.19960898160934448 0.9547047019004822 
vt 0.19997523725032806 0.9385894536972046 
vt 0.16029760241508484 0.9389557242393494 
vt 0.20021939277648926 0.9196662902832031 
vt 0.16054177284240723 0.9200325608253479 
vt 0.16054177284240723 0.8958597183227539 
vt 0.24001911282539368 0.9193000793457031 
vt 0.24001911282539368 0.8950051069259644 
vt 0.20034147799015045 0.8953713774681091 
vt 0.20034147799015045 0.8683906197547913 
vt 0.16054177284240723 0.868878960609436 
vt 0.07947733253240585 0.9941381812095642 
vt 0.11927704513072968 0.9938939809799194 
vt 0.07996567338705063 0.9736278653144836 
vt 0.11976538598537445 0.9733837246894836 
vt 0.12013164162635803 0.9473795890808105 
vt 0.15944300591945648 0.9730174541473389 
vt 0.15980926156044006 0.9471354484558105 
vt 0.1589546650648117 0.9935277104377747 
vt 0.8814536929130554 0.6358186602592468 
vt 0.8414098024368286 0.6358186602592468 
vt 0.8013659119606018 0.6358186602592468 
vt 0.8414098024368286 0.6162850856781006 
vt 0.8013659119606018 0.6162850856781006 
vt 0.8013659119606018 0.591013491153717 
vt 0.8814536929130554 0.6162850856781006 
vt 0.8814536929130554 0.591013491153717 
vt 0.8414098024368286 0.591013491153717 
vt 0.8414098024368286 0.5600038766860962 
vt 0.8013659119606018 0.5600038766860962 
vt 0.8814536929130554 0.5600038766860962 
vt 0.8814536929130554 0.5230121612548828 
vt 0.8414098024368286 0.5230121612548828 
vt 0.8414098024368286 0.4832124412059784 
vt 0.8013659119606018 0.5230121612548828 
vt 0.8013659119606018 0.4832124412059784 
vt 0.08033192902803421 0.9476237893104553 
vt 0.0804540142416954 0.9108762145042419 
vt 0.12025372684001923 0.9105099439620972 
vt 0.15993134677410126 0.9102657437324524 
vt 0.12025372684001923 0.8682685494422913 
vt 0.15993134677410126 0.8680243492126465 
vt 0.0804540142416954 0.8685126900672913 
vt 0.8814536929130554 0.4832124412059784 
vt 0.8814536929130554 0.44365689158439636 
vt 0.8414098024368286 0.44365689158439636 
vt 0.8414098024368286 0.4087405800819397 
vt 0.8013659119606018 0.44365689158439636 
vt 0.8013659119606018 0.4087405800819397 
vt 0.8814536929130554 0.4087405800819397 
vt 0.8814536929130554 0.3828585743904114 
vt 0.8414098024368286 0.3828585743904114 
vt 0.8414098024368286 0.36137160658836365 
vt 0.8013659119606018 0.3828585743904114 
vt 0.8013659119606018 0.36137160658836365 
vt 0.8814536929130554 0.36137160658836365 
vt 0.8814536929130554 0.3828585743904114 
vt 0.8414098024368286 0.36137160658836365 
vt 0.8414098024368286 0.3828585743904114 
vt 0.8013659119606018 0.3828585743904114 
vt 0.8414098024368286 0.4087405800819397 
vt 0.8013659119606018 0.4087405800819397 
vt 0.8013659119606018 0.44365689158439636 
vt 0.8814536929130554 0.4087405800819397 
vt 0.8814536929130554 0.44365689158439636 
vt 0.8414098024368286 0.44365689158439636 
vt 0.8414098024368286 0.4832124412059784 
vt 0.8013659119606018 0.4832124412059784 
vt 0.8814536929130554 0.4832124412059784 
vt 0.8814536929130554 0.5230121612548828 
vt 0.8414098024368286 0.5230121612548828 
vt 0.8414098024368286 0.5600038766860962 
vt 0.8013659119606018 0.5230121612548828 
vt 0.8013659119606018 0.5600038766860962 
vt 0.8814536929130554 0.5600038766860962 
vt 0.8814536929130554 0.591013491153717 
vt 0.8414098024368286 0.591013491153717 
vt 0.8414098024368286 0.6162850856781006 
vt 0.8013659119606018 0.591013491153717 
vt 0.8013659119606018 0.6162850856781006 
vt 0.8814536929130554 0.6162850856781006 
vt 0.8814536929130554 0.6358186602592468 
vt 0.8414098024368286 0.6358186602592468 
vt 0.8414098024368286 0.6519339084625244 
vt 0.8013659119606018 0.6358186602592468 
vt 0.8013659119606018 0.6519339084625244 
vt 0.8814536929130554 0.6519339084625244 
vt 0.8814536929130554 0.6668282747268677 
vt 0.8414098024368286 0.6668282747268677 
vt 0.8414098024368286 0.6811122298240662 
vt 0.8013659119606018 0.6668282747268677 
vt 0.8013659119606018 0.6811122298240662 
vt 0.24001911282539368 0.9484783411026001 
vt 0.24001911282539368 0.9083123803138733 
vt 0.24429208040237427 0.9484783411026001 
vt 0.24429208040237427 0.9083123803138733 
vt 0.2516171932220459 0.9083123803138733 
vt 0.24429208040237427 0.8680243492126465 
vt 0.2516171932220459 0.8680243492126465 
vt 0.24001911282539368 0.8680243492126465 
vt 0.2516171932220459 0.9484783411026001 
vt 0.26492443680763245 0.9484783411026001 
vt 0.26492443680763245 0.9083123803138733 
vt 0.26492443680763245 0.8680243492126465 
vt 0.2818942666053772 0.9083123803138733 
vt 0.2818942666053772 0.8680243492126465 
vt 0.2995965778827667 0.8680243492126465 
vt 0.2818942666053772 0.9484783411026001 
vt 0.2995965778827667 0.9484783411026001 
vt 0.2995965778827667 0.9083123803138733 
vt 0.3177872598171234 0.9083123803138733 
vt 0.3177872598171234 0.8680243492126465 
vt 0.8013659119606018 0.17970912158489227 
vt 0.818701982498169 0.1809299737215042 
vt 0.8016101121902466 0.23098482191562653 
vt 0.8188241124153137 0.23196150362491608 
vt 0.8420202732086182 0.23257192969322205 
vt 0.8276141881942749 0.16151845455169678 
vt 0.8752273917198181 0.17421530187129974 
vt 0.8199228644371033 0.10084220767021179 
vt 0.8694893717765808 0.10047595202922821 
vt 0.8637513518333435 0.037113841623067856 
vt 0.9190558791160583 0.10023178160190582 
vt 0.9195442199707031 0.036747585982084274 
vt 0.8771806955337524 0.23257192969322205 
vt 0.9183233976364136 0.23232775926589966 
vt 0.9184454679489136 0.27530166506767273 
vt 0.9184454679489136 0.17397113144397736 
vt 0.9197883605957031 0.009400544688105583 
vt 0.8617979884147644 0.009766800329089165 
vt 0.8619201183319092 0.0003662550006993115 
vt 0.8039297461509705 0.010133055038750172 
vt 0.8040518164634705 0.000732510001398623 
vt 0.8078364729881287 0.03748009353876114 
vt 0.608959972858429 0.04309600591659546 
vt 0.8814536929130554 0.5039668679237366 
vt 0.9999982118606567 0 
vt 0.9599543809890747 0 
vt 0.9999982118606567 0.014772284775972366 
vt 0.9599543809890747 0.014772284775972366 
vt 0.9599543809890747 0.02698078565299511 
vt 0.9197883605957031 0.014772284775972366 
vt 0.9197883605957031 0.02698078565299511 
vt 0.9197883605957031 0 
vt 0.9188117384910583 0.6811122298240662 
vt 0.9584893584251404 0.6813563704490662 
vt 0.9182012677192688 0.7007678747177124 
vt 0.9580010175704956 0.7011341452598572 
vt 0.9575126767158508 0.7172493934631348 
vt 0.9976786375045776 0.701378345489502 
vt 0.9973123669624329 0.7174935340881348 
vt 0.9982890486717224 0.6817226409912109 
vt 0.9197883605957031 0.03406171500682831 
vt 0.9599543809890747 0.03406171500682831 
vt 0.9999982118606567 0.03406171500682831 
vt 0.9599543809890747 0.04272975027561188 
vt 0.9999982118606567 0.04272975027561188 
vt 0.9999982118606567 0.05982165038585663 
vt 0.9197883605957031 0.04272975027561188 
vt 0.9197883605957031 0.05982165038585663 
vt 0.9599543809890747 0.05982165038585663 
vt 0.9599543809890747 0.08155278116464615 
vt 0.9999982118606567 0.08155278116464615 
vt 0.9197883605957031 0.08155278116464615 
vt 0.9197883605957031 0.10426059365272522 
vt 0.9599543809890747 0.10426059365272522 
vt 0.9599543809890747 0.1266021430492401 
vt 0.9999982118606567 0.10426059365272522 
vt 0.9999982118606567 0.1266021430492401 
vt 0.9197883605957031 0.1266021430492401 
vt 0.9197883605957031 0.1467461735010147 
vt 0.9599543809890747 0.1467461735010147 
vt 0.9599543809890747 0.16591352224349976 
vt 0.9999982118606567 0.1467461735010147 
vt 0.9999982118606567 0.16591352224349976 
vt 0.917346715927124 0.7665717005729675 
vt 0.917468786239624 0.7483810782432556 
vt 0.957390546798706 0.7486252188682556 
vt 0.9575126767158508 0.7345854640007019 
vt 0.9974344372749329 0.7489914894104004 
vt 0.9974344372749329 0.7349516749382019 
vt 0.917590856552124 0.7342191934585571 
vt 0.917590856552124 0.725917398929596 
vt 0.9575126767158508 0.7262836694717407 
vt 0.9973123669624329 0.7265278100967407 
vt 0.9178350567817688 0.71688312292099 
vt 0.9999982118606567 0.02698078565299511 
vt 0.9982890486717224 0.6817226409912109 
vt 0.9584893584251404 0.6813563704490662 
vt 0.9976786375045776 0.701378345489502 
vt 0.9580010175704956 0.7011341452598572 
vt 0.9575126767158508 0.7172493934631348 
vt 0.9182012677192688 0.7007678747177124 
vt 0.9178350567817688 0.71688312292099 
vt 0.9188117384910583 0.6811122298240662 
vt 0.4526911675930023 0.8680243492126465 
vt 0.4526911675930023 0.9083123803138733 
vt 0.4485403001308441 0.8680243492126465 
vt 0.4485403001308441 0.9083123803138733 
vt 0.43828514218330383 0.9083123803138733 
vt 0.4485403001308441 0.9484783411026001 
vt 0.43828514218330383 0.9484783411026001 
vt 0.4526911675930023 0.9484783411026001 
vt 0.1589546650648117 0.9935277104377747 
vt 0.11927704513072968 0.9938939809799194 
vt 0.15944300591945648 0.9730174541473389 
vt 0.11976538598537445 0.9733837246894836 
vt 0.12013164162635803 0.9473795890808105 
vt 0.07996567338705063 0.9736278653144836 
vt 0.08033192902803421 0.9476237893104553 
vt 0.07947733253240585 0.9941381812095642 
vt 0.6900244355201721 0.15382710099220276 
vt 0.6853851675987244 0.309851735830307 
vt 0.7433755397796631 0.309851735830307 
vt 0.8013659119606018 0.309851735830307 
vt 0.7433755397796631 0.45574331283569336 
vt 0.8013659119606018 0.45574331283569336 
vt 0.8013659119606018 0.5178845524787903 
vt 0.6853851675987244 0.45574331283569336 
vt 0.6853851675987244 0.5178845524787903 
vt 0.7433755397796631 0.5178845524787903 
vt 0.6853851675987244 0.5381506681442261 
vt 0.41594359278678894 0.9484783411026001 
vt 0.41594359278678894 0.9083123803138733 
vt 0.41594359278678894 0.8680243492126465 
vt 0.38749778270721436 0.9083123803138733 
vt 0.38749778270721436 0.8680243492126465 
vt 0.38749778270721436 0.9484783411026001 
vt 0.43828514218330383 0.8680243492126465 
vt 0.5048214793205261 0.8154057264328003 
vt 0.917590856552124 0.725917398929596 
vt 0.9575126767158508 0.7262836694717407 
vt 0.9973123669624329 0.7265278100967407 
vt 0.9575126767158508 0.7345854640007019 
vt 0.9974344372749329 0.7349516749382019 
vt 0.9974344372749329 0.7489914894104004 
vt 0.917590856552124 0.7342191934585571 
vt 0.917468786239624 0.7483810782432556 
vt 0.957390546798706 0.7486252188682556 
vt 0.957390546798706 0.7669379711151123 
vt 0.9974344372749329 0.7671821117401123 
vt 0.917346715927124 0.7665717005729675 
vt 0.917346715927124 0.7874482274055481 
vt 0.957390546798706 0.7878144979476929 
vt 0.9575126767158508 0.8074702024459839 
vt 0.9974344372749329 0.7880586981773376 
vt 0.9975565075874329 0.8078364729881287 
vt 0.9973123669624329 0.7174935340881348 
vt 0.8013659119606018 0.6519339084625244 
vt 0.9976786375045776 0.8223645687103271 
vt 0.9576347470283508 0.8221203684806824 
vt 0.9578788876533508 0.8343288898468018 
vt 0.917590856552124 0.8217541575431824 
vt 0.9178350567817688 0.833962619304657 
vt 0.917468786239624 0.8071039319038391 
vt 0.0804540142416954 0.9108762145042419 
vt 0.12025372684001923 0.9105099439620972 
vt 0.15993134677410126 0.9102657437324524 
vt 0.12025372684001923 0.8682685494422913 
vt 0.15993134677410126 0.8680243492126465 
vt 0.0804540142416954 0.8685126900672913 
vt 0.15980926156044006 0.9471354484558105 
vt 0.8013659119606018 0.5381506681442261 
vt 0.9982890486717224 0.8594784140586853 
vt 0.9980448484420776 0.8470257520675659 
vt 0.9582451581954956 0.8592342138290405 
vt 0.9580010175704956 0.8466594815254211 
vt 0.9179571270942688 0.8464152812957764 
vt 0.9979227781295776 0.8345730304718018 
vt 0.8013659119606018 0.8111327290534973 
vt 0.6853851675987244 0.8680243492126465 
vt 0.8028309345245361 0.36137160658836365 
vt 0.002075444906949997 0.4895608425140381 
vt 0.9197883605957031 0 
vt 0.3177872598171234 0.9484783411026001 
vt 0.9610531330108643 0.5673289895057678 
vt 0.3177872598171234 0.8680243492126465 
vt 0.8814536929130554 0.5673289895057678 
vt 0.8013659119606018 0.8681464195251465 
vt 0.2394086867570877 0.9542163610458374 
vt 0.9982890486717224 0.8594784140586853 
vt 0.16054177284240723 0.868878960609436 
vt 0.5150766372680664 0.8680243492126465 
vt 0.07947733253240585 0.9999982118606567 
vt 0.9197883605957031 0 
vt 0.8814536929130554 0.6811122298240662 
vt 0.8013659119606018 0.36137160658836365 
vt 0.8814536929130554 0.36137160658836365 
vt 0.8013659119606018 0.17970912158489227 
vt 0.4894387722015381 0.8519091010093689 
vt 0.002075444906949997 0.4895608425140381 
vt 0.9197883605957031 0 
vt 0.3177872598171234 0.9484783411026001 
vt 0.38749778270721436 0.8686347603797913 
vt 0.07947733253240585 0.8680243492126465 
vt 0.9197883605957031 0.3599065840244293 
vt 0.8814536929130554 0.5673289895057678 
vt 0.9197883605957031 0.16591352224349976 
vt 0.6853851675987244 0.8681464195251465 
vt 0.917346715927124 0.6811122298240662 
vt 0.917346715927124 0.8807212114334106 
vt 0.15993134677410126 0.955070972442627 
vt 0.9182012677192688 0.8588680028915405 
vt 0.24001911282539368 0.8680243492126465 
vt 0.5150766372680664 0.9484783411026001 
vt 0.07947733253240585 0.9999982118606567 
vt 0.24001911282539368 0.8680243492126465 
vt 0.8814536929130554 0.36137160658836365 
vt 0.9610531330108643 0.36137160658836365 
s on 
f 1/1/1 2/2/2 3/3/3 
f 2/2/2 4/4/4 3/3/3 
f 3/3/3 4/4/4 5/5/5 
f 4/4/4 6/6/6 5/5/5 
f 5/5/5 6/6/6 7/7/7 
f 6/6/6 8/8/8 7/7/7 
f 7/7/7 8/8/8 9/9/9 
f 8/8/8 10/10/10 9/9/9 
f 9/9/9 10/10/10 11/11/11 
f 10/10/10 12/12/12 11/11/11 
f 11/11/11 12/12/12 13/13/13 
f 12/12/12 13/13/13 13/13/13 
f 13/13/13 13/13/13 11/11/11 
f 13/13/13 11/11/11 11/11/11 
f 11/11/11 11/11/11 11/11/11 
f 11/11/11 14/14/14 11/11/11 
f 11/11/11 14/14/14 9/9/9 
f 14/14/14 15/15/15 9/9/9 
f 9/9/9 15/15/15 16/16/16 
f 15/15/15 17/17/17 16/16/16 
f 16/16/16 17/17/17 5/5/5 
f 17/17/17 18/18/18 5/5/5 
f 5/5/5 18/18/18 3/3/3 
f 18/18/18 3/3/3 3/3/3 
f 3/3/3 3/3/3 16/16/16 
f 3/3/3 16/16/16 16/16/16 
f 16/16/16 16/16/16 16/16/16 
f 16/16/16 5/5/5 16/16/16 
f 16/16/16 5/5/5 9/9/9 
f 5/5/5 7/7/7 9/9/9 
f 9/9/9 7/7/7 7/7/7 
f 7/7/7 19/19/19 7/7/7 
f 7/7/7 19/19/19 19/19/19 
f 19/19/19 20/20/20 19/19/19 
f 19/19/19 20/20/20 21/21/21 
f 20/20/20 22/22/22 21/21/21 
f 21/21/21 22/22/22 23/23/23 
f 22/22/22 24/24/24 23/23/23 
f 23/23/23 24/24/24 25/25/25 
f 24/24/24 26/26/26 25/25/25 
f 25/25/25 26/26/26 27/27/27 
f 26/26/26 28/28/28 27/27/27 
f 27/27/27 28/28/28 29/29/29 
f 28/28/28 30/30/30 29/29/29 
f 29/29/29 30/30/30 31/31/31 
f 30/30/30 32/32/32 31/31/31 
f 31/31/31 32/32/32 33/33/33 
f 32/32/32 34/34/34 33/33/33 
f 33/33/33 34/34/34 35/35/35 
f 34/34/34 36/36/36 35/35/35 
f 35/35/35 36/36/36 37/37/37 
f 36/36/36 38/38/38 37/37/37 
f 37/37/37 38/38/38 39/39/39 
f 38/38/38 40/40/40 39/39/39 
f 39/39/39 40/40/40 41/41/41 
f 40/40/40 42/42/42 41/41/41 
f 41/41/41 42/42/42 43/43/43 
f 42/42/42 44/44/44 43/43/43 
f 43/43/43 44/44/44 44/44/44 
f 44/44/44 41/41/41 44/44/44 
f 44/44/44 41/41/41 41/41/41 
f 41/41/41 45/45/45 41/41/41 
f 41/41/41 45/45/45 39/39/39 
f 45/45/45 46/46/46 39/39/39 
f 39/39/39 46/46/46 47/47/47 
f 46/46/46 48/48/48 47/47/47 
f 47/47/47 48/48/48 35/35/35 
f 48/48/48 49/49/49 35/35/35 
f 35/35/35 49/49/49 33/33/33 
f 49/49/49 50/50/50 33/33/33 
f 33/33/33 50/50/50 51/51/51 
f 50/50/50 52/52/52 51/51/51 
f 51/51/51 52/52/52 29/29/29 
f 52/52/52 53/53/53 29/29/29 
f 29/29/29 53/53/53 27/27/27 
f 53/53/53 54/54/54 27/27/27 
f 27/27/27 54/54/54 55/55/55 
f 54/54/54 56/56/56 55/55/55 
f 55/55/55 56/56/56 23/23/23 
f 56/56/56 57/57/57 23/23/23 
f 23/23/23 57/57/57 21/21/21 
f 57/57/57 21/21/21 21/21/21 
f 21/21/21 21/21/21 46/46/46 
f 21/21/21 46/46/46 46/46/46 
f 46/46/46 46/46/46 46/46/46 
f 46/46/46 58/58/58 46/46/46 
f 46/46/46 58/58/58 48/48/48 
f 58/58/58 59/59/59 48/48/48 
f 48/48/48 59/59/59 60/60/60 
f 59/59/59 61/61/61 60/60/60 
f 60/60/60 61/61/61 50/50/50 
f 61/61/61 62/62/62 50/50/50 
f 50/50/50 62/62/62 52/52/52 
f 62/62/62 63/63/63 52/52/52 
f 52/52/52 63/63/63 64/64/64 
f 63/63/63 65/65/65 64/64/64 
f 64/64/64 65/65/65 54/54/54 
f 65/65/65 66/66/66 54/54/54 
f 54/54/54 66/66/66 56/56/56 
f 66/66/66 56/56/56 56/56/56 
f 56/56/56 56/56/56 59/59/59 
f 56/56/56 59/59/59 59/59/59 
f 59/59/59 59/59/59 59/59/59 
f 59/59/59 67/67/67 59/59/59 
f 59/59/59 67/67/67 61/61/61 
f 67/67/67 68/68/68 61/61/61 
f 61/61/61 68/68/68 69/69/69 
f 68/68/68 70/70/70 69/69/69 
f 69/69/69 70/70/70 63/63/63 
f 70/70/70 71/71/71 63/63/63 
f 63/63/63 71/71/71 65/65/65 
f 71/71/71 65/65/65 65/65/65 
f 65/65/65 65/65/65 69/69/69 
f 65/65/65 69/69/69 69/69/69 
f 69/69/69 69/69/69 69/69/69 
f 69/69/69 63/63/63 69/69/69 
f 69/69/69 63/63/63 61/61/61 
f 63/63/63 62/62/62 61/61/61 
f 61/61/61 62/62/62 62/62/62 
f 62/62/62 72/72/72 62/62/62 
f 62/62/62 72/72/72 72/72/72 
f 72/72/72 73/73/73 72/72/72 
f 72/72/72 73/73/73 74/74/74 
f 73/73/73 75/75/75 74/74/74 
f 74/74/74 75/75/75 76/76/76 
f 75/75/75 77/77/77 76/76/76 
f 76/76/76 77/77/77 78/78/78 
f 77/77/77 78/78/78 78/78/78 
f 78/78/78 78/78/78 75/75/75 
f 78/78/78 75/75/75 75/75/75 
f 75/75/75 75/75/75 75/75/75 
f 75/75/75 73/73/73 75/75/75 
f 75/75/75 73/73/73 77/77/77 
f 73/73/73 79/79/79 77/77/77 
f 77/77/77 79/79/79 79/79/79 
f 79/79/79 80/80/80 79/79/79 
f 79/79/79 80/80/80 80/80/80 
f 80/80/80 81/81/81 80/80/80 
f 80/80/80 81/81/81 82/82/82 
f 81/81/81 83/83/83 82/82/82 
f 82/82/82 83/83/83 84/84/84 
f 83/83/83 85/85/85 84/84/84 
f 84/84/84 85/85/85 86/86/86 
f 85/85/85 86/86/86 86/86/86 
f 86/86/86 86/86/86 83/83/83 
f 86/86/86 83/83/83 83/83/83 
f 83/83/83 83/83/83 83/83/83 
f 83/83/83 81/81/81 83/83/83 
f 83/83/83 81/81/81 85/85/85 
f 81/81/81 87/87/87 85/85/85 
f 85/85/85 87/87/87 87/87/87 
f 87/87/87 88/88/88 87/87/87 
f 87/87/87 88/88/88 88/88/88 
f 88/88/88 89/89/89 88/88/88 
f 88/88/88 89/89/89 90/90/90 
f 89/89/89 91/91/91 90/90/90 
f 90/90/90 91/91/91 92/92/92 
f 91/91/91 93/93/93 92/92/92 
f 92/92/92 93/93/93 94/94/94 
f 93/93/93 95/95/95 94/94/94 
f 94/94/94 95/95/95 96/96/96 
f 95/95/95 97/97/97 96/96/96 
f 96/96/96 97/97/97 98/98/98 
f 97/97/97 99/99/99 98/98/98 
f 98/98/98 99/99/99 100/100/100 
f 99/99/99 101/101/101 100/100/100 
f 100/100/100 101/101/101 102/102/102 
f 101/101/101 103/103/103 102/102/102 
f 102/102/102 103/103/103 104/104/104 
f 103/103/103 105/105/105 104/104/104 
f 104/104/104 105/105/105 106/106/106 
f 105/105/105 106/106/106 106/106/106 
f 106/106/106 106/106/106 104/104/104 
f 106/106/106 104/104/104 104/104/104 
f 104/104/104 104/104/104 104/104/104 
f 104/104/104 107/107/107 104/104/104 
f 104/104/104 107/107/107 102/102/102 
f 107/107/107 108/108/108 102/102/102 
f 102/102/102 108/108/108 109/109/109 
f 108/108/108 110/110/110 109/109/109 
f 109/109/109 110/110/110 98/98/98 
f 110/110/110 111/111/111 98/98/98 
f 98/98/98 111/111/111 96/96/96 
f 111/111/111 112/112/112 96/96/96 
f 96/96/96 112/112/112 113/113/113 
f 112/112/112 114/114/114 113/113/113 
f 113/113/113 114/114/114 92/92/92 
f 114/114/114 115/115/115 92/92/92 
f 92/92/92 115/115/115 90/90/90 
f 115/115/115 90/90/90 90/90/90 
f 90/90/90 90/90/90 109/109/109 
f 90/90/90 109/109/109 109/109/109 
f 109/109/109 109/109/109 109/109/109 
f 109/109/109 98/98/98 109/109/109 
f 109/109/109 98/98/98 102/102/102 
f 98/98/98 100/100/100 102/102/102 
f 102/102/102 100/100/100 100/100/100 
f 100/100/100 116/116/116 100/100/100 
f 100/100/100 116/116/116 116/116/116 
f 116/116/116 117/117/117 116/116/116 
f 116/116/116 117/117/117 118/118/118 
f 117/117/117 119/119/119 118/118/118 
f 118/118/118 119/119/119 120/120/120 
f 119/119/119 121/121/121 120/120/120 
f 120/120/120 121/121/121 122/122/122 
f 121/121/121 123/123/123 122/122/122 
f 122/122/122 123/123/123 124/124/124 
f 123/123/123 125/125/125 124/124/124 
f 124/124/124 125/125/125 126/126/126 
f 125/125/125 127/127/127 126/126/126 
f 126/126/126 127/127/127 128/128/128 
f 127/127/127 128/128/128 128/128/128 
f 128/128/128 128/128/128 126/126/126 
f 128/128/128 126/126/126 126/126/126 
f 126/126/126 126/126/126 126/126/126 
f 126/126/126 129/129/129 126/126/126 
f 126/126/126 129/129/129 124/124/124 
f 129/129/129 130/130/130 124/124/124 
f 124/124/124 130/130/130 131/131/131 
f 130/130/130 132/132/132 131/131/131 
f 131/131/131 132/132/132 120/120/120 
f 132/132/132 133/133/133 120/120/120 
f 120/120/120 133/133/133 118/118/118 
f 133/133/133 118/118/118 118/118/118 
f 118/118/118 118/118/118 131/131/131 
f 118/118/118 131/131/131 131/131/131 
f 131/131/131 131/131/131 131/131/131 
f 131/131/131 120/120/120 131/131/131 
f 131/131/131 120/120/120 124/124/124 
f 120/120/120 122/122/122 124/124/124 
f 124/124/124 122/122/122 122/122/122 
f 122/122/122 91/91/91 122/122/122 
f 122/122/122 91/91/91 91/91/91 
f 91/91/91 89/89/89 91/91/91 
f 91/91/91 89/89/89 93/93/93 
f 89/89/89 134/134/134 93/93/93 
f 93/93/93 134/134/134 135/135/135 
f 134/134/134 135/135/135 135/135/135 
f 135/135/135 135/135/135 93/93/93 
f 135/135/135 93/93/93 93/93/93 
f 93/93/93 93/93/93 93/93/93 
f 93/93/93 135/135/135 93/93/93 
f 93/93/93 135/135/135 136/136/136 
f 135/135/135 137/137/137 136/136/136 
f 136/136/136 137/137/137 95/95/95 
f 137/137/137 138/138/138 95/95/95 
f 95/95/95 138/138/138 99/99/99 
f 138/138/138 139/139/139 99/99/99 
f 99/99/99 139/139/139 140/140/140 
f 139/139/139 141/141/141 140/140/140 
f 140/140/140 141/141/141 101/101/101 
f 141/141/141 142/142/142 101/101/101 
f 101/101/101 142/142/142 105/105/105 
f 142/142/142 105/105/105 105/105/105 
f 105/105/105 105/105/105 135/135/135 
f 105/105/105 135/135/135 135/135/135 
f 135/135/135 135/135/135 135/135/135 
f 135/135/135 143/143/143 135/135/135 
f 135/135/135 143/143/143 137/137/137 
f 143/143/143 144/144/144 137/137/137 
f 137/137/137 144/144/144 145/145/145 
f 144/144/144 146/146/146 145/145/145 
f 145/145/145 146/146/146 139/139/139 
f 146/146/146 147/147/147 139/139/139 
f 139/139/139 147/147/147 141/141/141 
f 147/147/147 148/148/148 141/141/141 
f 141/141/141 148/148/148 149/149/149 
f 148/148/148 150/150/150 149/149/149 
f 149/149/149 150/150/150 151/151/151 
f 150/150/150 152/152/152 151/151/151 
f 151/151/151 152/152/152 152/152/152 
f 152/152/152 144/144/144 152/152/152 
f 152/152/152 144/144/144 144/144/144 
f 144/144/144 153/153/153 144/144/144 
f 144/144/144 153/153/153 146/146/146 
f 153/153/153 154/154/154 146/146/146 
f 146/146/146 154/154/154 155/155/155 
f 154/154/154 156/156/156 155/155/155 
f 155/155/155 156/156/156 148/148/148 
f 156/156/156 157/157/157 148/148/148 
f 148/148/148 157/157/157 150/150/150 
f 157/157/157 158/158/158 150/150/150 
f 150/150/150 158/158/158 159/159/159 
f 158/158/158 160/160/160 159/159/159 
f 159/159/159 160/160/160 161/161/161 
f 160/160/160 162/162/162 161/161/161 
f 161/161/161 162/162/162 162/162/162 
f 162/162/162 154/154/154 162/162/162 
f 162/162/162 154/154/154 154/154/154 
f 154/154/154 163/163/163 154/154/154 
f 154/154/154 163/163/163 156/156/156 
f 163/163/163 164/164/164 156/156/156 
f 156/156/156 164/164/164 165/165/165 
f 164/164/164 166/166/166 165/165/165 
f 165/165/165 166/166/166 158/158/158 
f 166/166/166 167/167/167 158/158/158 
f 158/158/158 167/167/167 160/160/160 
f 167/167/167 168/168/168 160/160/160 
f 160/160/160 168/168/168 169/169/169 
f 168/168/168 170/170/170 169/169/169 
f 169/169/169 170/170/170 171/171/171 
f 170/170/170 172/172/172 171/171/171 
f 171/171/171 172/172/172 172/172/172 
f 172/172/172 164/164/164 172/172/172 
f 172/172/172 164/164/164 164/164/164 
f 164/164/164 173/173/173 164/164/164 
f 164/164/164 173/173/173 166/166/166 
f 173/173/173 174/174/174 166/166/166 
f 166/166/166 174/174/174 175/175/175 
f 174/174/174 176/176/176 175/175/175 
f 175/175/175 176/176/176 168/168/168 
f 176/176/176 177/177/177 168/168/168 
f 168/168/168 177/177/177 170/170/170 
f 177/177/177 178/178/178 170/170/170 
f 170/170/170 178/178/178 179/179/179 
f 178/178/178 180/180/180 179/179/179 
f 179/179/179 180/180/180 181/181/181 
f 180/180/180 182/182/182 181/181/181 
f 181/181/181 182/182/182 182/182/182 
f 182/182/182 174/174/174 182/182/182 
f 182/182/182 174/174/174 174/174/174 
f 174/174/174 183/183/183 174/174/174 
f 174/174/174 183/183/183 176/176/176 
f 183/183/183 184/184/184 176/176/176 
f 176/176/176 184/184/184 185/185/185 
f 184/184/184 186/186/186 185/185/185 
f 185/185/185 186/186/186 178/178/178 
f 186/186/186 187/187/187 178/178/178 
f 178/178/178 187/187/187 180/180/180 
f 187/187/187 188/188/188 180/180/180 
f 180/180/180 188/188/188 189/189/189 
f 188/188/188 190/190/190 189/189/189 
f 189/189/189 190/190/190 191/191/191 
f 190/190/190 192/192/192 191/191/191 
f 191/191/191 192/192/192 192/192/192 
f 192/192/192 184/184/184 192/192/192 
f 192/192/192 184/184/184 184/184/184 
f 184/184/184 193/193/193 184/184/184 
f 184/184/184 193/193/193 186/186/186 
f 193/193/193 194/194/194 186/186/186 
f 186/186/186 194/194/194 195/195/195 
f 194/194/194 196/196/196 195/195/195 
f 195/195/195 196/196/196 188/188/188 
f 196/196/196 197/197/197 188/188/188 
f 188/188/188 197/197/197 190/190/190 
f 197/197/197 198/198/198 190/190/190 
f 190/190/190 198/198/198 199/199/199 
f 198/198/198 200/200/200 199/199/199 
f 199/199/199 200/200/200 201/201/201 
f 200/200/200 202/202/202 201/201/201 
f 201/201/201 202/202/202 202/202/202 
f 202/202/202 194/194/194 202/202/202 
f 202/202/202 194/194/194 194/194/194 
f 194/194/194 203/203/203 194/194/194 
f 194/194/194 203/203/203 196/196/196 
f 203/203/203 204/204/204 196/196/196 
f 196/196/196 204/204/204 205/205/205 
f 204/204/204 206/206/206 205/205/205 
f 205/205/205 206/206/206 198/198/198 
f 206/206/206 207/207/207 198/198/198 
f 198/198/198 207/207/207 200/200/200 
f 207/207/207 208/208/208 200/200/200 
f 200/200/200 208/208/208 209/209/209 
f 208/208/208 210/210/210 209/209/209 
f 209/209/209 210/210/210 211/211/211 
f 210/210/210 212/212/212 211/211/211 
f 211/211/211 212/212/212 212/212/212 
f 212/212/212 204/204/204 212/212/212 
f 212/212/212 204/204/204 204/204/204 
f 204/204/204 213/213/213 204/204/204 
f 204/204/204 213/213/213 206/206/206 
f 213/213/213 214/214/214 206/206/206 
f 206/206/206 214/214/214 215/215/215 
f 214/214/214 216/216/216 215/215/215 
f 215/215/215 216/216/216 208/208/208 
f 216/216/216 217/217/217 208/208/208 
f 208/208/208 217/217/217 210/210/210 
f 217/217/217 218/218/218 210/210/210 
f 210/210/210 218/218/218 219/219/219 
f 218/218/218 220/220/220 219/219/219 
f 219/219/219 220/220/220 221/221/221 
f 220/220/220 222/222/222 221/221/221 
f 221/221/221 222/222/222 222/222/222 
f 222/222/222 214/214/214 222/222/222 
f 222/222/222 214/214/214 214/214/214 
f 214/214/214 223/223/223 214/214/214 
f 214/214/214 223/223/223 216/216/216 
f 223/223/223 224/224/224 216/216/216 
f 216/216/216 224/224/224 225/225/225 
f 224/224/224 226/226/226 225/225/225 
f 225/225/225 226/226/226 218/218/218 
f 226/226/226 227/227/227 218/218/218 
f 218/218/218 227/227/227 220/220/220 
f 227/227/227 228/228/228 220/220/220 
f 220/220/220 228/228/228 229/229/229 
f 228/228/228 230/230/230 229/229/229 
f 229/229/229 230/230/230 231/231/231 
f 230/230/230 232/232/232 231/231/231 
f 231/231/231 232/232/232 232/232/232 
f 232/232/232 224/224/224 232/232/232 
f 232/232/232 224/224/224 224/224/224 
f 224/224/224 233/233/233 224/224/224 
f 224/224/224 233/233/233 226/226/226 
f 233/233/233 234/234/234 226/226/226 
f 226/226/226 234/234/234 235/235/235 
f 234/234/234 236/236/236 235/235/235 
f 235/235/235 236/236/236 228/228/228 
f 236/236/236 237/237/237 228/228/228 
f 228/228/228 237/237/237 230/230/230 
f 237/237/237 238/238/238 230/230/230 
f 230/230/230 238/238/238 239/239/239 
f 238/238/238 240/240/240 239/239/239 
f 239/239/239 240/240/240 241/241/241 
f 240/240/240 242/242/242 241/241/241 
f 241/241/241 242/242/242 242/242/242 
f 242/242/242 234/234/234 242/242/242 
f 242/242/242 234/234/234 234/234/234 
f 234/234/234 243/243/243 234/234/234 
f 234/234/234 243/243/243 236/236/236 
f 243/243/243 244/244/244 236/236/236 
f 236/236/236 244/244/244 245/245/245 
f 244/244/244 246/246/246 245/245/245 
f 245/245/245 246/246/246 238/238/238 
f 246/246/246 247/247/247 238/238/238 
f 238/238/238 247/247/247 240/240/240 
f 247/247/247 248/248/248 240/240/240 
f 240/240/240 248/248/248 249/249/249 
f 248/248/248 250/250/250 249/249/249 
f 249/249/249 250/250/250 251/251/251 
f 250/250/250 252/252/252 251/251/251 
f 251/251/251 252/252/252 252/252/252 
f 252/252/252 244/244/244 252/252/252 
f 252/252/252 244/244/244 244/244/244 
f 244/244/244 253/253/253 244/244/244 
f 244/244/244 253/253/253 246/246/246 
f 253/253/253 254/254/254 246/246/246 
f 246/246/246 254/254/254 255/255/255 
f 254/254/254 256/256/256 255/255/255 
f 255/255/255 256/256/256 248/248/248 
f 256/256/256 257/257/257 248/248/248 
f 248/248/248 257/257/257 250/250/250 
f 257/257/257 258/258/258 250/250/250 
f 250/250/250 258/258/258 259/259/259 
f 258/258/258 260/260/260 259/259/259 
f 259/259/259 260/260/260 261/261/261 
f 260/260/260 262/262/262 261/261/261 
f 261/261/261 262/262/262 262/262/262 
f 262/262/262 254/254/254 262/262/262 
f 262/262/262 254/254/254 254/254/254 
f 254/254/254 263/263/263 254/254/254 
f 254/254/254 263/263/263 256/256/256 
f 263/263/263 264/264/264 256/256/256 
f 256/256/256 264/264/264 265/265/265 
f 264/264/264 266/266/266 265/265/265 
f 265/265/265 266/266/266 258/258/258 
f 266/266/266 267/267/267 258/258/258 
f 258/258/258 267/267/267 260/260/260 
f 267/267/267 268/268/268 260/260/260 
f 260/260/260 268/268/268 269/269/269 
f 268/268/268 270/270/270 269/269/269 
f 269/269/269 270/270/270 271/271/271 
f 270/270/270 272/272/272 271/271/271 
f 271/271/271 272/272/272 272/272/272 
f 272/272/272 264/264/264 272/272/272 
f 272/272/272 264/264/264 264/264/264 
f 264/264/264 273/273/273 264/264/264 
f 264/264/264 273/273/273 266/266/266 
f 273/273/273 274/274/274 266/266/266 
f 266/266/266 274/274/274 275/275/275 
f 274/274/274 276/276/276 275/275/275 
f 275/275/275 276/276/276 268/268/268 
f 276/276/276 277/277/277 268/268/268 
f 268/268/268 277/277/277 270/270/270 
f 277/277/277 278/278/278 270/270/270 
f 270/270/270 278/278/278 279/279/279 
f 278/278/278 280/280/280 279/279/279 
f 279/279/279 280/280/280 281/281/281 
f 280/280/280 282/282/282 281/281/281 
f 281/281/281 282/282/282 282/282/282 
f 282/282/282 274/274/274 282/282/282 
f 282/282/282 274/274/274 274/274/274 
f 274/274/274 283/283/283 274/274/274 
f 274/274/274 283/283/283 276/276/276 
f 283/283/283 284/284/284 276/276/276 
f 276/276/276 284/284/284 285/285/285 
f 284/284/284 286/286/286 285/285/285 
f 285/285/285 286/286/286 278/278/278 
f 286/286/286 287/287/287 278/278/278 
f 278/278/278 287/287/287 280/280/280 
f 287/287/287 288/288/288 280/280/280 
f 280/280/280 288/288/288 289/289/289 
f 288/288/288 290/290/290 289/289/289 
f 289/289/289 290/290/290 291/291/291 
f 290/290/290 292/292/292 291/291/291 
f 291/291/291 292/292/292 292/292/292 
f 292/292/292 284/284/284 292/292/292 
f 292/292/292 284/284/284 284/284/284 
f 284/284/284 293/293/293 284/284/284 
f 284/284/284 293/293/293 286/286/286 
f 293/293/293 294/294/294 286/286/286 
f 286/286/286 294/294/294 295/295/295 
f 294/294/294 296/296/296 295/295/295 
f 295/295/295 296/296/296 288/288/288 
f 296/296/296 297/297/297 288/288/288 
f 288/288/288 297/297/297 290/290/290 
f 297/297/297 298/298/298 290/290/290 
f 290/290/290 298/298/298 299/299/299 
f 298/298/298 300/300/300 299/299/299 
f 299/299/299 300/300/300 301/301/301 
f 300/300/300 302/302/302 301/301/301 
f 301/301/301 302/302/302 302/302/302 
f 302/302/302 294/294/294 302/302/302 
f 302/302/302 294/294/294 294/294/294 
f 294/294/294 303/303/303 294/294/294 
f 294/294/294 303/303/303 296/296/296 
f 303/303/303 304/304/304 296/296/296 
f 296/296/296 304/304/304 305/305/305 
f 304/304/304 306/306/306 305/305/305 
f 305/305/305 306/306/306 298/298/298 
f 306/306/306 307/307/307 298/298/298 
f 298/298/298 307/307/307 300/300/300 
f 307/307/307 308/308/308 300/300/300 
f 300/300/300 308/308/308 309/309/309 
f 308/308/308 310/310/310 309/309/309 
f 309/309/309 310/310/310 311/311/311 
f 310/310/310 312/312/312 311/311/311 
f 311/311/311 312/312/312 312/312/312 
f 312/312/312 304/304/304 312/312/312 
f 312/312/312 304/304/304 304/304/304 
f 304/304/304 313/313/313 304/304/304 
f 304/304/304 313/313/313 306/306/306 
f 313/313/313 314/314/314 306/306/306 
f 306/306/306 314/314/314 315/315/315 
f 314/314/314 316/316/316 315/315/315 
f 315/315/315 316/316/316 308/308/308 
f 316/316/316 317/317/317 308/308/308 
f 308/308/308 317/317/317 310/310/310 
f 317/317/317 318/318/318 310/310/310 
f 310/310/310 318/318/318 319/319/319 
f 318/318/318 320/320/320 319/319/319 
f 319/319/319 320/320/320 321/321/321 
f 320/320/320 322/322/322 321/321/321 
f 321/321/321 322/322/322 322/322/322 
f 322/322/322 314/314/314 322/322/322 
f 322/322/322 314/314/314 314/314/314 
f 314/314/314 323/323/323 314/314/314 
f 314/314/314 323/323/323 316/316/316 
f 323/323/323 324/324/324 316/316/316 
f 316/316/316 324/324/324 325/325/325 
f 324/324/324 326/326/326 325/325/325 
f 325/325/325 326/326/326 318/318/318 
f 326/326/326 327/327/327 318/318/318 
f 318/318/318 327/327/327 320/320/320 
f 327/327/327 328/328/328 320/320/320 
f 320/320/320 328/328/328 329/329/329 
f 328/328/328 330/330/330 329/329/329 
f 329/329/329 330/330/330 331/331/331 
f 330/330/330 332/332/332 331/331/331 
f 331/331/331 332/332/332 332/332/332 
f 332/332/332 324/324/324 332/332/332 
f 332/332/332 324/324/324 324/324/324 
f 324/324/324 333/333/333 324/324/324 
f 324/324/324 333/333/333 326/326/326 
f 333/333/333 334/334/334 326/326/326 
f 326/326/326 334/334/334 335/335/335 
f 334/334/334 336/336/336 335/335/335 
f 335/335/335 336/336/336 328/328/328 
f 336/336/336 337/337/337 328/328/328 
f 328/328/328 337/337/337 330/330/330 
f 337/337/337 330/330/330 330/330/330 
f 330/330/330 330/330/330 335/335/335 
f 330/330/330 335/335/335 335/335/335 
f 335/335/335 335/335/335 335/335/335 
f 335/335/335 328/328/328 335/335/335 
f 335/335/335 328/328/328 326/326/326 
f 328/328/328 327/327/327 326/326/326 
f 326/326/326 327/327/327 327/327/327 
f 327/327/327 119/119/119 327/327/327 
f 327/327/327 119/119/119 119/119/119 
f 119/119/119 117/117/117 119/119/119 
f 119/119/119 117/117/117 121/121/121 
f 117/117/117 338/338/338 121/121/121 
f 121/121/121 338/338/338 339/339/339 
f 338/338/338 339/339/339 339/339/339 
f 339/339/339 339/339/339 121/121/121 
f 339/339/339 121/121/121 121/121/121 
f 121/121/121 121/121/121 121/121/121 
f 121/121/121 339/339/339 121/121/121 
f 121/121/121 339/339/339 340/340/340 
f 339/339/339 341/341/341 340/340/340 
f 340/340/340 341/341/341 123/123/123 
f 341/341/341 342/342/342 123/123/123 
f 123/123/123 342/342/342 127/127/127 
f 342/342/342 127/127/127 127/127/127 
f 127/127/127 127/127/127 205/205/205 
f 127/127/127 205/205/205 205/205/205 
f 205/205/205 205/205/205 205/205/205 
f 205/205/205 198/198/198 205/205/205 
f 205/205/205 198/198/198 196/196/196 
f 198/198/198 197/197/197 196/196/196 
f 196/196/196 197/197/197 197/197/197 
f 197/197/197 225/225/225 197/197/197 
f 197/197/197 225/225/225 225/225/225 
f 225/225/225 218/218/218 225/225/225 
f 225/225/225 218/218/218 216/216/216 
f 218/218/218 217/217/217 216/216/216 
f 216/216/216 217/217/217 217/217/217 
f 217/217/217 235/235/235 217/217/217 
f 217/217/217 235/235/235 235/235/235 
f 235/235/235 228/228/228 235/235/235 
f 235/235/235 228/228/228 226/226/226 
f 228/228/228 227/227/227 226/226/226 
f 226/226/226 227/227/227 227/227/227 
f 227/227/227 255/255/255 227/227/227 
f 227/227/227 255/255/255 255/255/255 
f 255/255/255 248/248/248 255/255/255 
f 255/255/255 248/248/248 246/246/246 
f 248/248/248 247/247/247 246/246/246 
f 246/246/246 247/247/247 247/247/247 
f 247/247/247 237/237/237 247/247/247 
f 247/247/247 237/237/237 237/237/237 
f 237/237/237 236/236/236 237/237/237 
f 237/237/237 236/236/236 238/238/238 
f 236/236/236 245/245/245 238/238/238 
f 238/238/238 245/245/245 245/245/245 
f 245/245/245 185/185/185 245/245/245 
f 245/245/245 185/185/185 185/185/185 
f 185/185/185 178/178/178 185/185/185 
f 185/185/185 178/178/178 176/176/176 
f 178/178/178 177/177/177 176/176/176 
f 176/176/176 177/177/177 177/177/177 
f 177/177/177 265/265/265 177/177/177 
f 177/177/177 265/265/265 265/265/265 
f 265/265/265 258/258/258 265/265/265 
f 265/265/265 258/258/258 256/256/256 
f 258/258/258 257/257/257 256/256/256 
f 256/256/256 257/257/257 257/257/257 
f 257/257/257 165/165/165 257/257/257 
f 257/257/257 165/165/165 165/165/165 
f 165/165/165 158/158/158 165/165/165 
f 165/165/165 158/158/158 156/156/156 
f 158/158/158 157/157/157 156/156/156 
f 156/156/156 157/157/157 157/157/157 
f 157/157/157 187/187/187 157/157/157 
f 157/157/157 187/187/187 187/187/187 
f 187/187/187 186/186/186 187/187/187 
f 187/187/187 186/186/186 188/188/188 
f 186/186/186 195/195/195 188/188/188 
f 188/188/188 195/195/195 195/195/195 
f 195/195/195 305/305/305 195/195/195 
f 195/195/195 305/305/305 305/305/305 
f 305/305/305 298/298/298 305/305/305 
f 305/305/305 298/298/298 296/296/296 
f 298/298/298 297/297/297 296/296/296 
f 296/296/296 297/297/297 297/297/297 
f 297/297/297 343/343/343 297/297/297 
f 297/297/297 343/343/343 343/343/343 
f 343/343/343 344/344/344 343/343/343 
f 343/343/343 344/344/344 345/345/345 
f 344/344/344 346/346/346 345/345/345 
f 345/345/345 346/346/346 347/347/347 
f 346/346/346 348/348/348 347/347/347 
f 347/347/347 348/348/348 349/349/349 
f 348/348/348 350/350/350 349/349/349 
f 349/349/349 350/350/350 351/351/351 
f 350/350/350 352/352/352 351/351/351 
f 351/351/351 352/352/352 353/353/353 
f 352/352/352 354/354/354 353/353/353 
f 353/353/353 354/354/354 355/355/355 
f 354/354/354 356/356/356 355/355/355 
f 355/355/355 356/356/356 357/357/357 
f 356/356/356 358/358/358 357/357/357 
f 357/357/357 358/358/358 359/359/359 
f 358/358/358 360/360/360 359/359/359 
f 359/359/359 360/360/360 361/361/361 
f 360/360/360 362/362/362 361/361/361 
f 361/361/361 362/362/362 362/362/362 
f 362/362/362 348/348/348 362/362/362 
f 362/362/362 348/348/348 348/348/348 
f 348/348/348 363/363/363 348/348/348 
f 348/348/348 363/363/363 350/350/350 
f 363/363/363 364/364/364 350/350/350 
f 350/350/350 364/364/364 365/365/365 
f 364/364/364 366/366/366 365/365/365 
f 365/365/365 366/366/366 354/354/354 
f 366/366/366 367/367/367 354/354/354 
f 354/354/354 367/367/367 356/356/356 
f 367/367/367 368/368/368 356/356/356 
f 356/356/356 368/368/368 369/369/369 
f 368/368/368 370/370/370 369/369/369 
f 369/369/369 370/370/370 360/360/360 
f 370/370/370 371/371/371 360/360/360 
f 360/360/360 371/371/371 362/362/362 
f 371/371/371 104/104/104 362/362/362 
f 362/362/362 104/104/104 106/106/106 
f 104/104/104 106/106/106 106/106/106 
f 106/106/106 106/106/106 370/370/370 
f 106/106/106 370/370/370 370/370/370 
f 370/370/370 370/370/370 370/370/370 
f 370/370/370 368/368/368 370/370/370 
f 370/370/370 368/368/368 372/372/372 
f 368/368/368 373/373/373 372/372/372 
f 372/372/372 373/373/373 108/108/108 
f 373/373/373 374/374/374 108/108/108 
f 108/108/108 374/374/374 110/110/110 
f 374/374/374 375/375/375 110/110/110 
f 110/110/110 375/375/375 376/376/376 
f 375/375/375 377/377/377 376/376/376 
f 376/376/376 377/377/377 112/112/112 
f 377/377/377 378/378/378 112/112/112 
f 112/112/112 378/378/378 114/114/114 
f 378/378/378 114/114/114 114/114/114 
f 114/114/114 114/114/114 372/372/372 
f 114/114/114 372/372/372 372/372/372 
f 372/372/372 372/372/372 372/372/372 
f 372/372/372 108/108/108 372/372/372 
f 372/372/372 108/108/108 370/370/370 
f 108/108/108 107/107/107 370/370/370 
f 370/370/370 107/107/107 104/104/104 
f 107/107/107 104/104/104 104/104/104 
f 104/104/104 104/104/104 53/53/53 
f 104/104/104 53/53/53 53/53/53 
f 53/53/53 53/53/53 53/53/53 
f 53/53/53 52/52/52 53/53/53 
f 53/53/53 52/52/52 54/54/54 
f 52/52/52 64/64/64 54/54/54 
f 54/54/54 64/64/64 64/64/64 
f 64/64/64 379/379/379 64/64/64 
f 64/64/64 379/379/379 379/379/379 
f 379/379/379 380/380/380 379/379/379 
f 379/379/379 380/380/380 381/381/381 
f 380/380/380 382/382/382 381/381/381 
f 381/381/381 382/382/382 383/383/383 
f 382/382/382 384/384/384 383/383/383 
f 383/383/383 384/384/384 385/385/385 
f 384/384/384 385/385/385 385/385/385 
f 385/385/385 385/385/385 382/382/382 
f 385/385/385 382/382/382 382/382/382 
f 382/382/382 382/382/382 382/382/382 
f 382/382/382 380/380/380 382/382/382 
f 382/382/382 380/380/380 384/384/384 
f 380/380/380 386/386/386 384/384/384 
f 384/384/384 386/386/386 386/386/386 
f 386/386/386 345/345/345 386/386/386 
f 386/386/386 345/345/345 345/345/345 
f 345/345/345 347/347/347 345/345/345 
f 345/345/345 347/347/347 387/387/387 
f 347/347/347 388/388/388 387/387/387 
f 387/387/387 388/388/388 388/388/388 
f 388/388/388 347/347/347 388/388/388 
f 388/388/388 347/347/347 389/389/389 
f 347/347/347 351/351/351 389/389/389 
f 389/389/389 351/351/351 390/390/390 
f 351/351/351 391/391/391 390/390/390 
f 390/390/390 391/391/391 392/392/392 
f 391/391/391 353/353/353 392/392/392 
f 392/392/392 353/353/353 393/393/393 
f 353/353/353 357/357/357 393/393/393 
f 393/393/393 357/357/357 394/394/394 
f 357/357/357 395/395/395 394/394/394 
f 394/394/394 395/395/395 396/396/396 
f 395/395/395 396/396/396 396/396/396 
f 396/396/396 396/396/396 396/396/396 
f 396/396/396 397/397/397 396/396/396 
f 396/396/396 397/397/397 394/394/394 
f 397/397/397 398/398/398 394/394/394 
f 394/394/394 398/398/398 399/399/399 
f 398/398/398 400/400/400 399/399/399 
f 399/399/399 400/400/400 392/392/392 
f 400/400/400 401/401/401 392/392/392 
f 392/392/392 401/401/401 390/390/390 
f 401/401/401 402/402/402 390/390/390 
f 390/390/390 402/402/402 403/403/403 
f 402/402/402 403/403/403 403/403/403 
f 403/403/403 403/403/403 403/403/403 
f 403/403/403 388/388/388 403/403/403 
f 403/403/403 388/388/388 390/390/390 
f 388/388/388 389/389/389 390/390/390 
f 390/390/390 389/389/389 389/389/389 
f 389/389/389 367/367/367 389/389/389 
f 389/389/389 367/367/367 367/367/367 
f 367/367/367 366/366/366 367/367/367 
f 367/367/367 366/366/366 368/368/368 
f 366/366/366 404/404/404 368/368/368 
f 368/368/368 404/404/404 373/373/373 
f 404/404/404 405/405/405 373/373/373 
f 373/373/373 405/405/405 406/406/406 
f 405/405/405 407/407/407 406/406/406 
f 406/406/406 407/407/407 375/375/375 
f 407/407/407 408/408/408 375/375/375 
f 375/375/375 408/408/408 377/377/377 
f 408/408/408 377/377/377 377/377/377 
f 377/377/377 377/377/377 404/404/404 
f 377/377/377 404/404/404 404/404/404 
f 404/404/404 404/404/404 404/404/404 
f 404/404/404 366/366/366 404/404/404 
f 404/404/404 366/366/366 405/405/405 
f 366/366/366 409/409/409 405/405/405 
f 405/405/405 409/409/409 410/410/410 
f 409/409/409 364/364/364 410/410/410 
f 410/410/410 364/364/364 411/411/411 
f 364/364/364 412/412/412 411/411/411 
f 411/411/411 412/412/412 412/412/412 
f 412/412/412 364/364/364 412/412/412 
f 412/412/412 364/364/364 364/364/364 
f 364/364/364 363/363/363 364/364/364 
f 364/364/364 363/363/363 412/412/412 
f 363/363/363 348/348/348 412/412/412 
f 412/412/412 348/348/348 413/413/413 
f 348/348/348 344/344/344 413/413/413 
f 413/413/413 344/344/344 344/344/344 
f 344/344/344 401/401/401 344/344/344 
f 344/344/344 401/401/401 401/401/401 
f 401/401/401 400/400/400 401/401/401 
f 401/401/401 400/400/400 402/402/402 
f 400/400/400 414/414/414 402/402/402 
f 402/402/402 414/414/414 414/414/414 
f 414/414/414 400/400/400 414/414/414 
f 414/414/414 400/400/400 415/415/415 
f 400/400/400 416/416/416 415/415/415 
f 415/415/415 416/416/416 417/417/417 
f 416/416/416 398/398/398 417/417/417 
f 417/417/417 398/398/398 418/418/418 
f 398/398/398 419/419/419 418/418/418 
f 418/418/418 419/419/419 419/419/419 
f 419/419/419 398/398/398 419/419/419 
f 419/419/419 398/398/398 398/398/398 
f 398/398/398 397/397/397 398/398/398 
f 398/398/398 397/397/397 419/419/419 
f 397/397/397 396/396/396 419/419/419 
f 419/419/419 396/396/396 420/420/420 
f 396/396/396 420/420/420 420/420/420 
f 420/420/420 420/420/420 31/31/31 
f 420/420/420 31/31/31 31/31/31 
f 31/31/31 31/31/31 31/31/31 
f 31/31/31 33/33/33 31/31/31 
f 31/31/31 33/33/33 29/29/29 
f 33/33/33 51/51/51 29/29/29 
f 29/29/29 51/51/51 51/51/51 
f 51/51/51 374/374/374 51/51/51 
f 51/51/51 374/374/374 374/374/374 
f 374/374/374 373/373/373 374/374/374 
f 374/374/374 373/373/373 375/375/375 
f 373/373/373 406/406/406 375/375/375 
f 375/375/375 406/406/406 406/406/406 
f 406/406/406 407/407/407 406/406/406 
f 406/406/406 407/407/407 407/407/407 
f 407/407/407 405/405/405 407/407/407 
f 407/407/407 405/405/405 421/421/421 
f 405/405/405 410/410/410 421/421/421 
f 421/421/421 410/410/410 410/410/410 
f 410/410/410 55/55/55 410/410/410 
f 410/410/410 55/55/55 55/55/55 
f 55/55/55 23/23/23 55/55/55 
f 55/55/55 23/23/23 27/27/27 
f 23/23/23 25/25/25 27/27/27 
f 27/27/27 25/25/25 25/25/25 
f 25/25/25 145/145/145 25/25/25 
f 25/25/25 145/145/145 145/145/145 
f 145/145/145 139/139/139 145/145/145 
f 145/145/145 139/139/139 137/137/137 
f 139/139/139 138/138/138 137/137/137 
f 137/137/137 138/138/138 138/138/138 
f 138/138/138 82/82/82 138/138/138 
f 138/138/138 82/82/82 82/82/82 
f 82/82/82 84/84/84 82/82/82 
f 82/82/82 84/84/84 422/422/422 
f 84/84/84 423/423/423 422/422/422 
f 422/422/422 423/423/423 423/423/423 
f 423/423/423 84/84/84 423/423/423 
f 423/423/423 84/84/84 424/424/424 
f 84/84/84 425/425/425 424/424/424 
f 424/424/424 425/425/425 426/426/426 
f 425/425/425 427/427/427 426/426/426 
f 426/426/426 427/427/427 428/428/428 
f 427/427/427 428/428/428 428/428/428 
f 428/428/428 428/428/428 424/424/424 
f 428/428/428 424/424/424 424/424/424 
f 424/424/424 424/424/424 424/424/424 
f 424/424/424 426/426/426 424/424/424 
f 424/424/424 426/426/426 423/423/423 
f 426/426/426 429/429/429 423/423/423 
f 423/423/423 429/429/429 429/429/429 
f 429/429/429 426/426/426 429/429/429 
f 429/429/429 426/426/426 430/430/430 
f 426/426/426 431/431/431 430/430/430 
f 430/430/430 431/431/431 432/432/432 
f 431/431/431 428/428/428 432/432/432 
f 432/432/432 428/428/428 433/433/433 
f 428/428/428 433/433/433 433/433/433 
f 433/433/433 433/433/433 433/433/433 
f 433/433/433 434/434/434 433/433/433 
f 433/433/433 434/434/434 432/432/432 
f 434/434/434 435/435/435 432/432/432 
f 432/432/432 435/435/435 436/436/436 
f 435/435/435 437/437/437 436/436/436 
f 436/436/436 437/437/437 438/438/438 
f 437/437/437 439/439/439 438/438/438 
f 438/438/438 439/439/439 439/439/439 
f 439/439/439 435/435/435 439/439/439 
f 439/439/439 435/435/435 435/435/435 
f 435/435/435 434/434/434 435/435/435 
f 435/435/435 434/434/434 437/437/437 
f 434/434/434 440/440/440 437/437/437 
f 437/437/437 440/440/440 441/441/441 
f 440/440/440 441/441/441 441/441/441 
f 441/441/441 441/441/441 437/437/437 
f 441/441/441 437/437/437 437/437/437 
f 437/437/437 437/437/437 437/437/437 
f 437/437/437 441/441/441 437/437/437 
f 437/437/437 441/441/441 442/442/442 
f 441/441/441 443/443/443 442/442/442 
f 442/442/442 443/443/443 439/439/439 
f 443/443/443 444/444/444 439/439/439 
f 439/439/439 444/444/444 444/444/444 
f 444/444/444 376/376/376 444/444/444 
f 444/444/444 376/376/376 376/376/376 
f 376/376/376 112/112/112 376/376/376 
f 376/376/376 112/112/112 110/110/110 
f 112/112/112 111/111/111 110/110/110 
f 110/110/110 111/111/111 111/111/111 
f 111/111/111 445/445/445 111/111/111 
f 111/111/111 445/445/445 445/445/445 
f 445/445/445 446/446/446 445/445/445 
f 445/445/445 446/446/446 447/447/447 
f 446/446/446 448/448/448 447/447/447 
f 447/447/447 448/448/448 449/449/449 
f 448/448/448 450/450/450 449/449/449 
f 449/449/449 450/450/450 451/451/451 
f 450/450/450 452/452/452 451/451/451 
f 451/451/451 452/452/452 453/453/453 
f 452/452/452 454/454/454 453/453/453 
f 453/453/453 454/454/454 455/455/455 
f 454/454/454 456/456/456 455/455/455 
f 455/455/455 456/456/456 457/457/457 
f 456/456/456 457/457/457 457/457/457 
f 457/457/457 457/457/457 455/455/455 
f 457/457/457 455/455/455 455/455/455 
f 455/455/455 455/455/455 455/455/455 
f 455/455/455 458/458/458 455/455/455 
f 455/455/455 458/458/458 453/453/453 
f 458/458/458 459/459/459 453/453/453 
f 453/453/453 459/459/459 460/460/460 
f 459/459/459 461/461/461 460/460/460 
f 460/460/460 461/461/461 449/449/449 
f 461/461/461 462/462/462 449/449/449 
f 449/449/449 462/462/462 447/447/447 
f 462/462/462 447/447/447 447/447/447 
f 447/447/447 447/447/447 460/460/460 
f 447/447/447 460/460/460 460/460/460 
f 460/460/460 460/460/460 460/460/460 
f 460/460/460 449/449/449 460/460/460 
f 460/460/460 449/449/449 453/453/453 
f 449/449/449 451/451/451 453/453/453 
f 453/453/453 451/451/451 451/451/451 
f 451/451/451 463/463/463 451/451/451 
f 451/451/451 463/463/463 463/463/463 
f 463/463/463 464/464/464 463/463/463 
f 463/463/463 464/464/464 465/465/465 
f 464/464/464 466/466/466 465/465/465 
f 465/465/465 466/466/466 24/24/24 
f 466/466/466 26/26/26 24/24/24 
f 24/24/24 26/26/26 26/26/26 
f 26/26/26 466/466/466 26/26/26 
f 26/26/26 466/466/466 466/466/466 
f 466/466/466 464/464/464 466/466/466 
f 466/466/466 464/464/464 26/26/26 
f 464/464/464 467/467/467 26/26/26 
f 26/26/26 467/467/467 30/30/30 
f 467/467/467 468/468/468 30/30/30 
f 30/30/30 468/468/468 469/469/469 
f 468/468/468 470/470/470 469/469/469 
f 469/469/469 470/470/470 32/32/32 
f 470/470/470 471/471/471 32/32/32 
f 32/32/32 471/471/471 36/36/36 
f 471/471/471 472/472/472 36/36/36 
f 36/36/36 472/472/472 473/473/473 
f 472/472/472 474/474/474 473/473/473 
f 473/473/473 474/474/474 38/38/38 
f 474/474/474 475/475/475 38/38/38 
f 38/38/38 475/475/475 42/42/42 
f 475/475/475 476/476/476 42/42/42 
f 42/42/42 476/476/476 477/477/477 
f 476/476/476 478/478/478 477/477/477 
f 477/477/477 478/478/478 44/44/44 
f 478/478/478 479/479/479 44/44/44 
f 44/44/44 479/479/479 479/479/479 
f 479/479/479 468/468/468 479/479/479 
f 479/479/479 468/468/468 468/468/468 
f 468/468/468 480/480/480 468/468/468 
f 468/468/468 480/480/480 470/470/470 
f 480/480/480 481/481/481 470/470/470 
f 470/470/470 481/481/481 482/482/482 
f 481/481/481 483/483/483 482/482/482 
f 482/482/482 483/483/483 472/472/472 
f 483/483/483 484/484/484 472/472/472 
f 472/472/472 484/484/484 474/474/474 
f 484/484/484 485/485/485 474/474/474 
f 474/474/474 485/485/485 486/486/486 
f 485/485/485 487/487/487 486/486/486 
f 486/486/486 487/487/487 476/476/476 
f 487/487/487 488/488/488 476/476/476 
f 476/476/476 488/488/488 478/478/478 
f 488/488/488 489/489/489 478/478/478 
f 478/478/478 489/489/489 490/490/490 
f 489/489/489 491/491/491 490/490/490 
f 490/490/490 491/491/491 492/492/492 
f 491/491/491 493/493/493 492/492/492 
f 492/492/492 493/493/493 493/493/493 
f 493/493/493 481/481/481 493/493/493 
f 493/493/493 481/481/481 481/481/481 
f 481/481/481 494/494/494 481/481/481 
f 481/481/481 494/494/494 483/483/483 
f 494/494/494 495/495/495 483/483/483 
f 483/483/483 495/495/495 496/496/496 
f 495/495/495 497/497/497 496/496/496 
f 496/496/496 497/497/497 485/485/485 
f 497/497/497 498/498/498 485/485/485 
f 485/485/485 498/498/498 487/487/487 
f 498/498/498 499/499/499 487/487/487 
f 487/487/487 499/499/499 500/500/500 
f 499/499/499 501/501/501 500/500/500 
f 500/500/500 501/501/501 489/489/489 
f 501/501/501 502/502/502 489/489/489 
f 489/489/489 502/502/502 491/491/491 
f 502/502/502 503/503/503 491/491/491 
f 491/491/491 503/503/503 504/504/504 
f 503/503/503 505/505/505 504/504/504 
f 504/504/504 505/505/505 506/506/506 
f 505/505/505 507/507/507 506/506/506 
f 506/506/506 507/507/507 507/507/507 
f 507/507/507 495/495/495 507/507/507 
f 507/507/507 495/495/495 495/495/495 
f 495/495/495 508/508/508 495/495/495 
f 495/495/495 508/508/508 497/497/497 
f 508/508/508 509/509/509 497/497/497 
f 497/497/497 509/509/509 510/510/510 
f 509/509/509 511/511/511 510/510/510 
f 510/510/510 511/511/511 499/499/499 
f 511/511/511 512/512/512 499/499/499 
f 499/499/499 512/512/512 501/501/501 
f 512/512/512 513/513/513 501/501/501 
f 501/501/501 513/513/513 514/514/514 
f 513/513/513 515/515/515 514/514/514 
f 514/514/514 515/515/515 503/503/503 
f 515/515/515 516/516/516 503/503/503 
f 503/503/503 516/516/516 505/505/505 
f 516/516/516 505/505/505 505/505/505 
f 505/505/505 505/505/505 510/510/510 
f 505/505/505 510/510/510 510/510/510 
f 510/510/510 510/510/510 510/510/510 
f 510/510/510 499/499/499 510/510/510 
f 510/510/510 499/499/499 497/497/497 
f 499/499/499 498/498/498 497/497/497 
f 497/497/497 498/498/498 498/498/498 
f 498/498/498 358/358/358 498/498/498 
f 498/498/498 358/358/358 358/358/358 
f 358/358/358 356/356/356 358/358/358 
f 358/358/358 356/356/356 360/360/360 
f 356/356/356 369/369/369 360/360/360 
f 360/360/360 369/369/369 369/369/369 
f 369/369/369 502/502/502 369/369/369 
f 369/369/369 502/502/502 502/502/502 
f 502/502/502 501/501/501 502/502/502 
f 502/502/502 501/501/501 503/503/503 
f 501/501/501 514/514/514 503/503/503 
f 503/503/503 514/514/514 514/514/514 
f 514/514/514 486/486/486 514/514/514 
f 514/514/514 486/486/486 486/486/486 
f 486/486/486 476/476/476 486/486/486 
f 486/486/486 476/476/476 474/474/474 
f 476/476/476 475/475/475 474/474/474 
f 474/474/474 475/475/475 475/475/475 
f 475/475/475 482/482/482 475/475/475 
f 475/475/475 482/482/482 482/482/482 
f 482/482/482 472/472/472 482/482/482 
f 482/482/482 472/472/472 470/470/470 
f 472/472/472 471/471/471 470/470/470 
f 470/470/470 471/471/471 471/471/471 
f 471/471/471 448/448/448 471/471/471 
f 471/471/471 448/448/448 448/448/448 
f 448/448/448 446/446/446 448/448/448 
f 448/448/448 446/446/446 450/450/450 
f 446/446/446 517/517/517 450/450/450 
f 450/450/450 517/517/517 518/518/518 
f 517/517/517 518/518/518 518/518/518 
f 518/518/518 518/518/518 450/450/450 
f 518/518/518 450/450/450 450/450/450 
f 450/450/450 450/450/450 450/450/450 
f 450/450/450 518/518/518 450/450/450 
f 450/450/450 518/518/518 519/519/519 
f 518/518/518 520/520/520 519/519/519 
f 519/519/519 520/520/520 452/452/452 
f 520/520/520 521/521/521 452/452/452 
f 452/452/452 521/521/521 456/456/456 
f 521/521/521 456/456/456 456/456/456 
f 456/456/456 456/456/456 508/508/508 
f 456/456/456 508/508/508 508/508/508 
f 508/508/508 508/508/508 508/508/508 
f 508/508/508 522/522/522 508/508/508 
f 508/508/508 522/522/522 509/509/509 
f 522/522/522 523/523/523 509/509/509 
f 509/509/509 523/523/523 524/524/524 
f 523/523/523 525/525/525 524/524/524 
f 524/524/524 525/525/525 526/526/526 
f 525/525/525 527/527/527 526/526/526 
f 526/526/526 527/527/527 528/528/528 
f 527/527/527 529/529/529 528/528/528 
f 528/528/528 529/529/529 530/530/530 
f 529/529/529 531/531/531 530/530/530 
f 530/530/530 531/531/531 532/532/532 
f 531/531/531 533/533/533 532/532/532 
f 532/532/532 533/533/533 533/533/533 
f 533/533/533 530/530/530 533/533/533 
f 533/533/533 530/530/530 530/530/530 
f 530/530/530 534/534/534 530/530/530 
f 530/530/530 534/534/534 528/528/528 
f 534/534/534 535/535/535 528/528/528 
f 528/528/528 535/535/535 536/536/536 
f 535/535/535 537/537/537 536/536/536 
f 536/536/536 537/537/537 524/524/524 
f 537/537/537 538/538/538 524/524/524 
f 524/524/524 538/538/538 509/509/509 
f 538/538/538 511/511/511 509/509/509 
f 509/509/509 511/511/511 511/511/511 
f 511/511/511 535/535/535 511/511/511 
f 511/511/511 535/535/535 535/535/535 
f 535/535/535 539/539/539 535/535/535 
f 535/535/535 539/539/539 537/537/537 
f 539/539/539 540/540/540 537/537/537 
f 537/537/537 540/540/540 541/541/541 
f 540/540/540 513/513/513 541/541/541 
f 541/541/541 513/513/513 511/511/511 
f 513/513/513 512/512/512 511/511/511 
f 511/511/511 512/512/512 512/512/512 
f 512/512/512 541/541/541 512/512/512 
f 512/512/512 541/541/541 541/541/541 
f 541/541/541 511/511/511 541/541/541 
f 541/541/541 511/511/511 537/537/537 
f 511/511/511 538/538/538 537/537/537 
f 537/537/537 538/538/538 538/538/538 
f 538/538/538 155/155/155 538/538/538 
f 538/538/538 155/155/155 155/155/155 
f 155/155/155 148/148/148 155/155/155 
f 155/155/155 148/148/148 146/146/146 
f 148/148/148 147/147/147 146/146/146 
f 146/146/146 147/147/147 147/147/147 
f 147/147/147 536/536/536 147/147/147 
f 147/147/147 536/536/536 536/536/536 
f 536/536/536 524/524/524 536/536/536 
f 536/536/536 524/524/524 528/528/528 
f 524/524/524 526/526/526 528/528/528 
f 528/528/528 526/526/526 526/526/526 
f 526/526/526 523/523/523 526/526/526 
f 526/526/526 523/523/523 523/523/523 
f 523/523/523 522/522/522 523/523/523 
f 523/523/523 522/522/522 525/525/525 
f 522/522/522 542/542/542 525/525/525 
f 525/525/525 542/542/542 543/543/543 
f 542/542/542 543/543/543 543/543/543 
f 543/543/543 543/543/543 525/525/525 
f 543/543/543 525/525/525 525/525/525 
f 525/525/525 525/525/525 525/525/525 
f 525/525/525 543/543/543 525/525/525 
f 525/525/525 543/543/543 544/544/544 
f 543/543/543 545/545/545 544/544/544 
f 544/544/544 545/545/545 527/527/527 
f 545/545/545 546/546/546 527/527/527 
f 527/527/527 546/546/546 531/531/531 
f 546/546/546 547/547/547 531/531/531 
f 531/531/531 547/547/547 548/548/548 
f 547/547/547 549/549/549 548/548/548 
f 548/548/548 549/549/549 533/533/533 
f 549/549/549 550/550/550 533/533/533 
f 533/533/533 550/550/550 550/550/550 
f 550/550/550 543/543/543 550/550/550 
f 550/550/550 543/543/543 543/543/543 
f 543/543/543 551/551/551 543/543/543 
f 543/543/543 551/551/551 545/545/545 
f 551/551/551 552/552/552 545/545/545 
f 545/545/545 552/552/552 553/553/553 
f 552/552/552 554/554/554 553/553/553 
f 553/553/553 554/554/554 547/547/547 
f 554/554/554 555/555/555 547/547/547 
f 547/547/547 555/555/555 549/549/549 
f 555/555/555 556/556/556 549/549/549 
f 549/549/549 556/556/556 557/557/557 
f 556/556/556 558/558/558 557/557/557 
f 557/557/557 558/558/558 559/559/559 
f 558/558/558 560/560/560 559/559/559 
f 559/559/559 560/560/560 560/560/560 
f 560/560/560 552/552/552 560/560/560 
f 560/560/560 552/552/552 552/552/552 
f 552/552/552 561/561/561 552/552/552 
f 552/552/552 561/561/561 554/554/554 
f 561/561/561 562/562/562 554/554/554 
f 554/554/554 562/562/562 563/563/563 
f 562/562/562 564/564/564 563/563/563 
f 563/563/563 564/564/564 556/556/556 
f 564/564/564 565/565/565 556/556/556 
f 556/556/556 565/565/565 558/558/558 
f 565/565/565 566/566/566 558/558/558 
f 558/558/558 566/566/566 567/567/567 
f 566/566/566 568/568/568 567/567/567 
f 567/567/567 568/568/568 569/569/569 
f 568/568/568 570/570/570 569/569/569 
f 569/569/569 570/570/570 570/570/570 
f 570/570/570 562/562/562 570/570/570 
f 570/570/570 562/562/562 562/562/562 
f 562/562/562 571/571/571 562/562/562 
f 562/562/562 571/571/571 564/564/564 
f 571/571/571 572/572/572 564/564/564 
f 564/564/564 572/572/572 573/573/573 
f 572/572/572 574/574/574 573/573/573 
f 573/573/573 574/574/574 566/566/566 
f 574/574/574 575/575/575 566/566/566 
f 566/566/566 575/575/575 568/568/568 
f 575/575/575 576/576/576 568/568/568 
f 568/568/568 576/576/576 577/577/577 
f 576/576/576 578/578/578 577/577/577 
f 577/577/577 578/578/578 579/579/579 
f 578/578/578 580/580/580 579/579/579 
f 579/579/579 580/580/580 580/580/580 
f 580/580/580 572/572/572 580/580/580 
f 580/580/580 572/572/572 572/572/572 
f 572/572/572 581/581/581 572/572/572 
f 572/572/572 581/581/581 574/574/574 
f 581/581/581 582/582/582 574/574/574 
f 574/574/574 582/582/582 583/583/583 
f 582/582/582 584/584/584 583/583/583 
f 583/583/583 584/584/584 576/576/576 
f 584/584/584 585/585/585 576/576/576 
f 576/576/576 585/585/585 578/578/578 
f 585/585/585 586/586/586 578/578/578 
f 578/578/578 586/586/586 587/587/587 
f 586/586/586 588/588/588 587/587/587 
f 587/587/587 588/588/588 589/589/589 
f 588/588/588 590/590/590 589/589/589 
f 589/589/589 590/590/590 590/590/590 
f 590/590/590 582/582/582 590/590/590 
f 590/590/590 582/582/582 582/582/582 
f 582/582/582 591/591/591 582/582/582 
f 582/582/582 591/591/591 584/584/584 
f 591/591/591 592/592/592 584/584/584 
f 584/584/584 592/592/592 593/593/593 
f 592/592/592 594/594/594 593/593/593 
f 593/593/593 594/594/594 586/586/586 
f 594/594/594 595/595/595 586/586/586 
f 586/586/586 595/595/595 588/588/588 
f 595/595/595 596/596/596 588/588/588 
f 588/588/588 596/596/596 597/597/597 
f 596/596/596 598/598/598 597/597/597 
f 597/597/597 598/598/598 599/599/599 
f 598/598/598 600/600/600 599/599/599 
f 599/599/599 600/600/600 600/600/600 
f 600/600/600 592/592/592 600/600/600 
f 600/600/600 592/592/592 592/592/592 
f 592/592/592 601/601/601 592/592/592 
f 592/592/592 601/601/601 594/594/594 
f 601/601/601 602/602/602 594/594/594 
f 594/594/594 602/602/602 603/603/603 
f 602/602/602 604/604/604 603/603/603 
f 603/603/603 604/604/604 596/596/596 
f 604/604/604 605/605/605 596/596/596 
f 596/596/596 605/605/605 598/598/598 
f 605/605/605 606/606/606 598/598/598 
f 598/598/598 606/606/606 607/607/607 
f 606/606/606 608/608/608 607/607/607 
f 607/607/607 608/608/608 609/609/609 
f 608/608/608 610/610/610 609/609/609 
f 609/609/609 610/610/610 610/610/610 
f 610/610/610 602/602/602 610/610/610 
f 610/610/610 602/602/602 602/602/602 
f 602/602/602 611/611/611 602/602/602 
f 602/602/602 611/611/611 604/604/604 
f 611/611/611 612/612/612 604/604/604 
f 604/604/604 612/612/612 613/613/613 
f 612/612/612 614/614/614 613/613/613 
f 613/613/613 614/614/614 606/606/606 
f 614/614/614 615/615/615 606/606/606 
f 606/606/606 615/615/615 608/608/608 
f 615/615/615 616/616/616 608/608/608 
f 608/608/608 616/616/616 617/617/617 
f 616/616/616 618/618/618 617/617/617 
f 617/617/617 618/618/618 619/619/619 
f 618/618/618 620/620/620 619/619/619 
f 619/619/619 620/620/620 620/620/620 
f 620/620/620 612/612/612 620/620/620 
f 620/620/620 612/612/612 612/612/612 
f 612/612/612 621/621/621 612/612/612 
f 612/612/612 621/621/621 614/614/614 
f 621/621/621 622/622/622 614/614/614 
f 614/614/614 622/622/622 623/623/623 
f 622/622/622 624/624/624 623/623/623 
f 623/623/623 624/624/624 616/616/616 
f 624/624/624 625/625/625 616/616/616 
f 616/616/616 625/625/625 618/618/618 
f 625/625/625 626/626/626 618/618/618 
f 618/618/618 626/626/626 627/627/627 
f 626/626/626 628/628/628 627/627/627 
f 627/627/627 628/628/628 629/629/629 
f 628/628/628 630/630/630 629/629/629 
f 629/629/629 630/630/630 630/630/630 
f 630/630/630 622/622/622 630/630/630 
f 630/630/630 622/622/622 622/622/622 
f 622/622/622 631/631/631 622/622/622 
f 622/622/622 631/631/631 624/624/624 
f 631/631/631 632/632/632 624/624/624 
f 624/624/624 632/632/632 633/633/633 
f 632/632/632 634/634/634 633/633/633 
f 633/633/633 634/634/634 626/626/626 
f 634/634/634 635/635/635 626/626/626 
f 626/626/626 635/635/635 628/628/628 
f 635/635/635 636/636/636 628/628/628 
f 628/628/628 636/636/636 637/637/637 
f 636/636/636 638/638/638 637/637/637 
f 637/637/637 638/638/638 639/639/639 
f 638/638/638 640/640/640 639/639/639 
f 639/639/639 640/640/640 640/640/640 
f 640/640/640 632/632/632 640/640/640 
f 640/640/640 632/632/632 632/632/632 
f 632/632/632 641/641/641 632/632/632 
f 632/632/632 641/641/641 634/634/634 
f 641/641/641 642/642/642 634/634/634 
f 634/634/634 642/642/642 643/643/643 
f 642/642/642 644/644/644 643/643/643 
f 643/643/643 644/644/644 636/636/636 
f 644/644/644 645/645/645 636/636/636 
f 636/636/636 645/645/645 638/638/638 
f 645/645/645 646/646/646 638/638/638 
f 638/638/638 646/646/646 647/647/647 
f 646/646/646 648/648/648 647/647/647 
f 647/647/647 648/648/648 649/649/649 
f 648/648/648 650/650/650 649/649/649 
f 649/649/649 650/650/650 650/650/650 
f 650/650/650 642/642/642 650/650/650 
f 650/650/650 642/642/642 642/642/642 
f 642/642/642 651/651/651 642/642/642 
f 642/642/642 651/651/651 644/644/644 
f 651/651/651 652/652/652 644/644/644 
f 644/644/644 652/652/652 653/653/653 
f 652/652/652 654/654/654 653/653/653 
f 653/653/653 654/654/654 646/646/646 
f 654/654/654 655/655/655 646/646/646 
f 646/646/646 655/655/655 648/648/648 
f 655/655/655 656/656/656 648/648/648 
f 648/648/648 656/656/656 657/657/657 
f 656/656/656 658/658/658 657/657/657 
f 657/657/657 658/658/658 659/659/659 
f 658/658/658 660/660/660 659/659/659 
f 659/659/659 660/660/660 660/660/660 
f 660/660/660 652/652/652 660/660/660 
f 660/660/660 652/652/652 652/652/652 
f 652/652/652 661/661/661 652/652/652 
f 652/652/652 661/661/661 654/654/654 
f 661/661/661 662/662/662 654/654/654 
f 654/654/654 662/662/662 663/663/663 
f 662/662/662 664/664/664 663/663/663 
f 663/663/663 664/664/664 656/656/656 
f 664/664/664 665/665/665 656/656/656 
f 656/656/656 665/665/665 658/658/658 
f 665/665/665 666/666/666 658/658/658 
f 658/658/658 666/666/666 667/667/667 
f 666/666/666 668/668/668 667/667/667 
f 667/667/667 668/668/668 669/669/669 
f 668/668/668 670/670/670 669/669/669 
f 669/669/669 670/670/670 670/670/670 
f 670/670/670 662/662/662 670/670/670 
f 670/670/670 662/662/662 662/662/662 
f 662/662/662 671/671/671 662/662/662 
f 662/662/662 671/671/671 664/664/664 
f 671/671/671 672/672/672 664/664/664 
f 664/664/664 672/672/672 673/673/673 
f 672/672/672 674/674/674 673/673/673 
f 673/673/673 674/674/674 666/666/666 
f 674/674/674 675/675/675 666/666/666 
f 666/666/666 675/675/675 668/668/668 
f 675/675/675 676/676/676 668/668/668 
f 668/668/668 676/676/676 677/677/677 
f 676/676/676 678/678/678 677/677/677 
f 677/677/677 678/678/678 679/679/679 
f 678/678/678 680/680/680 679/679/679 
f 679/679/679 680/680/680 680/680/680 
f 680/680/680 672/672/672 680/680/680 
f 680/680/680 672/672/672 672/672/672 
f 672/672/672 681/681/681 672/672/672 
f 672/672/672 681/681/681 674/674/674 
f 681/681/681 682/682/682 674/674/674 
f 674/674/674 682/682/682 683/683/683 
f 682/682/682 684/684/684 683/683/683 
f 683/683/683 684/684/684 676/676/676 
f 684/684/684 685/685/685 676/676/676 
f 676/676/676 685/685/685 678/678/678 
f 685/685/685 686/686/686 678/678/678 
f 678/678/678 686/686/686 687/687/687 
f 686/686/686 11/11/11 687/687/687 
f 687/687/687 11/11/11 688/688/688 
f 11/11/11 13/13/13 688/688/688 
f 688/688/688 13/13/13 13/13/13 
f 13/13/13 682/682/682 13/13/13 
f 13/13/13 682/682/682 682/682/682 
f 682/682/682 689/689/689 682/682/682 
f 682/682/682 689/689/689 684/684/684 
f 689/689/689 690/690/690 684/684/684 
f 684/684/684 690/690/690 691/691/691 
f 690/690/690 15/15/15 691/691/691 
f 691/691/691 15/15/15 686/686/686 
f 15/15/15 14/14/14 686/686/686 
f 686/686/686 14/14/14 11/11/11 
f 14/14/14 11/11/11 11/11/11 
f 11/11/11 11/11/11 691/691/691 
f 11/11/11 691/691/691 691/691/691 
f 691/691/691 691/691/691 691/691/691 
f 691/691/691 686/686/686 691/691/691 
f 691/691/691 686/686/686 684/684/684 
f 686/686/686 685/685/685 684/684/684 
f 684/684/684 685/685/685 685/685/685 
f 685/685/685 4/4/4 685/685/685 
f 685/685/685 4/4/4 4/4/4 
f 4/4/4 2/2/2 4/4/4 
f 4/4/4 2/2/2 6/6/6 
f 2/2/2 692/692/692 6/6/6 
f 6/6/6 692/692/692 693/693/693 
f 692/692/692 693/693/693 693/693/693 
f 693/693/693 693/693/693 6/6/6 
f 693/693/693 6/6/6 6/6/6 
f 6/6/6 6/6/6 6/6/6 
f 6/6/6 693/693/693 6/6/6 
f 6/6/6 693/693/693 694/694/694 
f 693/693/693 695/695/695 694/694/694 
f 694/694/694 695/695/695 8/8/8 
f 695/695/695 696/696/696 8/8/8 
f 8/8/8 696/696/696 12/12/12 
f 696/696/696 12/12/12 12/12/12 
f 12/12/12 12/12/12 553/553/553 
f 12/12/12 553/553/553 553/553/553 
f 553/553/553 553/553/553 553/553/553 
f 553/553/553 547/547/547 553/553/553 
f 553/553/553 547/547/547 545/545/545 
f 547/547/547 546/546/546 545/545/545 
f 545/545/545 546/546/546 546/546/546 
f 546/546/546 583/583/583 546/546/546 
f 546/546/546 583/583/583 583/583/583 
f 583/583/583 576/576/576 583/583/583 
f 583/583/583 576/576/576 574/574/574 
f 576/576/576 575/575/575 574/574/574 
f 574/574/574 575/575/575 575/575/575 
f 575/575/575 585/585/585 575/575/575 
f 575/575/575 585/585/585 585/585/585 
f 585/585/585 584/584/584 585/585/585 
f 585/585/585 584/584/584 586/586/586 
f 584/584/584 593/593/593 586/586/586 
f 586/586/586 593/593/593 593/593/593 
f 593/593/593 595/595/595 593/593/593 
f 593/593/593 595/595/595 595/595/595 
f 595/595/595 594/594/594 595/595/595 
f 595/595/595 594/594/594 596/596/596 
f 594/594/594 603/603/603 596/596/596 
f 596/596/596 603/603/603 603/603/603 
f 603/603/603 655/655/655 603/603/603 
f 603/603/603 655/655/655 655/655/655 
f 655/655/655 654/654/654 655/655/655 
f 655/655/655 654/654/654 656/656/656 
f 654/654/654 663/663/663 656/656/656 
f 656/656/656 663/663/663 663/663/663 
f 663/663/663 645/645/645 663/663/663 
f 663/663/663 645/645/645 645/645/645 
f 645/645/645 644/644/644 645/645/645 
f 645/645/645 644/644/644 646/646/646 
f 644/644/644 653/653/653 646/646/646 
f 646/646/646 653/653/653 653/653/653 
f 653/653/653 677/677/677 653/653/653 
f 653/653/653 677/677/677 677/677/677 
f 677/677/677 679/679/679 677/677/677 
f 677/677/677 679/679/679 668/668/668 
f 679/679/679 670/670/670 668/668/668 
f 668/668/668 670/670/670 670/670/670 
f 670/670/670 620/620/620 670/670/670 
f 670/670/670 620/620/620 620/620/620 
f 620/620/620 618/618/618 620/620/620 
f 620/620/620 618/618/618 629/629/629 
f 618/618/618 627/627/627 629/629/629 
f 629/629/629 627/627/627 627/627/627 
f 627/627/627 557/557/557 627/627/627 
f 627/627/627 557/557/557 557/557/557 
f 557/557/557 559/559/559 557/557/557 
f 557/557/557 559/559/559 549/549/549 
f 559/559/559 550/550/550 549/549/549 
f 549/549/549 550/550/550 550/550/550 
f 550/550/550 637/637/637 550/550/550 
f 550/550/550 637/637/637 637/637/637 
f 637/637/637 639/639/639 637/637/637 
f 637/637/637 639/639/639 628/628/628 
f 639/639/639 630/630/630 628/628/628 
f 628/628/628 630/630/630 630/630/630 
f 630/630/630 352/352/352 630/630/630 
f 630/630/630 352/352/352 352/352/352 
f 352/352/352 350/350/350 352/352/352 
f 352/352/352 350/350/350 354/354/354 
f 350/350/350 365/365/365 354/354/354 
f 354/354/354 365/365/365 365/365/365 
f 365/365/365 399/399/399 365/365/365 
f 365/365/365 399/399/399 399/399/399 
f 399/399/399 392/392/392 399/399/399 
f 399/399/399 392/392/392 394/394/394 
f 392/392/392 393/393/393 394/394/394 
f 394/394/394 393/393/393 393/393/393 
f 393/393/393 570/570/570 393/393/393 
f 393/393/393 570/570/570 570/570/570 
f 570/570/570 568/568/568 570/570/570 
f 570/570/570 568/568/568 579/579/579 
f 568/568/568 577/577/577 579/579/579 
f 579/579/579 577/577/577 577/577/577 
f 577/577/577 149/149/149 577/577/577 
f 577/577/577 149/149/149 149/149/149 
f 149/149/149 151/151/151 149/149/149 
f 149/149/149 151/151/151 141/141/141 
f 151/151/151 142/142/142 141/141/141 
f 141/141/141 142/142/142 142/142/142 
f 142/142/142 613/613/613 142/142/142 
f 142/142/142 613/613/613 613/613/613 
f 613/613/613 606/606/606 613/613/613 
f 613/613/613 606/606/606 604/604/604 
f 606/606/606 605/605/605 604/604/604 
f 604/604/604 605/605/605 605/605/605 
f 605/605/605 697/697/697 605/605/605 
f 605/605/605 697/697/697 697/697/697 
f 697/697/697 698/698/698 697/697/697 
f 697/697/697 698/698/698 699/699/699 
f 698/698/698 700/700/700 699/699/699 
f 699/699/699 700/700/700 701/701/701 
f 700/700/700 702/702/702 701/701/701 
f 701/701/701 702/702/702 703/703/703 
f 702/702/702 703/703/703 703/703/703 
f 703/703/703 703/703/703 700/700/700 
f 703/703/703 700/700/700 700/700/700 
f 700/700/700 700/700/700 700/700/700 
f 700/700/700 698/698/698 700/700/700 
f 700/700/700 698/698/698 702/702/702 
f 698/698/698 704/704/704 702/702/702 
f 702/702/702 704/704/704 704/704/704 
f 704/704/704 113/113/113 704/704/704 
f 704/704/704 113/113/113 113/113/113 
f 113/113/113 92/92/92 113/113/113 
f 113/113/113 92/92/92 96/96/96 
f 92/92/92 94/94/94 96/96/96 
f 96/96/96 94/94/94 94/94/94 
f 94/94/94 215/215/215 94/94/94 
f 94/94/94 215/215/215 215/215/215 
f 215/215/215 208/208/208 215/215/215 
f 215/215/215 208/208/208 206/206/206 
f 208/208/208 207/207/207 206/206/206 
f 206/206/206 207/207/207 207/207/207 
f 207/207/207 159/159/159 207/207/207 
f 207/207/207 159/159/159 159/159/159 
f 159/159/159 161/161/161 159/159/159 
f 159/159/159 161/161/161 150/150/150 
f 161/161/161 152/152/152 150/150/150 
f 150/150/150 152/152/152 152/152/152 
f 152/152/152 690/690/690 152/152/152 
f 152/152/152 690/690/690 690/690/690 
f 690/690/690 705/705/705 690/690/690 
f 690/690/690 705/705/705 15/15/15 
f 705/705/705 17/17/17 15/15/15 
f 15/15/15 17/17/17 17/17/17 
f 17/17/17 179/179/179 17/17/17 
f 17/17/17 179/179/179 179/179/179 
f 179/179/179 181/181/181 179/179/179 
f 179/179/179 181/181/181 170/170/170 
f 181/181/181 172/172/172 170/170/170 
f 170/170/170 172/172/172 172/172/172 
f 172/172/172 189/189/189 172/172/172 
f 172/172/172 189/189/189 189/189/189 
f 189/189/189 191/191/191 189/189/189 
f 189/189/189 191/191/191 180/180/180 
f 191/191/191 182/182/182 180/180/180 
f 180/180/180 182/182/182 182/182/182 
f 182/182/182 430/430/430 182/182/182 
f 182/182/182 430/430/430 430/430/430 
f 430/430/430 432/432/432 430/430/430 
f 430/430/430 432/432/432 706/706/706 
f 432/432/432 436/436/436 706/706/706 
f 706/706/706 436/436/436 436/436/436 
f 436/436/436 643/643/643 436/436/436 
f 436/436/436 643/643/643 643/643/643 
f 643/643/643 636/636/636 643/643/643 
f 643/643/643 636/636/636 634/634/634 
f 636/636/636 635/635/635 634/634/634 
f 634/634/634 635/635/635 635/635/635 
f 635/635/635 175/175/175 635/635/635 
f 635/635/635 175/175/175 175/175/175 
f 175/175/175 168/168/168 175/175/175 
f 175/175/175 168/168/168 166/166/166 
f 168/168/168 167/167/167 166/166/166 
f 166/166/166 167/167/167 167/167/167 
f 167/167/167 249/249/249 167/167/167 
f 167/167/167 249/249/249 249/249/249 
f 249/249/249 251/251/251 249/249/249 
f 249/249/249 251/251/251 240/240/240 
f 251/251/251 242/242/242 240/240/240 
f 240/240/240 242/242/242 242/242/242 
f 242/242/242 192/192/192 242/242/242 
f 242/242/242 192/192/192 192/192/192 
f 192/192/192 190/190/190 192/192/192 
f 192/192/192 190/190/190 201/201/201 
f 190/190/190 199/199/199 201/201/201 
f 201/201/201 199/199/199 199/199/199 
f 199/199/199 229/229/229 199/199/199 
f 199/199/199 229/229/229 229/229/229 
f 229/229/229 231/231/231 229/229/229 
f 229/229/229 231/231/231 220/220/220 
f 231/231/231 222/222/222 220/220/220 
f 220/220/220 222/222/222 222/222/222 
f 222/222/222 219/219/219 222/222/222 
f 222/222/222 219/219/219 219/219/219 
f 219/219/219 221/221/221 219/219/219 
f 219/219/219 221/221/221 210/210/210 
f 221/221/221 212/212/212 210/210/210 
f 210/210/210 212/212/212 212/212/212 
f 212/212/212 37/37/37 212/212/212 
f 212/212/212 37/37/37 37/37/37 
f 37/37/37 39/39/39 37/37/37 
f 37/37/37 39/39/39 35/35/35 
f 39/39/39 47/47/47 35/35/35 
f 35/35/35 47/47/47 47/47/47 
f 47/47/47 573/573/573 47/47/47 
f 47/47/47 573/573/573 573/573/573 
f 573/573/573 566/566/566 573/573/573 
f 573/573/573 566/566/566 564/564/564 
f 566/566/566 565/565/565 564/564/564 
f 564/564/564 565/565/565 565/565/565 
f 565/565/565 232/232/232 565/565/565 
f 565/565/565 232/232/232 232/232/232 
f 232/232/232 230/230/230 232/232/232 
f 232/232/232 230/230/230 241/241/241 
f 230/230/230 239/239/239 241/241/241 
f 241/241/241 239/239/239 239/239/239 
f 239/239/239 269/269/269 239/239/239 
f 239/239/239 269/269/269 269/269/269 
f 269/269/269 271/271/271 269/269/269 
f 269/269/269 271/271/271 260/260/260 
f 271/271/271 262/262/262 260/260/260 
f 260/260/260 262/262/262 262/262/262 
f 262/262/262 287/287/287 262/262/262 
f 262/262/262 287/287/287 287/287/287 
f 287/287/287 286/286/286 287/287/287 
f 287/287/287 286/286/286 288/288/288 
f 286/286/286 295/295/295 288/288/288 
f 288/288/288 295/295/295 295/295/295 
f 295/295/295 667/667/667 295/295/295 
f 295/295/295 667/667/667 667/667/667 
f 667/667/667 669/669/669 667/667/667 
f 667/667/667 669/669/669 658/658/658 
f 669/669/669 660/660/660 658/658/658 
f 658/658/658 660/660/660 660/660/660 
f 660/660/660 707/707/707 660/660/660 
f 660/660/660 707/707/707 707/707/707 
f 707/707/707 708/708/708 707/707/707 
f 707/707/707 708/708/708 709/709/709 
f 708/708/708 710/710/710 709/709/709 
f 709/709/709 710/710/710 711/711/711 
f 710/710/710 712/712/712 711/711/711 
f 711/711/711 712/712/712 713/713/713 
f 712/712/712 713/713/713 713/713/713 
f 713/713/713 713/713/713 710/710/710 
f 713/713/713 710/710/710 710/710/710 
f 710/710/710 710/710/710 710/710/710 
f 710/710/710 708/708/708 710/710/710 
f 710/710/710 708/708/708 712/712/712 
f 708/708/708 714/714/714 712/712/712 
f 712/712/712 714/714/714 714/714/714 
f 714/714/714 279/279/279 714/714/714 
f 714/714/714 279/279/279 279/279/279 
f 279/279/279 281/281/281 279/279/279 
f 279/279/279 281/281/281 270/270/270 
f 281/281/281 272/272/272 270/270/270 
f 270/270/270 272/272/272 272/272/272 
f 272/272/272 709/709/709 272/272/272 
f 272/272/272 709/709/709 709/709/709 
f 709/709/709 711/711/711 709/709/709 
f 709/709/709 711/711/711 715/715/715 
f 711/711/711 716/716/716 715/715/715 
f 715/715/715 716/716/716 716/716/716 
f 716/716/716 711/711/711 716/716/716 
f 716/716/716 711/711/711 717/717/717 
f 711/711/711 718/718/718 717/717/717 
f 717/717/717 718/718/718 719/719/719 
f 718/718/718 720/720/720 719/719/719 
f 719/719/719 720/720/720 721/721/721 
f 720/720/720 721/721/721 721/721/721 
f 721/721/721 721/721/721 717/717/717 
f 721/721/721 717/717/717 717/717/717 
f 717/717/717 717/717/717 717/717/717 
f 717/717/717 719/719/719 717/717/717 
f 717/717/717 719/719/719 716/716/716 
f 719/719/719 722/722/722 716/716/716 
f 716/716/716 722/722/722 722/722/722 
f 722/722/722 719/719/719 722/722/722 
f 722/722/722 719/719/719 723/723/723 
f 719/719/719 724/724/724 723/723/723 
f 723/723/723 724/724/724 725/725/725 
f 724/724/724 721/721/721 725/725/725 
f 725/725/725 721/721/721 726/726/726 
f 721/721/721 726/726/726 726/726/726 
f 726/726/726 726/726/726 726/726/726 
f 726/726/726 727/727/727 726/726/726 
f 726/726/726 727/727/727 725/725/725 
f 727/727/727 728/728/728 725/725/725 
f 725/725/725 728/728/728 729/729/729 
f 728/728/728 730/730/730 729/729/729 
f 729/729/729 730/730/730 731/731/731 
f 730/730/730 731/731/731 731/731/731 
f 731/731/731 731/731/731 728/728/728 
f 731/731/731 728/728/728 728/728/728 
f 728/728/728 728/728/728 728/728/728 
f 728/728/728 727/727/727 728/728/728 
f 728/728/728 727/727/727 730/730/730 
f 727/727/727 732/732/732 730/730/730 
f 730/730/730 732/732/732 732/732/732 
f 732/732/732 315/315/315 732/732/732 
f 732/732/732 315/315/315 315/315/315 
f 315/315/315 308/308/308 315/315/315 
f 315/315/315 308/308/308 306/306/306 
f 308/308/308 307/307/307 306/306/306 
f 306/306/306 307/307/307 307/307/307 
f 307/307/307 733/733/733 307/307/307 
f 307/307/307 733/733/733 733/733/733 
f 733/733/733 734/734/734 733/733/733 
f 733/733/733 734/734/734 735/735/735 
f 734/734/734 736/736/736 735/735/735 
f 735/735/735 736/736/736 737/737/737 
f 736/736/736 738/738/738 737/737/737 
f 737/737/737 738/738/738 739/739/739 
f 738/738/738 740/740/740 739/739/739 
f 739/739/739 740/740/740 740/740/740 
f 740/740/740 736/736/736 740/740/740 
f 740/740/740 736/736/736 736/736/736 
f 736/736/736 734/734/734 736/736/736 
f 736/736/736 734/734/734 738/738/738 
f 734/734/734 741/741/741 738/738/738 
f 738/738/738 741/741/741 742/742/742 
f 741/741/741 742/742/742 742/742/742 
f 742/742/742 742/742/742 738/738/738 
f 742/742/742 738/738/738 738/738/738 
f 738/738/738 738/738/738 738/738/738 
f 738/738/738 742/742/742 738/738/738 
f 738/738/738 742/742/742 743/743/743 
f 742/742/742 744/744/744 743/743/743 
f 743/743/743 744/744/744 740/740/740 
f 744/744/744 745/745/745 740/740/740 
f 740/740/740 745/745/745 745/745/745 
f 745/745/745 742/742/742 745/745/745 
f 745/745/745 742/742/742 742/742/742 
f 742/742/742 746/746/746 742/742/742 
f 742/742/742 746/746/746 744/744/744 
f 746/746/746 747/747/747 744/744/744 
f 744/744/744 747/747/747 748/748/748 
f 747/747/747 749/749/749 748/748/748 
f 748/748/748 749/749/749 750/750/750 
f 749/749/749 751/751/751 750/750/750 
f 750/750/750 751/751/751 751/751/751 
f 751/751/751 748/748/748 751/751/751 
f 751/751/751 748/748/748 748/748/748 
f 748/748/748 750/750/750 748/748/748 
f 748/748/748 750/750/750 744/744/744 
f 750/750/750 745/745/745 744/744/744 
f 744/744/744 745/745/745 745/745/745 
f 745/745/745 752/752/752 745/745/745 
f 745/745/745 752/752/752 752/752/752 
f 752/752/752 753/753/753 752/752/752 
f 752/752/752 753/753/753 754/754/754 
f 753/753/753 755/755/755 754/754/754 
f 754/754/754 755/755/755 756/756/756 
f 755/755/755 757/757/757 756/756/756 
f 756/756/756 757/757/757 758/758/758 
f 757/757/757 758/758/758 758/758/758 
f 758/758/758 758/758/758 755/755/755 
f 758/758/758 755/755/755 755/755/755 
f 755/755/755 755/755/755 755/755/755 
f 755/755/755 753/753/753 755/755/755 
f 755/755/755 753/753/753 757/757/757 
f 753/753/753 759/759/759 757/757/757 
f 757/757/757 759/759/759 759/759/759 
f 759/759/759 747/747/747 759/759/759 
f 759/759/759 747/747/747 747/747/747 
f 747/747/747 760/760/760 747/747/747 
f 747/747/747 760/760/760 749/749/749 
f 760/760/760 761/761/761 749/749/749 
f 749/749/749 761/761/761 762/762/762 
f 761/761/761 763/763/763 762/762/762 
f 762/762/762 763/763/763 764/764/764 
f 763/763/763 765/765/765 764/764/764 
f 764/764/764 765/765/765 765/765/765 
f 765/765/765 762/762/762 765/765/765 
f 765/765/765 762/762/762 762/762/762 
f 762/762/762 764/764/764 762/762/762 
f 762/762/762 764/764/764 749/749/749 
f 764/764/764 751/751/751 749/749/749 
f 749/749/749 751/751/751 751/751/751 
f 751/751/751 766/766/766 751/751/751 
f 751/751/751 766/766/766 766/766/766 
f 766/766/766 767/767/767 766/766/766 
f 766/766/766 767/767/767 768/768/768 
f 767/767/767 769/769/769 768/768/768 
f 768/768/768 769/769/769 770/770/770 
f 769/769/769 771/771/771 770/770/770 
f 770/770/770 771/771/771 772/772/772 
f 771/771/771 772/772/772 772/772/772 
f 772/772/772 772/772/772 769/769/769 
f 772/772/772 769/769/769 769/769/769 
f 769/769/769 769/769/769 769/769/769 
f 769/769/769 767/767/767 769/769/769 
f 769/769/769 767/767/767 771/771/771 
f 767/767/767 773/773/773 771/771/771 
f 771/771/771 773/773/773 773/773/773 
f 773/773/773 580/580/580 773/773/773 
f 773/773/773 580/580/580 580/580/580 
f 580/580/580 578/578/578 580/580/580 
f 580/580/580 578/578/578 589/589/589 
f 578/578/578 587/587/587 589/589/589 
f 589/589/589 587/587/587 587/587/587 
f 587/587/587 774/774/774 587/587/587 
f 587/587/587 774/774/774 774/774/774 
f 774/774/774 775/775/775 774/774/774 
f 774/774/774 775/775/775 776/776/776 
f 775/775/775 777/777/777 776/776/776 
f 776/776/776 777/777/777 778/778/778 
f 777/777/777 779/779/779 778/778/778 
f 778/778/778 779/779/779 780/780/780 
f 779/779/779 781/781/781 780/780/780 
f 780/780/780 781/781/781 781/781/781 
f 781/781/781 777/777/777 781/781/781 
f 781/781/781 777/777/777 777/777/777 
f 777/777/777 775/775/775 777/777/777 
f 777/777/777 775/775/775 779/779/779 
f 775/775/775 782/782/782 779/779/779 
f 779/779/779 782/782/782 783/783/783 
f 782/782/782 783/783/783 783/783/783 
f 783/783/783 783/783/783 779/779/779 
f 783/783/783 779/779/779 779/779/779 
f 779/779/779 779/779/779 779/779/779 
f 779/779/779 783/783/783 779/779/779 
f 779/779/779 783/783/783 784/784/784 
f 783/783/783 785/785/785 784/784/784 
f 784/784/784 785/785/785 781/781/781 
f 785/785/785 786/786/786 781/781/781 
f 781/781/781 786/786/786 786/786/786 
f 786/786/786 787/787/787 786/786/786 
f 786/786/786 787/787/787 787/787/787 
f 787/787/787 788/788/788 787/787/787 
f 787/787/787 788/788/788 789/789/789 
f 788/788/788 790/790/790 789/789/789 
f 789/789/789 790/790/790 791/791/791 
f 790/790/790 792/792/792 791/791/791 
f 791/791/791 792/792/792 793/793/793 
f 792/792/792 794/794/794 793/793/793 
f 793/793/793 794/794/794 794/794/794 
f 794/794/794 792/792/792 794/794/794 
f 794/794/794 792/792/792 795/795/795 
f 792/792/792 796/796/796 795/795/795 
f 795/795/795 796/796/796 797/797/797 
f 796/796/796 798/798/798 797/797/797 
f 797/797/797 798/798/798 799/799/799 
f 798/798/798 800/800/800 799/799/799 
f 799/799/799 800/800/800 801/801/801 
f 800/800/800 802/802/802 801/801/801 
f 801/801/801 802/802/802 459/459/459 
f 802/802/802 803/803/803 459/459/459 
f 459/459/459 803/803/803 461/461/461 
f 803/803/803 461/461/461 461/461/461 
f 461/461/461 461/461/461 801/801/801 
f 461/461/461 801/801/801 801/801/801 
f 801/801/801 801/801/801 801/801/801 
f 801/801/801 459/459/459 801/801/801 
f 801/801/801 459/459/459 799/799/799 
f 459/459/459 458/458/458 799/799/799 
f 799/799/799 458/458/458 455/455/455 
f 458/458/458 455/455/455 455/455/455 
f 455/455/455 455/455/455 799/799/799 
f 455/455/455 799/799/799 799/799/799 
f 799/799/799 799/799/799 799/799/799 
f 799/799/799 455/455/455 799/799/799 
f 799/799/799 455/455/455 804/804/804 
f 455/455/455 805/805/805 804/804/804 
f 804/804/804 805/805/805 797/797/797 
f 805/805/805 806/806/806 797/797/797 
f 797/797/797 806/806/806 794/794/794 
f 806/806/806 794/794/794 794/794/794 
f 794/794/794 794/794/794 796/796/796 
f 794/794/794 796/796/796 796/796/796 
f 796/796/796 796/796/796 796/796/796 
f 796/796/796 792/792/792 796/796/796 
f 796/796/796 792/792/792 807/807/807 
f 792/792/792 788/788/788 807/807/807 
f 807/807/807 788/788/788 788/788/788 
f 788/788/788 617/617/617 788/788/788 
f 788/788/788 617/617/617 617/617/617 
f 617/617/617 619/619/619 617/617/617 
f 617/617/617 619/619/619 608/608/608 
f 619/619/619 610/610/610 608/608/608 
f 608/608/608 610/610/610 610/610/610 
f 610/610/610 808/808/808 610/610/610 
f 610/610/610 808/808/808 808/808/808 
f 808/808/808 809/809/809 808/808/808 
f 808/808/808 809/809/809 810/810/810 
f 809/809/809 811/811/811 810/810/810 
f 810/810/810 811/811/811 812/812/812 
f 811/811/811 813/813/813 812/812/812 
f 812/812/812 813/813/813 814/814/814 
f 813/813/813 815/815/815 814/814/814 
f 814/814/814 815/815/815 815/815/815 
f 815/815/815 811/811/811 815/815/815 
f 815/815/815 811/811/811 811/811/811 
f 811/811/811 809/809/809 811/811/811 
f 811/811/811 809/809/809 813/813/813 
f 809/809/809 816/816/816 813/813/813 
f 813/813/813 816/816/816 817/817/817 
f 816/816/816 817/817/817 817/817/817 
f 817/817/817 817/817/817 813/813/813 
f 817/817/817 813/813/813 813/813/813 
f 813/813/813 813/813/813 813/813/813 
f 813/813/813 817/817/817 813/813/813 
f 813/813/813 817/817/817 818/818/818 
f 817/817/817 819/819/819 818/818/818 
f 818/818/818 819/819/819 815/815/815 
f 819/819/819 820/820/820 815/815/815 
f 815/815/815 820/820/820 820/820/820 
f 820/820/820 817/817/817 820/820/820 
f 820/820/820 817/817/817 817/817/817 
f 817/817/817 821/821/821 817/817/817 
f 817/817/817 821/821/821 819/819/819 
f 821/821/821 822/822/822 819/819/819 
f 819/819/819 822/822/822 823/823/823 
f 822/822/822 824/824/824 823/823/823 
f 823/823/823 824/824/824 825/825/825 
f 824/824/824 826/826/826 825/825/825 
f 825/825/825 826/826/826 826/826/826 
f 826/826/826 823/823/823 826/826/826 
f 826/826/826 823/823/823 823/823/823 
f 823/823/823 825/825/825 823/823/823 
f 823/823/823 825/825/825 819/819/819 
f 825/825/825 820/820/820 819/819/819 
f 819/819/819 820/820/820 820/820/820 
f 820/820/820 625/625/625 820/820/820 
f 820/820/820 625/625/625 625/625/625 
f 625/625/625 624/624/624 625/625/625 
f 625/625/625 624/624/624 626/626/626 
f 624/624/624 633/633/633 626/626/626 
f 626/626/626 633/633/633 633/633/633 
f 633/633/633 827/827/827 633/633/633 
f 633/633/633 827/827/827 827/827/827 
f 827/827/827 828/828/828 827/827/827 
f 827/827/827 828/828/828 829/829/829 
f 828/828/828 830/830/830 829/829/829 
f 829/829/829 830/830/830 831/831/831 
f 830/830/830 832/832/832 831/831/831 
f 831/831/831 832/832/832 833/833/833 
f 832/832/832 833/833/833 833/833/833 
f 833/833/833 833/833/833 830/830/830 
f 833/833/833 830/830/830 830/830/830 
f 830/830/830 830/830/830 830/830/830 
f 830/830/830 828/828/828 830/830/830 
f 830/830/830 828/828/828 832/832/832 
f 828/828/828 834/834/834 832/832/832 
f 832/832/832 834/834/834 834/834/834 
f 834/834/834 835/835/835 834/834/834 
f 834/834/834 835/835/835 835/835/835 
f 835/835/835 836/836/836 835/835/835 
f 835/835/835 836/836/836 837/837/837 
f 836/836/836 838/838/838 837/837/837 
f 837/837/837 838/838/838 839/839/839 
f 838/838/838 840/840/840 839/839/839 
f 839/839/839 840/840/840 841/841/841 
f 840/840/840 841/841/841 841/841/841 
f 841/841/841 841/841/841 838/838/838 
f 841/841/841 838/838/838 838/838/838 
f 838/838/838 838/838/838 838/838/838 
f 838/838/838 836/836/836 838/838/838 
f 838/838/838 836/836/836 840/840/840 
f 836/836/836 842/842/842 840/840/840 
f 840/840/840 842/842/842 842/842/842 
f 842/842/842 843/843/843 842/842/842 
f 842/842/842 843/843/843 843/843/843 
f 843/843/843 844/844/844 843/843/843 
f 843/843/843 844/844/844 845/845/845 
f 844/844/844 846/846/846 845/845/845 
f 845/845/845 846/846/846 847/847/847 
f 846/846/846 848/848/848 847/847/847 
f 847/847/847 848/848/848 849/849/849 
f 848/848/848 850/850/850 849/849/849 
f 849/849/849 850/850/850 850/850/850 
f 850/850/850 846/846/846 850/850/850 
f 850/850/850 846/846/846 846/846/846 
f 846/846/846 844/844/844 846/846/846 
f 846/846/846 844/844/844 848/848/848 
f 844/844/844 851/851/851 848/848/848 
f 848/848/848 851/851/851 852/852/852 
f 851/851/851 852/852/852 852/852/852 
f 852/852/852 852/852/852 848/848/848 
f 852/852/852 848/848/848 848/848/848 
f 848/848/848 848/848/848 848/848/848 
f 848/848/848 852/852/852 848/848/848 
f 848/848/848 852/852/852 853/853/853 
f 852/852/852 854/854/854 853/853/853 
f 853/853/853 854/854/854 850/850/850 
f 854/854/854 855/855/855 850/850/850 
f 850/850/850 855/855/855 855/855/855 
f 855/855/855 852/852/852 855/855/855 
f 855/855/855 852/852/852 852/852/852 
f 852/852/852 856/856/856 852/852/852 
f 852/852/852 856/856/856 854/854/854 
f 856/856/856 857/857/857 854/854/854 
f 854/854/854 857/857/857 858/858/858 
f 857/857/857 859/859/859 858/858/858 
f 858/858/858 859/859/859 860/860/860 
f 859/859/859 861/861/861 860/860/860 
f 860/860/860 861/861/861 861/861/861 
f 861/861/861 858/858/858 861/861/861 
f 861/861/861 858/858/858 858/858/858 
f 858/858/858 860/860/860 858/858/858 
f 858/858/858 860/860/860 854/854/854 
f 860/860/860 855/855/855 854/854/854 
f 854/854/854 855/855/855 855/855/855 
f 855/855/855 567/567/567 855/855/855 
f 855/855/855 567/567/567 567/567/567 
f 567/567/567 569/569/569 567/567/567 
f 567/567/567 569/569/569 558/558/558 
f 569/569/569 560/560/560 558/558/558 
f 558/558/558 560/560/560 560/560/560 
f 560/560/560 703/703/703 560/560/560 
f 560/560/560 703/703/703 703/703/703 
f 703/703/703 862/862/862 703/703/703 
f 703/703/703 862/862/862 701/701/701 
f 862/862/862 863/863/863 701/701/701 
f 701/701/701 863/863/863 864/864/864 
f 863/863/863 865/865/865 864/864/864 
f 864/864/864 865/865/865 866/866/866 
f 865/865/865 867/867/867 866/866/866 
f 866/866/866 867/867/867 867/867/867 
f 867/867/867 863/863/863 867/867/867 
f 867/867/867 863/863/863 863/863/863 
f 863/863/863 862/862/862 863/863/863 
f 863/863/863 862/862/862 865/865/865 
f 862/862/862 868/868/868 865/865/865 
f 865/865/865 868/868/868 869/869/869 
f 868/868/868 869/869/869 869/869/869 
f 869/869/869 869/869/869 865/865/865 
f 869/869/869 865/865/865 865/865/865 
f 865/865/865 865/865/865 865/865/865 
f 865/865/865 869/869/869 865/865/865 
f 865/865/865 869/869/869 870/870/870 
f 869/869/869 871/871/871 870/870/870 
f 870/870/870 871/871/871 867/867/867 
f 871/871/871 872/872/872 867/867/867 
f 867/867/867 872/872/872 872/872/872 
f 872/872/872 869/869/869 872/872/872 
f 872/872/872 869/869/869 869/869/869 
f 869/869/869 873/873/873 869/869/869 
f 869/869/869 873/873/873 871/871/871 
f 873/873/873 874/874/874 871/871/871 
f 871/871/871 874/874/874 875/875/875 
f 874/874/874 876/876/876 875/875/875 
f 875/875/875 876/876/876 877/877/877 
f 876/876/876 878/878/878 877/877/877 
f 877/877/877 878/878/878 878/878/878 
f 878/878/878 875/875/875 878/878/878 
f 878/878/878 875/875/875 875/875/875 
f 875/875/875 877/877/877 875/875/875 
f 875/875/875 877/877/877 871/871/871 
f 877/877/877 872/872/872 871/871/871 
f 871/871/871 872/872/872 872/872/872 
f 872/872/872 879/879/879 872/872/872 
f 872/872/872 879/879/879 879/879/879 
f 879/879/879 880/880/880 879/879/879 
f 879/879/879 880/880/880 881/881/881 
f 880/880/880 882/882/882 881/881/881 
f 881/881/881 882/882/882 883/883/883 
f 882/882/882 884/884/884 883/883/883 
f 883/883/883 884/884/884 885/885/885 
f 884/884/884 885/885/885 885/885/885 
f 885/885/885 885/885/885 882/882/882 
f 885/885/885 882/882/882 882/882/882 
f 882/882/882 882/882/882 882/882/882 
f 882/882/882 880/880/880 882/882/882 
f 882/882/882 880/880/880 884/884/884 
f 880/880/880 886/886/886 884/884/884 
f 884/884/884 886/886/886 886/886/886 
f 886/886/886 887/887/887 886/886/886 
f 886/886/886 887/887/887 887/887/887 
f 887/887/887 888/888/888 887/887/887 
f 887/887/887 888/888/888 889/889/889 
f 888/888/888 890/890/890 889/889/889 
f 889/889/889 890/890/890 891/891/891 
f 890/890/890 892/892/892 891/891/891 
f 891/891/891 892/892/892 893/893/893 
f 892/892/892 893/893/893 893/893/893 
f 893/893/893 893/893/893 890/890/890 
f 893/893/893 890/890/890 890/890/890 
f 890/890/890 890/890/890 890/890/890 
f 890/890/890 888/888/888 890/890/890 
f 890/890/890 888/888/888 892/892/892 
f 888/888/888 894/894/894 892/892/892 
f 892/892/892 894/894/894 894/894/894 
f 894/894/894 488/488/488 894/894/894 
f 894/894/894 488/488/488 488/488/488 
f 488/488/488 487/487/487 488/488/488 
f 488/488/488 487/487/487 489/489/489 
f 487/487/487 500/500/500 489/489/489 
f 489/489/489 500/500/500 500/500/500 
f 500/500/500 895/895/895 500/500/500 
f 500/500/500 895/895/895 895/895/895 
f 895/895/895 896/896/896 895/895/895 
f 895/895/895 896/896/896 897/897/897 
f 896/896/896 898/898/898 897/897/897 
f 897/897/897 898/898/898 899/899/899 
f 898/898/898 900/900/900 899/899/899 
f 899/899/899 900/900/900 901/901/901 
f 900/900/900 902/902/902 901/901/901 
f 901/901/901 902/902/902 902/902/902 
f 902/902/902 898/898/898 902/902/902 
f 902/902/902 898/898/898 898/898/898 
f 898/898/898 896/896/896 898/898/898 
f 898/898/898 896/896/896 900/900/900 
f 896/896/896 903/903/903 900/900/900 
f 900/900/900 903/903/903 904/904/904 
f 903/903/903 904/904/904 904/904/904 
f 904/904/904 904/904/904 900/900/900 
f 904/904/904 900/900/900 900/900/900 
f 900/900/900 900/900/900 900/900/900 
f 900/900/900 904/904/904 900/900/900 
f 900/900/900 904/904/904 905/905/905 
f 904/904/904 906/906/906 905/905/905 
f 905/905/905 906/906/906 902/902/902 
f 906/906/906 907/907/907 902/902/902 
f 902/902/902 907/907/907 907/907/907 
f 907/907/907 904/904/904 907/907/907 
f 907/907/907 904/904/904 904/904/904 
f 904/904/904 908/908/908 904/904/904 
f 904/904/904 908/908/908 906/906/906 
f 908/908/908 909/909/909 906/906/906 
f 906/906/906 909/909/909 910/910/910 
f 909/909/909 911/911/911 910/910/910 
f 910/910/910 911/911/911 912/912/912 
f 911/911/911 913/913/913 912/912/912 
f 912/912/912 913/913/913 913/913/913 
f 913/913/913 910/910/910 913/913/913 
f 913/913/913 910/910/910 910/910/910 
f 910/910/910 912/912/912 910/910/910 
f 910/910/910 912/912/912 906/906/906 
f 912/912/912 907/907/907 906/906/906 
f 906/906/906 907/907/907 907/907/907 
f 907/907/907 893/893/893 907/907/907 
f 907/907/907 893/893/893 893/893/893 
f 893/893/893 914/914/914 893/893/893 
f 893/893/893 914/914/914 891/891/891 
f 914/914/914 915/915/915 891/891/891 
f 891/891/891 915/915/915 916/916/916 
f 915/915/915 917/917/917 916/916/916 
f 916/916/916 917/917/917 918/918/918 
f 917/917/917 919/919/919 918/918/918 
f 918/918/918 919/919/919 919/919/919 
f 919/919/919 915/915/915 919/919/919 
f 919/919/919 915/915/915 915/915/915 
f 915/915/915 914/914/914 915/915/915 
f 915/915/915 914/914/914 917/917/917 
f 914/914/914 920/920/920 917/917/917 
f 917/917/917 920/920/920 921/921/921 
f 920/920/920 921/921/921 921/921/921 
f 921/921/921 921/921/921 917/917/917 
f 921/921/921 917/917/917 917/917/917 
f 917/917/917 917/917/917 917/917/917 
f 917/917/917 921/921/921 917/917/917 
f 917/917/917 921/921/921 922/922/922 
f 921/921/921 923/923/923 922/922/922 
f 922/922/922 923/923/923 919/919/919 
f 923/923/923 924/924/924 919/919/919 
f 919/919/919 924/924/924 924/924/924 
f 924/924/924 921/921/921 924/924/924 
f 924/924/924 921/921/921 921/921/921 
f 921/921/921 925/925/925 921/921/921 
f 921/921/921 925/925/925 923/923/923 
f 925/925/925 926/926/926 923/923/923 
f 923/923/923 926/926/926 927/927/927 
f 926/926/926 928/928/928 927/927/927 
f 927/927/927 928/928/928 929/929/929 
f 928/928/928 930/930/930 929/929/929 
f 929/929/929 930/930/930 930/930/930 
f 930/930/930 927/927/927 930/930/930 
f 930/930/930 927/927/927 927/927/927 
f 927/927/927 929/929/929 927/927/927 
f 927/927/927 929/929/929 923/923/923 
f 929/929/929 924/924/924 923/923/923 
f 923/923/923 924/924/924 924/924/924 
f 924/924/924 881/881/881 924/924/924 
f 924/924/924 881/881/881 881/881/881 
f 881/881/881 883/883/883 881/881/881 
f 881/881/881 883/883/883 931/931/931 
f 883/883/883 932/932/932 931/931/931 
f 931/931/931 932/932/932 932/932/932 
f 932/932/932 883/883/883 932/932/932 
f 932/932/932 883/883/883 933/933/933 
f 883/883/883 934/934/934 933/933/933 
f 933/933/933 934/934/934 935/935/935 
f 934/934/934 936/936/936 935/935/935 
f 935/935/935 936/936/936 936/936/936 
f 936/936/936 933/933/933 936/936/936 
f 936/936/936 933/933/933 933/933/933 
f 933/933/933 935/935/935 933/933/933 
f 933/933/933 935/935/935 932/932/932 
f 935/935/935 937/937/937 932/932/932 
f 932/932/932 937/937/937 937/937/937 
f 937/937/937 909/909/909 937/937/937 
f 937/937/937 909/909/909 909/909/909 
f 909/909/909 938/938/938 909/909/909 
f 909/909/909 938/938/938 911/911/911 
f 938/938/938 939/939/939 911/911/911 
f 911/911/911 939/939/939 940/940/940 
f 939/939/939 941/941/941 940/940/940 
f 940/940/940 941/941/941 942/942/942 
f 941/941/941 943/943/943 942/942/942 
f 942/942/942 943/943/943 943/943/943 
f 943/943/943 940/940/940 943/943/943 
f 943/943/943 940/940/940 940/940/940 
f 940/940/940 942/942/942 940/940/940 
f 940/940/940 942/942/942 911/911/911 
f 942/942/942 913/913/913 911/911/911 
f 911/911/911 913/913/913 913/913/913 
f 913/913/913 864/864/864 913/913/913 
f 913/913/913 864/864/864 864/864/864 
f 864/864/864 944/944/944 864/864/864 
f 864/864/864 944/944/944 701/701/701 
f 944/944/944 699/699/699 701/701/701 
f 701/701/701 699/699/699 699/699/699 
f 699/699/699 943/943/943 699/699/699 
f 699/699/699 943/943/943 943/943/943 
f 943/943/943 941/941/941 943/943/943 
f 943/943/943 941/941/941 945/945/945 
f 941/941/941 946/946/946 945/945/945 
f 945/945/945 946/946/946 947/947/947 
f 946/946/946 948/948/948 947/947/947 
f 947/947/947 948/948/948 949/949/949 
f 948/948/948 949/949/949 949/949/949 
f 949/949/949 949/949/949 946/946/946 
f 949/949/949 946/946/946 946/946/946 
f 946/946/946 946/946/946 946/946/946 
f 946/946/946 941/941/941 946/946/946 
f 946/946/946 941/941/941 948/948/948 
f 941/941/941 950/950/950 948/948/948 
f 948/948/948 950/950/950 950/950/950 
f 950/950/950 768/768/768 950/950/950 
f 950/950/950 768/768/768 768/768/768 
f 768/768/768 770/770/770 768/768/768 
f 768/768/768 770/770/770 951/951/951 
f 770/770/770 952/952/952 951/951/951 
f 951/951/951 952/952/952 952/952/952 
f 952/952/952 770/770/770 952/952/952 
f 952/952/952 770/770/770 953/953/953 
f 770/770/770 954/954/954 953/953/953 
f 953/953/953 954/954/954 955/955/955 
f 954/954/954 956/956/956 955/955/955 
f 955/955/955 956/956/956 957/957/957 
f 956/956/956 957/957/957 957/957/957 
f 957/957/957 957/957/957 953/953/953 
f 957/957/957 953/953/953 953/953/953 
f 953/953/953 953/953/953 953/953/953 
f 953/953/953 955/955/955 953/953/953 
f 953/953/953 955/955/955 952/952/952 
f 955/955/955 958/958/958 952/952/952 
f 952/952/952 958/958/958 958/958/958 
f 958/958/958 955/955/955 958/958/958 
f 958/958/958 955/955/955 959/959/959 
f 955/955/955 960/960/960 959/959/959 
f 959/959/959 960/960/960 961/961/961 
f 960/960/960 957/957/957 961/961/961 
f 961/961/961 957/957/957 962/962/962 
f 957/957/957 962/962/962 962/962/962 
f 962/962/962 962/962/962 962/962/962 
f 962/962/962 963/963/963 962/962/962 
f 962/962/962 963/963/963 961/961/961 
f 963/963/963 964/964/964 961/961/961 
f 961/961/961 964/964/964 965/965/965 
f 964/964/964 966/966/966 965/965/965 
f 965/965/965 966/966/966 967/967/967 
f 966/966/966 968/968/968 967/967/967 
f 967/967/967 968/968/968 968/968/968 
f 968/968/968 964/964/964 968/968/968 
f 968/968/968 964/964/964 964/964/964 
f 964/964/964 963/963/963 964/964/964 
f 964/964/964 963/963/963 966/966/966 
f 963/963/963 969/969/969 966/966/966 
f 966/966/966 969/969/969 970/970/970 
f 969/969/969 970/970/970 970/970/970 
f 970/970/970 970/970/970 966/966/966 
f 970/970/970 966/966/966 966/966/966 
f 966/966/966 966/966/966 966/966/966 
f 966/966/966 970/970/970 966/966/966 
f 966/966/966 970/970/970 971/971/971 
f 970/970/970 972/972/972 971/971/971 
f 971/971/971 972/972/972 968/968/968 
f 972/972/972 973/973/973 968/968/968 
f 968/968/968 973/973/973 973/973/973 
f 973/973/973 970/970/970 973/973/973 
f 973/973/973 970/970/970 970/970/970 
f 970/970/970 974/974/974 970/970/970 
f 970/970/970 974/974/974 972/972/972 
f 974/974/974 975/975/975 972/972/972 
f 972/972/972 975/975/975 976/976/976 
f 975/975/975 977/977/977 976/976/976 
f 976/976/976 977/977/977 978/978/978 
f 977/977/977 979/979/979 978/978/978 
f 978/978/978 979/979/979 979/979/979 
f 979/979/979 976/976/976 979/979/979 
f 979/979/979 976/976/976 976/976/976 
f 976/976/976 978/978/978 976/976/976 
f 976/976/976 978/978/978 972/972/972 
f 978/978/978 973/973/973 972/972/972 
f 972/972/972 973/973/973 973/973/973 
f 973/973/973 980/980/980 973/973/973 
f 973/973/973 980/980/980 980/980/980 
f 980/980/980 981/981/981 980/980/980 
f 980/980/980 981/981/981 982/982/982 
f 981/981/981 983/983/983 982/982/982 
f 982/982/982 983/983/983 984/984/984 
f 983/983/983 985/985/985 984/984/984 
f 984/984/984 985/985/985 986/986/986 
f 985/985/985 986/986/986 986/986/986 
f 986/986/986 986/986/986 983/983/983 
f 986/986/986 983/983/983 983/983/983 
f 983/983/983 983/983/983 983/983/983 
f 983/983/983 981/981/981 983/983/983 
f 983/983/983 981/981/981 985/985/985 
f 981/981/981 987/987/987 985/985/985 
f 985/985/985 987/987/987 987/987/987 
f 987/987/987 975/975/975 987/987/987 
f 987/987/987 975/975/975 975/975/975 
f 975/975/975 988/988/988 975/975/975 
f 975/975/975 988/988/988 977/977/977 
f 988/988/988 989/989/989 977/977/977 
f 977/977/977 989/989/989 990/990/990 
f 989/989/989 991/991/991 990/990/990 
f 990/990/990 991/991/991 992/992/992 
f 991/991/991 993/993/993 992/992/992 
f 992/992/992 993/993/993 993/993/993 
f 993/993/993 990/990/990 993/993/993 
f 993/993/993 990/990/990 990/990/990 
f 990/990/990 992/992/992 990/990/990 
f 990/990/990 992/992/992 977/977/977 
f 992/992/992 979/979/979 977/977/977 
f 977/977/977 979/979/979 979/979/979 
f 979/979/979 982/982/982 979/979/979 
f 979/979/979 982/982/982 982/982/982 
f 982/982/982 984/984/984 982/982/982 
f 982/982/982 984/984/984 994/994/994 
f 984/984/984 995/995/995 994/994/994 
f 994/994/994 995/995/995 995/995/995 
f 995/995/995 984/984/984 995/995/995 
f 995/995/995 984/984/984 996/996/996 
f 984/984/984 997/997/997 996/996/996 
f 996/996/996 997/997/997 998/998/998 
f 997/997/997 999/999/999 998/998/998 
f 998/998/998 999/999/999 1000/1000/1000 
f 999/999/999 1000/1000/1000 1000/1000/1000 
f 1000/1000/1000 1000/1000/1000 996/996/996 
f 1000/1000/1000 996/996/996 996/996/996 
f 996/996/996 996/996/996 996/996/996 
f 996/996/996 998/998/998 996/996/996 
f 996/996/996 998/998/998 995/995/995 
f 998/998/998 1001/1001/1001 995/995/995 
f 995/995/995 1001/1001/1001 1001/1001/1001 
f 1001/1001/1001 998/998/998 1001/1001/1001 
f 1001/1001/1001 998/998/998 1002/1002/1002 
f 998/998/998 1003/1003/1003 1002/1002/1002 
f 1002/1002/1002 1003/1003/1003 1004/1004/1004 
f 1003/1003/1003 1000/1000/1000 1004/1004/1004 
f 1004/1004/1004 1000/1000/1000 1005/1005/1005 
f 1000/1000/1000 1005/1005/1005 1005/1005/1005 
f 1005/1005/1005 1005/1005/1005 1005/1005/1005 
f 1005/1005/1005 1006/1006/1006 1005/1005/1005 
f 1005/1005/1005 1006/1006/1006 1004/1004/1004 
f 1006/1006/1006 1007/1007/1007 1004/1004/1004 
f 1004/1004/1004 1007/1007/1007 1008/1008/1008 
f 1007/1007/1007 1009/1009/1009 1008/1008/1008 
f 1008/1008/1008 1009/1009/1009 1010/1010/1010 
f 1009/1009/1009 1010/1010/1010 1010/1010/1010 
f 1010/1010/1010 1010/1010/1010 1007/1007/1007 
f 1010/1010/1010 1007/1007/1007 1007/1007/1007 
f 1007/1007/1007 1007/1007/1007 1007/1007/1007 
f 1007/1007/1007 1006/1006/1006 1007/1007/1007 
f 1007/1007/1007 1006/1006/1006 1009/1009/1009 
f 1006/1006/1006 1011/1011/1011 1009/1009/1009 
f 1009/1009/1009 1011/1011/1011 1011/1011/1011 
f 1011/1011/1011 1002/1002/1002 1011/1011/1011 
f 1011/1011/1011 1002/1002/1002 1002/1002/1002 
f 1002/1002/1002 1004/1004/1004 1002/1002/1002 
f 1002/1002/1002 1004/1004/1004 1012/1012/1012 
f 1004/1004/1004 1008/1008/1008 1012/1012/1012 
f 1012/1012/1012 1008/1008/1008 1008/1008/1008 
f 1008/1008/1008 680/680/680 1008/1008/1008 
f 1008/1008/1008 680/680/680 680/680/680 
f 680/680/680 678/678/678 680/680/680 
f 680/680/680 678/678/678 688/688/688 
f 678/678/678 687/687/687 688/688/688 
f 688/688/688 687/687/687 687/687/687 
f 687/687/687 1013/1013/1013 687/687/687 
f 687/687/687 1013/1013/1013 1013/1013/1013 
f 1013/1013/1013 1014/1014/1014 1013/1013/1013 
f 1013/1013/1013 1014/1014/1014 1015/1015/1015 
f 1014/1014/1014 1016/1016/1016 1015/1015/1015 
f 1015/1015/1015 1016/1016/1016 1017/1017/1017 
f 1016/1016/1016 1018/1018/1018 1017/1017/1017 
f 1017/1017/1017 1018/1018/1018 1019/1019/1019 
f 1018/1018/1018 1020/1020/1020 1019/1019/1019 
f 1019/1019/1019 1020/1020/1020 1020/1020/1020 
f 1020/1020/1020 1016/1016/1016 1020/1020/1020 
f 1020/1020/1020 1016/1016/1016 1016/1016/1016 
f 1016/1016/1016 1014/1014/1014 1016/1016/1016 
f 1016/1016/1016 1014/1014/1014 1018/1018/1018 
f 1014/1014/1014 1021/1021/1021 1018/1018/1018 
f 1018/1018/1018 1021/1021/1021 1022/1022/1022 
f 1021/1021/1021 1022/1022/1022 1022/1022/1022 
f 1022/1022/1022 1022/1022/1022 1018/1018/1018 
f 1022/1022/1022 1018/1018/1018 1018/1018/1018 
f 1018/1018/1018 1018/1018/1018 1018/1018/1018 
f 1018/1018/1018 1022/1022/1022 1018/1018/1018 
f 1018/1018/1018 1022/1022/1022 1023/1023/1023 
f 1022/1022/1022 1024/1024/1024 1023/1023/1023 
f 1023/1023/1023 1024/1024/1024 1020/1020/1020 
f 1024/1024/1024 1025/1025/1025 1020/1020/1020 
f 1020/1020/1020 1025/1025/1025 1025/1025/1025 
f 1025/1025/1025 1022/1022/1022 1025/1025/1025 
f 1025/1025/1025 1022/1022/1022 1022/1022/1022 
f 1022/1022/1022 1026/1026/1026 1022/1022/1022 
f 1022/1022/1022 1026/1026/1026 1024/1024/1024 
f 1026/1026/1026 1027/1027/1027 1024/1024/1024 
f 1024/1024/1024 1027/1027/1027 1028/1028/1028 
f 1027/1027/1027 1029/1029/1029 1028/1028/1028 
f 1028/1028/1028 1029/1029/1029 1030/1030/1030 
f 1029/1029/1029 1031/1031/1031 1030/1030/1030 
f 1030/1030/1030 1031/1031/1031 1031/1031/1031 
f 1031/1031/1031 1028/1028/1028 1031/1031/1031 
f 1031/1031/1031 1028/1028/1028 1028/1028/1028 
f 1028/1028/1028 1030/1030/1030 1028/1028/1028 
f 1028/1028/1028 1030/1030/1030 1024/1024/1024 
f 1030/1030/1030 1025/1025/1025 1024/1024/1024 
f 1024/1024/1024 1025/1025/1025 1025/1025/1025 
f 1025/1025/1025 615/615/615 1025/1025/1025 
f 1025/1025/1025 615/615/615 615/615/615 
f 615/615/615 614/614/614 615/615/615 
f 615/615/615 614/614/614 616/616/616 
f 614/614/614 623/623/623 616/616/616 
f 616/616/616 623/623/623 623/623/623 
f 623/623/623 1032/1032/1032 623/623/623 
f 623/623/623 1032/1032/1032 1032/1032/1032 
f 1032/1032/1032 1033/1033/1033 1032/1032/1032 
f 1032/1032/1032 1033/1033/1033 1034/1034/1034 
f 1033/1033/1033 1035/1035/1035 1034/1034/1034 
f 1034/1034/1034 1035/1035/1035 1036/1036/1036 
f 1035/1035/1035 1037/1037/1037 1036/1036/1036 
f 1036/1036/1036 1037/1037/1037 1038/1038/1038 
f 1037/1037/1037 1038/1038/1038 1038/1038/1038 
f 1038/1038/1038 1038/1038/1038 1035/1035/1035 
f 1038/1038/1038 1035/1035/1035 1035/1035/1035 
f 1035/1035/1035 1035/1035/1035 1035/1035/1035 
f 1035/1035/1035 1033/1033/1033 1035/1035/1035 
f 1035/1035/1035 1033/1033/1033 1037/1037/1037 
f 1033/1033/1033 1039/1039/1039 1037/1037/1037 
f 1037/1037/1037 1039/1039/1039 1039/1039/1039 
f 1039/1039/1039 600/600/600 1039/1039/1039 
f 1039/1039/1039 600/600/600 600/600/600 
f 600/600/600 598/598/598 600/600/600 
f 600/600/600 598/598/598 609/609/609 
f 598/598/598 607/607/607 609/609/609 
f 609/609/609 607/607/607 607/607/607 
f 607/607/607 1031/1031/1031 607/607/607 
f 607/607/607 1031/1031/1031 1031/1031/1031 
f 1031/1031/1031 1029/1029/1029 1031/1031/1031 
f 1031/1031/1031 1029/1029/1029 1040/1040/1040 
f 1029/1029/1029 1041/1041/1041 1040/1040/1040 
f 1040/1040/1040 1041/1041/1041 1042/1042/1042 
f 1041/1041/1041 1043/1043/1043 1042/1042/1042 
f 1042/1042/1042 1043/1043/1043 1044/1044/1044 
f 1043/1043/1043 1044/1044/1044 1044/1044/1044 
f 1044/1044/1044 1044/1044/1044 1041/1041/1041 
f 1044/1044/1044 1041/1041/1041 1041/1041/1041 
f 1041/1041/1041 1041/1041/1041 1041/1041/1041 
f 1041/1041/1041 1029/1029/1029 1041/1041/1041 
f 1041/1041/1041 1029/1029/1029 1043/1043/1043 
f 1029/1029/1029 1045/1045/1045 1043/1043/1043 
f 1043/1043/1043 1045/1045/1045 1045/1045/1045 
f 1045/1045/1045 312/312/312 1045/1045/1045 
f 1045/1045/1045 312/312/312 312/312/312 
f 312/312/312 310/310/310 312/312/312 
f 312/312/312 310/310/310 321/321/321 
f 310/310/310 319/319/319 321/321/321 
f 321/321/321 319/319/319 319/319/319 
f 319/319/319 874/874/874 319/319/319 
f 319/319/319 874/874/874 874/874/874 
f 874/874/874 1046/1046/1046 874/874/874 
f 874/874/874 1046/1046/1046 876/876/876 
f 1046/1046/1046 1047/1047/1047 876/876/876 
f 876/876/876 1047/1047/1047 1048/1048/1048 
f 1047/1047/1047 1049/1049/1049 1048/1048/1048 
f 1048/1048/1048 1049/1049/1049 1050/1050/1050 
f 1049/1049/1049 1051/1051/1051 1050/1050/1050 
f 1050/1050/1050 1051/1051/1051 1051/1051/1051 
f 1051/1051/1051 1048/1048/1048 1051/1051/1051 
f 1051/1051/1051 1048/1048/1048 1048/1048/1048 
f 1048/1048/1048 1050/1050/1050 1048/1048/1048 
f 1048/1048/1048 1050/1050/1050 876/876/876 
f 1050/1050/1050 878/878/878 876/876/876 
f 876/876/876 878/878/878 878/878/878 
f 878/878/878 1052/1052/1052 878/878/878 
f 878/878/878 1052/1052/1052 1052/1052/1052 
f 1052/1052/1052 1053/1053/1053 1052/1052/1052 
f 1052/1052/1052 1053/1053/1053 1054/1054/1054 
f 1053/1053/1053 1055/1055/1055 1054/1054/1054 
f 1054/1054/1054 1055/1055/1055 1056/1056/1056 
f 1055/1055/1055 1057/1057/1057 1056/1056/1056 
f 1056/1056/1056 1057/1057/1057 1058/1058/1058 
f 1057/1057/1057 1058/1058/1058 1058/1058/1058 
f 1058/1058/1058 1058/1058/1058 1055/1055/1055 
f 1058/1058/1058 1055/1055/1055 1055/1055/1055 
f 1055/1055/1055 1055/1055/1055 1055/1055/1055 
f 1055/1055/1055 1053/1053/1053 1055/1055/1055 
f 1055/1055/1055 1053/1053/1053 1057/1057/1057 
f 1053/1053/1053 1059/1059/1059 1057/1057/1057 
f 1057/1057/1057 1059/1059/1059 1059/1059/1059 
f 1059/1059/1059 1054/1054/1054 1059/1059/1059 
f 1059/1059/1059 1054/1054/1054 1054/1054/1054 
f 1054/1054/1054 1056/1056/1056 1054/1054/1054 
f 1054/1054/1054 1056/1056/1056 1060/1060/1060 
f 1056/1056/1056 1061/1061/1061 1060/1060/1060 
f 1060/1060/1060 1061/1061/1061 1061/1061/1061 
f 1061/1061/1061 1056/1056/1056 1061/1061/1061 
f 1061/1061/1061 1056/1056/1056 1062/1062/1062 
f 1056/1056/1056 1063/1063/1063 1062/1062/1062 
f 1062/1062/1062 1063/1063/1063 1064/1064/1064 
f 1063/1063/1063 1065/1065/1065 1064/1064/1064 
f 1064/1064/1064 1065/1065/1065 1066/1066/1066 
f 1065/1065/1065 1066/1066/1066 1066/1066/1066 
f 1066/1066/1066 1066/1066/1066 1062/1062/1062 
f 1066/1066/1066 1062/1062/1062 1062/1062/1062 
f 1062/1062/1062 1062/1062/1062 1062/1062/1062 
f 1062/1062/1062 1064/1064/1064 1062/1062/1062 
f 1062/1062/1062 1064/1064/1064 1061/1061/1061 
f 1064/1064/1064 1067/1067/1067 1061/1061/1061 
f 1061/1061/1061 1067/1067/1067 1067/1067/1067 
f 1067/1067/1067 1064/1064/1064 1067/1067/1067 
f 1067/1067/1067 1064/1064/1064 1068/1068/1068 
f 1064/1064/1064 1069/1069/1069 1068/1068/1068 
f 1068/1068/1068 1069/1069/1069 1070/1070/1070 
f 1069/1069/1069 1066/1066/1066 1070/1070/1070 
f 1070/1070/1070 1066/1066/1066 1071/1071/1071 
f 1066/1066/1066 1071/1071/1071 1071/1071/1071 
f 1071/1071/1071 1071/1071/1071 1071/1071/1071 
f 1071/1071/1071 1072/1072/1072 1071/1071/1071 
f 1071/1071/1071 1072/1072/1072 1070/1070/1070 
f 1072/1072/1072 1073/1073/1073 1070/1070/1070 
f 1070/1070/1070 1073/1073/1073 1074/1074/1074 
f 1073/1073/1073 1075/1075/1075 1074/1074/1074 
f 1074/1074/1074 1075/1075/1075 1076/1076/1076 
f 1075/1075/1075 1076/1076/1076 1076/1076/1076 
f 1076/1076/1076 1076/1076/1076 1073/1073/1073 
f 1076/1076/1076 1073/1073/1073 1073/1073/1073 
f 1073/1073/1073 1073/1073/1073 1073/1073/1073 
f 1073/1073/1073 1072/1072/1072 1073/1073/1073 
f 1073/1073/1073 1072/1072/1072 1075/1075/1075 
f 1072/1072/1072 1077/1077/1077 1075/1075/1075 
f 1075/1075/1075 1077/1077/1077 1077/1077/1077 
f 1077/1077/1077 496/496/496 1077/1077/1077 
f 1077/1077/1077 496/496/496 496/496/496 
f 496/496/496 485/485/485 496/496/496 
f 496/496/496 485/485/485 483/483/483 
f 485/485/485 484/484/484 483/483/483 
f 483/483/483 484/484/484 484/484/484 
f 484/484/484 1074/1074/1074 484/484/484 
f 484/484/484 1074/1074/1074 1074/1074/1074 
f 1074/1074/1074 1078/1078/1078 1074/1074/1074 
f 1074/1074/1074 1078/1078/1078 1070/1070/1070 
f 1078/1078/1078 1068/1068/1068 1070/1070/1070 
f 1070/1070/1070 1068/1068/1068 1068/1068/1068 
f 1068/1068/1068 1079/1079/1079 1068/1068/1068 
f 1068/1068/1068 1079/1079/1079 1079/1079/1079 
f 1079/1079/1079 1080/1080/1080 1079/1079/1079 
f 1079/1079/1079 1080/1080/1080 1081/1081/1081 
f 1080/1080/1080 1082/1082/1082 1081/1081/1081 
f 1081/1081/1081 1082/1082/1082 1083/1083/1083 
f 1082/1082/1082 1084/1084/1084 1083/1083/1083 
f 1083/1083/1083 1084/1084/1084 1085/1085/1085 
f 1084/1084/1084 1086/1086/1086 1085/1085/1085 
f 1085/1085/1085 1086/1086/1086 1086/1086/1086 
f 1086/1086/1086 1082/1082/1082 1086/1086/1086 
f 1086/1086/1086 1082/1082/1082 1082/1082/1082 
f 1082/1082/1082 1080/1080/1080 1082/1082/1082 
f 1082/1082/1082 1080/1080/1080 1084/1084/1084 
f 1080/1080/1080 1087/1087/1087 1084/1084/1084 
f 1084/1084/1084 1087/1087/1087 1088/1088/1088 
f 1087/1087/1087 1088/1088/1088 1088/1088/1088 
f 1088/1088/1088 1088/1088/1088 1084/1084/1084 
f 1088/1088/1088 1084/1084/1084 1084/1084/1084 
f 1084/1084/1084 1084/1084/1084 1084/1084/1084 
f 1084/1084/1084 1088/1088/1088 1084/1084/1084 
f 1084/1084/1084 1088/1088/1088 1089/1089/1089 
f 1088/1088/1088 1090/1090/1090 1089/1089/1089 
f 1089/1089/1089 1090/1090/1090 1086/1086/1086 
f 1090/1090/1090 1091/1091/1091 1086/1086/1086 
f 1086/1086/1086 1091/1091/1091 1091/1091/1091 
f 1091/1091/1091 1088/1088/1088 1091/1091/1091 
f 1091/1091/1091 1088/1088/1088 1088/1088/1088 
f 1088/1088/1088 1092/1092/1092 1088/1088/1088 
f 1088/1088/1088 1092/1092/1092 1090/1090/1090 
f 1092/1092/1092 1093/1093/1093 1090/1090/1090 
f 1090/1090/1090 1093/1093/1093 1094/1094/1094 
f 1093/1093/1093 1095/1095/1095 1094/1094/1094 
f 1094/1094/1094 1095/1095/1095 1096/1096/1096 
f 1095/1095/1095 1097/1097/1097 1096/1096/1096 
f 1096/1096/1096 1097/1097/1097 1097/1097/1097 
f 1097/1097/1097 1094/1094/1094 1097/1097/1097 
f 1097/1097/1097 1094/1094/1094 1094/1094/1094 
f 1094/1094/1094 1096/1096/1096 1094/1094/1094 
f 1094/1094/1094 1096/1096/1096 1090/1090/1090 
f 1096/1096/1096 1091/1091/1091 1090/1090/1090 
f 1090/1090/1090 1091/1091/1091 1091/1091/1091 
f 1091/1091/1091 1098/1098/1098 1091/1091/1091 
f 1091/1091/1091 1098/1098/1098 1098/1098/1098 
f 1098/1098/1098 1099/1099/1099 1098/1098/1098 
f 1098/1098/1098 1099/1099/1099 1100/1100/1100 
f 1099/1099/1099 1101/1101/1101 1100/1100/1100 
f 1100/1100/1100 1101/1101/1101 1102/1102/1102 
f 1101/1101/1101 1103/1103/1103 1102/1102/1102 
f 1102/1102/1102 1103/1103/1103 1104/1104/1104 
f 1103/1103/1103 1104/1104/1104 1104/1104/1104 
f 1104/1104/1104 1104/1104/1104 1101/1101/1101 
f 1104/1104/1104 1101/1101/1101 1101/1101/1101 
f 1101/1101/1101 1101/1101/1101 1101/1101/1101 
f 1101/1101/1101 1099/1099/1099 1101/1101/1101 
f 1101/1101/1101 1099/1099/1099 1103/1103/1103 
f 1099/1099/1099 1105/1105/1105 1103/1103/1103 
f 1103/1103/1103 1105/1105/1105 1105/1105/1105 
f 1105/1105/1105 597/597/597 1105/1105/1105 
f 1105/1105/1105 597/597/597 597/597/597 
f 597/597/597 599/599/599 597/597/597 
f 597/597/597 599/599/599 588/588/588 
f 599/599/599 590/590/590 588/588/588 
f 588/588/588 590/590/590 590/590/590 
f 590/590/590 1106/1106/1106 590/590/590 
f 590/590/590 1106/1106/1106 1106/1106/1106 
f 1106/1106/1106 1107/1107/1107 1106/1106/1106 
f 1106/1106/1106 1107/1107/1107 1108/1108/1108 
f 1107/1107/1107 1109/1109/1109 1108/1108/1108 
f 1108/1108/1108 1109/1109/1109 1110/1110/1110 
f 1109/1109/1109 1111/1111/1111 1110/1110/1110 
f 1110/1110/1110 1111/1111/1111 1112/1112/1112 
f 1111/1111/1111 1112/1112/1112 1112/1112/1112 
f 1112/1112/1112 1112/1112/1112 1109/1109/1109 
f 1112/1112/1112 1109/1109/1109 1109/1109/1109 
f 1109/1109/1109 1109/1109/1109 1109/1109/1109 
f 1109/1109/1109 1107/1107/1107 1109/1109/1109 
f 1109/1109/1109 1107/1107/1107 1111/1111/1111 
f 1107/1107/1107 1113/1113/1113 1111/1111/1111 
f 1111/1111/1111 1113/1113/1113 1113/1113/1113 
f 1113/1113/1113 1093/1093/1093 1113/1113/1113 
f 1113/1113/1113 1093/1093/1093 1093/1093/1093 
f 1093/1093/1093 1114/1114/1114 1093/1093/1093 
f 1093/1093/1093 1114/1114/1114 1095/1095/1095 
f 1114/1114/1114 1115/1115/1115 1095/1095/1095 
f 1095/1095/1095 1115/1115/1115 1116/1116/1116 
f 1115/1115/1115 1117/1117/1117 1116/1116/1116 
f 1116/1116/1116 1117/1117/1117 1118/1118/1118 
f 1117/1117/1117 1119/1119/1119 1118/1118/1118 
f 1118/1118/1118 1119/1119/1119 1119/1119/1119 
f 1119/1119/1119 1116/1116/1116 1119/1119/1119 
f 1119/1119/1119 1116/1116/1116 1116/1116/1116 
f 1116/1116/1116 1118/1118/1118 1116/1116/1116 
f 1116/1116/1116 1118/1118/1118 1095/1095/1095 
f 1118/1118/1118 1097/1097/1097 1095/1095/1095 
f 1095/1095/1095 1097/1097/1097 1097/1097/1097 
f 1097/1097/1097 1120/1120/1120 1097/1097/1097 
f 1097/1097/1097 1120/1120/1120 1120/1120/1120 
f 1120/1120/1120 1121/1121/1121 1120/1120/1120 
f 1120/1120/1120 1121/1121/1121 1122/1122/1122 
f 1121/1121/1121 1123/1123/1123 1122/1122/1122 
f 1122/1122/1122 1123/1123/1123 1124/1124/1124 
f 1123/1123/1123 1125/1125/1125 1124/1124/1124 
f 1124/1124/1124 1125/1125/1125 1126/1126/1126 
f 1125/1125/1125 1127/1127/1127 1126/1126/1126 
f 1126/1126/1126 1127/1127/1127 1127/1127/1127 
f 1127/1127/1127 1123/1123/1123 1127/1127/1127 
f 1127/1127/1127 1123/1123/1123 1123/1123/1123 
f 1123/1123/1123 1121/1121/1121 1123/1123/1123 
f 1123/1123/1123 1121/1121/1121 1125/1125/1125 
f 1121/1121/1121 1128/1128/1128 1125/1125/1125 
f 1125/1125/1125 1128/1128/1128 1129/1129/1129 
f 1128/1128/1128 1129/1129/1129 1129/1129/1129 
f 1129/1129/1129 1129/1129/1129 1125/1125/1125 
f 1129/1129/1129 1125/1125/1125 1125/1125/1125 
f 1125/1125/1125 1125/1125/1125 1125/1125/1125 
f 1125/1125/1125 1129/1129/1129 1125/1125/1125 
f 1125/1125/1125 1129/1129/1129 1130/1130/1130 
f 1129/1129/1129 1131/1131/1131 1130/1130/1130 
f 1130/1130/1130 1131/1131/1131 1127/1127/1127 
f 1131/1131/1131 1132/1132/1132 1127/1127/1127 
f 1127/1127/1127 1132/1132/1132 1132/1132/1132 
f 1132/1132/1132 1133/1133/1133 1132/1132/1132 
f 1132/1132/1132 1133/1133/1133 1133/1133/1133 
f 1133/1133/1133 1134/1134/1134 1133/1133/1133 
f 1133/1133/1133 1134/1134/1134 1135/1135/1135 
f 1134/1134/1134 1136/1136/1136 1135/1135/1135 
f 1135/1135/1135 1136/1136/1136 1137/1137/1137 
f 1136/1136/1136 1138/1138/1138 1137/1137/1137 
f 1137/1137/1137 1138/1138/1138 1139/1139/1139 
f 1138/1138/1138 1139/1139/1139 1139/1139/1139 
f 1139/1139/1139 1139/1139/1139 1136/1136/1136 
f 1139/1139/1139 1136/1136/1136 1136/1136/1136 
f 1136/1136/1136 1136/1136/1136 1136/1136/1136 
f 1136/1136/1136 1134/1134/1134 1136/1136/1136 
f 1136/1136/1136 1134/1134/1134 1138/1138/1138 
f 1134/1134/1134 1140/1140/1140 1138/1138/1138 
f 1138/1138/1138 1140/1140/1140 1140/1140/1140 
f 1140/1140/1140 1112/1112/1112 1140/1140/1140 
f 1140/1140/1140 1112/1112/1112 1112/1112/1112 
f 1112/1112/1112 1141/1141/1141 1112/1112/1112 
f 1112/1112/1112 1141/1141/1141 1110/1110/1110 
f 1141/1141/1141 1142/1142/1142 1110/1110/1110 
f 1110/1110/1110 1142/1142/1142 1143/1143/1143 
f 1142/1142/1142 1144/1144/1144 1143/1143/1143 
f 1143/1143/1143 1144/1144/1144 1145/1145/1145 
f 1144/1144/1144 1146/1146/1146 1145/1145/1145 
f 1145/1145/1145 1146/1146/1146 1146/1146/1146 
f 1146/1146/1146 1142/1142/1142 1146/1146/1146 
f 1146/1146/1146 1142/1142/1142 1142/1142/1142 
f 1142/1142/1142 1141/1141/1141 1142/1142/1142 
f 1142/1142/1142 1141/1141/1141 1144/1144/1144 
f 1141/1141/1141 1147/1147/1147 1144/1144/1144 
f 1144/1144/1144 1147/1147/1147 1148/1148/1148 
f 1147/1147/1147 1148/1148/1148 1148/1148/1148 
f 1148/1148/1148 1148/1148/1148 1144/1144/1144 
f 1148/1148/1148 1144/1144/1144 1144/1144/1144 
f 1144/1144/1144 1144/1144/1144 1144/1144/1144 
f 1144/1144/1144 1148/1148/1148 1144/1144/1144 
f 1144/1144/1144 1148/1148/1148 1149/1149/1149 
f 1148/1148/1148 1150/1150/1150 1149/1149/1149 
f 1149/1149/1149 1150/1150/1150 1146/1146/1146 
f 1150/1150/1150 1151/1151/1151 1146/1146/1146 
f 1146/1146/1146 1151/1151/1151 1151/1151/1151 
f 1151/1151/1151 1148/1148/1148 1151/1151/1151 
f 1151/1151/1151 1148/1148/1148 1148/1148/1148 
f 1148/1148/1148 1152/1152/1152 1148/1148/1148 
f 1148/1148/1148 1152/1152/1152 1150/1150/1150 
f 1152/1152/1152 1153/1153/1153 1150/1150/1150 
f 1150/1150/1150 1153/1153/1153 1154/1154/1154 
f 1153/1153/1153 1155/1155/1155 1154/1154/1154 
f 1154/1154/1154 1155/1155/1155 1156/1156/1156 
f 1155/1155/1155 1157/1157/1157 1156/1156/1156 
f 1156/1156/1156 1157/1157/1157 1157/1157/1157 
f 1157/1157/1157 1154/1154/1154 1157/1157/1157 
f 1157/1157/1157 1154/1154/1154 1154/1154/1154 
f 1154/1154/1154 1156/1156/1156 1154/1154/1154 
f 1154/1154/1154 1156/1156/1156 1150/1150/1150 
f 1156/1156/1156 1151/1151/1151 1150/1150/1150 
f 1150/1150/1150 1151/1151/1151 1151/1151/1151 
f 1151/1151/1151 1135/1135/1135 1151/1151/1151 
f 1151/1151/1151 1135/1135/1135 1135/1135/1135 
f 1135/1135/1135 1137/1137/1137 1135/1135/1135 
f 1135/1135/1135 1137/1137/1137 1158/1158/1158 
f 1137/1137/1137 1159/1159/1159 1158/1158/1158 
f 1158/1158/1158 1159/1159/1159 1159/1159/1159 
f 1159/1159/1159 1137/1137/1137 1159/1159/1159 
f 1159/1159/1159 1137/1137/1137 1160/1160/1160 
f 1137/1137/1137 1161/1161/1161 1160/1160/1160 
f 1160/1160/1160 1161/1161/1161 1162/1162/1162 
f 1161/1161/1161 1163/1163/1163 1162/1162/1162 
f 1162/1162/1162 1163/1163/1163 1163/1163/1163 
f 1163/1163/1163 1160/1160/1160 1163/1163/1163 
f 1163/1163/1163 1160/1160/1160 1160/1160/1160 
f 1160/1160/1160 1162/1162/1162 1160/1160/1160 
f 1160/1160/1160 1162/1162/1162 1159/1159/1159 
f 1162/1162/1162 1164/1164/1164 1159/1159/1159 
f 1159/1159/1159 1164/1164/1164 1164/1164/1164 
f 1164/1164/1164 1153/1153/1153 1164/1164/1164 
f 1164/1164/1164 1153/1153/1153 1153/1153/1153 
f 1153/1153/1153 1165/1165/1165 1153/1153/1153 
f 1153/1153/1153 1165/1165/1165 1155/1155/1155 
f 1165/1165/1165 1166/1166/1166 1155/1155/1155 
f 1155/1155/1155 1166/1166/1166 1167/1167/1167 
f 1166/1166/1166 1168/1168/1168 1167/1167/1167 
f 1167/1167/1167 1168/1168/1168 1169/1169/1169 
f 1168/1168/1168 1170/1170/1170 1169/1169/1169 
f 1169/1169/1169 1170/1170/1170 1170/1170/1170 
f 1170/1170/1170 1167/1167/1167 1170/1170/1170 
f 1170/1170/1170 1167/1167/1167 1167/1167/1167 
f 1167/1167/1167 1169/1169/1169 1167/1167/1167 
f 1167/1167/1167 1169/1169/1169 1155/1155/1155 
f 1169/1169/1169 1157/1157/1157 1155/1155/1155 
f 1155/1155/1155 1157/1157/1157 1157/1157/1157 
f 1157/1157/1157 1166/1166/1166 1157/1157/1157 
f 1157/1157/1157 1166/1166/1166 1166/1166/1166 
f 1166/1166/1166 1171/1171/1171 1166/1166/1166 
f 1166/1166/1166 1171/1171/1171 1168/1168/1168 
f 1171/1171/1171 1172/1172/1172 1168/1168/1168 
f 1168/1168/1168 1172/1172/1172 1173/1173/1173 
f 1172/1172/1172 1174/1174/1174 1173/1173/1173 
f 1173/1173/1173 1174/1174/1174 1175/1175/1175 
f 1174/1174/1174 1176/1176/1176 1175/1175/1175 
f 1175/1175/1175 1176/1176/1176 1176/1176/1176 
f 1176/1176/1176 1173/1173/1173 1176/1176/1176 
f 1176/1176/1176 1173/1173/1173 1173/1173/1173 
f 1173/1173/1173 1175/1175/1175 1173/1173/1173 
f 1173/1173/1173 1175/1175/1175 1168/1168/1168 
f 1175/1175/1175 1170/1170/1170 1168/1168/1168 
f 1168/1168/1168 1170/1170/1170 1170/1170/1170 
f 1170/1170/1170 1177/1177/1177 1170/1170/1170 
f 1170/1170/1170 1177/1177/1177 1177/1177/1177 
f 1177/1177/1177 1178/1178/1178 1177/1177/1177 
f 1177/1177/1177 1178/1178/1178 1179/1179/1179 
f 1178/1178/1178 1180/1180/1180 1179/1179/1179 
f 1179/1179/1179 1180/1180/1180 1181/1181/1181 
f 1180/1180/1180 1182/1182/1182 1181/1181/1181 
f 1181/1181/1181 1182/1182/1182 1183/1183/1183 
f 1182/1182/1182 1184/1184/1184 1183/1183/1183 
f 1183/1183/1183 1184/1184/1184 1184/1184/1184 
f 1184/1184/1184 1180/1180/1180 1184/1184/1184 
f 1184/1184/1184 1180/1180/1180 1180/1180/1180 
f 1180/1180/1180 1178/1178/1178 1180/1180/1180 
f 1180/1180/1180 1178/1178/1178 1182/1182/1182 
f 1178/1178/1178 1185/1185/1185 1182/1182/1182 
f 1182/1182/1182 1185/1185/1185 1186/1186/1186 
f 1185/1185/1185 1186/1186/1186 1186/1186/1186 
f 1186/1186/1186 1186/1186/1186 1182/1182/1182 
f 1186/1186/1186 1182/1182/1182 1182/1182/1182 
f 1182/1182/1182 1182/1182/1182 1182/1182/1182 
f 1182/1182/1182 1186/1186/1186 1182/1182/1182 
f 1182/1182/1182 1186/1186/1186 1187/1187/1187 
f 1186/1186/1186 1188/1188/1188 1187/1187/1187 
f 1187/1187/1187 1188/1188/1188 1184/1184/1184 
f 1188/1188/1188 1189/1189/1189 1184/1184/1184 
f 1184/1184/1184 1189/1189/1189 1189/1189/1189 
f 1189/1189/1189 1186/1186/1186 1189/1189/1189 
f 1189/1189/1189 1186/1186/1186 1186/1186/1186 
f 1186/1186/1186 1190/1190/1190 1186/1186/1186 
f 1186/1186/1186 1190/1190/1190 1188/1188/1188 
f 1190/1190/1190 1191/1191/1191 1188/1188/1188 
f 1188/1188/1188 1191/1191/1191 1192/1192/1192 
f 1191/1191/1191 1193/1193/1193 1192/1192/1192 
f 1192/1192/1192 1193/1193/1193 1194/1194/1194 
f 1193/1193/1193 1195/1195/1195 1194/1194/1194 
f 1194/1194/1194 1195/1195/1195 1195/1195/1195 
f 1195/1195/1195 1192/1192/1192 1195/1195/1195 
f 1195/1195/1195 1192/1192/1192 1192/1192/1192 
f 1192/1192/1192 1194/1194/1194 1192/1192/1192 
f 1192/1192/1192 1194/1194/1194 1188/1188/1188 
f 1194/1194/1194 1189/1189/1189 1188/1188/1188 
f 1188/1188/1188 1189/1189/1189 1189/1189/1189 
f 1189/1189/1189 1191/1191/1191 1189/1189/1189 
f 1189/1189/1189 1191/1191/1191 1191/1191/1191 
f 1191/1191/1191 1196/1196/1196 1191/1191/1191 
f 1191/1191/1191 1196/1196/1196 1193/1193/1193 
f 1196/1196/1196 1197/1197/1197 1193/1193/1193 
f 1193/1193/1193 1197/1197/1197 1198/1198/1198 
f 1197/1197/1197 1199/1199/1199 1198/1198/1198 
f 1198/1198/1198 1199/1199/1199 1200/1200/1200 
f 1199/1199/1199 1201/1201/1201 1200/1200/1200 
f 1200/1200/1200 1201/1201/1201 1201/1201/1201 
f 1201/1201/1201 1198/1198/1198 1201/1201/1201 
f 1201/1201/1201 1198/1198/1198 1198/1198/1198 
f 1198/1198/1198 1200/1200/1200 1198/1198/1198 
f 1198/1198/1198 1200/1200/1200 1193/1193/1193 
f 1200/1200/1200 1195/1195/1195 1193/1193/1193 
f 1193/1193/1193 1195/1195/1195 1195/1195/1195 
f 1195/1195/1195 1197/1197/1197 1195/1195/1195 
f 1195/1195/1195 1197/1197/1197 1197/1197/1197 
f 1197/1197/1197 1202/1202/1202 1197/1197/1197 
f 1197/1197/1197 1202/1202/1202 1199/1199/1199 
f 1202/1202/1202 1203/1203/1203 1199/1199/1199 
f 1199/1199/1199 1203/1203/1203 1204/1204/1204 
f 1203/1203/1203 1205/1205/1205 1204/1204/1204 
f 1204/1204/1204 1205/1205/1205 1206/1206/1206 
f 1205/1205/1205 1207/1207/1207 1206/1206/1206 
f 1206/1206/1206 1207/1207/1207 1207/1207/1207 
f 1207/1207/1207 1204/1204/1204 1207/1207/1207 
f 1207/1207/1207 1204/1204/1204 1204/1204/1204 
f 1204/1204/1204 1206/1206/1206 1204/1204/1204 
f 1204/1204/1204 1206/1206/1206 1199/1199/1199 
f 1206/1206/1206 1201/1201/1201 1199/1199/1199 
f 1199/1199/1199 1201/1201/1201 1201/1201/1201 
f 1201/1201/1201 1203/1203/1203 1201/1201/1201 
f 1201/1201/1201 1203/1203/1203 1203/1203/1203 
f 1203/1203/1203 1208/1208/1208 1203/1203/1203 
f 1203/1203/1203 1208/1208/1208 1205/1205/1205 
f 1208/1208/1208 1209/1209/1209 1205/1205/1205 
f 1205/1205/1205 1209/1209/1209 1210/1210/1210 
f 1209/1209/1209 1211/1211/1211 1210/1210/1210 
f 1210/1210/1210 1211/1211/1211 1212/1212/1212 
f 1211/1211/1211 1213/1213/1213 1212/1212/1212 
f 1212/1212/1212 1213/1213/1213 1213/1213/1213 
f 1213/1213/1213 1210/1210/1210 1213/1213/1213 
f 1213/1213/1213 1210/1210/1210 1210/1210/1210 
f 1210/1210/1210 1212/1212/1212 1210/1210/1210 
f 1210/1210/1210 1212/1212/1212 1205/1205/1205 
f 1212/1212/1212 1207/1207/1207 1205/1205/1205 
f 1205/1205/1205 1207/1207/1207 1207/1207/1207 
f 1207/1207/1207 683/683/683 1207/1207/1207 
f 1207/1207/1207 683/683/683 683/683/683 
f 683/683/683 676/676/676 683/683/683 
f 683/683/683 676/676/676 674/674/674 
f 676/676/676 675/675/675 674/674/674 
f 674/674/674 675/675/675 675/675/675 
f 675/675/675 504/504/504 675/675/675 
f 675/675/675 504/504/504 504/504/504 
f 504/504/504 506/506/506 504/504/504 
f 504/504/504 506/506/506 491/491/491 
f 506/506/506 493/493/493 491/491/491 
f 491/491/491 493/493/493 493/493/493 
f 493/493/493 1214/1214/1214 493/493/493 
f 493/493/493 1214/1214/1214 1214/1214/1214 
f 1214/1214/1214 1215/1215/1215 1214/1214/1214 
f 1214/1214/1214 1215/1215/1215 1216/1216/1216 
f 1215/1215/1215 1217/1217/1217 1216/1216/1216 
f 1216/1216/1216 1217/1217/1217 1218/1218/1218 
f 1217/1217/1217 1219/1219/1219 1218/1218/1218 
f 1218/1218/1218 1219/1219/1219 1220/1220/1220 
f 1219/1219/1219 1220/1220/1220 1220/1220/1220 
f 1220/1220/1220 1220/1220/1220 1217/1217/1217 
f 1220/1220/1220 1217/1217/1217 1217/1217/1217 
f 1217/1217/1217 1217/1217/1217 1217/1217/1217 
f 1217/1217/1217 1215/1215/1215 1217/1217/1217 
f 1217/1217/1217 1215/1215/1215 1219/1219/1219 
f 1215/1215/1215 1221/1221/1221 1219/1219/1219 
f 1219/1219/1219 1221/1221/1221 1221/1221/1221 
f 1221/1221/1221 1216/1216/1216 1221/1221/1221 
f 1221/1221/1221 1216/1216/1216 1216/1216/1216 
f 1216/1216/1216 1218/1218/1218 1216/1216/1216 
f 1216/1216/1216 1218/1218/1218 1222/1222/1222 
f 1218/1218/1218 1223/1223/1223 1222/1222/1222 
f 1222/1222/1222 1223/1223/1223 1223/1223/1223 
f 1223/1223/1223 1218/1218/1218 1223/1223/1223 
f 1223/1223/1223 1218/1218/1218 1224/1224/1224 
f 1218/1218/1218 1225/1225/1225 1224/1224/1224 
f 1224/1224/1224 1225/1225/1225 1226/1226/1226 
f 1225/1225/1225 1227/1227/1227 1226/1226/1226 
f 1226/1226/1226 1227/1227/1227 1228/1228/1228 
f 1227/1227/1227 1228/1228/1228 1228/1228/1228 
f 1228/1228/1228 1228/1228/1228 1224/1224/1224 
f 1228/1228/1228 1224/1224/1224 1224/1224/1224 
f 1224/1224/1224 1224/1224/1224 1224/1224/1224 
f 1224/1224/1224 1226/1226/1226 1224/1224/1224 
f 1224/1224/1224 1226/1226/1226 1223/1223/1223 
f 1226/1226/1226 1229/1229/1229 1223/1223/1223 
f 1223/1223/1223 1229/1229/1229 1229/1229/1229 
f 1229/1229/1229 1226/1226/1226 1229/1229/1229 
f 1229/1229/1229 1226/1226/1226 1230/1230/1230 
f 1226/1226/1226 1231/1231/1231 1230/1230/1230 
f 1230/1230/1230 1231/1231/1231 1232/1232/1232 
f 1231/1231/1231 1228/1228/1228 1232/1232/1232 
f 1232/1232/1232 1228/1228/1228 1233/1233/1233 
f 1228/1228/1228 1233/1233/1233 1233/1233/1233 
f 1233/1233/1233 1233/1233/1233 267/267/267 
f 1233/1233/1233 267/267/267 267/267/267 
f 267/267/267 267/267/267 267/267/267 
f 267/267/267 266/266/266 267/267/267 
f 267/267/267 266/266/266 268/268/268 
f 266/266/266 275/275/275 268/268/268 
f 268/268/268 275/275/275 275/275/275 
f 275/275/275 317/317/317 275/275/275 
f 275/275/275 317/317/317 317/317/317 
f 317/317/317 316/316/316 317/317/317 
f 317/317/317 316/316/316 318/318/318 
f 316/316/316 325/325/325 318/318/318 
f 318/318/318 325/325/325 325/325/325 
f 325/325/325 1234/1234/1234 325/325/325 
f 325/325/325 1234/1234/1234 1234/1234/1234 
f 1234/1234/1234 1235/1235/1235 1234/1234/1234 
f 1234/1234/1234 1235/1235/1235 1236/1236/1236 
f 1235/1235/1235 1237/1237/1237 1236/1236/1236 
f 1236/1236/1236 1237/1237/1237 126/126/126 
f 1237/1237/1237 1238/1238/1238 126/126/126 
f 126/126/126 1238/1238/1238 129/129/129 
f 1238/1238/1238 130/130/130 129/129/129 
f 129/129/129 130/130/130 130/130/130 
f 130/130/130 1237/1237/1237 130/130/130 
f 130/130/130 1237/1237/1237 1237/1237/1237 
f 1237/1237/1237 1235/1235/1235 1237/1237/1237 
f 1237/1237/1237 1235/1235/1235 1238/1238/1238 
f 1235/1235/1235 1239/1239/1239 1238/1238/1238 
f 1238/1238/1238 1239/1239/1239 1240/1240/1240 
f 1239/1239/1239 1241/1241/1241 1240/1240/1240 
f 1240/1240/1240 1241/1241/1241 1242/1242/1242 
f 1241/1241/1241 1243/1243/1243 1242/1242/1242 
f 1242/1242/1242 1243/1243/1243 1244/1244/1244 
f 1243/1243/1243 1245/1245/1245 1244/1244/1244 
f 1244/1244/1244 1245/1245/1245 1245/1245/1245 
f 1245/1245/1245 1238/1238/1238 1245/1245/1245 
f 1245/1245/1245 1238/1238/1238 1238/1238/1238 
f 1238/1238/1238 1240/1240/1240 1238/1238/1238 
f 1238/1238/1238 1240/1240/1240 1246/1246/1246 
f 1240/1240/1240 1247/1247/1247 1246/1246/1246 
f 1246/1246/1246 1247/1247/1247 130/130/130 
f 1247/1247/1247 1248/1248/1248 130/130/130 
f 130/130/130 1248/1248/1248 132/132/132 
f 1248/1248/1248 132/132/132 132/132/132 
f 132/132/132 132/132/132 1247/1247/1247 
f 132/132/132 1247/1247/1247 1247/1247/1247 
f 1247/1247/1247 1247/1247/1247 1247/1247/1247 
f 1247/1247/1247 1240/1240/1240 1247/1247/1247 
f 1247/1247/1247 1240/1240/1240 1249/1249/1249 
f 1240/1240/1240 1244/1244/1244 1249/1249/1249 
f 1249/1249/1249 1244/1244/1244 1244/1244/1244 
f 1244/1244/1244 1245/1245/1245 1244/1244/1244 
f 1244/1244/1244 1245/1245/1245 1245/1245/1245 
f 1245/1245/1245 1243/1243/1243 1245/1245/1245 
f 1245/1245/1245 1243/1243/1243 1250/1250/1250 
f 1243/1243/1243 1251/1251/1251 1250/1250/1250 
f 1250/1250/1250 1251/1251/1251 1252/1252/1252 
f 1251/1251/1251 1253/1253/1253 1252/1252/1252 
f 1252/1252/1252 1253/1253/1253 1254/1254/1254 
f 1253/1253/1253 1254/1254/1254 1254/1254/1254 
f 1254/1254/1254 1254/1254/1254 1251/1251/1251 
f 1254/1254/1254 1251/1251/1251 1251/1251/1251 
f 1251/1251/1251 1251/1251/1251 1251/1251/1251 
f 1251/1251/1251 1243/1243/1243 1251/1251/1251 
f 1251/1251/1251 1243/1243/1243 1253/1253/1253 
f 1243/1243/1243 1255/1255/1255 1253/1253/1253 
f 1253/1253/1253 1255/1255/1255 1255/1255/1255 
f 1255/1255/1255 49/49/49 1255/1255/1255 
f 1255/1255/1255 49/49/49 49/49/49 
f 49/49/49 48/48/48 49/49/49 
f 49/49/49 48/48/48 50/50/50 
f 48/48/48 60/60/60 50/50/50 
f 50/50/50 60/60/60 60/60/60 
f 60/60/60 515/515/515 60/60/60 
f 60/60/60 515/515/515 515/515/515 
f 515/515/515 513/513/513 515/515/515 
f 515/515/515 513/513/513 1256/1256/1256 
f 513/513/513 540/540/540 1256/1256/1256 
f 1256/1256/1256 540/540/540 540/540/540 
f 540/540/540 322/322/322 540/540/540 
f 540/540/540 322/322/322 322/322/322 
f 322/322/322 320/320/320 322/322/322 
f 322/322/322 320/320/320 331/331/331 
f 320/320/320 329/329/329 331/331/331 
f 331/331/331 329/329/329 329/329/329 
f 329/329/329 889/889/889 329/329/329 
f 329/329/329 889/889/889 889/889/889 
f 889/889/889 891/891/891 889/889/889 
f 889/889/889 891/891/891 1257/1257/1257 
f 891/891/891 916/916/916 1257/1257/1257 
f 1257/1257/1257 916/916/916 916/916/916 
f 916/916/916 1258/1258/1258 916/916/916 
f 916/916/916 1258/1258/1258 1258/1258/1258 
f 1258/1258/1258 1259/1259/1259 1258/1258/1258 
f 1258/1258/1258 1259/1259/1259 1260/1260/1260 
f 1259/1259/1259 1261/1261/1261 1260/1260/1260 
f 1260/1260/1260 1261/1261/1261 1262/1262/1262 
f 1261/1261/1261 1263/1263/1263 1262/1262/1262 
f 1262/1262/1262 1263/1263/1263 1264/1264/1264 
f 1263/1263/1263 1264/1264/1264 1264/1264/1264 
f 1264/1264/1264 1264/1264/1264 1261/1261/1261 
f 1264/1264/1264 1261/1261/1261 1261/1261/1261 
f 1261/1261/1261 1261/1261/1261 1261/1261/1261 
f 1261/1261/1261 1259/1259/1259 1261/1261/1261 
f 1261/1261/1261 1259/1259/1259 1263/1263/1263 
f 1259/1259/1259 1265/1265/1265 1263/1263/1263 
f 1263/1263/1263 1265/1265/1265 1265/1265/1265 
f 1265/1265/1265 1266/1266/1266 1265/1265/1265 
f 1265/1265/1265 1266/1266/1266 1266/1266/1266 
f 1266/1266/1266 1267/1267/1267 1266/1266/1266 
f 1266/1266/1266 1267/1267/1267 1268/1268/1268 
f 1267/1267/1267 1269/1269/1269 1268/1268/1268 
f 1268/1268/1268 1269/1269/1269 1270/1270/1270 
f 1269/1269/1269 1271/1271/1271 1270/1270/1270 
f 1270/1270/1270 1271/1271/1271 1272/1272/1272 
f 1271/1271/1271 1272/1272/1272 1272/1272/1272 
f 1272/1272/1272 1272/1272/1272 1269/1269/1269 
f 1272/1272/1272 1269/1269/1269 1269/1269/1269 
f 1269/1269/1269 1269/1269/1269 1269/1269/1269 
f 1269/1269/1269 1267/1267/1267 1269/1269/1269 
f 1269/1269/1269 1267/1267/1267 1271/1271/1271 
f 1267/1267/1267 1273/1273/1273 1271/1271/1271 
f 1271/1271/1271 1273/1273/1273 1273/1273/1273 
f 1273/1273/1273 1264/1264/1264 1273/1273/1273 
f 1273/1273/1273 1264/1264/1264 1264/1264/1264 
f 1264/1264/1264 1274/1274/1274 1264/1264/1264 
f 1264/1264/1264 1274/1274/1274 1262/1262/1262 
f 1274/1274/1274 1275/1275/1275 1262/1262/1262 
f 1262/1262/1262 1275/1275/1275 1276/1276/1276 
f 1275/1275/1275 1277/1277/1277 1276/1276/1276 
f 1276/1276/1276 1277/1277/1277 1278/1278/1278 
f 1277/1277/1277 1279/1279/1279 1278/1278/1278 
f 1278/1278/1278 1279/1279/1279 1279/1279/1279 
f 1279/1279/1279 1275/1275/1275 1279/1279/1279 
f 1279/1279/1279 1275/1275/1275 1275/1275/1275 
f 1275/1275/1275 1274/1274/1274 1275/1275/1275 
f 1275/1275/1275 1274/1274/1274 1277/1277/1277 
f 1274/1274/1274 1280/1280/1280 1277/1277/1277 
f 1277/1277/1277 1280/1280/1280 1281/1281/1281 
f 1280/1280/1280 1281/1281/1281 1281/1281/1281 
f 1281/1281/1281 1281/1281/1281 1277/1277/1277 
f 1281/1281/1281 1277/1277/1277 1277/1277/1277 
f 1277/1277/1277 1277/1277/1277 1277/1277/1277 
f 1277/1277/1277 1281/1281/1281 1277/1277/1277 
f 1277/1277/1277 1281/1281/1281 1282/1282/1282 
f 1281/1281/1281 1283/1283/1283 1282/1282/1282 
f 1282/1282/1282 1283/1283/1283 1279/1279/1279 
f 1283/1283/1283 1284/1284/1284 1279/1279/1279 
f 1279/1279/1279 1284/1284/1284 1284/1284/1284 
f 1284/1284/1284 1281/1281/1281 1284/1284/1284 
f 1284/1284/1284 1281/1281/1281 1281/1281/1281 
f 1281/1281/1281 1285/1285/1285 1281/1281/1281 
f 1281/1281/1281 1285/1285/1285 1283/1283/1283 
f 1285/1285/1285 1286/1286/1286 1283/1283/1283 
f 1283/1283/1283 1286/1286/1286 1287/1287/1287 
f 1286/1286/1286 1288/1288/1288 1287/1287/1287 
f 1287/1287/1287 1288/1288/1288 1289/1289/1289 
f 1288/1288/1288 1290/1290/1290 1289/1289/1289 
f 1289/1289/1289 1290/1290/1290 1290/1290/1290 
f 1290/1290/1290 1287/1287/1287 1290/1290/1290 
f 1290/1290/1290 1287/1287/1287 1287/1287/1287 
f 1287/1287/1287 1289/1289/1289 1287/1287/1287 
f 1287/1287/1287 1289/1289/1289 1283/1283/1283 
f 1289/1289/1289 1284/1284/1284 1283/1283/1283 
f 1283/1283/1283 1284/1284/1284 1284/1284/1284 
f 1284/1284/1284 1286/1286/1286 1284/1284/1284 
f 1284/1284/1284 1286/1286/1286 1286/1286/1286 
f 1286/1286/1286 1291/1291/1291 1286/1286/1286 
f 1286/1286/1286 1291/1291/1291 1288/1288/1288 
f 1291/1291/1291 1292/1292/1292 1288/1288/1288 
f 1288/1288/1288 1292/1292/1292 1293/1293/1293 
f 1292/1292/1292 1294/1294/1294 1293/1293/1293 
f 1293/1293/1293 1294/1294/1294 1295/1295/1295 
f 1294/1294/1294 1296/1296/1296 1295/1295/1295 
f 1295/1295/1295 1296/1296/1296 1296/1296/1296 
f 1296/1296/1296 1293/1293/1293 1296/1296/1296 
f 1296/1296/1296 1293/1293/1293 1293/1293/1293 
f 1293/1293/1293 1295/1295/1295 1293/1293/1293 
f 1293/1293/1293 1295/1295/1295 1288/1288/1288 
f 1295/1295/1295 1290/1290/1290 1288/1288/1288 
f 1288/1288/1288 1290/1290/1290 1290/1290/1290 
f 1290/1290/1290 822/822/822 1290/1290/1290 
f 1290/1290/1290 822/822/822 822/822/822 
f 822/822/822 1297/1297/1297 822/822/822 
f 822/822/822 1297/1297/1297 824/824/824 
f 1297/1297/1297 1298/1298/1298 824/824/824 
f 824/824/824 1298/1298/1298 1299/1299/1299 
f 1298/1298/1298 1300/1300/1300 1299/1299/1299 
f 1299/1299/1299 1300/1300/1300 1301/1301/1301 
f 1300/1300/1300 1302/1302/1302 1301/1301/1301 
f 1301/1301/1301 1302/1302/1302 1302/1302/1302 
f 1302/1302/1302 1298/1298/1298 1302/1302/1302 
f 1302/1302/1302 1298/1298/1298 1298/1298/1298 
f 1298/1298/1298 1303/1303/1303 1298/1298/1298 
f 1298/1298/1298 1303/1303/1303 1300/1300/1300 
f 1303/1303/1303 1304/1304/1304 1300/1300/1300 
f 1300/1300/1300 1304/1304/1304 1305/1305/1305 
f 1304/1304/1304 1270/1270/1270 1305/1305/1305 
f 1305/1305/1305 1270/1270/1270 1306/1306/1306 
f 1270/1270/1270 1272/1272/1272 1306/1306/1306 
f 1306/1306/1306 1272/1272/1272 1272/1272/1272 
f 1272/1272/1272 1305/1305/1305 1272/1272/1272 
f 1272/1272/1272 1305/1305/1305 1305/1305/1305 
f 1305/1305/1305 1306/1306/1306 1305/1305/1305 
f 1305/1305/1305 1306/1306/1306 1300/1300/1300 
f 1306/1306/1306 1302/1302/1302 1300/1300/1300 
f 1300/1300/1300 1302/1302/1302 1302/1302/1302 
f 1302/1302/1302 169/169/169 1302/1302/1302 
f 1302/1302/1302 169/169/169 169/169/169 
f 169/169/169 171/171/171 169/169/169 
f 169/169/169 171/171/171 160/160/160 
f 171/171/171 162/162/162 160/160/160 
f 160/160/160 162/162/162 162/162/162 
f 162/162/162 1304/1304/1304 162/162/162 
f 162/162/162 1304/1304/1304 1304/1304/1304 
f 1304/1304/1304 1307/1307/1307 1304/1304/1304 
f 1304/1304/1304 1307/1307/1307 1270/1270/1270 
f 1307/1307/1307 1268/1268/1268 1270/1270/1270 
f 1270/1270/1270 1268/1268/1268 1268/1268/1268 
f 1268/1268/1268 1276/1276/1276 1268/1268/1268 
f 1268/1268/1268 1276/1276/1276 1276/1276/1276 
f 1276/1276/1276 1308/1308/1308 1276/1276/1276 
f 1276/1276/1276 1308/1308/1308 1262/1262/1262 
f 1308/1308/1308 1260/1260/1260 1262/1262/1262 
f 1262/1262/1262 1260/1260/1260 1260/1260/1260 
f 1260/1260/1260 673/673/673 1260/1260/1260 
f 1260/1260/1260 673/673/673 673/673/673 
f 673/673/673 666/666/666 673/673/673 
f 673/673/673 666/666/666 664/664/664 
f 666/666/666 665/665/665 664/664/664 
f 664/664/664 665/665/665 665/665/665 
f 665/665/665 1309/1309/1309 665/665/665 
f 665/665/665 1309/1309/1309 1309/1309/1309 
f 1309/1309/1309 1310/1310/1310 1309/1309/1309 
f 1309/1309/1309 1310/1310/1310 1311/1311/1311 
f 1310/1310/1310 1312/1312/1312 1311/1311/1311 
f 1311/1311/1311 1312/1312/1312 1313/1313/1313 
f 1312/1312/1312 1314/1314/1314 1313/1313/1313 
f 1313/1313/1313 1314/1314/1314 1315/1315/1315 
f 1314/1314/1314 1315/1315/1315 1315/1315/1315 
f 1315/1315/1315 1315/1315/1315 1312/1312/1312 
f 1315/1315/1315 1312/1312/1312 1312/1312/1312 
f 1312/1312/1312 1312/1312/1312 1312/1312/1312 
f 1312/1312/1312 1310/1310/1310 1312/1312/1312 
f 1312/1312/1312 1310/1310/1310 1314/1314/1314 
f 1310/1310/1310 1316/1316/1316 1314/1314/1314 
f 1314/1314/1314 1316/1316/1316 1316/1316/1316 
f 1316/1316/1316 259/259/259 1316/1316/1316 
f 1316/1316/1316 259/259/259 259/259/259 
f 259/259/259 261/261/261 259/259/259 
f 259/259/259 261/261/261 250/250/250 
f 261/261/261 252/252/252 250/250/250 
f 250/250/250 252/252/252 252/252/252 
f 252/252/252 282/282/282 252/252/252 
f 252/252/252 282/282/282 282/282/282 
f 282/282/282 280/280/280 282/282/282 
f 282/282/282 280/280/280 291/291/291 
f 280/280/280 289/289/289 291/291/291 
f 291/291/291 289/289/289 289/289/289 
f 289/289/289 1317/1317/1317 289/289/289 
f 289/289/289 1317/1317/1317 1317/1317/1317 
f 1317/1317/1317 1318/1318/1318 1317/1317/1317 
f 1317/1317/1317 1318/1318/1318 1319/1319/1319 
f 1318/1318/1318 1320/1320/1320 1319/1319/1319 
f 1319/1319/1319 1320/1320/1320 1321/1321/1321 
f 1320/1320/1320 1322/1322/1322 1321/1321/1321 
f 1321/1321/1321 1322/1322/1322 1323/1323/1323 
f 1322/1322/1322 1323/1323/1323 1323/1323/1323 
f 1323/1323/1323 1323/1323/1323 1320/1320/1320 
f 1323/1323/1323 1320/1320/1320 1320/1320/1320 
f 1320/1320/1320 1320/1320/1320 1320/1320/1320 
f 1320/1320/1320 1318/1318/1318 1320/1320/1320 
f 1320/1320/1320 1318/1318/1318 1322/1322/1322 
f 1318/1318/1318 1324/1324/1324 1322/1322/1322 
f 1322/1322/1322 1324/1324/1324 1324/1324/1324 
f 1324/1324/1324 479/479/479 1324/1324/1324 
f 1324/1324/1324 479/479/479 479/479/479 
f 479/479/479 478/478/478 479/479/479 
f 479/479/479 478/478/478 492/492/492 
f 478/478/478 490/490/490 492/492/492 
f 492/492/492 490/490/490 490/490/490 
f 490/490/490 1325/1325/1325 490/490/490 
f 490/490/490 1325/1325/1325 1325/1325/1325 
f 1325/1325/1325 1326/1326/1326 1325/1325/1325 
f 1325/1325/1325 1326/1326/1326 1327/1327/1327 
f 1326/1326/1326 1328/1328/1328 1327/1327/1327 
f 1327/1327/1327 1328/1328/1328 1329/1329/1329 
f 1328/1328/1328 1330/1330/1330 1329/1329/1329 
f 1329/1329/1329 1330/1330/1330 1331/1331/1331 
f 1330/1330/1330 1331/1331/1331 1331/1331/1331 
f 1331/1331/1331 1331/1331/1331 1328/1328/1328 
f 1331/1331/1331 1328/1328/1328 1328/1328/1328 
f 1328/1328/1328 1328/1328/1328 1328/1328/1328 
f 1328/1328/1328 1326/1326/1326 1328/1328/1328 
f 1328/1328/1328 1326/1326/1326 1330/1330/1330 
f 1326/1326/1326 1332/1332/1332 1330/1330/1330 
f 1330/1330/1330 1332/1332/1332 1332/1332/1332 
f 1332/1332/1332 1100/1100/1100 1332/1332/1332 
f 1332/1332/1332 1100/1100/1100 1100/1100/1100 
f 1100/1100/1100 1102/1102/1102 1100/1100/1100 
f 1100/1100/1100 1102/1102/1102 1333/1333/1333 
f 1102/1102/1102 1334/1334/1334 1333/1333/1333 
f 1333/1333/1333 1334/1334/1334 1334/1334/1334 
f 1334/1334/1334 1102/1102/1102 1334/1334/1334 
f 1334/1334/1334 1102/1102/1102 1335/1335/1335 
f 1102/1102/1102 1336/1336/1336 1335/1335/1335 
f 1335/1335/1335 1336/1336/1336 1337/1337/1337 
f 1336/1336/1336 1338/1338/1338 1337/1337/1337 
f 1337/1337/1337 1338/1338/1338 1339/1339/1339 
f 1338/1338/1338 1339/1339/1339 1339/1339/1339 
f 1339/1339/1339 1339/1339/1339 1335/1335/1335 
f 1339/1339/1339 1335/1335/1335 1335/1335/1335 
f 1335/1335/1335 1335/1335/1335 1335/1335/1335 
f 1335/1335/1335 1337/1337/1337 1335/1335/1335 
f 1335/1335/1335 1337/1337/1337 1334/1334/1334 
f 1337/1337/1337 1340/1340/1340 1334/1334/1334 
f 1334/1334/1334 1340/1340/1340 1340/1340/1340 
f 1340/1340/1340 1337/1337/1337 1340/1340/1340 
f 1340/1340/1340 1337/1337/1337 1341/1341/1341 
f 1337/1337/1337 1342/1342/1342 1341/1341/1341 
f 1341/1341/1341 1342/1342/1342 763/763/763 
f 1342/1342/1342 1339/1339/1339 763/763/763 
f 763/763/763 1339/1339/1339 765/765/765 
f 1339/1339/1339 765/765/765 765/765/765 
f 765/765/765 765/765/765 1341/1341/1341 
f 765/765/765 1341/1341/1341 1341/1341/1341 
f 1341/1341/1341 1341/1341/1341 1341/1341/1341 
f 1341/1341/1341 763/763/763 1341/1341/1341 
f 1341/1341/1341 763/763/763 1343/1343/1343 
f 763/763/763 761/761/761 1343/1343/1343 
f 1343/1343/1343 761/761/761 761/761/761 
f 761/761/761 657/657/657 761/761/761 
f 761/761/761 657/657/657 657/657/657 
f 657/657/657 659/659/659 657/657/657 
f 657/657/657 659/659/659 648/648/648 
f 659/659/659 650/650/650 648/648/648 
f 648/648/648 650/650/650 650/650/650 
f 650/650/650 285/285/285 650/650/650 
f 650/650/650 285/285/285 285/285/285 
f 285/285/285 278/278/278 285/285/285 
f 285/285/285 278/278/278 276/276/276 
f 278/278/278 277/277/277 276/276/276 
f 276/276/276 277/277/277 277/277/277 
f 277/277/277 563/563/563 277/277/277 
f 277/277/277 563/563/563 563/563/563 
f 563/563/563 556/556/556 563/563/563 
f 563/563/563 556/556/556 554/554/554 
f 556/556/556 555/555/555 554/554/554 
f 554/554/554 555/555/555 555/555/555 
f 555/555/555 826/826/826 555/555/555 
f 555/555/555 826/826/826 826/826/826 
f 826/826/826 824/824/824 826/826/826 
f 826/826/826 824/824/824 1301/1301/1301 
f 824/824/824 1299/1299/1299 1301/1301/1301 
f 1301/1301/1301 1299/1299/1299 1299/1299/1299 
f 1299/1299/1299 1323/1323/1323 1299/1299/1299 
f 1299/1299/1299 1323/1323/1323 1323/1323/1323 
f 1323/1323/1323 1344/1344/1344 1323/1323/1323 
f 1323/1323/1323 1344/1344/1344 1321/1321/1321 
f 1344/1344/1344 1345/1345/1345 1321/1321/1321 
f 1321/1321/1321 1345/1345/1345 1346/1346/1346 
f 1345/1345/1345 1347/1347/1347 1346/1346/1346 
f 1346/1346/1346 1347/1347/1347 1348/1348/1348 
f 1347/1347/1347 1348/1348/1348 1348/1348/1348 
f 1348/1348/1348 1348/1348/1348 1345/1345/1345 
f 1348/1348/1348 1345/1345/1345 1345/1345/1345 
f 1345/1345/1345 1345/1345/1345 1345/1345/1345 
f 1345/1345/1345 1344/1344/1344 1345/1345/1345 
f 1345/1345/1345 1344/1344/1344 1347/1347/1347 
f 1344/1344/1344 1349/1349/1349 1347/1347/1347 
f 1347/1347/1347 1349/1349/1349 1349/1349/1349 
f 1349/1349/1349 1346/1346/1346 1349/1349/1349 
f 1349/1349/1349 1346/1346/1346 1346/1346/1346 
f 1346/1346/1346 1350/1350/1350 1346/1346/1346 
f 1346/1346/1346 1350/1350/1350 1321/1321/1321 
f 1350/1350/1350 1319/1319/1319 1321/1321/1321 
f 1321/1321/1321 1319/1319/1319 1319/1319/1319 
f 1319/1319/1319 465/465/465 1319/1319/1319 
f 1319/1319/1319 465/465/465 465/465/465 
f 465/465/465 24/24/24 465/465/465 
f 465/465/465 24/24/24 1351/1351/1351 
f 24/24/24 20/20/20 1351/1351/1351 
f 1351/1351/1351 20/20/20 20/20/20 
f 20/20/20 1315/1315/1315 20/20/20 
f 20/20/20 1315/1315/1315 1315/1315/1315 
f 1315/1315/1315 1352/1352/1352 1315/1315/1315 
f 1315/1315/1315 1352/1352/1352 1313/1313/1313 
f 1352/1352/1352 1353/1353/1353 1313/1313/1313 
f 1313/1313/1313 1353/1353/1353 1354/1354/1354 
f 1353/1353/1353 1355/1355/1355 1354/1354/1354 
f 1354/1354/1354 1355/1355/1355 1356/1356/1356 
f 1355/1355/1355 1357/1357/1357 1356/1356/1356 
f 1356/1356/1356 1357/1357/1357 1357/1357/1357 
f 1357/1357/1357 1353/1353/1353 1357/1357/1357 
f 1357/1357/1357 1353/1353/1353 1353/1353/1353 
f 1353/1353/1353 1352/1352/1352 1353/1353/1353 
f 1353/1353/1353 1352/1352/1352 1355/1355/1355 
f 1352/1352/1352 1358/1358/1358 1355/1355/1355 
f 1355/1355/1355 1358/1358/1358 1359/1359/1359 
f 1358/1358/1358 1359/1359/1359 1359/1359/1359 
f 1359/1359/1359 1359/1359/1359 1355/1355/1355 
f 1359/1359/1359 1355/1355/1355 1355/1355/1355 
f 1355/1355/1355 1355/1355/1355 1355/1355/1355 
f 1355/1355/1355 1359/1359/1359 1355/1355/1355 
f 1355/1355/1355 1359/1359/1359 1360/1360/1360 
f 1359/1359/1359 1361/1361/1361 1360/1360/1360 
f 1360/1360/1360 1361/1361/1361 1357/1357/1357 
f 1361/1361/1361 1362/1362/1362 1357/1357/1357 
f 1357/1357/1357 1362/1362/1362 1362/1362/1362 
f 1362/1362/1362 1359/1359/1359 1362/1362/1362 
f 1362/1362/1362 1359/1359/1359 1359/1359/1359 
f 1359/1359/1359 1363/1363/1363 1359/1359/1359 
f 1359/1359/1359 1363/1363/1363 1361/1361/1361 
f 1363/1363/1363 1364/1364/1364 1361/1361/1361 
f 1361/1361/1361 1364/1364/1364 1365/1365/1365 
f 1364/1364/1364 1366/1366/1366 1365/1365/1365 
f 1365/1365/1365 1366/1366/1366 1367/1367/1367 
f 1366/1366/1366 1368/1368/1368 1367/1367/1367 
f 1367/1367/1367 1368/1368/1368 1368/1368/1368 
f 1368/1368/1368 1365/1365/1365 1368/1368/1368 
f 1368/1368/1368 1365/1365/1365 1365/1365/1365 
f 1365/1365/1365 1367/1367/1367 1365/1365/1365 
f 1365/1365/1365 1367/1367/1367 1361/1361/1361 
f 1367/1367/1367 1362/1362/1362 1361/1361/1361 
f 1361/1361/1361 1362/1362/1362 1362/1362/1362 
f 1362/1362/1362 202/202/202 1362/1362/1362 
f 1362/1362/1362 202/202/202 202/202/202 
f 202/202/202 200/200/200 202/202/202 
f 202/202/202 200/200/200 211/211/211 
f 200/200/200 209/209/209 211/211/211 
f 211/211/211 209/209/209 209/209/209 
f 209/209/209 1354/1354/1354 209/209/209 
f 209/209/209 1354/1354/1354 1354/1354/1354 
f 1354/1354/1354 1369/1369/1369 1354/1354/1354 
f 1354/1354/1354 1369/1369/1369 1313/1313/1313 
f 1369/1369/1369 1311/1311/1311 1313/1313/1313 
f 1313/1313/1313 1311/1311/1311 1311/1311/1311 
f 1311/1311/1311 299/299/299 1311/1311/1311 
f 1311/1311/1311 299/299/299 299/299/299 
f 299/299/299 301/301/301 299/299/299 
f 299/299/299 301/301/301 290/290/290 
f 301/301/301 292/292/292 290/290/290 
f 290/290/290 292/292/292 292/292/292 
f 292/292/292 1143/1143/1143 292/292/292 
f 292/292/292 1143/1143/1143 1143/1143/1143 
f 1143/1143/1143 1370/1370/1370 1143/1143/1143 
f 1143/1143/1143 1370/1370/1370 1110/1110/1110 
f 1370/1370/1370 1108/1108/1108 1110/1110/1110 
f 1110/1110/1110 1108/1108/1108 1108/1108/1108 
f 1108/1108/1108 640/640/640 1108/1108/1108 
f 1108/1108/1108 640/640/640 640/640/640 
f 640/640/640 638/638/638 640/640/640 
f 640/640/640 638/638/638 649/649/649 
f 638/638/638 647/647/647 649/649/649 
f 649/649/649 647/647/647 647/647/647 
f 647/647/647 1368/1368/1368 647/647/647 
f 647/647/647 1368/1368/1368 1368/1368/1368 
f 1368/1368/1368 1366/1366/1366 1368/1368/1368 
f 1368/1368/1368 1366/1366/1366 1371/1371/1371 
f 1366/1366/1366 1372/1372/1372 1371/1371/1371 
f 1371/1371/1371 1372/1372/1372 1373/1373/1373 
f 1372/1372/1372 1374/1374/1374 1373/1373/1373 
f 1373/1373/1373 1374/1374/1374 1375/1375/1375 
f 1374/1374/1374 1375/1375/1375 1375/1375/1375 
f 1375/1375/1375 1375/1375/1375 1372/1372/1372 
f 1375/1375/1375 1372/1372/1372 1372/1372/1372 
f 1372/1372/1372 1372/1372/1372 1372/1372/1372 
f 1372/1372/1372 1366/1366/1366 1372/1372/1372 
f 1372/1372/1372 1366/1366/1366 1374/1374/1374 
f 1366/1366/1366 1376/1376/1376 1374/1374/1374 
f 1374/1374/1374 1376/1376/1376 1376/1376/1376 
f 1376/1376/1376 1331/1331/1331 1376/1376/1376 
f 1376/1376/1376 1331/1331/1331 1331/1331/1331 
f 1331/1331/1331 1377/1377/1377 1331/1331/1331 
f 1331/1331/1331 1377/1377/1377 1329/1329/1329 
f 1377/1377/1377 1378/1378/1378 1329/1329/1329 
f 1329/1329/1329 1378/1378/1378 1379/1379/1379 
f 1378/1378/1378 1380/1380/1380 1379/1379/1379 
f 1379/1379/1379 1380/1380/1380 1381/1381/1381 
f 1380/1380/1380 1381/1381/1381 1381/1381/1381 
f 1381/1381/1381 1381/1381/1381 1378/1378/1378 
f 1381/1381/1381 1378/1378/1378 1378/1378/1378 
f 1378/1378/1378 1378/1378/1378 1378/1378/1378 
f 1378/1378/1378 1377/1377/1377 1378/1378/1378 
f 1378/1378/1378 1377/1377/1377 1380/1380/1380 
f 1377/1377/1377 1382/1382/1382 1380/1380/1380 
f 1380/1380/1380 1382/1382/1382 1382/1382/1382 
f 1382/1382/1382 1327/1327/1327 1382/1382/1382 
f 1382/1382/1382 1327/1327/1327 1327/1327/1327 
f 1327/1327/1327 1329/1329/1329 1327/1327/1327 
f 1327/1327/1327 1329/1329/1329 1383/1383/1383 
f 1329/1329/1329 1379/1379/1379 1383/1383/1383 
f 1383/1383/1383 1379/1379/1379 1379/1379/1379 
f 1379/1379/1379 959/959/959 1379/1379/1379 
f 1379/1379/1379 959/959/959 959/959/959 
f 959/959/959 961/961/961 959/959/959 
f 959/959/959 961/961/961 1384/1384/1384 
f 961/961/961 965/965/965 1384/1384/1384 
f 1384/1384/1384 965/965/965 965/965/965 
f 965/965/965 1385/1385/1385 965/965/965 
f 965/965/965 1385/1385/1385 1385/1385/1385 
f 1385/1385/1385 1386/1386/1386 1385/1385/1385 
f 1385/1385/1385 1386/1386/1386 1387/1387/1387 
f 1386/1386/1386 1388/1388/1388 1387/1387/1387 
f 1387/1387/1387 1388/1388/1388 1389/1389/1389 
f 1388/1388/1388 1373/1373/1373 1389/1389/1389 
f 1389/1389/1389 1373/1373/1373 1375/1375/1375 
f 1373/1373/1373 1375/1375/1375 1375/1375/1375 
f 1375/1375/1375 1375/1375/1375 1388/1388/1388 
f 1375/1375/1375 1388/1388/1388 1388/1388/1388 
f 1388/1388/1388 1388/1388/1388 1388/1388/1388 
f 1388/1388/1388 1386/1386/1386 1388/1388/1388 
f 1388/1388/1388 1386/1386/1386 1373/1373/1373 
f 1386/1386/1386 1390/1390/1390 1373/1373/1373 
f 1373/1373/1373 1390/1390/1390 1371/1371/1371 
f 1390/1390/1390 1371/1371/1371 1371/1371/1371 
f 1371/1371/1371 1371/1371/1371 729/729/729 
f 1371/1371/1371 729/729/729 729/729/729 
f 729/729/729 729/729/729 729/729/729 
f 729/729/729 1391/1391/1391 729/729/729 
f 729/729/729 1391/1391/1391 725/725/725 
f 1391/1391/1391 723/723/723 725/725/725 
f 725/725/725 723/723/723 723/723/723 
f 723/723/723 302/302/302 723/723/723 
f 723/723/723 302/302/302 302/302/302 
f 302/302/302 300/300/300 302/302/302 
f 302/302/302 300/300/300 311/311/311 
f 300/300/300 309/309/309 311/311/311 
f 531/531/531 529/529/529 527/527/527 
f 68/68/68 1392/1392/1392 70/70/70 
f 30/30/30 469/469/469 32/32/32 
f 36/36/36 34/34/34 32/32/32 
f 42/42/42 40/40/40 38/38/38 
f 36/36/36 473/473/473 38/38/38 
f 42/42/42 477/477/477 44/44/44 
f 339/339/339 1393/1393/1393 341/341/341 
f 121/121/121 340/340/340 123/123/123 
f 127/127/127 125/125/125 123/123/123 
f 126/126/126 128/128/128 1236/1236/1236 
f 24/24/24 22/22/22 20/20/20 
f 30/30/30 28/28/28 26/26/26 
f 525/525/525 544/544/544 527/527/527 
f 6/6/6 694/694/694 8/8/8 
f 693/693/693 1394/1394/1394 695/695/695 
f 1252/1252/1252 1395/1395/1395 1250/1250/1250 
f 738/738/738 743/743/743 740/740/740 
f 1228/1228/1228 1231/1231/1231 1226/1226/1226 
f 1232/1232/1232 1396/1396/1396 1230/1230/1230 
f 1083/1083/1083 1397/1397/1397 1081/1081/1081 
f 76/76/76 1398/1398/1398 74/74/74 
f 383/383/383 1399/1399/1399 381/381/381 
f 1102/1102/1102 1104/1104/1104 1336/1336/1336 
f 1000/1000/1000 1003/1003/1003 998/998/998 
f 721/721/721 724/724/724 719/719/719 
f 737/737/737 1400/1400/1400 735/735/735 
f 1218/1218/1218 1220/1220/1220 1225/1225/1225 
f 1238/1238/1238 1246/1246/1246 130/130/130 
f 428/428/428 431/431/431 426/426/426 
f 1084/1084/1084 1089/1089/1089 1086/1086/1086 
f 1182/1182/1182 1187/1187/1187 1184/1184/1184 
f 711/711/711 713/713/713 718/718/718 
f 865/865/865 870/870/870 867/867/867 
f 778/778/778 1401/1401/1401 776/776/776 
f 984/984/984 986/986/986 997/997/997 
f 812/812/812 1402/1402/1402 810/810/810 
f 779/779/779 784/784/784 781/781/781 
f 783/783/783 1403/1403/1403 785/785/785 
f 1339/1339/1339 1342/1342/1342 1337/1337/1337 
f 1036/1036/1036 1404/1404/1404 1034/1034/1034 
f 1241/1241/1241 1255/1255/1255 1243/1243/1243 
f 1240/1240/1240 1242/1242/1242 1244/1244/1244 
f 437/437/437 442/442/442 439/439/439 
f 441/441/441 1405/1405/1405 443/443/443 
f 1047/1047/1047 1406/1406/1406 1049/1049/1049 
f 1209/1209/1209 1407/1407/1407 1211/1211/1211 
f 1181/1181/1181 1408/1408/1408 1179/1179/1179 
f 84/84/84 86/86/86 425/425/425 
f 1115/1115/1115 1409/1409/1409 1117/1117/1117 
f 531/531/531 548/548/548 533/533/533 
f 813/813/813 818/818/818 815/815/815 
f 12/12/12 10/10/10 8/8/8 
f 93/93/93 136/136/136 95/95/95 
f 348/348/348 346/346/346 344/344/344 
f 347/347/347 349/349/349 351/351/351 
f 359/359/359 395/395/395 357/357/357 
f 364/364/364 409/409/409 366/366/366 
f 104/104/104 371/371/371 370/370/370 
f 105/105/105 103/103/103 101/101/101 
f 800/800/800 1410/1410/1410 802/802/802 
f 398/398/398 416/416/416 400/400/400 
f 417/417/417 1411/1411/1411 415/415/415 
f 353/353/353 355/355/355 357/357/357 
f 353/353/353 391/391/391 351/351/351 
f 99/99/99 97/97/97 95/95/95 
f 99/99/99 140/140/140 101/101/101 
f 334/334/334 1412/1412/1412 336/336/336 
f 1355/1355/1355 1360/1360/1360 1357/1357/1357 
f 791/791/791 1413/1413/1413 789/789/789 
f 792/792/792 790/790/790 788/788/788 
f 1144/1144/1144 1149/1149/1149 1146/1146/1146 
f 847/847/847 1414/1414/1414 845/845/845 
f 966/966/966 971/971/971 968/968/968 
f 839/839/839 1415/1415/1415 837/837/837 
f 899/899/899 1416/1416/1416 897/897/897 
f 450/450/450 519/519/519 452/452/452 
f 518/518/518 1417/1417/1417 520/520/520 
f 831/831/831 1418/1418/1418 829/829/829 
f 1364/1364/1364 1376/1376/1376 1366/1366/1366 
f 770/770/770 772/772/772 954/954/954 
f 1292/1292/1292 1419/1419/1419 1294/1294/1294 
f 1056/1056/1056 1058/1058/1058 1063/1063/1063 
f 1027/1027/1027 1045/1045/1045 1029/1029/1029 
f 989/989/989 1420/1420/1420 991/991/991 
f 848/848/848 853/853/853 850/850/850 
f 799/799/799 804/804/804 797/797/797 
f 455/455/455 457/457/457 805/805/805 
f 917/917/917 922/922/922 919/919/919 
f 1017/1017/1017 1421/1421/1421 1015/1015/1015 
f 1018/1018/1018 1023/1023/1023 1020/1020/1020 
f 1277/1277/1277 1282/1282/1282 1279/1279/1279 
f 939/939/939 950/950/950 941/941/941 
f 1042/1042/1042 1422/1422/1422 1040/1040/1040 
f 1124/1124/1124 1423/1423/1423 1122/1122/1122 
f 1066/1066/1066 1069/1069/1069 1064/1064/1064 
f 1389/1389/1389 1424/1424/1424 1387/1387/1387 
f 1125/1125/1125 1130/1130/1130 1127/1127/1127 
f 1129/1129/1129 1425/1425/1425 1131/1131/1131 
f 957/957/957 960/960/960 955/955/955 
f 756/756/756 1426/1426/1426 754/754/754 
f 794/794/794 795/795/795 797/797/797 
f 1137/1137/1137 1139/1139/1139 1161/1161/1161 
f 947/947/947 1427/1427/1427 945/945/945 
f 456/456/456 454/454/454 452/452/452 
f 883/883/883 885/885/885 934/934/934 
f 857/857/857 1428/1428/1428 859/859/859 
f 1172/1172/1172 1429/1429/1429 1174/1174/1174 
f 900/900/900 905/905/905 902/902/902 
f 926/926/926 1430/1430/1430 928/928/928 

