mtllib model_11.mtl
o model_11
v -0.24086304008960724 -0.15916401147842407 0.009590888395905495 
v -0.23465889692306519 -0.16286394000053406 0.012120053172111511 
v -0.24568848311901093 -0.1539609730243683 0.009925629943609238 
v -0.2390904277563095 -0.15673592686653137 0.014016926288604736 
v -0.24460522830486298 -0.14945167303085327 0.014760798774659634 
v -0.22993192076683044 -0.16066710650920868 0.017103996127843857 
v -0.2339695394039154 -0.1536141037940979 0.019335610792040825 
v -0.21929624676704407 -0.1593952625989914 0.022645842283964157 
v -0.22628822922706604 -0.1666795015335083 0.013868152163922787 
v -0.2169327586889267 -0.16991694271564484 0.014686411246657372 
v -0.21821299195289612 -0.1651764065027237 0.019112449139356613 
v -0.20688796043395996 -0.169107586145401 0.018294190987944603 
v -0.2045244723558426 -0.1651764065027237 0.02205074392259121 
v -0.19694162905216217 0.06202279031276703 -0.006476747337728739 
v -0.19694162905216217 0.06202279031276703 -0.0003026096092071384 
v -0.17035242915153503 0.06248528137803078 -0.006476747337728739 
v -0.17035242915153503 0.06248528137803078 0.0015570704126730561 
v -0.14100584387779236 0.06213841214776039 0.0034539441112428904 
v -0.1700569987297058 0.062254033982753754 0.008289111778140068 
v -0.14090736210346222 0.061791542917490005 0.01133898738771677 
v -0.14071041345596313 0.06086656078696251 0.015207121148705482 
v -0.12377210706472397 0.06051969155669212 0.01241760142147541 
v -0.12377210706472397 0.059941574931144714 0.016471704468131065 
v -0.11421968787908554 0.058207228779792786 0.016880834475159645 
v -0.1219010129570961 0.05797598510980606 0.01836857758462429 
v -0.11530295014381409 0.057050999253988266 0.018219802528619766 
v -0.11421968787908554 0.05843847617506981 0.012529182247817516 
v -0.11421968787908554 0.05855409801006317 0.004049041774123907 
v -0.12377210706472397 0.06075093522667885 0.004049041774123907 
v -0.12377210706472397 0.06075093522667885 -0.006476747337728739 
v -0.14100584387779236 0.06213841214776039 -0.006476747337728739 
v -0.09097876399755478 0.03936067968606949 -0.025631451979279518 
v -0.09019093960523605 0.039823174476623535 -0.016965342685580254 
v -0.08654723316431046 0.031498316675424576 -0.025817418470978737 
v -0.08467613905668259 0.0317295640707016 -0.016965342685580254 
v -0.08054004609584808 0.0210922472178936 -0.016965342685580254 
v -0.08369135856628418 0.0317295640707016 -0.006476747337728739 
v -0.0788659080862999 0.0210922472178936 -0.006476747337728739 
v -0.08999397605657578 0.039823174476623535 -0.006476747337728739 
v -0.19694162905216217 0.06202279031276703 -0.006476747337728739 
v -0.17035242915153503 0.06248528137803078 -0.006476747337728739 
v -0.19694162905216217 0.06202279031276703 -0.0126136913895607 
v -0.17035242915153503 0.06248528137803078 -0.01447337120771408 
v -0.1700569987297058 0.062254033982753754 -0.021205412223935127 
v -0.14100584387779236 0.06213841214776039 -0.016370244324207306 
v -0.14090736210346222 0.061791542917490005 -0.024255288764834404 
v -0.12377210706472397 0.06051969155669212 -0.02533390186727047 
v -0.14071041345596313 0.06086656078696251 -0.02812342159450054 
v -0.12377210706472397 0.059941574931144714 -0.029388004913926125 
v -0.1219010129570961 0.05797598510980606 -0.0312848798930645 
v -0.11421968787908554 0.058207228779792786 -0.029797134920954704 
v -0.11530295014381409 0.057050999253988266 -0.031136104837059975 
v -0.1104775071144104 0.05427604913711548 -0.03210313618183136 
v -0.12377210706472397 0.06075093522667885 -0.016965342685580254 
v -0.11421968787908554 0.05855409801006317 -0.016965342685580254 
v -0.11421968787908554 0.05843847617506981 -0.02544548362493515 
v -0.10811402648687363 0.055316656827926636 -0.025519870221614838 
v -0.10831098258495331 0.05485416203737259 -0.03005748987197876 
v -0.10358401387929916 0.05022924393415451 -0.03016906976699829 
v -0.10525814443826675 0.04895738884806633 -0.03262384980916977 
v -0.09925095736980438 0.0423668771982193 -0.03280981630086899 
v -0.12377210706472397 0.06075093522667885 -0.006476747337728739 
v -0.14100584387779236 0.06213841214776039 -0.006476747337728739 
v -0.11421968787908554 0.05855409801006317 -0.006476747337728739 
v -0.10801554471254349 0.05543227866292 -0.006476747337728739 
v -0.10801554471254349 0.05543227866292 -0.016965342685580254 
v -0.10299313813447952 0.05138547345995903 -0.016965342685580254 
v -0.10309161990880966 0.051038604229688644 -0.02555706351995468 
v -0.09688747674226761 0.04583556950092316 -0.02555706351995468 
v -0.09767530113458633 0.044563714414834976 -0.030206264927983284 
v -0.09265290200710297 0.037973206490278244 -0.030503813177347183 
v -0.09550877660512924 0.03727946802973747 -0.03258665278553963 
v -0.10299313813447952 0.05138547345995903 -0.006476747337728739 
v -0.09669052064418793 0.046298060566186905 -0.006476747337728739 
v -0.09669052064418793 0.046298060566186905 -0.016965342685580254 
v -0.09019093960523605 0.039823174476623535 -0.016965342685580254 
v -0.09097876399755478 0.03936067968606949 -0.025631451979279518 
v -0.1622771918773651 -0.12378337234258652 -0.02737955003976822 
v -0.1561715304851532 -0.12551771104335785 -0.016965342685580254 
v -0.16798895597457886 -0.12956452369689941 -0.02737955003976822 
v -0.16188327968120575 -0.13118323683738708 -0.016965342685580254 
v -0.16523155570030212 -0.1375425159931183 -0.016965342685580254 
v -0.16001218557357788 -0.13118323683738708 -0.006476747337728739 
v -0.16336046159267426 -0.1375425159931183 -0.006476747337728739 
v -0.15430043637752533 -0.12551771104335785 -0.006476747337728739 
v -0.08388831466436386 0.021207870915532112 -0.026114968582987785 
v -0.08329743891954422 0.00802684761583805 -0.02644971013069153 
v -0.07857047021389008 0.00721748685464263 -0.016965342685580254 
v -0.07660090178251266 0.00721748685464263 -0.006476747337728739 
v -0.07807808369398117 -0.004691681824624538 -0.016965342685580254 
v -0.07610850781202316 -0.004691681824624538 -0.006476747337728739 
v -0.08378983289003372 -0.003188583068549633 -0.026710065081715584 
v -0.1649361103773117 -0.14459551870822906 -0.006476747337728739 
v -0.16690568625926971 -0.14459551870822906 -0.016965342685580254 
v -0.17291288077831268 -0.1429767906665802 -0.02737955003976822 
v -0.16700416803359985 -0.152689129114151 -0.016370244324207306 
v -0.17310982942581177 -0.15107040107250214 -0.026338130235671997 
v -0.17202657461166382 -0.16043587028980255 -0.023251060396432877 
v -0.16503459215164185 -0.152689129114151 -0.006476747337728739 
v -0.1639513373374939 -0.16205458343029022 -0.006476747337728739 
v -0.1659208983182907 -0.16205458343029022 -0.01447337120771408 
v -0.16710264980793 -0.1700325757265091 -0.012576497159898281 
v -0.1727159172296524 -0.16841384768486023 -0.02008960396051407 
v -0.17133721709251404 -0.13592378795146942 -0.02737955003976822 
v -0.19644923508167267 0.06202279031276703 -0.018229924142360687 
v -0.19477510452270508 0.06190716475248337 -0.022693157196044922 
v -0.16917069256305695 0.06167592108249664 -0.02533390186727047 
v -0.16503459215164185 0.05890096724033356 -0.028681326657533646 
v -0.1379530131816864 0.05832285434007645 -0.030392231419682503 
v -0.18955574929714203 0.05901659280061722 -0.02708200179040432 
v -0.2516956627368927 -0.14679235219955444 0.00944211333990097 
v -0.25622567534446716 -0.14089557528495789 0.009516500867903233 
v -0.24824893474578857 -0.14378614723682404 0.015467477031052113 
v -0.23643150925636292 -0.14841106534004211 0.020860549062490463 
v -0.2512032687664032 -0.1381206214427948 0.016360122710466385 
v -0.23849955201148987 -0.14320804178714752 0.022311098873615265 
v -0.24135543406009674 -0.13580816984176636 0.0244311336427927 
v -0.22195516526699066 -0.14979854226112366 0.026328008621931076 
v -0.2242201715707779 -0.1420518010854721 0.028782784938812256 
v -0.20511534810066223 -0.14887356758117676 0.028262075036764145 
v -0.2261897474527359 -0.13314883410930634 0.030902821570634842 
v -0.20639556646347046 -0.13950809836387634 0.030605271458625793 
v -0.2064940482378006 -0.1314144879579544 0.03138633817434311 
v -0.18748769164085388 -0.14609861373901367 0.023650068789720535 
v -0.1872907429933548 -0.13800500333309174 0.02461710199713707 
v -0.17291288077831268 -0.1429767906665802 0.01446324959397316 
v -0.18571507930755615 -0.13095200061798096 0.02461710199713707 
v -0.17133721709251404 -0.13592378795146942 0.01446324959397316 
v -0.16798895597457886 -0.12956452369689941 0.01446324959397316 
v -0.18236681818962097 -0.12459273636341095 0.02461710199713707 
v -0.20216098427772522 -0.11753973364830017 0.03138633817434311 
v -0.20511534810066223 -0.1241302415728569 0.03138633817434311 
v -0.22638669610023499 -0.1168459951877594 0.03160949796438217 
v -0.22697757184505463 -0.12470835447311401 0.03160949796438217 
v -0.24549153447151184 -0.11869595944881439 0.02688591182231903 
v -0.2439158707857132 -0.12725205719470978 0.026290815323591232 
v -0.2570135295391083 -0.12274276465177536 0.01848015747964382 
v -0.25425612926483154 -0.13095200061798096 0.017513124272227287 
v -0.2629222273826599 -0.12783017754554749 0.0100000174716115 
v -0.2597709000110626 -0.13499879837036133 0.009776855818927288 
v -0.10033421963453293 -0.020416410639882088 -0.02730516344308853 
v -0.09432703256607056 -0.022150754928588867 -0.016965342685580254 
v -0.10840945690870285 -0.029203757643699646 -0.02737955003976822 
v -0.10230378806591034 -0.030822480097413063 -0.016965342685580254 
v -0.11008359491825104 -0.0408816821873188 -0.016965342685580254 
v -0.10043270140886307 -0.030822480097413063 -0.006476747337728739 
v -0.10821250081062317 -0.0408816821873188 -0.006476747337728739 
v -0.09235746413469315 -0.022150754928588867 -0.006476747337728739 
v -0.2667628824710846 -0.13395819067955017 -0.006476747337728739 
v -0.2699142098426819 -0.1269051879644394 -0.006476747337728739 
v -0.2667628824710846 -0.13395819067955017 -0.008894330821931362 
v -0.2699142098426819 -0.1269051879644394 -0.008894330821931362 
v -0.26932331919670105 -0.1269051879644394 -0.012092980556190014 
v -0.2725731134414673 -0.11869595944881439 -0.008894330821931362 
v -0.27198225259780884 -0.11869595944881439 -0.012092980556190014 
v -0.27444422245025635 -0.1095617413520813 -0.012092980556190014 
v -0.2701111435890198 -0.11869595944881439 -0.016704987734556198 
v -0.2725731134414673 -0.1095617413520813 -0.016667794436216354 
v -0.2679446339607239 -0.11060234904289246 -0.0231022872030735 
v -0.274345725774765 -0.09973378479480743 -0.016667794436216354 
v -0.26952028274536133 -0.10089001804590225 -0.0231022872030735 
v -0.2702096402645111 -0.09106206148862839 -0.0231022872030735 
v -0.2750350832939148 -0.1095617413520813 -0.008894330821931362 
v -0.2768076956272125 -0.09973378479480743 -0.008894330821931362 
v -0.2762168347835541 -0.09973378479480743 -0.012092980556190014 
v -0.27710312604904175 -0.08967458456754684 -0.012092980556190014 
v -0.2752320468425751 -0.08967458456754684 -0.016667794436216354 
v -0.27493661642074585 -0.0800778791308403 -0.016667794436216354 
v -0.2697172462940216 -0.08158097416162491 -0.0231022872030735 
v -0.26784613728523254 -0.07348736375570297 -0.0231022872030735 
v -0.2750350832939148 -0.1095617413520813 -0.006476747337728739 
v -0.2725731134414673 -0.11869595944881439 -0.006476747337728739 
v -0.2768076956272125 -0.09973378479480743 -0.006476747337728739 
v -0.2776939868927002 -0.08967458456754684 -0.006476747337728739 
v -0.2776939868927002 -0.08967458456754684 -0.008894330821931362 
v -0.2774970531463623 -0.0800778791308403 -0.008894330821931362 
v -0.2768076956272125 -0.0800778791308403 -0.012092980556190014 
v -0.27542898058891296 -0.07198426872491837 -0.012092980556190014 
v -0.2735579013824463 -0.07198426872491837 -0.016667794436216354 
v -0.271391361951828 -0.06493126600980759 -0.016667794436216354 
v -0.26518723368644714 -0.0664343610405922 -0.0231022872030735 
v -0.2774970531463623 -0.0800778791308403 -0.006476747337728739 
v -0.27611833810806274 -0.07198426872491837 -0.006476747337728739 
v -0.27611833810806274 -0.07198426872491837 -0.008894330821931362 
v -0.2738533318042755 -0.06493126600980759 -0.008894330821931362 
v -0.27326247096061707 -0.06493126600980759 -0.012092980556190014 
v -0.2706035375595093 -0.05857200175523758 -0.012092980556190014 
v -0.2687324583530426 -0.05857200175523758 -0.016667794436216354 
v -0.2655811309814453 -0.052328359335660934 -0.016667794436216354 
v -0.26252830028533936 -0.06030634418129921 -0.0231022872030735 
v -0.2596724331378937 -0.054756440222263336 -0.0231022872030735 
v -0.2738533318042755 -0.06493126600980759 -0.006476747337728739 
v -0.2711944282054901 -0.05857200175523758 -0.006476747337728739 
v -0.2711944282054901 -0.05857200175523758 -0.008894330821931362 
v -0.26814159750938416 -0.052328359335660934 -0.008894330821931362 
v -0.2674522399902344 -0.052328359335660934 -0.012092980556190014 
v -0.26400548219680786 -0.04608471691608429 -0.012092980556190014 
v -0.2621344029903412 -0.04608471691608429 -0.016667794436216354 
v -0.2580967843532562 -0.03960982710123062 -0.016667794436216354 
v -0.2565211355686188 -0.04885966703295708 -0.0231022872030735 
v -0.25277894735336304 -0.04273165017366409 -0.0231022872030735 
v -0.26814159750938416 -0.052328359335660934 -0.006476747337728739 
v -0.26469483971595764 -0.04608471691608429 -0.006476747337728739 
v -0.26469483971595764 -0.04608471691608429 -0.008894330821931362 
v -0.2606572210788727 -0.03960982710123062 -0.008894330821931362 
v -0.2599678635597229 -0.03960982710123062 -0.012092980556190014 
v -0.25524088740348816 -0.03313494101166725 -0.012092980556190014 
v -0.25327134132385254 -0.03313494101166725 -0.016667794436216354 
v -0.2470671832561493 -0.025619445368647575 -0.016667794436216354 
v -0.2480519711971283 -0.03590989112854004 -0.0231022872030735 
v -0.24184782803058624 -0.027931904420256615 -0.0231022872030735 
v -0.2606572210788727 -0.03960982710123062 -0.006476747337728739 
v -0.255831778049469 -0.03313494101166725 -0.006476747337728739 
v -0.255831778049469 -0.03313494101166725 -0.008894330821931362 
v -0.2495291531085968 -0.025619445368647575 -0.008894330821931362 
v -0.24893827736377716 -0.025619445368647575 -0.012092980556190014 
v -0.24056760966777802 -0.01579149067401886 -0.012092980556190014 
v -0.23859803378582 -0.01579149067401886 -0.016667794436216354 
v -0.23003040254116058 -0.005732289049774408 -0.016667794436216354 
v -0.23367410898208618 -0.017988327890634537 -0.0231022872030735 
v -0.22530344128608704 -0.007813503034412861 -0.0231022872030735 
v -0.2495291531085968 -0.025619445368647575 -0.006476747337728739 
v -0.24115847051143646 -0.01579149067401886 -0.006476747337728739 
v -0.24115847051143646 -0.01579149067401886 -0.008894330821931362 
v -0.23259085416793823 -0.005732289049774408 -0.008894330821931362 
v -0.23190149664878845 -0.005732289049774408 -0.012092980556190014 
v -0.22510647773742676 0.0030550588853657246 -0.012092980556190014 
v -0.2232353836297989 0.0030550588853657246 -0.016667794436216354 
v -0.2174251526594162 0.012304899282753468 -0.016667794436216354 
v -0.21860690414905548 0.0010894680162891746 -0.0231022872030735 
v -0.21269819140434265 0.010339307598769665 -0.0231022872030735 
v -0.23259085416793823 -0.005732289049774408 -0.006476747337728739 
v -0.22579583525657654 0.0030550588853657246 -0.006476747337728739 
v -0.22579583525657654 0.0030550588853657246 -0.008894330821931362 
v -0.2198871225118637 0.012304899282753468 -0.008894330821931362 
v -0.21929624676704407 0.012304899282753468 -0.012092980556190014 
v -0.21348601579666138 0.024214068427681923 -0.012092980556190014 
v -0.2116149216890335 0.024214068427681923 -0.016667794436216354 
v -0.2069864422082901 0.036816973239183426 -0.017300084233283997 
v -0.20678947865962982 0.022132854908704758 -0.0231022872030735 
v -0.20206251740455627 0.03450451418757439 -0.023511415347456932 
v -0.2198871225118637 0.012304899282753468 -0.006476747337728739 
v -0.21417537331581116 0.024214068427681923 -0.006476747337728739 
v -0.21417537331581116 0.024214068427681923 -0.008894330821931362 
v -0.20954687893390656 0.036816973239183426 -0.009303460828959942 
v -0.20885752141475677 0.036816973239183426 -0.012725272215902805 
v -0.20659253001213074 0.04837927594780922 -0.014659339562058449 
v -0.20472143590450287 0.04837927594780922 -0.019234152510762215 
v -0.203835129737854 0.057050999253988266 -0.021168218925595284 
v -0.19950206577777863 0.04595119133591652 -0.02481319196522236 
v -0.19832032918930054 0.05439167097210884 -0.026114968582987785 
v -0.20954687893390656 0.036816973239183426 -0.006476747337728739 
v -0.20718339085578918 0.04837927594780922 -0.006476747337728739 
v -0.20718339085578918 0.04837927594780922 -0.010456462390720844 
v -0.20629708468914032 0.057050999253988266 -0.011609463952481747 
v -0.20570622384548187 0.057050999253988266 -0.016593405976891518 
v -0.20531229674816132 0.06098218262195587 -0.01722569763660431 
v -0.20344121754169464 0.06098218262195587 -0.021800510585308075 
v -0.19477510452270508 0.06190716475248337 -0.022693157196044922 
v -0.19782793521881104 0.058207228779792786 -0.02656129188835621 
v -0.18955574929714203 0.05901659280061722 -0.02708200179040432 
v -0.20629708468914032 0.057050999253988266 -0.006476747337728739 
v -0.20590317249298096 0.06098218262195587 -0.006476747337728739 
v -0.20590317249298096 0.06098218262195587 -0.011981399729847908 
v -0.19694162905216217 0.06202279031276703 -0.0126136913895607 
v -0.19644923508167267 0.06202279031276703 -0.018229924142360687 
v -0.11481056362390518 -0.05140337347984314 -0.006476747337728739 
v -0.11678013205528259 -0.05140337347984314 -0.016965342685580254 
v -0.12278731912374496 -0.04978465288877487 -0.02737955003976822 
v -0.12219645082950592 -0.06227193772792816 -0.016965342685580254 
v -0.1282036304473877 -0.06053759157657623 -0.02737955003976822 
v -0.1323397308588028 -0.07152177393436432 -0.02737955003976822 
v -0.12032535672187805 -0.06227193772792816 -0.006476747337728739 
v -0.12436297535896301 -0.07314049452543259 -0.006476747337728739 
v -0.12633255124092102 -0.07314049452543259 -0.016965342685580254 
v -0.1291884183883667 -0.084355928003788 -0.016965342685580254 
v -0.1352940946817398 -0.08273720741271973 -0.02737955003976822 
v -0.12721885740756989 -0.084355928003788 -0.006476747337728739 
v -0.12908993661403656 -0.09603384882211685 -0.006476747337728739 
v -0.13105951249599457 -0.09603384882211685 -0.016965342685580254 
v -0.13204430043697357 -0.10574618726968765 -0.016965342685580254 
v -0.13706670701503754 -0.09441512823104858 -0.02737955003976822 
v -0.13814996182918549 -0.10412745922803879 -0.02737955003976822 
v -0.11609078198671341 -0.039262957870960236 -0.02737955003976822 
v -0.1301732063293457 -0.10574618726968765 -0.006476747337728739 
v -0.1306656002998352 -0.11071797460317612 -0.006476747337728739 
v -0.1326351761817932 -0.11071797460317612 -0.016965342685580254 
v -0.13342300057411194 -0.11303043365478516 -0.016965342685580254 
v -0.13874083757400513 -0.10909925401210785 -0.02737955003976822 
v -0.1394301801919937 -0.11141171306371689 -0.02737955003976822 
v -0.1727159172296524 -0.16841384768486023 -0.02008960396051407 
v -0.18610899150371552 -0.1636733114719391 -0.030503813177347183 
v -0.17202657461166382 -0.16043587028980255 -0.023251060396432877 
v -0.18640443682670593 -0.1554640680551529 -0.033590883016586304 
v -0.18748769164085388 -0.14609861373901367 -0.036566369235515594 
v -0.20511534810066223 -0.14887356758117676 -0.041178375482559204 
v -0.20639556646347046 -0.13950809836387634 -0.04352157190442085 
v -0.2261897474527359 -0.13314883410930634 -0.0438191220164299 
v -0.2064940482378006 -0.1314144879579544 -0.04430263862013817 
v -0.22697757184505463 -0.12470835447311401 -0.04452579841017723 
v -0.22638669610023499 -0.1168459951877594 -0.04452579841017723 
v -0.24549153447151184 -0.11869595944881439 -0.03980221226811409 
v -0.2458854466676712 -0.11002423614263535 -0.03980221226811409 
v -0.2601648271083832 -0.10458995401859283 -0.03173120319843292 
v -0.24499914050102234 -0.10146813094615936 -0.03980221226811409 
v -0.2602632939815521 -0.09522449225187302 -0.03173120319843292 
v -0.258786141872406 -0.08609027415513992 -0.03173120319843292 
v -0.2702096402645111 -0.09106206148862839 -0.0231022872030735 
v -0.2697172462940216 -0.08158097416162491 -0.0231022872030735 
v -0.2422417402267456 -0.0931432768702507 -0.03980221226811409 
v -0.2200840711593628 -0.10216186940670013 -0.04452579841017723 
v -0.22431865334510803 -0.10933049768209457 -0.04452579841017723 
v -0.20216098427772522 -0.11753973364830017 -0.04430263862013817 
v -0.20511534810066223 -0.1241302415728569 -0.04430263862013817 
v -0.18571507930755615 -0.13095200061798096 -0.03753340244293213 
v -0.1872907429933548 -0.13800500333309174 -0.03753340244293213 
v -0.17291288077831268 -0.1429767906665802 -0.02737955003976822 
v -0.17310982942581177 -0.15107040107250214 -0.026338130235671997 
v -0.26617202162742615 -0.13395819067955017 -0.012130174785852432 
v -0.2643009126186371 -0.13395819067955017 -0.016853760927915573 
v -0.2674522399902344 -0.1269051879644394 -0.016779374331235886 
v -0.2629222273826599 -0.12783017754554749 -0.022916318848729134 
v -0.2655811309814453 -0.11973656713962555 -0.02306509204208851 
v -0.2597709000110626 -0.13499879837036133 -0.022693157196044922 
v -0.07610850781202316 -0.004691681824624538 -0.006476747337728739 
v -0.07660090178251266 0.00721748685464263 -0.006476747337728739 
v -0.07807808369398117 -0.004691681824624538 0.004049041774123907 
v -0.07857047021389008 0.00721748685464263 0.004049041774123907 
v -0.08329743891954422 0.00802684761583805 0.013533409684896469 
v -0.08054004609584808 0.0210922472178936 0.004049041774123907 
v -0.08388831466436386 0.021207870915532112 0.013198667205870152 
v -0.08654723316431046 0.031498316675424576 0.012901118025183678 
v -0.0788659080862999 0.0210922472178936 -0.006476747337728739 
v -0.08369135856628418 0.0317295640707016 -0.006476747337728739 
v -0.08467613905668259 0.0317295640707016 0.004049041774123907 
v -0.09019093960523605 0.039823174476623535 0.004049041774123907 
v -0.09097876399755478 0.03936067968606949 0.012715150602161884 
v -0.2667628824710846 -0.13395819067955017 -0.006476747337728739 
v -0.26302069425582886 -0.13985496759414673 -0.006476747337728739 
v -0.2667628824710846 -0.13395819067955017 -0.004021969623863697 
v -0.26302069425582886 -0.13985496759414673 -0.004021969623863697 
v -0.26233136653900146 -0.13985496759414673 -0.0008233200060203671 
v -0.25819525122642517 -0.14586736261844635 -0.0038731952663511038 
v -0.2575058937072754 -0.14586736261844635 -0.0006001584115438163 
v -0.2514002323150635 -0.1530359983444214 0.00003213280069758184 
v -0.2556348145008087 -0.14586736261844635 0.004086235072463751 
v -0.2495291531085968 -0.1530359983444214 0.004867300856858492 
v -0.24568848311901093 -0.1539609730243683 0.009925629943609238 
v -0.2422417402267456 -0.15985774993896484 0.006206270307302475 
v -0.24086304008960724 -0.15916401147842407 0.009590888395905495 
v -0.23465889692306519 -0.16286394000053406 0.012120053172111511 
v -0.2519911229610443 -0.1530359983444214 -0.003538452787324786 
v -0.2444082647562027 -0.15985774993896484 -0.002906161593273282 
v -0.24381738901138306 -0.15985774993896484 0.001147940754890442 
v -0.2349543273448944 -0.16494515538215637 0.0028588464483618736 
v -0.2339695394039154 -0.16494515538215637 0.007991563528776169 
v -0.22510647773742676 -0.16876071691513062 0.009479307569563389 
v -0.22628822922706604 -0.1666795015335083 0.013868152163922787 
v -0.2169327586889267 -0.16991694271564484 0.014686411246657372 
v -0.2519911229610443 -0.1530359983444214 -0.006476747337728739 
v -0.25819525122642517 -0.14586736261844635 -0.006476747337728739 
v -0.2444082647562027 -0.15985774993896484 -0.006476747337728739 
v -0.23524977266788483 -0.16494515538215637 -0.006476747337728739 
v -0.23524977266788483 -0.16494515538215637 -0.001901934389024973 
v -0.22500799596309662 -0.16876071691513062 -0.0010092880111187696 
v -0.22500799596309662 -0.16876071691513062 0.004346590489149094 
v -0.21437232196331024 -0.1715356707572937 0.004830107092857361 
v -0.21555407345294952 -0.1715356707572937 0.009962824173271656 
v -0.2064940482378006 -0.17280752956867218 0.010632309131324291 
v -0.20984230935573578 -0.170957550406456 0.014760798774659634 
v -0.22500799596309662 -0.16876071691513062 -0.006476747337728739 
v -0.21397840976715088 -0.1715356707572937 -0.006476747337728739 
v -0.21397840976715088 -0.1715356707572937 -0.0007117391796782613 
v -0.20304729044437408 -0.1733856350183487 -0.0007489328272640705 
v -0.20393359661102295 -0.17327001690864563 0.004978881683200598 
v -0.19467662274837494 -0.17361688613891602 0.005313624162226915 
v -0.1992066353559494 -0.17199815809726715 0.012677956372499466 
v -0.19329792261123657 -0.16991694271564484 0.014909572899341583 
v -0.20688796043395996 -0.169107586145401 0.018294190987944603 
v -0.2045244723558426 -0.1651764065027237 0.02205074392259121 
v -0.20304729044437408 -0.1733856350183487 -0.006476747337728739 
v -0.19319944083690643 -0.17419500648975372 -0.006476747337728739 
v -0.19319944083690643 -0.17419500648975372 -0.0008605135953985155 
v -0.18374551832675934 -0.17407937347888947 -0.0009720944217406213 
v -0.18620747327804565 -0.1730387657880783 0.005722753703594208 
v -0.17813223600387573 -0.17199815809726715 0.005983108654618263 
v -0.18866944313049316 -0.16783574223518372 0.01609976775944233 
v -0.18610899150371552 -0.1636733114719391 0.017587512731552124 
v -0.20344121754169464 -0.1618233323097229 0.024059198796749115 
v -0.20373664796352386 -0.15708279609680176 0.02565852366387844 
v -0.22195516526699066 -0.14979854226112366 0.026328008621931076 
v -0.18345007300376892 -0.17407937347888947 -0.006476747337728739 
v -0.17310982942581177 -0.1733856350183487 -0.006476747337728739 
v -0.17399613559246063 -0.1733856350183487 -0.0010092880111187696 
v -0.16710264980793 -0.1700325757265091 -0.00033980319858528674 
v -0.1727159172296524 -0.16841384768486023 0.007173303980380297 
v -0.2597709000110626 -0.13499879837036133 0.009776855818927288 
v -0.2643009126186371 -0.13395819067955017 0.003937460947781801 
v -0.25622567534446716 -0.14089557528495789 0.009516500867903233 
v -0.2604602575302124 -0.13985496759414673 0.00390026718378067 
v -0.26617202162742615 -0.13395819067955017 -0.0007861264166422188 
v -0.13145342469215393 -0.11303043365478516 -0.006476747337728739 
v -0.13342300057411194 -0.11303043365478516 0.004049041774123907 
v -0.13312755525112152 -0.1144179105758667 -0.006476747337728739 
v -0.13509713113307953 -0.1144179105758667 0.004049041774123907 
v -0.13923323154449463 -0.11638350039720535 0.004049041774123907 
v -0.1411043256521225 -0.11279918998479843 0.01446324959397316 
v -0.14533889293670654 -0.11476477980613708 0.01446324959397316 
v -0.1394301801919937 -0.11141171306371689 0.01446324959397316 
v -0.2516956627368927 -0.14679235219955444 0.00944211333990097 
v -0.15430043637752533 -0.12551771104335785 -0.006476747337728739 
v -0.1561715304851532 -0.12551771104335785 0.004049041774123907 
v -0.16001218557357788 -0.13118323683738708 -0.006476747337728739 
v -0.16188327968120575 -0.13118323683738708 0.004049041774123907 
v -0.16523155570030212 -0.1375425159931183 0.004049041774123907 
v -0.16798895597457886 -0.12956452369689941 0.01446324959397316 
v -0.17133721709251404 -0.13592378795146942 0.01446324959397316 
v -0.1622771918773651 -0.12378337234258652 0.01446324959397316 
v -0.13726365566253662 -0.11638350039720535 -0.006476747337728739 
v -0.14553585648536682 -0.12031468003988266 -0.006476747337728739 
v -0.1474069505929947 -0.12031468003988266 0.004049041774123907 
v -0.1535126119852066 -0.11869595944881439 0.01446324959397316 
v -0.1561715304851532 -0.12551771104335785 0.004049041774123907 
v -0.1622771918773651 -0.12378337234258652 0.01446324959397316 
v -0.15430043637752533 -0.12551771104335785 -0.006476747337728739 
v -0.18955574929714203 0.05901659280061722 0.014165700413286686 
v -0.19477510452270508 0.06190716475248337 0.009776855818927288 
v -0.19782793521881104 0.058207228779792786 0.013644990511238575 
v -0.20344121754169464 0.06098218262195587 0.008884209208190441 
v -0.203835129737854 0.057050999253988266 0.008251918479800224 
v -0.20531229674816132 0.06098218262195587 0.004309396725147963 
v -0.20570622384548187 0.057050999253988266 0.0036771055310964584 
v -0.20629708468914032 0.057050999253988266 -0.001306836842559278 
v -0.20659253001213074 0.04837927594780922 0.0017430384177714586 
v -0.20718339085578918 0.04837927594780922 -0.0024598382879048586 
v -0.20954687893390656 0.036816973239183426 -0.0036128400824964046 
v -0.20718339085578918 0.04837927594780922 -0.006476747337728739 
v -0.20954687893390656 0.036816973239183426 -0.006476747337728739 
v -0.20885752141475677 0.036816973239183426 -0.00019102879741694778 
v -0.2069864422082901 0.036816973239183426 0.004383783787488937 
v -0.20472143590450287 0.04837927594780922 0.006317851133644581 
v -0.19950206577777863 0.04595119133591652 0.0118968915194273 
v -0.19832032918930054 0.05439167097210884 0.013198667205870152 
v -0.16336046159267426 -0.1375425159931183 -0.006476747337728739 
v -0.1649361103773117 -0.14459551870822906 -0.006476747337728739 
v -0.16690568625926971 -0.14459551870822906 0.004049041774123907 
v -0.17291288077831268 -0.1429767906665802 0.01446324959397316 
v -0.16700416803359985 -0.152689129114151 0.0034539441112428904 
v -0.17310982942581177 -0.15107040107250214 0.013421828858554363 
v -0.17202657461166382 -0.16043587028980255 0.010334759950637817 
v -0.16503459215164185 -0.152689129114151 -0.006476747337728739 
v -0.1639513373374939 -0.16205458343029022 -0.006476747337728739 
v -0.1659208983182907 -0.16205458343029022 0.0015570704126730561 
v -0.16710264980793 -0.1700325757265091 -0.00033980319858528674 
v -0.1727159172296524 -0.16841384768486023 0.007173303980380297 
v -0.09235746413469315 -0.022150754928588867 -0.006476747337728739 
v -0.08477462083101273 -0.015444621443748474 -0.006476747337728739 
v -0.09432703256607056 -0.022150754928588867 0.004049041774123907 
v -0.08674418926239014 -0.015444621443748474 0.004049041774123907 
v -0.09284985810518265 -0.013825898990035057 0.014165700413286686 
v -0.08103243261575699 -0.01105094701051712 0.004049041774123907 
v -0.0871381014585495 -0.009432224556803703 0.013942538760602474 
v -0.08457766473293304 -0.007466633804142475 0.013868152163922787 
v -0.07906286418437958 -0.01105094701051712 -0.006476747337728739 
v -0.07660090178251266 -0.009085356257855892 -0.006476747337728739 
v -0.07847199589014053 -0.009085356257855892 0.004049041774123907 
v -0.07807808369398117 -0.004691681824624538 0.004049041774123907 
v -0.08378983289003372 -0.003188583068549633 0.013793764635920525 
v -0.21417537331581116 0.024214068427681923 -0.006476747337728739 
v -0.21417537331581116 0.024214068427681923 -0.004021969623863697 
v -0.21348601579666138 0.024214068427681923 -0.0008233200060203671 
v -0.2198871225118637 0.012304899282753468 -0.004021969623863697 
v -0.21929624676704407 0.012304899282753468 -0.0008233200060203671 
v -0.22510647773742676 0.0030550588853657246 -0.0008233200060203671 
v -0.2174251526594162 0.012304899282753468 0.003751492826268077 
v -0.2232353836297989 0.0030550588853657246 0.003751492826268077 
v -0.21860690414905548 0.0010894680162891746 0.010185985825955868 
v -0.23003040254116058 -0.005732289049774408 0.003751492826268077 
v -0.22530344128608704 -0.007813503034412861 0.010185985825955868 
v -0.23367410898208618 -0.017988327890634537 0.010185985825955868 
v -0.21269819140434265 0.010339307598769665 0.010185985825955868 
v -0.20678947865962982 0.022132854908704758 0.010185985825955868 
v -0.2116149216890335 0.024214068427681923 0.003751492826268077 
v -0.2198871225118637 0.012304899282753468 -0.006476747337728739 
v -0.22579583525657654 0.0030550588853657246 -0.006476747337728739 
v -0.22579583525657654 0.0030550588853657246 -0.004021969623863697 
v -0.23259085416793823 -0.005732289049774408 -0.004021969623863697 
v -0.23190149664878845 -0.005732289049774408 -0.0008233200060203671 
v -0.24056760966777802 -0.01579149067401886 -0.0008233200060203671 
v -0.23859803378582 -0.01579149067401886 0.003751492826268077 
v -0.2470671832561493 -0.025619445368647575 0.003751492826268077 
v -0.24184782803058624 -0.027931904420256615 0.010185985825955868 
v -0.23259085416793823 -0.005732289049774408 -0.006476747337728739 
v -0.24115847051143646 -0.01579149067401886 -0.006476747337728739 
v -0.24115847051143646 -0.01579149067401886 -0.004021969623863697 
v -0.2495291531085968 -0.025619445368647575 -0.004021969623863697 
v -0.24893827736377716 -0.025619445368647575 -0.0008233200060203671 
v -0.25524088740348816 -0.03313494101166725 -0.0008233200060203671 
v -0.25327134132385254 -0.03313494101166725 0.003751492826268077 
v -0.2580967843532562 -0.03960982710123062 0.003751492826268077 
v -0.2480519711971283 -0.03590989112854004 0.010185985825955868 
v -0.25277894735336304 -0.04273165017366409 0.010185985825955868 
v -0.2495291531085968 -0.025619445368647575 -0.006476747337728739 
v -0.255831778049469 -0.03313494101166725 -0.006476747337728739 
v -0.255831778049469 -0.03313494101166725 -0.004021969623863697 
v -0.2606572210788727 -0.03960982710123062 -0.004021969623863697 
v -0.2599678635597229 -0.03960982710123062 -0.0008233200060203671 
v -0.26400548219680786 -0.04608471691608429 -0.0008233200060203671 
v -0.2621344029903412 -0.04608471691608429 0.003751492826268077 
v -0.2655811309814453 -0.052328359335660934 0.003751492826268077 
v -0.2565211355686188 -0.04885966703295708 0.010185985825955868 
v -0.2596724331378937 -0.054756440222263336 0.010185985825955868 
v -0.2606572210788727 -0.03960982710123062 -0.006476747337728739 
v -0.26469483971595764 -0.04608471691608429 -0.006476747337728739 
v -0.26469483971595764 -0.04608471691608429 -0.004021969623863697 
v -0.26814159750938416 -0.052328359335660934 -0.004021969623863697 
v -0.2674522399902344 -0.052328359335660934 -0.0008233200060203671 
v -0.2706035375595093 -0.05857200175523758 -0.0008233200060203671 
v -0.2687324583530426 -0.05857200175523758 0.003751492826268077 
v -0.271391361951828 -0.06493126600980759 0.003751492826268077 
v -0.26252830028533936 -0.06030634418129921 0.010185985825955868 
v -0.26518723368644714 -0.0664343610405922 0.010185985825955868 
v -0.26814159750938416 -0.052328359335660934 -0.006476747337728739 
v -0.2711944282054901 -0.05857200175523758 -0.006476747337728739 
v -0.2711944282054901 -0.05857200175523758 -0.004021969623863697 
v -0.2738533318042755 -0.06493126600980759 -0.004021969623863697 
v -0.27326247096061707 -0.06493126600980759 -0.0008233200060203671 
v -0.27542898058891296 -0.07198426872491837 -0.0008233200060203671 
v -0.2735579013824463 -0.07198426872491837 0.003751492826268077 
v -0.27493661642074585 -0.0800778791308403 0.003751492826268077 
v -0.26784613728523254 -0.07348736375570297 0.010185985825955868 
v -0.2697172462940216 -0.08158097416162491 0.010185985825955868 
v -0.2738533318042755 -0.06493126600980759 -0.006476747337728739 
v -0.27611833810806274 -0.07198426872491837 -0.006476747337728739 
v -0.27611833810806274 -0.07198426872491837 -0.004021969623863697 
v -0.2774970531463623 -0.0800778791308403 -0.004021969623863697 
v -0.2768076956272125 -0.0800778791308403 -0.0008233200060203671 
v -0.27710312604904175 -0.08967458456754684 -0.0008233200060203671 
v -0.2752320468425751 -0.08967458456754684 0.003751492826268077 
v -0.274345725774765 -0.09973378479480743 0.003751492826268077 
v -0.2702096402645111 -0.09106206148862839 0.010185985825955868 
v -0.26952028274536133 -0.10089001804590225 0.010185985825955868 
v -0.2774970531463623 -0.0800778791308403 -0.006476747337728739 
v -0.2776939868927002 -0.08967458456754684 -0.006476747337728739 
v -0.2776939868927002 -0.08967458456754684 -0.004021969623863697 
v -0.2768076956272125 -0.09973378479480743 -0.004021969623863697 
v -0.2762168347835541 -0.09973378479480743 -0.0008233200060203671 
v -0.27444422245025635 -0.1095617413520813 -0.0008233200060203671 
v -0.2725731134414673 -0.1095617413520813 0.003751492826268077 
v -0.2701111435890198 -0.11869595944881439 0.0037886863574385643 
v -0.2679446339607239 -0.11060234904289246 0.010185985825955868 
v -0.2655811309814453 -0.11973656713962555 0.01014879159629345 
v -0.2768076956272125 -0.09973378479480743 -0.006476747337728739 
v -0.2750350832939148 -0.1095617413520813 -0.006476747337728739 
v -0.2750350832939148 -0.1095617413520813 -0.004021969623863697 
v -0.2725731134414673 -0.11869595944881439 -0.004021969623863697 
v -0.27198225259780884 -0.11869595944881439 -0.0008233200060203671 
v -0.26932331919670105 -0.1269051879644394 -0.0008233200060203671 
v -0.2674522399902344 -0.1269051879644394 0.0038630736526101828 
v -0.2643009126186371 -0.13395819067955017 0.003937460947781801 
v -0.2629222273826599 -0.12783017754554749 0.0100000174716115 
v -0.2597709000110626 -0.13499879837036133 0.009776855818927288 
v -0.2725731134414673 -0.11869595944881439 -0.006476747337728739 
v -0.2699142098426819 -0.1269051879644394 -0.006476747337728739 
v -0.2699142098426819 -0.1269051879644394 -0.004021969623863697 
v -0.2667628824710846 -0.13395819067955017 -0.004021969623863697 
v -0.26617202162742615 -0.13395819067955017 -0.0007861264166422188 
v -0.09097876399755478 0.03936067968606949 -0.025631451979279518 
v -0.08654723316431046 0.031498316675424576 -0.025817418470978737 
v -0.09265290200710297 0.037973206490278244 -0.030503813177347183 
v -0.09009245783090591 0.03057333268225193 -0.03132207319140434 
v -0.09531182050704956 0.032076433300971985 -0.034223172813653946 
v -0.09038789570331573 0.02167036198079586 -0.03251226618885994 
v -0.09915248304605484 0.02513905242085457 -0.0362316258251667 
v -0.10772010684013367 0.016698572784662247 -0.0382772758603096 
v -0.10919728875160217 0.034388892352581024 -0.03727304935455322 
v -0.12446145713329315 0.028607742860913277 -0.039058342576026917 
v -0.14120279252529144 0.04190438613295555 -0.03701269254088402 
v -0.1391347497701645 0.023635953664779663 -0.04028572887182236 
v -0.1612924188375473 0.03889818862080574 -0.037384629249572754 
v -0.16838286817073822 0.03716384246945381 -0.037496209144592285 
v -0.178329199552536 0.051038604229688644 -0.032475072890520096 
v -0.18620747327804565 0.049882374703884125 -0.03228910639882088 
v -0.19782793521881104 0.058207228779792786 -0.02656129188835621 
v -0.18699529767036438 0.04641368240118027 -0.03221471980214119 
v -0.19832032918930054 0.05439167097210884 -0.026114968582987785 
v -0.19950206577777863 0.04595119133591652 -0.02481319196522236 
v -0.09344072639942169 0.010454931296408176 -0.033814042806625366 
v -0.09708443284034729 0.0010894680162891746 -0.034818269312381744 
v -0.11618925631046295 0.009645570069551468 -0.03987659886479378 
v -0.11963600665330887 0.006754994858056307 -0.04039730876684189 
v -0.14445258677005768 0.021439116448163986 -0.04065766558051109 
v -0.14632368087768555 0.018895410001277924 -0.04114118218421936 
v -0.16966308653354645 0.034157644957304 -0.037793759256601334 
v -0.17261743545532227 0.027220265939831734 -0.03864921256899834 
v -0.18886639177799225 0.038551319390535355 -0.03202874958515167 
v -0.19211618602275848 0.027798380702733994 -0.03180558979511261 
v -0.20206251740455627 0.03450451418757439 -0.023511415347456932 
v -0.20678947865962982 0.022132854908704758 -0.0231022872030735 
v -0.09895551949739456 -0.002494845073670149 -0.03519020602107048 
v -0.10151596367359161 -0.004460435826331377 -0.03548775613307953 
v -0.12199949473142624 0.004673780873417854 -0.040880825370550156 
v -0.12731732428073883 -0.00006676199700450525 -0.042331378906965256 
v -0.1505582630634308 0.013229883275926113 -0.04259173199534416 
v -0.15646696090698242 0.00502065010368824 -0.044042281806468964 
v -0.1770489662885666 0.017739180475473404 -0.03950466215610504 
v -0.18305616080760956 0.00663937209174037 -0.03980221226811409 
v -0.19743402302265167 0.016004834324121475 -0.03173120319843292 
v -0.2035396844148636 0.004558158107101917 -0.03173120319843292 
v -0.21269819140434265 0.010339307598769665 -0.0231022872030735 
v -0.21860690414905548 0.0010894680162891746 -0.0231022872030735 
v -0.10722771286964417 -0.008854109793901443 -0.03634320944547653 
v -0.11471208184957504 -0.015560244210064411 -0.03723585605621338 
v -0.13440778851509094 -0.007119765039533377 -0.0438191220164299 
v -0.1420890986919403 -0.016138359904289246 -0.04430263862013817 
v -0.16336046159267426 -0.0049229278229177 -0.04452579841017723 
v -0.17045091092586517 -0.015560244210064411 -0.04452579841017723 
v -0.18955574929714203 -0.00434481306001544 -0.03980221226811409 
v -0.19566141068935394 -0.014172768220305443 -0.03980221226811409 
v -0.20954687893390656 -0.005038551054894924 -0.03173120319843292 
v -0.21604645252227783 -0.014172768220305443 -0.03173120319843292 
v -0.22530344128608704 -0.007813503034412861 -0.0231022872030735 
v -0.23367410898208618 -0.017988327890634537 -0.0231022872030735 
v -0.12268883734941483 -0.024231968447566032 -0.03753340244293213 
v -0.13037016987800598 -0.03429117053747177 -0.03753340244293213 
v -0.14957347512245178 -0.026313183829188347 -0.04430263862013817 
v -0.15607304871082306 -0.03671925142407417 -0.04430263862013817 
v -0.17675353586673737 -0.025619445368647575 -0.04452579841017723 
v -0.18256376683712006 -0.03579426929354668 -0.04452579841017723 
v -0.201865553855896 -0.023769477382302284 -0.03980221226811409 
v -0.2086605727672577 -0.03429117053747177 -0.03980221226811409 
v -0.22382625937461853 -0.024463215842843056 -0.03173120319843292 
v -0.2313106209039688 -0.03475366160273552 -0.03173120319843292 
v -0.24184782803058624 -0.027931904420256615 -0.0231022872030735 
v -0.2480519711971283 -0.03590989112854004 -0.0231022872030735 
v -0.1369682252407074 -0.04481286182999611 -0.03753340244293213 
v -0.14238454401493073 -0.05568142607808113 -0.03753340244293213 
v -0.16158784925937653 -0.04735656827688217 -0.04430263862013817 
v -0.166117861866951 -0.058225132524967194 -0.04430263862013817 
v -0.18817704916000366 -0.04654720798134804 -0.04452579841017723 
v -0.19300249218940735 -0.05753139406442642 -0.04452579841017723 
v -0.21516014635562897 -0.04504410922527313 -0.03980221226811409 
v -0.22028103470802307 -0.05579704791307449 -0.03980221226811409 
v -0.23721933364868164 -0.04411912336945534 -0.03173120319843292 
v -0.24155239760875702 -0.05186586454510689 -0.03173120319843292 
v -0.25277894735336304 -0.04273165017366409 -0.0231022872030735 
v -0.2565211355686188 -0.04885966703295708 -0.0231022872030735 
v -0.14661911129951477 -0.06654998660087585 -0.03753340244293213 
v -0.14957347512245178 -0.07776542007923126 -0.03753340244293213 
v -0.16966308653354645 -0.069440558552742 -0.04430263862013817 
v -0.17202657461166382 -0.08111848682165146 -0.04430263862013817 
v -0.19674468040466309 -0.06897807121276855 -0.04452579841017723 
v -0.19930511713027954 -0.07834353297948837 -0.04452579841017723 
v -0.2240232229232788 -0.0645843967795372 -0.03980221226811409 
v -0.22609126567840576 -0.069440558552742 -0.03980221226811409 
v -0.24460522830486298 -0.0573001466691494 -0.03173120319843292 
v -0.24696870148181915 -0.06169382110238075 -0.03173120319843292 
v -0.2596724331378937 -0.054756440222263336 -0.0231022872030735 
v -0.26252830028533936 -0.06030634418129921 -0.0231022872030735 
v -0.24913524091243744 -0.06574062258005142 -0.03173120319843292 
v -0.22904561460018158 -0.07464359700679779 -0.03980221226811409 
v -0.25179415941238403 -0.07071241736412048 -0.03173120319843292 
v -0.23190149664878845 -0.07834353297948837 -0.03980221226811409 
v -0.2371208518743515 -0.0849340409040451 -0.03980221226811409 
v -0.20639556646347046 -0.0897902101278305 -0.04452579841017723 
v -0.21309210360050201 -0.09522449225187302 -0.04452579841017723 
v -0.18847247958183289 -0.10586180537939072 -0.04430263862013817 
v -0.19674468040466309 -0.11141171306371689 -0.04430263862013817 
v -0.17665505409240723 -0.11892720311880112 -0.03753340244293213 
v -0.18236681818962097 -0.12459273636341095 -0.03753340244293213 
v -0.16798895597457886 -0.12956452369689941 -0.02737955003976822 
v -0.17133721709251404 -0.13592378795146942 -0.02737955003976822 
v -0.22746996581554413 -0.07221551239490509 -0.03980221226811409 
v -0.20157012343406677 -0.08539653569459915 -0.04452579841017723 
v -0.20058533549308777 -0.08308407664299011 -0.04452579841017723 
v -0.1741930991411209 -0.0955713614821434 -0.04430263862013817 
v -0.17350374162197113 -0.090715192258358 -0.04430263862013817 
v -0.1525278240442276 -0.09915567189455032 -0.03753340244293213 
v -0.15144456923007965 -0.08955896645784378 -0.03753340244293213 
v -0.13706670701503754 -0.09441512823104858 -0.02737955003976822 
v -0.1352940946817398 -0.08273720741271973 -0.02737955003976822 
v -0.1323397308588028 -0.07152177393436432 -0.02737955003976822 
v -0.13814996182918549 -0.10412745922803879 -0.02737955003976822 
v -0.13874083757400513 -0.10909925401210785 -0.02737955003976822 
v -0.15311869978904724 -0.10412745922803879 -0.03753340244293213 
v -0.15380804240703583 -0.10643991827964783 -0.03753340244293213 
v -0.17507940530776978 -0.09788382053375244 -0.04430263862013817 
v -0.17665505409240723 -0.09938691556453705 -0.04430263862013817 
v -0.20304729044437408 -0.08713088184595108 -0.04452579841017723 
v -0.1394301801919937 -0.11141171306371689 -0.02737955003976822 
v -0.1411043256521225 -0.11279918998479843 -0.02737955003976822 
v -0.1554821878671646 -0.10782739520072937 -0.03753340244293213 
v -0.15971675515174866 -0.10979299247264862 -0.03753340244293213 
v -0.18059420585632324 -0.10158375650644302 -0.04430263862013817 
v -0.14533889293670654 -0.11476477980613708 -0.02737955003976822 
v -0.1535126119852066 -0.11869595944881439 -0.02737955003976822 
v -0.16789047420024872 -0.11372417211532593 -0.03753340244293213 
v -0.2045244723558426 -0.1651764065027237 -0.03496704623103142 
v -0.21929624676704407 -0.1593952625989914 -0.035562142729759216 
v -0.20344121754169464 -0.1618233323097229 -0.036975499242544174 
v -0.22047799825668335 -0.15500158071517944 -0.037607789039611816 
v -0.1622771918773651 -0.12378337234258652 -0.02737955003976822 
v -0.13145342469215393 -0.11303043365478516 -0.006476747337728739 
v -0.1306656002998352 -0.11071797460317612 -0.006476747337728739 
v -0.13342300057411194 -0.11303043365478516 0.004049041774123907 
v -0.1326351761817932 -0.11071797460317612 0.004049041774123907 
v -0.13874083757400513 -0.10909925401210785 0.01446324959397316 
v -0.13204430043697357 -0.10574618726968765 0.004049041774123907 
v -0.13814996182918549 -0.10412745922803879 0.01446324959397316 
v -0.13706670701503754 -0.09441512823104858 0.01446324959397316 
v -0.1301732063293457 -0.10574618726968765 -0.006476747337728739 
v -0.12908993661403656 -0.09603384882211685 -0.006476747337728739 
v -0.13105951249599457 -0.09603384882211685 0.004049041774123907 
v -0.1291884183883667 -0.084355928003788 0.004049041774123907 
v -0.1352940946817398 -0.08273720741271973 0.01446324959397316 
v -0.12721885740756989 -0.084355928003788 -0.006476747337728739 
v -0.12436297535896301 -0.07314049452543259 -0.006476747337728739 
v -0.12633255124092102 -0.07314049452543259 0.004049041774123907 
v -0.12219645082950592 -0.06227193772792816 0.004049041774123907 
v -0.1323397308588028 -0.07152177393436432 0.01446324959397316 
v -0.1282036304473877 -0.06053759157657623 0.01446324959397316 
v -0.09550877660512924 0.03727946802973747 -0.03258665278553963 
v -0.09925095736980438 0.0423668771982193 -0.03280981630086899 
v -0.10200835764408112 0.03889818862080574 -0.03515301272273064 
v -0.10929576307535172 0.04733866825699806 -0.03466949611902237 
v -0.11993144452571869 0.045141831040382385 -0.03619443252682686 
v -0.1301732063293457 0.05311981961131096 -0.03351649269461632 
v -0.1551867425441742 0.052194833755493164 -0.033070169389247894 
v -0.16503459215164185 0.05890096724033356 -0.028681326657533646 
v -0.18955574929714203 0.05901659280061722 -0.02708200179040432 
v -0.1379530131816864 0.05832285434007645 -0.030392231419682503 
v -0.1219010129570961 0.05797598510980606 -0.0312848798930645 
v -0.11658317595720291 0.05381355434656143 -0.03321894630789757 
v -0.1104775071144104 0.05427604913711548 -0.03210313618183136 
v -0.10525814443826675 0.04895738884806633 -0.03262384980916977 
v -0.26518723368644714 -0.0664343610405922 -0.0231022872030735 
v -0.26784613728523254 -0.07348736375570297 -0.0231022872030735 
v -0.25543785095214844 -0.0776497945189476 -0.03173120319843292 
v -0.22047799825668335 -0.15500158071517944 0.024691490456461906 
v -0.21929624676704407 -0.1593952625989914 0.022645842283964157 
v -0.20344121754169464 -0.1618233323097229 0.024059198796749115 
v -0.2045244723558426 -0.1651764065027237 0.02205074392259121 
v -0.2339695394039154 -0.1536141037940979 0.019335610792040825 
v -0.21929624676704407 -0.1593952625989914 0.022645842283964157 
v -0.23643150925636292 -0.14841106534004211 0.020860549062490463 
v -0.09550877660512924 0.03727946802973747 0.019670354202389717 
v -0.09265290200710297 0.037973206490278244 0.017587512731552124 
v -0.09925095736980438 0.0423668771982193 0.01989351585507393 
v -0.09767530113458633 0.044563714414834976 0.017289962619543076 
v -0.10358401387929916 0.05022924393415451 0.017252769321203232 
v -0.09688747674226761 0.04583556950092316 0.012640763074159622 
v -0.10309161990880966 0.051038604229688644 0.012640763074159622 
v -0.10299313813447952 0.05138547345995903 0.004049041774123907 
v -0.10811402648687363 0.055316656827926636 0.012603569775819778 
v -0.10801554471254349 0.05543227866292 0.004049041774123907 
v -0.10801554471254349 0.05543227866292 -0.006476747337728739 
v -0.11421968787908554 0.05855409801006317 -0.006476747337728739 
v -0.10831098258495331 0.05485416203737259 0.0171411894261837 
v -0.1104775071144104 0.05427604913711548 0.01918683759868145 
v -0.10525814443826675 0.04895738884806633 0.01970754750072956 
v -0.10299313813447952 0.05138547345995903 -0.006476747337728739 
v -0.09669052064418793 0.046298060566186905 -0.006476747337728739 
v -0.09669052064418793 0.046298060566186905 0.004049041774123907 
v -0.09019093960523605 0.039823174476623535 0.004049041774123907 
v -0.09097876399755478 0.03936067968606949 0.012715150602161884 
v -0.08388831466436386 0.021207870915532112 -0.026114968582987785 
v -0.08329743891954422 0.00802684761583805 -0.02644971013069153 
v -0.08378983289003372 -0.003188583068549633 -0.026710065081715584 
v -0.08457766473293304 -0.007466633804142475 -0.02678445354104042 
v -0.0871381014585495 -0.009432224556803703 -0.026858840137720108 
v -0.09284985810518265 -0.013825898990035057 -0.02708200179040432 
v -0.10033421963453293 -0.020416410639882088 -0.02730516344308853 
v -0.10840945690870285 -0.029203757643699646 -0.02737955003976822 
v -0.11609078198671341 -0.039262957870960236 -0.02737955003976822 
v -0.12278731912374496 -0.04978465288877487 -0.02737955003976822 
v -0.1282036304473877 -0.06053759157657623 -0.02737955003976822 
v -0.2667628824710846 -0.13395819067955017 -0.006476747337728739 
v -0.2667628824710846 -0.13395819067955017 -0.008894330821931362 
v -0.26302069425582886 -0.13985496759414673 -0.006476747337728739 
v -0.26302069425582886 -0.13985496759414673 -0.008894330821931362 
v -0.25819525122642517 -0.14586736261844635 -0.009043105877935886 
v -0.26233136653900146 -0.13985496759414673 -0.012092980556190014 
v -0.2575058937072754 -0.14586736261844635 -0.012316142208874226 
v -0.2556348145008087 -0.14586736261844635 -0.017002535983920097 
v -0.2514002323150635 -0.1530359983444214 -0.012948433868587017 
v -0.2495291531085968 -0.1530359983444214 -0.017783600836992264 
v -0.2422417402267456 -0.15985774993896484 -0.019122570753097534 
v -0.24568848311901093 -0.1539609730243683 -0.022841930389404297 
v -0.24086304008960724 -0.15916401147842407 -0.022507188841700554 
v -0.24381738901138306 -0.15985774993896484 -0.014064241200685501 
v -0.2444082647562027 -0.15985774993896484 -0.01001013908535242 
v -0.2519911229610443 -0.1530359983444214 -0.009377848356962204 
v -0.2519911229610443 -0.1530359983444214 -0.006476747337728739 
v -0.25819525122642517 -0.14586736261844635 -0.006476747337728739 
v -0.23465889692306519 -0.16286394000053406 -0.02503635361790657 
v -0.2339695394039154 -0.16494515538215637 -0.020907863974571228 
v -0.2349543273448944 -0.16494515538215637 -0.015775147825479507 
v -0.22510647773742676 -0.16876071691513062 -0.022395607084035873 
v -0.22500799596309662 -0.16876071691513062 -0.017262890934944153 
v -0.21437232196331024 -0.1715356707572937 -0.01774640753865242 
v -0.22500799596309662 -0.16876071691513062 -0.01190701313316822 
v -0.21397840976715088 -0.1715356707572937 -0.01220456138253212 
v -0.21397840976715088 -0.1715356707572937 -0.006476747337728739 
v -0.20304729044437408 -0.1733856350183487 -0.012167368084192276 
v -0.20304729044437408 -0.1733856350183487 -0.006476747337728739 
v -0.19319944083690643 -0.17419500648975372 -0.006476747337728739 
v -0.22500799596309662 -0.16876071691513062 -0.006476747337728739 
v -0.23524977266788483 -0.16494515538215637 -0.006476747337728739 
v -0.23524977266788483 -0.16494515538215637 -0.011014366522431374 
v -0.2444082647562027 -0.15985774993896484 -0.006476747337728739 
v -0.20393359661102295 -0.17327001690864563 -0.017895182594656944 
v -0.19467662274837494 -0.17361688613891602 -0.018229924142360687 
v -0.2064940482378006 -0.17280752956867218 -0.023548610508441925 
v -0.1992066353559494 -0.17199815809726715 -0.025594256818294525 
v -0.20688796043395996 -0.169107586145401 -0.031210491433739662 
v -0.19329792261123657 -0.16991694271564484 -0.027825873345136642 
v -0.2045244723558426 -0.1651764065027237 -0.03496704623103142 
v -0.20344121754169464 -0.1618233323097229 -0.036975499242544174 
v -0.21555407345294952 -0.1715356707572937 -0.02287912555038929 
v -0.2169327586889267 -0.16991694271564484 -0.02760271169245243 
v -0.22628822922706604 -0.1666795015335083 -0.02678445354104042 
v -0.20984230935573578 -0.170957550406456 -0.027677098289132118 
v -0.09235746413469315 -0.022150754928588867 -0.006476747337728739 
v -0.09432703256607056 -0.022150754928588867 -0.016965342685580254 
v -0.08477462083101273 -0.015444621443748474 -0.006476747337728739 
v -0.08674418926239014 -0.015444621443748474 -0.016965342685580254 
v -0.08103243261575699 -0.01105094701051712 -0.016965342685580254 
v -0.09284985810518265 -0.013825898990035057 -0.02708200179040432 
v -0.0871381014585495 -0.009432224556803703 -0.026858840137720108 
v -0.10033421963453293 -0.020416410639882088 -0.02730516344308853 
v -0.1727159172296524 -0.16841384768486023 0.007173303980380297 
v -0.17202657461166382 -0.16043587028980255 0.010334759950637817 
v -0.18610899150371552 -0.1636733114719391 0.017587512731552124 
v -0.18640443682670593 -0.1554640680551529 0.020674580708146095 
v -0.17310982942581177 -0.15107040107250214 0.013421828858554363 
v -0.20373664796352386 -0.15708279609680176 0.02565852366387844 
v -0.11530295014381409 0.057050999253988266 0.018219802528619766 
v -0.1219010129570961 0.05797598510980606 0.01836857758462429 
v -0.1104775071144104 0.05427604913711548 0.01918683759868145 
v -0.11658317595720291 0.05381355434656143 0.02030264399945736 
v -0.10929576307535172 0.04733866825699806 0.02175319567322731 
v -0.1301732063293457 0.05311981961131096 0.020600194111466408 
v -0.11993144452571869 0.045141831040382385 0.0232781320810318 
v -0.14120279252529144 0.04190438613295555 0.02409639209508896 
v -0.10919728875160217 0.034388892352581024 0.024356747046113014 
v -0.12446145713329315 0.028607742860913277 0.026142040267586708 
v -0.10772010684013367 0.016698572784662247 0.025360973551869392 
v -0.1391347497701645 0.023635953664779663 0.027369428426027298 
v -0.11618925631046295 0.009645570069551468 0.026960298418998718 
v -0.11963600665330887 0.006754994858056307 0.02748101018369198 
v -0.09708443284034729 0.0010894680162891746 0.021939164027571678 
v -0.09895551949739456 -0.002494845073670149 0.02227390557527542 
v -0.08457766473293304 -0.007466633804142475 0.013868152163922787 
v -0.10151596367359161 -0.004460435826331377 0.02257145382463932 
v -0.0871381014585495 -0.009432224556803703 0.013942538760602474 
v -0.09284985810518265 -0.013825898990035057 0.014165700413286686 
v -0.1551867425441742 0.052194833755493164 0.020153870806097984 
v -0.178329199552536 0.051038604229688644 0.019558772444725037 
v -0.1612924188375473 0.03889818862080574 0.024468328803777695 
v -0.16838286817073822 0.03716384246945381 0.024579908698797226 
v -0.14445258677005768 0.021439116448163986 0.027741365134716034 
v -0.14632368087768555 0.018895410001277924 0.0282248817384243 
v -0.12199949473142624 0.004673780873417854 0.027964526787400246 
v -0.12731732428073883 -0.00006676199700450525 0.029415076598525047 
v -0.10722771286964417 -0.008854109793901443 0.023426907137036324 
v -0.11471208184957504 -0.015560244210064411 0.02431955374777317 
v -0.10033421963453293 -0.020416410639882088 0.014388862065970898 
v -0.10840945690870285 -0.029203757643699646 0.01446324959397316 
v -0.18620747327804565 0.049882374703884125 0.01937280409038067 
v -0.18699529767036438 0.04641368240118027 0.01929841749370098 
v -0.16966308653354645 0.034157644957304 0.024877456948161125 
v -0.17261743545532227 0.027220265939831734 0.02573291026055813 
v -0.1505582630634308 0.013229883275926113 0.029675431549549103 
v -0.15646696090698242 0.00502065010368824 0.031125983223319054 
v -0.13440778851509094 -0.007119765039533377 0.030902821570634842 
v -0.1420890986919403 -0.016138359904289246 0.03138633817434311 
v -0.12268883734941483 -0.024231968447566032 0.02461710199713707 
v -0.13037016987800598 -0.03429117053747177 0.02461710199713707 
v -0.11609078198671341 -0.039262957870960236 0.01446324959397316 
v -0.12278731912374496 -0.04978465288877487 0.01446324959397316 
v -0.18886639177799225 0.038551319390535355 0.019112449139356613 
v -0.19211618602275848 0.027798380702733994 0.0188892874866724 
v -0.1770489662885666 0.017739180475473404 0.02658836357295513 
v -0.18305616080760956 0.00663937209174037 0.02688591182231903 
v -0.16336046159267426 -0.0049229278229177 0.03160949796438217 
v -0.17045091092586517 -0.015560244210064411 0.03160949796438217 
v -0.14957347512245178 -0.026313183829188347 0.03138633817434311 
v -0.15607304871082306 -0.03671925142407417 0.03138633817434311 
v -0.1369682252407074 -0.04481286182999611 0.02461710199713707 
v -0.14238454401493073 -0.05568142607808113 0.02461710199713707 
v -0.1282036304473877 -0.06053759157657623 0.01446324959397316 
v -0.1323397308588028 -0.07152177393436432 0.01446324959397316 
v -0.19743402302265167 0.016004834324121475 0.018814900889992714 
v -0.2035396844148636 0.004558158107101917 0.018814900889992714 
v -0.18955574929714203 -0.00434481306001544 0.02688591182231903 
v -0.19566141068935394 -0.014172768220305443 0.02688591182231903 
v -0.17675353586673737 -0.025619445368647575 0.03160949796438217 
v -0.18256376683712006 -0.03579426929354668 0.03160949796438217 
v -0.16158784925937653 -0.04735656827688217 0.03138633817434311 
v -0.166117861866951 -0.058225132524967194 0.03138633817434311 
v -0.14661911129951477 -0.06654998660087585 0.02461710199713707 
v -0.14957347512245178 -0.07776542007923126 0.02461710199713707 
v -0.1352940946817398 -0.08273720741271973 0.01446324959397316 
v -0.13706670701503754 -0.09441512823104858 0.01446324959397316 
v -0.20954687893390656 -0.005038551054894924 0.018814900889992714 
v -0.21604645252227783 -0.014172768220305443 0.018814900889992714 
v -0.201865553855896 -0.023769477382302284 0.02688591182231903 
v -0.2086605727672577 -0.03429117053747177 0.02688591182231903 
v -0.18817704916000366 -0.04654720798134804 0.03160949796438217 
v -0.19300249218940735 -0.05753139406442642 0.03160949796438217 
v -0.16966308653354645 -0.069440558552742 0.03138633817434311 
v -0.17202657461166382 -0.08111848682165146 0.03138633817434311 
v -0.15144456923007965 -0.08955896645784378 0.02461710199713707 
v -0.1525278240442276 -0.09915567189455032 0.02461710199713707 
v -0.13814996182918549 -0.10412745922803879 0.01446324959397316 
v -0.13874083757400513 -0.10909925401210785 0.01446324959397316 
v -0.22382625937461853 -0.024463215842843056 0.018814900889992714 
v -0.2313106209039688 -0.03475366160273552 0.018814900889992714 
v -0.21516014635562897 -0.04504410922527313 0.02688591182231903 
v -0.22028103470802307 -0.05579704791307449 0.02688591182231903 
v -0.19674468040466309 -0.06897807121276855 0.03160949796438217 
v -0.19930511713027954 -0.07834353297948837 0.03160949796438217 
v -0.17350374162197113 -0.090715192258358 0.03138633817434311 
v -0.1741930991411209 -0.0955713614821434 0.03138633817434311 
v -0.15311869978904724 -0.10412745922803879 0.02461710199713707 
v -0.15380804240703583 -0.10643991827964783 0.02461710199713707 
v -0.1394301801919937 -0.11141171306371689 0.01446324959397316 
v -0.1411043256521225 -0.11279918998479843 0.01446324959397316 
v -0.23721933364868164 -0.04411912336945534 0.018814900889992714 
v -0.24155239760875702 -0.05186586454510689 0.018814900889992714 
v -0.2240232229232788 -0.0645843967795372 0.02688591182231903 
v -0.22609126567840576 -0.069440558552742 0.02688591182231903 
v -0.20058533549308777 -0.08308407664299011 0.03160949796438217 
v -0.20157012343406677 -0.08539653569459915 0.03160949796438217 
v -0.17507940530776978 -0.09788382053375244 0.03138633817434311 
v -0.17665505409240723 -0.09938691556453705 0.03138633817434311 
v -0.1554821878671646 -0.10782739520072937 0.02461710199713707 
v -0.15971675515174866 -0.10979299247264862 0.02461710199713707 
v -0.14533889293670654 -0.11476477980613708 0.01446324959397316 
v -0.1535126119852066 -0.11869595944881439 0.01446324959397316 
v -0.24460522830486298 -0.0573001466691494 0.018814900889992714 
v -0.24696870148181915 -0.06169382110238075 0.018814900889992714 
v -0.22746996581554413 -0.07221551239490509 0.02688591182231903 
v -0.22904561460018158 -0.07464359700679779 0.02688591182231903 
v -0.20304729044437408 -0.08713088184595108 0.03160949796438217 
v -0.20639556646347046 -0.0897902101278305 0.03160949796438217 
v -0.18059420585632324 -0.10158375650644302 0.03138633817434311 
v -0.18847247958183289 -0.10586180537939072 0.03138633817434311 
v -0.16789047420024872 -0.11372417211532593 0.02461710199713707 
v -0.17665505409240723 -0.11892720311880112 0.02461710199713707 
v -0.1622771918773651 -0.12378337234258652 0.01446324959397316 
v -0.24913524091243744 -0.06574062258005142 0.018814900889992714 
v -0.25179415941238403 -0.07071241736412048 0.018814900889992714 
v -0.23190149664878845 -0.07834353297948837 0.02688591182231903 
v -0.2371208518743515 -0.0849340409040451 0.02688591182231903 
v -0.21309210360050201 -0.09522449225187302 0.03160949796438217 
v -0.2200840711593628 -0.10216186940670013 0.03160949796438217 
v -0.19674468040466309 -0.11141171306371689 0.03138633817434311 
v -0.19644923508167267 0.06202279031276703 0.005313624162226915 
v -0.19477510452270508 0.06190716475248337 0.009776855818927288 
v -0.16917069256305695 0.06167592108249664 0.01241760142147541 
v -0.16503459215164185 0.05890096724033356 0.015765026211738586 
v -0.1379530131816864 0.05832285434007645 0.017475930973887444 
v -0.10200835764408112 0.03889818862080574 0.022236712276935577 
v -0.09925095736980438 0.0423668771982193 0.01989351585507393 
v -0.09531182050704956 0.032076433300971985 0.021306872367858887 
v -0.09550877660512924 0.03727946802973747 0.019670354202389717 
v -0.09265290200710297 0.037973206490278244 0.017587512731552124 
v -0.09915248304605484 0.02513905242085457 0.023315327242016792 
v -0.09038789570331573 0.02167036198079586 0.01959596574306488 
v -0.09344072639942169 0.010454931296408176 0.020897742360830307 
v -0.08329743891954422 0.00802684761583805 0.013533409684896469 
v -0.08378983289003372 -0.003188583068549633 0.013793764635920525 
v -0.09009245783090591 0.03057333268225193 0.018405770882964134 
v -0.08654723316431046 0.031498316675424576 0.012901118025183678 
v -0.09097876399755478 0.03936067968606949 0.012715150602161884 
v -0.08388831466436386 0.021207870915532112 0.013198667205870152 
v -0.23849955201148987 -0.14320804178714752 -0.035227399319410324 
v -0.22195516526699066 -0.14979854226112366 -0.039244309067726135 
v -0.23643150925636292 -0.14841106534004211 -0.03377684950828552 
v -0.21929624676704407 -0.1593952625989914 -0.035562142729759216 
v -0.20373664796352386 -0.15708279609680176 -0.03857482224702835 
v -0.18610899150371552 -0.1636733114719391 -0.030503813177347183 
v -0.18866944313049316 -0.16783574223518372 -0.02901606820523739 
v -0.17813223600387573 -0.17199815809726715 -0.018899409100413322 
v -0.18620747327804565 -0.1730387657880783 -0.018639054149389267 
v -0.18374551832675934 -0.17407937347888947 -0.011944206431508064 
v -0.19319944083690643 -0.17419500648975372 -0.01205578725785017 
v -0.1727159172296524 -0.16841384768486023 -0.02008960396051407 
v -0.16710264980793 -0.1700325757265091 -0.012576497159898281 
v -0.17399613559246063 -0.1733856350183487 -0.01190701313316822 
v -0.17310982942581177 -0.1733856350183487 -0.006476747337728739 
v -0.18345007300376892 -0.17407937347888947 -0.006476747337728739 
v -0.08378983289003372 -0.003188583068549633 -0.026710065081715584 
v -0.07807808369398117 -0.004691681824624538 -0.016965342685580254 
v -0.08457766473293304 -0.007466633804142475 -0.02678445354104042 
v -0.07847199589014053 -0.009085356257855892 -0.016965342685580254 
v -0.07660090178251266 -0.009085356257855892 -0.006476747337728739 
v -0.07906286418437958 -0.01105094701051712 -0.006476747337728739 
v -0.07610850781202316 -0.004691681824624538 -0.006476747337728739 
v -0.20629708468914032 0.057050999253988266 -0.006476747337728739 
v -0.20590317249298096 0.06098218262195587 -0.006476747337728739 
v -0.20590317249298096 0.06098218262195587 -0.0009349007741548121 
v -0.19694162905216217 0.06202279031276703 -0.0003026096092071384 
v -0.19644923508167267 0.06202279031276703 0.005313624162226915 
v -0.26952028274536133 -0.10089001804590225 -0.0231022872030735 
v -0.2679446339607239 -0.11060234904289246 -0.0231022872030735 
v -0.25908157229423523 -0.11383979767560959 -0.03173120319843292 
v -0.2570135295391083 -0.12274276465177536 -0.03139645978808403 
v -0.2439158707857132 -0.12725205719470978 -0.03920711576938629 
v -0.24135543406009674 -0.13580816984176636 -0.03734743595123291 
v -0.2242201715707779 -0.1420518010854721 -0.041699085384607315 
v -0.22195516526699066 -0.14979854226112366 -0.039244309067726135 
v -0.20373664796352386 -0.15708279609680176 -0.03857482224702835 
v -0.23849955201148987 -0.14320804178714752 -0.035227399319410324 
v -0.2512032687664032 -0.1381206214427948 -0.029276423156261444 
v -0.25425612926483154 -0.13095200061798096 -0.030429424718022346 
v -0.2629222273826599 -0.12783017754554749 -0.022916318848729134 
v -0.2655811309814453 -0.11973656713962555 -0.02306509204208851 
v -0.20206251740455627 0.03450451418757439 0.010595114901661873 
v -0.09235746413469315 -0.022150754928588867 -0.006476747337728739 
v -0.09432703256607056 -0.022150754928588867 0.004049041774123907 
v -0.10043270140886307 -0.030822480097413063 -0.006476747337728739 
v -0.10230378806591034 -0.030822480097413063 0.004049041774123907 
v -0.11008359491825104 -0.0408816821873188 0.004049041774123907 
v -0.10840945690870285 -0.029203757643699646 0.01446324959397316 
v -0.11609078198671341 -0.039262957870960236 0.01446324959397316 
v -0.12278731912374496 -0.04978465288877487 0.01446324959397316 
v -0.11678013205528259 -0.05140337347984314 0.004049041774123907 
v -0.11481056362390518 -0.05140337347984314 -0.006476747337728739 
v -0.12032535672187805 -0.06227193772792816 -0.006476747337728739 
v -0.10033421963453293 -0.020416410639882088 0.014388862065970898 
v -0.10821250081062317 -0.0408816821873188 -0.006476747337728739 
v -0.2422417402267456 -0.0931432768702507 0.02688591182231903 
v -0.24499914050102234 -0.10146813094615936 0.02688591182231903 
v -0.258786141872406 -0.08609027415513992 0.018814900889992714 
v -0.2602632939815521 -0.09522449225187302 0.018814900889992714 
v -0.2702096402645111 -0.09106206148862839 0.010185985825955868 
v -0.2601648271083832 -0.10458995401859283 0.018814900889992714 
v -0.26952028274536133 -0.10089001804590225 0.010185985825955868 
v -0.2679446339607239 -0.11060234904289246 0.010185985825955868 
v -0.25908157229423523 -0.11383979767560959 0.018814900889992714 
v -0.2458854466676712 -0.11002423614263535 0.02688591182231903 
v -0.22431865334510803 -0.10933049768209457 0.03160949796438217 
v -0.25543785095214844 -0.0776497945189476 0.018814900889992714 
v -0.26784613728523254 -0.07348736375570297 0.010185985825955868 
v -0.26518723368644714 -0.0664343610405922 0.010185985825955868 
v -0.26252830028533936 -0.06030634418129921 0.010185985825955868 
v -0.2596724331378937 -0.054756440222263336 0.010185985825955868 
v -0.2565211355686188 -0.04885966703295708 0.010185985825955868 
v -0.25277894735336304 -0.04273165017366409 0.010185985825955868 
v -0.2480519711971283 -0.03590989112854004 0.010185985825955868 
v -0.24184782803058624 -0.027931904420256615 0.010185985825955868 
v -0.23367410898208618 -0.017988327890634537 0.010185985825955868 
v -0.22530344128608704 -0.007813503034412861 0.010185985825955868 
v -0.21860690414905548 0.0010894680162891746 0.010185985825955868 
v -0.21269819140434265 0.010339307598769665 0.010185985825955868 
v -0.20678947865962982 0.022132854908704758 0.010185985825955868 
v -0.20206251740455627 0.03450451418757439 0.010595114901661873 
v -0.19950206577777863 0.04595119133591652 0.0118968915194273 
v -0.19832032918930054 0.05439167097210884 0.013198667205870152 
v -0.19782793521881104 0.058207228779792786 0.013644990511238575 
v -0.18955574929714203 0.05901659280061722 0.014165700413286686 
v -0.16503459215164185 0.05890096724033356 0.015765026211738586 
v -0.1379530131816864 0.05832285434007645 0.017475930973887444 
v -0.2655811309814453 -0.11973656713962555 0.01014879159629345 
v -0.10525814443826675 0.04895738884806633 0.01970754750072956 
v -0.20984230935573578 -0.170957550406456 -0.027677098289132118 
v -0.2169327586889267 -0.16991694271564484 -0.02760271169245243 
v -0.20688796043395996 -0.169107586145401 -0.031210491433739662 
v -0.21821299195289612 -0.1651764065027237 -0.03202874958515167 
v -0.21929624676704407 -0.1593952625989914 -0.035562142729759216 
v -0.22993192076683044 -0.16066710650920868 -0.030020296573638916 
v -0.2339695394039154 -0.1536141037940979 -0.03225191310048103 
v -0.24460522830486298 -0.14945167303085327 -0.027677098289132118 
v -0.23643150925636292 -0.14841106534004211 -0.03377684950828552 
v -0.24824893474578857 -0.14378614723682404 -0.028383778408169746 
v -0.25622567534446716 -0.14089557528495789 -0.022432802245020866 
v -0.2597709000110626 -0.13499879837036133 -0.022693157196044922 
v -0.22628822922706604 -0.1666795015335083 -0.02678445354104042 
v -0.23465889692306519 -0.16286394000053406 -0.02503635361790657 
v -0.2390904277563095 -0.15673592686653137 -0.026933226734399796 
v -0.24568848311901093 -0.1539609730243683 -0.022841930389404297 
v -0.2516956627368927 -0.14679235219955444 -0.02235841378569603 
v -0.26617202162742615 -0.13395819067955017 -0.012130174785852432 
v -0.2643009126186371 -0.13395819067955017 -0.016853760927915573 
v -0.2604602575302124 -0.13985496759414673 -0.01681656762957573 
v -0.25622567534446716 -0.14089557528495789 -0.022432802245020866 
v -0.2516956627368927 -0.14679235219955444 -0.02235841378569603 
v -0.13145342469215393 -0.11303043365478516 -0.006476747337728739 
v -0.13312755525112152 -0.1144179105758667 -0.006476747337728739 
v -0.13342300057411194 -0.11303043365478516 -0.016965342685580254 
v -0.13509713113307953 -0.1144179105758667 -0.016965342685580254 
v -0.1411043256521225 -0.11279918998479843 -0.02737955003976822 
v -0.13923323154449463 -0.11638350039720535 -0.016965342685580254 
v -0.14533889293670654 -0.11476477980613708 -0.02737955003976822 
v -0.1535126119852066 -0.11869595944881439 -0.02737955003976822 
v -0.13726365566253662 -0.11638350039720535 -0.006476747337728739 
v -0.14553585648536682 -0.12031468003988266 -0.006476747337728739 
v -0.1474069505929947 -0.12031468003988266 -0.016965342685580254 
v -0.1561715304851532 -0.12551771104335785 -0.016965342685580254 
v -0.1622771918773651 -0.12378337234258652 -0.02737955003976822 
v -0.2697172462940216 -0.08158097416162491 0.010185985825955868 
v -0.1394301801919937 -0.11141171306371689 0.01446324959397316 
v -0.07610850781202316 -0.004691681824624538 -0.006476747337728739 
v -0.08999397605657578 0.039823174476623535 -0.006476747337728739 
v -0.1654285043478012 -0.1700325757265091 -0.006476747337728739 
v -0.08378983289003372 -0.003188583068549633 0.013793764635920525 
v -0.1654285043478012 -0.1700325757265091 -0.006476747337728739 
v -0.2667628824710846 -0.13395819067955017 -0.006476747337728739 
v -0.18955574929714203 0.05901659280061722 0.014165700413286686 
v -0.10033421963453293 -0.020416410639882088 0.014388862065970898 
v -0.19694162905216217 0.06202279031276703 -0.006476747337728739 
v -0.23849955201148987 -0.14320804178714752 0.022311098873615265 
v -0.08999397605657578 0.039823174476623535 -0.006476747337728739 
v -0.20984230935573578 -0.170957550406456 0.014760798774659634 
v -0.24086304008960724 -0.15916401147842407 -0.022507188841700554 
v -0.15430043637752533 -0.12551771104335785 -0.006476747337728739 
v -0.13145342469215393 -0.11303043365478516 -0.006476747337728739 
v -0.1394301801919937 -0.11141171306371689 -0.02737955003976822 
v -0.1654285043478012 -0.1700325757265091 -0.006476747337728739 
v -0.1654285043478012 -0.1700325757265091 -0.006476747337728739 
v -0.2597709000110626 -0.13499879837036133 -0.022693157196044922 
v -0.19694162905216217 0.06202279031276703 -0.006476747337728739 
v -0.2339695394039154 -0.1536141037940979 -0.03225191310048103 
v -0.08999397605657578 0.039823174476623535 -0.006476747337728739 
v -0.11530295014381409 0.057050999253988266 -0.031136104837059975 
v -0.2045244723558426 -0.1651764065027237 -0.03496704623103142 
vn -0.6067278981208801 -0.6614289283752441 0.4409002661705017 
vn -0.5051833987236023 -0.7043081521987915 0.4987381398677826 
vn -0.649703323841095 -0.5670560598373413 0.5062933564186096 
vn -0.536230742931366 -0.536230742931366 0.651853621006012 
vn -0.5645749568939209 -0.4753751754760742 0.67473965883255 
vn -0.3988262116909027 -0.5502206087112427 0.7336177229881287 
vn -0.4299267828464508 -0.4605793356895447 0.7765498161315918 
vn -0.2587347626686096 -0.48830273747444153 0.8334367275238037 
vn -0.3790196180343628 -0.7721311450004578 0.5100564956665039 
vn -0.24749402701854706 -0.8374080061912537 0.48733407258987427 
vn -0.25685009360313416 -0.6151694655418396 0.7453821301460266 
vn -0.0508304089307785 -0.7623194456100464 0.6452018022537231 
vn 0.0018831990892067552 -0.6198199987411499 0.7847417593002319 
vn -0.06791467219591141 0.9976887702941895 0.002184694167226553 
vn -0.06791078299283981 0.9976316094398499 0.010923261754214764 
vn -1.0341130485562108e-13 0.999997615814209 0.002184694167226553 
vn -1.0339945994688668e-13 0.9998830556869507 0.0152922747656703 
vn 0.04529063403606415 0.998856782913208 0.0152922747656703 
vn -0.003773982636630535 0.9970709085464478 0.0763898640871048 
vn 0.03585686907172203 0.9931522011756897 0.1111890971660614 
vn -0.007549415808171034 0.8794960975646973 0.4758462607860565 
vn 0.1373801976442337 0.9868559241294861 0.08510008454322815 
vn 0.0735044777393341 0.8846619725227356 0.46040233969688416 
vn 0.30377352237701416 0.8714004755020142 0.3852050006389618 
vn 0.039497628808021545 0.5942235589027405 0.8033295273780823 
vn 0.16038252413272858 0.6301042437553406 0.7597671151161194 
vn 0.33855244517326355 0.939362645149231 0.05459024757146835 
vn 0.34043535590171814 0.9402450919151306 0.006554040592163801 
vn 0.1504555195569992 0.988556444644928 0.010923261754214764 
vn 0.15046414732933044 0.9886130690574646 0.002184694167226553 
vn 0.04529581964015961 0.9989712238311768 0.002184694167226553 
vn 0.7764160633087158 0.5715683102607727 -0.26549527049064636 
vn 0.7701891660690308 0.634215235710144 -0.06767380982637405 
vn 0.8488993644714355 0.35315820574760437 -0.3932546079158783 
vn 0.8805335164070129 0.4509853422641754 -0.1458524912595749 
vn 0.9437502026557922 0.23171661794185638 -0.23588760197162628 
vn 0.8710139393806458 0.49125343561172485 0.002184694167226553 
vn 0.963268518447876 0.2685312330722809 0.002184694167226553 
vn 0.7584388852119446 0.651740550994873 0.002184694167226553 
vn -0.06791467219591141 0.9976887702941895 0.002184694167226553 
vn -1.0341130485562108e-13 0.999997615814209 0.002184694167226553 
vn -0.06791078299283981 0.9976316094398499 -0.010923261754214764 
vn -1.0339945994688668e-13 0.9998830556869507 -0.0152922747656703 
vn -0.003773982636630535 0.9970709085464478 -0.0763898640871048 
vn 0.04529063403606415 0.998856782913208 -0.0152922747656703 
vn 0.03585686907172203 0.9931522011756897 -0.1111890971660614 
vn 0.1373801976442337 0.9868559241294861 -0.08510008454322815 
vn -0.007549415808171034 0.8794960975646973 -0.4758462607860565 
vn 0.07925113290548325 0.8841656446456909 -0.46040233969688416 
vn 0.03588494285941124 0.5944526195526123 -0.8033295273780823 
vn 0.30377352237701416 0.8714004755020142 -0.3852050006389618 
vn 0.15884283185005188 0.6304941773414612 -0.7597671151161194 
vn 0.2972123324871063 0.5399991869926453 -0.7874425053596497 
vn 0.1504555195569992 0.988556444644928 -0.010923261754214764 
vn 0.34043535590171814 0.9402450919151306 -0.006554040592163801 
vn 0.33855244517326355 0.939362645149231 -0.05459024757146835 
vn 0.559738039970398 0.8262473344802856 -0.0633138045668602 
vn 0.5360438823699951 0.7448724508285522 -0.3972681760787964 
vn 0.6046313047409058 0.65269535779953 -0.456519216299057 
vn 0.402048259973526 0.4487784504890442 -0.7980946898460388 
vn 0.446967750787735 0.38820919394493103 -0.8059239983558655 
vn 0.15046414732933044 0.9886130690574646 0.002184694167226553 
vn 0.04529581964015961 0.9989712238311768 0.002184694167226553 
vn 0.34753286838531494 0.9376652836799622 0.002184694167226553 
vn 0.5429477095603943 0.8397637009620667 0.002184694167226553 
vn 0.5492424964904785 0.8355916142463684 -0.010923261754214764 
vn 0.6342706680297852 0.7728610038757324 -0.01966099627315998 
vn 0.6491785645484924 0.7518110871315002 -0.11553031951189041 
vn 0.6806680560112 0.7100487947463989 -0.18033768236637115 
vn 0.6231211423873901 0.5830777287483215 -0.5212872624397278 
vn 0.6680634021759033 0.429338276386261 -0.607749879360199 
vn 0.4846205413341522 0.31471627950668335 -0.8161473870277405 
vn 0.6285360455513 0.777777373790741 0.002184694167226553 
vn 0.6631211042404175 0.7485089898109436 0.002184694167226553 
vn 0.6683973073959351 0.7430824637413025 -0.03276457265019417 
vn 0.7701891660690308 0.634215235710144 -0.06767380982637405 
vn 0.7764160633087158 0.5715683102607727 -0.26549527049064636 
vn 0.4756903052330017 -0.6155365109443665 -0.6283578276634216 
vn 0.5818697214126587 -0.7642529010772705 -0.2781098484992981 
vn 0.5873847603797913 -0.43703019618988037 -0.681163489818573 
vn 0.7579792141914368 -0.5637716054916382 -0.3280687630176544 
vn 0.8772704601287842 -0.3255551755428314 -0.3527185618877411 
vn 0.8009505867958069 -0.5987265110015869 0.002184694167226553 
vn 0.935014009475708 -0.354604035615921 0.002184694167226553 
vn 0.604758083820343 -0.7964062690734863 0.002184694167226553 
vn 0.8355754613876343 0.13540172576904297 -0.5324283838272095 
vn 0.7695841789245605 0.007555617485195398 -0.6385006904602051 
vn 0.9486021995544434 0.07541387528181076 -0.30735430121421814 
vn 0.9951823353767395 0.0980169028043747 0.002184694167226553 
vn 0.937682569026947 -0.04529741406440735 -0.34452807903289795 
vn 0.9995414018630981 -0.0302029550075531 0.002184694167226553 
vn 0.7130953669548035 -0.07545609027147293 -0.6969945430755615 
vn 0.9927064776420593 -0.12053639441728592 0.002184694167226553 
vn 0.9221969842910767 -0.1279124766588211 -0.3649536371231079 
vn 0.6993780732154846 -0.12779635190963745 -0.7032341957092285 
vn 0.9243819117546082 -0.015106839127838612 -0.3811691105365753 
vn 0.6944399476051331 -0.1203169971704483 -0.7094202041625977 
vn 0.6742750406265259 -0.21551227569580078 -0.7063339352607727 
vn 0.9992848038673401 0.03775046393275261 0.002184694167226553 
vn 0.9986006617546082 -0.05283859372138977 0.002184694167226553 
vn 0.9053910970687866 -0.11300711333751678 -0.40926313400268555 
vn 0.7189646363258362 -0.5988985300064087 -0.3527185618877411 
vn 0.5495207905769348 -0.5388355255126953 -0.6385006904602051 
vn 0.6709632277488708 -0.2442106455564499 -0.7001210451126099 
vn -0.06980864703655243 0.9965055584907532 -0.04586252197623253 
vn -0.08479886502027512 0.9271558523178101 -0.3649536371231079 
vn -0.02454494871199131 0.9120861887931824 -0.40926313400268555 
vn -0.047217097133398056 0.6180217862129211 -0.7847417593002319 
vn -0.03212762624025345 0.58051598072052 -0.8136147856712341 
vn -0.07912514358758926 0.642011821269989 -0.762600839138031 
vn -0.6703789830207825 -0.5280640125274658 0.5212872624397278 
vn -0.68526291847229 -0.48481568694114685 0.5434780716896057 
vn -0.5799976587295532 -0.4418818950653076 0.6843559741973877 
vn -0.4352836608886719 -0.41662096977233887 0.7980946898460388 
vn -0.5890357494354248 -0.3981187045574188 0.7032341957092285 
vn -0.43937742710113525 -0.38615843653678894 0.8110666871070862 
vn -0.4428277611732483 -0.33662891387939453 0.8310141563415527 
vn -0.22462141513824463 -0.353946715593338 0.9078915119171143 
vn -0.2170429229736328 -0.31087926030158997 0.9253358840942383 
vn 0.0975799411535263 -0.2760258615016937 0.9561840295791626 
vn -0.1758219450712204 -0.19041039049625397 0.9658315181732178 
vn 0.11779548227787018 -0.17166844010353088 0.9780870079994202 
vn 0.1424940675497055 -0.0650748610496521 0.9876541495323181 
vn 0.40950819849967957 -0.16860634088516235 0.8965907096862793 
vn 0.42229822278022766 -0.10438542813062668 0.9004265069961548 
vn 0.6994170546531677 -0.1275828331708908 0.7032341957092285 
vn 0.4009341299533844 -0.147261381149292 0.9041935205459595 
vn 0.6711063981056213 -0.24381697177886963 0.7001210451126099 
vn 0.5878427624702454 -0.4364140033721924 0.681163489818573 
vn 0.3577471673488617 -0.2543301284313202 0.8985171914100647 
vn 0.12189392000436783 -0.08396344631910324 0.9889853596687317 
vn 0.1434285193681717 -0.05131954699754715 0.9883291721343994 
vn -0.1171671599149704 0.01118810661137104 0.9930492043495178 
vn -0.13761945068836212 -0.05448739230632782 0.9889853596687317 
vn -0.40367159247398376 -0.07861503958702087 0.9115201234817505 
vn -0.4354686737060547 -0.2144869714975357 0.87427818775177 
vn -0.6342325210571289 -0.22549325227737427 0.7395281791687012 
vn -0.6141756772994995 -0.3328265845775604 0.715552031993866 
vn -0.7402521371841431 -0.30866381525993347 0.5972883701324463 
vn -0.7097584009170532 -0.40034663677215576 0.5796254277229309 
vn 0.5367042422294617 -0.5193396806716919 -0.6650074124336243 
vn 0.6691348552703857 -0.6784778833389282 -0.30319350957870483 
vn 0.5736362338066101 -0.4736711382865906 -0.6682642698287964 
vn 0.7252572774887085 -0.6118510961532593 -0.31565824151039124 
vn 0.7712801098823547 -0.5454336404800415 -0.3280687630176544 
vn 0.7633390426635742 -0.6459943652153015 0.002184694167226553 
vn 0.8186684846878052 -0.5742622017860413 0.002184694167226553 
vn 0.6963448524475098 -0.7177039980888367 0.002184694167226553 
vn -0.8819191455841064 -0.4713956117630005 0.002184694167226553 
vn -0.9323094487190247 -0.36165499687194824 0.002184694167226553 
vn -0.8796657919883728 -0.46791666746139526 -0.08510008454322815 
vn -0.92945396900177 -0.3579294681549072 -0.08945280313491821 
vn -0.8994884490966797 -0.3470342457294464 -0.26549527049064636 
vn -0.955647885799408 -0.2791736423969269 -0.09380380809307098 
vn -0.923567533493042 -0.26832115650177 -0.27391019463539124 
vn -0.9381760954856873 -0.20610812306404114 -0.2781098484992981 
vn -0.8549972176551819 -0.2531960904598236 -0.45262736082077026 
vn -0.8648430705070496 -0.19103287160396576 -0.4642767012119293 
vn -0.7638121247291565 -0.16132304072380066 -0.6249527335166931 
vn -0.868011474609375 -0.1130058765411377 -0.4835140109062195 
vn -0.7509186863899231 -0.08297824114561081 -0.6551609039306641 
vn -0.7231299877166748 0.003780034137889743 -0.6907016038894653 
vn -0.970808744430542 -0.22075149416923523 -0.09380380809307098 
vn -0.9869021773338318 -0.1280239075422287 -0.0981530249118805 
vn -0.9507439136505127 -0.12802477180957794 -0.28230419754981995 
vn -0.9577175974845886 -0.026432441547513008 -0.2864931523799896 
vn -0.8665470480918884 -0.018881890922784805 -0.4987381398677826 
vn -0.850857675075531 0.09044107049703598 -0.5175535082817078 
vn -0.6777952909469604 0.10543834418058395 -0.7276512384414673 
vn -0.6196432709693909 0.19696733355522156 -0.7597671151161194 
vn -0.9761117100715637 -0.21725822985172272 0.002184694167226553 
vn -0.9591029286384583 -0.283049076795578 0.002184694167226553 
vn -0.9907727837562561 -0.1355157196521759 0.002184694167226553 
vn -0.9995414018630981 -0.0302029550075531 0.002184694167226553 
vn -0.9947129487991333 -0.030202345922589302 -0.0981530249118805 
vn -0.9903329610824585 0.09801355004310608 -0.0981530249118805 
vn -0.9534341096878052 0.09426082670688629 -0.2864931523799896 
vn -0.9330530762672424 0.2281816303730011 -0.2781098484992981 
vn -0.8225759267807007 0.20932982861995697 -0.528724730014801 
vn -0.7931045293807983 0.2958126962184906 -0.5324283838272095 
vn -0.5813702940940857 0.24285578727722168 -0.7765498161315918 
vn -0.9951823353767395 0.0980169028043747 0.002184694167226553 
vn -0.9727190732955933 0.23197589814662933 0.002184694167226553 
vn -0.9673510789871216 0.23544153571128845 -0.09380380809307098 
vn -0.9373515248298645 0.33670511841773987 -0.08945280313491821 
vn -0.904870331287384 0.3293458819389343 -0.26970529556274414 
vn -0.8788168430328369 0.39926639199256897 -0.2612801790237427 
vn -0.7668117880821228 0.35849639773368835 -0.5324283838272095 
vn -0.7500558495521545 0.3923470377922058 -0.5324283838272095 
vn -0.5593751668930054 0.2669827938079834 -0.7847417593002319 
vn -0.5492308139801025 0.2872731387615204 -0.7847417593002319 
vn -0.940263032913208 0.34044185280799866 0.002184694167226553 
vn -0.9087722897529602 0.41728663444519043 0.002184694167226553 
vn -0.9060565829277039 0.4135935604572296 -0.08945280313491821 
vn -0.8831869959831238 0.4612361192703247 -0.08510008454322815 
vn -0.8551600575447083 0.450134813785553 -0.25706008076667786 
vn -0.8356726169586182 0.4897415041923523 -0.24860523641109467 
vn -0.7332647442817688 0.4320720434188843 -0.5250110030174255 
vn -0.7088335752487183 0.48327454924583435 -0.5138099193572998 
vn -0.5383508205413818 0.30717870593070984 -0.7847417593002319 
vn -0.5285463929176331 0.3429417610168457 -0.7765498161315918 
vn -0.8854539394378662 0.46472206711769104 0.002184694167226553 
vn -0.8634950518608093 0.5043525099754333 0.002184694167226553 
vn -0.8574850559234619 0.5074223279953003 -0.08510008454322815 
vn -0.825461208820343 0.558653712272644 -0.08074574917554855 
vn -0.8018608093261719 0.547134518623352 -0.2401314377784729 
vn -0.766086995601654 0.5995448231697083 -0.23163928091526031 
vn -0.6858169436454773 0.5300145149230957 -0.4987381398677826 
vn -0.6700068712234497 0.5632982850074768 -0.4835140109062195 
vn -0.526857852935791 0.37531429529190063 -0.762600839138031 
vn -0.5292457938194275 0.41066858172416687 -0.7424622178077698 
vn -0.8272483348846436 0.5618321895599365 0.002184694167226553 
vn -0.7871816158294678 0.6167173981666565 0.002184694167226553 
vn -0.7838976383209229 0.6161729097366333 -0.0763898640871048 
vn -0.7648831605911255 0.6396235823631287 -0.0763898640871048 
vn -0.7448403239250183 0.6288291811943054 -0.22312943637371063 
vn -0.7399462461471558 0.6345808506011963 -0.22312943637371063 
vn -0.6701892614364624 0.5727683305740356 -0.4719987213611603 
vn -0.6873213052749634 0.5553668141365051 -0.46814218163490295 
vn -0.5335200428962708 0.43616846203804016 -0.7246471047401428 
vn -0.5531118512153625 0.4317651391029358 -0.7124928832054138 
vn -0.7633390426635742 0.6459943652153015 0.002184694167226553 
vn -0.7584388852119446 0.651740550994873 0.002184694167226553 
vn -0.7600193023681641 0.6453954577445984 -0.0763898640871048 
vn -0.7744791507720947 0.6279702186584473 -0.0763898640871048 
vn -0.7555984258651733 0.6143015623092651 -0.22738653421401978 
vn -0.7932549118995667 0.559538722038269 -0.2401314377784729 
vn -0.721188485622406 0.503445565700531 -0.4758462607860565 
vn -0.7618309855461121 0.4267541170120239 -0.48733407258987427 
vn -0.5831496715545654 0.40128397941589355 -0.7063339352607727 
vn -0.613486647605896 0.3469252288341522 -0.7094202041625977 
vn -0.777777373790741 0.6285360455513 0.002184694167226553 
vn -0.8186684846878052 0.5742622017860413 0.002184694167226553 
vn -0.8168983459472656 0.5711017847061157 -0.08074574917554855 
vn -0.8687999844551086 0.4877955913543701 -0.08510008454322815 
vn -0.8438019156455994 0.4733632206916809 -0.25283506512641907 
vn -0.8881734013557434 0.3750470280647278 -0.26549527049064636 
vn -0.8000132441520691 0.3277985751628876 -0.5025205612182617 
vn -0.8342058062553406 0.179889515042305 -0.5212872624397278 
vn -0.6366552710533142 0.27188488841056824 -0.7216291427612305 
vn -0.6520562171936035 0.1535334587097168 -0.7424622178077698 
vn -0.8746989965438843 0.48466166853904724 0.002184694167226553 
vn -0.9209610223770142 0.38964858651161194 0.002184694167226553 
vn -0.9152257442474365 0.39288678765296936 -0.08945280313491821 
vn -0.9605233669281006 0.2648637890815735 -0.08510008454322815 
vn -0.9339728951454163 0.23917962610721588 -0.26549527049064636 
vn -0.9606496691703796 0.09425997734069824 -0.2612801790237427 
vn -0.8412474989891052 0.030217064544558525 -0.5398051738739014 
vn -0.8248538970947266 -0.007555182091891766 -0.5652954578399658 
vn -0.6328914165496826 0.026425225660204887 -0.7737894654273987 
vn -0.5883827209472656 -0.011341642588376999 -0.8085030317306519 
vn -0.963268518447876 0.2685312330722809 0.002184694167226553 
vn -0.9886130690574646 0.15046414732933044 0.002184694167226553 
vn -0.9881570935249329 0.13548769056797028 -0.07203252613544464 
vn -0.9935396313667297 0.09418243169784546 -0.0633138045668602 
vn -0.9649497866630554 0.052839670330286026 -0.25706008076667786 
vn -0.7257497310638428 0.6577016115188599 -0.2017817199230194 
vn -0.5996804237365723 0.6197180151939392 -0.5062933564186096 
vn -0.08479886502027512 0.9271558523178101 -0.3649536371231079 
vn -0.38469401001930237 0.39672884345054626 -0.8334367275238037 
vn -0.07912514358758926 0.642011821269989 -0.762600839138031 
vn -0.9944137930870056 0.10552956163883209 0.002184694167226553 
vn -0.7124248743057251 0.7017449736595154 0.002184694167226553 
vn -0.7241560220718384 0.6881095170974731 -0.04586252197623253 
vn -0.06791078299283981 0.9976316094398499 -0.010923261754214764 
vn -0.06980864703655243 0.9965055584907532 -0.04586252197623253 
vn 0.8672792315483093 -0.49781718850135803 0.002184694167226553 
vn 0.8205651640892029 -0.4621336758136749 -0.3363112509250641 
vn 0.6333422660827637 -0.36129555106163025 -0.6843559741973877 
vn 0.8608596324920654 -0.3744611144065857 -0.34452807903289795 
vn 0.6608259677886963 -0.2936669886112213 -0.6907016038894653 
vn 0.6870535016059875 -0.21569211781024933 -0.6938546895980835 
vn 0.9149710536003113 -0.4035136103630066 0.002184694167226553 
vn 0.9524446725845337 -0.3047037422657013 0.002184694167226553 
vn 0.8920097947120667 -0.2826802730560303 -0.3527185618877411 
vn 0.9167219400405884 -0.18764454126358032 -0.3527185618877411 
vn 0.7073898911476135 -0.15010271966457367 -0.6907016038894653 
vn 0.9792816638946533 -0.20249100029468536 0.002184694167226553 
vn 0.991767942905426 -0.1280297040939331 0.002184694167226553 
vn 0.9279283285140991 -0.12057612091302872 -0.3527185618877411 
vn 0.9297547936439514 -0.10557300597429276 -0.3527185618877411 
vn 0.7195209860801697 -0.09790132939815521 -0.6875353455543518 
vn 0.7244109511375427 -0.08298005908727646 -0.6843559741973877 
vn 0.6032533049583435 -0.4252197742462158 -0.67473965883255 
vn 0.9944137930870056 -0.10552956163883209 0.002184694167226553 
vn 0.9777246117591858 -0.20988060534000397 0.002184694167226553 
vn 0.9151808023452759 -0.2022462636232376 -0.34862664341926575 
vn 0.7830511927604675 -0.5334398150444031 -0.3198012113571167 
vn 0.7119324803352356 -0.157508984208107 -0.6843559741973877 
vn 0.6202178001403809 -0.4263402819633484 -0.6584556698799133 
vn 0.5495207905769348 -0.5388355255126953 -0.6385006904602051 
vn 0.3802184462547302 -0.41096973419189453 -0.8285757899284363 
vn 0.6742750406265259 -0.21551227569580078 -0.7063339352607727 
vn 0.40252524614334106 -0.2644096612930298 -0.8763908743858337 
vn 0.4119831919670105 -0.16246509552001953 -0.8965907096862793 
vn 0.10190823674201965 -0.27445733547210693 -0.9561840295791626 
vn 0.12206882983446121 -0.16865654289722443 -0.9780870079994202 
vn -0.17988371849060059 -0.1865779161453247 -0.9658315181732178 
vn 0.14206208288669586 -0.06601258367300034 -0.9876541495323181 
vn -0.1372828632593155 -0.05532996356487274 -0.9889853596687317 
vn -0.11714497208595276 0.011418070644140244 -0.9930492043495178 
vn -0.40433451533317566 -0.07513108104467392 -0.9115201234817505 
vn -0.3710477650165558 -7.674125278387539e-14 -0.9286137819290161 
vn -0.597847580909729 -0.037764839828014374 -0.8007197380065918 
vn -0.33227482438087463 0.06392397731542587 -0.9410139322280884 
vn -0.5549656748771667 0.03779585286974907 -0.8310141563415527 
vn -0.4959261119365692 0.12702035903930664 -0.8590245246887207 
vn -0.7231299877166748 0.003780034137889743 -0.6907016038894653 
vn -0.6777952909469604 0.10543834418058395 -0.7276512384414673 
vn -0.28459545969963074 0.12146564573049545 -0.9509214162826538 
vn -0.08458653092384338 0.053950097411870956 -0.994954526424408 
vn -0.10479452461004257 0.030049346387386322 -0.9940398335456848 
vn 0.12525470554828644 -0.07886220514774323 -0.9889853596687317 
vn 0.14314648509025574 -0.05210106074810028 -0.9883291721343994 
vn 0.40319886803627014 -0.14094236493110657 -0.9041935205459595 
vn 0.42222824692726135 -0.10466809570789337 -0.9004265069961548 
vn 0.6993780732154846 -0.12779635190963745 -0.7032341957092285 
vn 0.6944399476051331 -0.1203169971704483 -0.7094202041625977 
vn -0.8541219830513 -0.4568052589893341 -0.24860523641109467 
vn -0.8015961050987244 -0.42431655526161194 -0.42118772864341736 
vn -0.8360214829444885 -0.3212556838989258 -0.44481781125068665 
vn -0.7415168285369873 -0.30561304092407227 -0.5972883701324463 
vn -0.7615366578102112 -0.23433852195739746 -0.6042742133140564 
vn -0.7075897455215454 -0.40416717529296875 -0.5796254277229309 
vn 0.9995414018630981 -0.0302029550075531 0.002184694167226553 
vn 0.9951823353767395 0.0980169028043747 0.002184694167226553 
vn 0.9376853108406067 -0.045239534229040146 0.34452807903289795 
vn 0.9486021995544434 0.07541387528181076 0.30735430121421814 
vn 0.7695842385292053 0.007543830666691065 0.6385006904602051 
vn 0.9437502026557922 0.23171661794185638 0.23588760197162628 
vn 0.8356062769889832 0.13521131873130798 0.5324283838272095 
vn 0.8490809798240662 0.352721244096756 0.3932546079158783 
vn 0.963268518447876 0.2685312330722809 0.002184694167226553 
vn 0.8710139393806458 0.49125343561172485 0.002184694167226553 
vn 0.8807924389839172 0.4504794478416443 0.1458524912595749 
vn 0.7701891660690308 0.634215235710144 0.06767380982637405 
vn 0.7768675088882446 0.5709545612335205 0.26549527049064636 
vn -0.8819191455841064 -0.4713956117630005 0.002184694167226553 
vn -0.8099018931388855 -0.5865612626075745 0.002184694167226553 
vn -0.8796657919883728 -0.46791666746139526 0.08510008454322815 
vn -0.8110665082931519 -0.5799445509910583 0.0763898640871048 
vn -0.7914248704910278 -0.5656765103340149 0.23163928091526031 
vn -0.7651318907737732 -0.6398316025733948 0.07203252613544464 
vn -0.7533695101737976 -0.6201057434082031 0.21886809170246124 
vn -0.7128517031669617 -0.6741738319396973 0.19321508705615997 
vn -0.7257150411605835 -0.5832208395004272 0.3649536371231079 
vn -0.7030337452888489 -0.624384343624115 0.34042292833328247 
vn -0.649703323841095 -0.5670560598373413 0.5062933564186096 
vn -0.6109508275985718 -0.7427734136581421 0.27391019463539124 
vn -0.6067278981208801 -0.6614289283752441 0.4409002661705017 
vn -0.5051833987236023 -0.7043081521987915 0.4987381398677826 
vn -0.7184381484985352 -0.693088173866272 0.058952588587999344 
vn -0.5860574245452881 -0.8092061877250671 0.04149730131030083 
vn -0.6018816232681274 -0.7867109775543213 0.1372016966342926 
vn -0.4459564685821533 -0.8931111097335815 0.058952588587999344 
vn -0.4704113006591797 -0.8600621223449707 0.1975002884864807 
vn -0.34701189398765564 -0.9264500737190247 0.1458524912595749 
vn -0.3790196180343628 -0.7721311450004578 0.5100564956665039 
vn -0.24749402701854706 -0.8374080061912537 0.48733407258987427 
vn -0.7124248743057251 -0.7017449736595154 0.002184694167226553 
vn -0.7681957483291626 -0.640211284160614 0.002184694167226553 
vn -0.5804283022880554 -0.8143084645271301 0.002184694167226553 
vn -0.41728663444519043 -0.9087722897529602 0.002184694167226553 
vn -0.4240890443325043 -0.9054913520812988 0.0152922747656703 
vn -0.297502338886261 -0.9547185897827148 0.002184694167226553 
vn -0.3118877410888672 -0.9501164555549622 0.002184694167226553 
vn -0.2098565548658371 -0.9776126146316528 -0.0152922747656703 
vn -0.21541212499141693 -0.968026340007782 0.12854042649269104 
vn -0.06599760055541992 -0.9744691252708435 0.21460255980491638 
vn -0.11654021590948105 -0.8779894709587097 0.4642767012119293 
vn -0.297502338886261 -0.9547185897827148 0.002184694167226553 
vn -0.20988060534000397 -0.9777246117591858 0.002184694167226553 
vn -0.20988060534000397 -0.9777246117591858 -0.002184694167226553 
vn -0.11302972584962845 -0.9935315847396851 0.010923261754214764 
vn -0.08481087535619736 -0.9946515560150146 0.058952588587999344 
vn 0.02641865611076355 -0.9824522733688354 0.18463370203971863 
vn 0.06594214588403702 -0.9135812520980835 0.401274174451828 
vn 0.14446069300174713 -0.8096235990524292 0.5688942670822144 
vn -0.0508304089307785 -0.7623194456100464 0.6452018022537231 
vn 0.0018831990892067552 -0.6198199987411499 0.7847417593002319 
vn -0.12053639441728592 -0.9927064776420593 0.002184694167226553 
vn -0.03775046393275261 -0.9992848038673401 0.002184694167226553 
vn -0.02453974261879921 -0.9984363317489624 0.05022686347365379 
vn 0.05467963591217995 -0.9940879940986633 0.09380380809307098 
vn 0.10736407339572906 -0.9468615055084229 0.30319350957870483 
vn 0.26363399624824524 -0.8455437421798706 0.4642767012119293 
vn 0.2612883150577545 -0.6578911542892456 0.7063339352607727 
vn 0.3761211633682251 -0.41472285985946655 0.8285757899284363 
vn 0.0804339274764061 -0.45135095715522766 0.888714075088501 
vn 0.1070985496044159 -0.32961544394493103 0.9380210638046265 
vn -0.22462141513824463 -0.353946715593338 0.9078915119171143 
vn 0.04529581964015961 -0.9989712238311768 0.002184694167226553 
vn 0.2685312330722809 -0.963268518447876 0.002184694167226553 
vn 0.26827260851860046 -0.942880392074585 0.1975002884864807 
vn 0.7146496176719666 -0.6040410399436951 0.3527185618877411 
vn 0.5501723885536194 -0.5381702780723572 0.6385006904602051 
vn -0.7097584009170532 -0.40034663677215576 0.5796254277229309 
vn -0.8015961050987244 -0.42431655526161194 0.42118772864341736 
vn -0.68526291847229 -0.48481568694114685 0.5434780716896057 
vn -0.7505035400390625 -0.5340802669525146 0.3892335295677185 
vn -0.8541219830513 -0.4568052589893341 0.24860523641109467 
vn 0.835639476776123 -0.5492739677429199 0.002184694167226553 
vn 0.7834552526473999 -0.5328461527824402 0.3198012113571167 
vn 0.5555689334869385 -0.8314676284790039 0.002184694167226553 
vn 0.5292327404022217 -0.8085992932319641 0.25706008076667786 
vn 0.41613656282424927 -0.881500780582428 0.22312943637371063 
vn 0.43241503834724426 -0.6785606145858765 0.5937783122062683 
vn 0.3559025526046753 -0.7495974898338318 0.5580654144287109 
vn 0.616329550743103 -0.4319422245025635 0.6584556698799133 
vn -0.6703789830207825 -0.5280640125274658 0.5212872624397278 
vn 0.604758083820343 -0.7964062690734863 0.002184694167226553 
vn 0.582748293876648 -0.763583242893219 0.2781098484992981 
vn 0.8009505867958069 -0.5987265110015869 0.002184694167226553 
vn 0.7584370970726013 -0.563155472278595 0.3280687630176544 
vn 0.8774188756942749 -0.32515498995780945 0.3527185618877411 
vn 0.5878427624702454 -0.4364140033721924 0.681163489818573 
vn 0.6711063981056213 -0.24381697177886963 0.7001210451126099 
vn 0.4765569567680359 -0.614865779876709 0.6283578276634216 
vn 0.4309644401073456 -0.9023662805557251 0.002184694167226553 
vn 0.46472206711769104 -0.8854539394378662 0.002184694167226553 
vn 0.45173734426498413 -0.8604012727737427 0.23588760197162628 
vn 0.37896913290023804 -0.7242499589920044 0.5760593414306641 
vn 0.582748293876648 -0.763583242893219 0.2781098484992981 
vn 0.4765569567680359 -0.614865779876709 0.6283578276634216 
vn 0.604758083820343 -0.7964062690734863 0.002184694167226553 
vn -0.07710769027471542 0.6422572731971741 0.762600839138031 
vn -0.08479886502027512 0.9271558523178101 0.3649536371231079 
vn -0.38606998324394226 0.39538994431495667 0.8334367275238037 
vn -0.5976577401161194 0.6216689348220825 0.5062933564186096 
vn -0.8248798847198486 -0.003772132098674774 0.5652954578399658 
vn -0.7257497310638428 0.6577016115188599 0.2017817199230194 
vn -0.9651519656181335 0.049007877707481384 0.25706008076667786 
vn -0.9935396313667297 0.09418243169784546 0.0633138045668602 
vn -0.9602859020233154 0.09789612144231796 0.2612801790237427 
vn -0.9881570935249329 0.13548769056797028 0.07203252613544464 
vn -0.9605233669281006 0.2648637890815735 0.08510008454322815 
vn -0.9886130690574646 0.15046414732933044 0.002184694167226553 
vn -0.963268518447876 0.2685312330722809 0.002184694167226553 
vn -0.9349749684333801 0.2352319061756134 0.26549527049064636 
vn -0.8334576487541199 0.18332476913928986 0.5212872624397278 
vn -0.8411053419113159 0.033943790942430496 0.5398051738739014 
vn -0.6327253580093384 0.030140424147248268 0.7737894654273987 
vn -0.5883836150169373 -0.011295449919998646 0.8085030317306519 
vn 0.935014009475708 -0.354604035615921 0.002184694167226553 
vn 0.9927064776420593 -0.12053639441728592 0.002184694167226553 
vn 0.9221969842910767 -0.1279124766588211 0.3649536371231079 
vn 0.6994170546531677 -0.1275828331708908 0.7032341957092285 
vn 0.924382209777832 -0.015087221749126911 0.3811691105365753 
vn 0.6944750547409058 -0.1201140359044075 0.7094202041625977 
vn 0.6743879318237305 -0.21515870094299316 0.7063339352607727 
vn 0.9992848038673401 0.03775046393275261 0.002184694167226553 
vn 0.9986006617546082 -0.05283859372138977 0.002184694167226553 
vn 0.905409574508667 -0.11285918951034546 0.40926313400268555 
vn 0.7146496176719666 -0.6040410399436951 0.3527185618877411 
vn 0.5501723885536194 -0.5381702780723572 0.6385006904602051 
vn 0.6963448524475098 -0.7177039980888367 0.002184694167226553 
vn 0.6343917846679688 -0.7730085849761963 0.002184694167226553 
vn 0.6691348552703857 -0.6784778833389282 0.30319350957870483 
vn 0.6074564456939697 -0.739258885383606 0.29067665338516235 
vn 0.49591192603111267 -0.5545216202735901 0.6682642698287964 
vn 0.5854852795600891 -0.7583723664283752 0.2864931523799896 
vn 0.47453510761260986 -0.569115936756134 0.6715083718299866 
vn 0.615641176700592 -0.3793642520904541 0.6907016038894653 
vn 0.6107551455497742 -0.7918164730072021 0.002184694167226553 
vn 0.8819191455841064 -0.4713956117630005 0.002184694167226553 
vn 0.818413257598877 -0.4688788652420044 0.33219319581985474 
vn 0.9376853108406067 -0.045239534229040146 0.34452807903289795 
vn 0.7131218910217285 -0.07520466297864914 0.6969945430755615 
vn -0.9209610223770142 0.38964858651161194 0.002184694167226553 
vn -0.9152257442474365 0.39288678765296936 0.08945280313491821 
vn -0.8898186683654785 0.371126651763916 0.26549527049064636 
vn -0.8687999844551086 0.4877955913543701 0.08510008454322815 
vn -0.8438019156455994 0.4733632206916809 0.25283506512641907 
vn -0.7932549118995667 0.559538722038269 0.2401314377784729 
vn -0.7639652490615845 0.4229215681552887 0.48733407258987427 
vn -0.721188485622406 0.503445565700531 0.4758462607860565 
vn -0.5856845378875732 0.3975750803947449 0.7063339352607727 
vn -0.6901954412460327 0.5517908930778503 0.46814218163490295 
vn -0.554088830947876 0.43051066994667053 0.7124928832054138 
vn -0.5364161729812622 0.4326017498970032 0.7246471047401428 
vn -0.6156356334686279 0.3430972695350647 0.7094202041625977 
vn -0.6353579759597778 0.274902880191803 0.7216291427612305 
vn -0.7987541556358337 0.3308548033237457 0.5025205612182617 
vn -0.8746989965438843 0.48466166853904724 0.002184694167226553 
vn -0.8186684846878052 0.5742622017860413 0.002184694167226553 
vn -0.8151527047157288 0.5735906362533569 0.08074574917554855 
vn -0.7744791507720947 0.6279702186584473 0.0763898640871048 
vn -0.7537323832511902 0.6165897250175476 0.22738653421401978 
vn -0.7429470419883728 0.6310648918151855 0.22312943637371063 
vn -0.6731833219528198 0.5692463517189026 0.4719987213611603 
vn -0.6729652881622314 0.5597606301307678 0.4835140109062195 
vn -0.5274141430854797 0.4130183160305023 0.7424622178077698 
vn -0.777777373790741 0.6285360455513 0.002184694167226553 
vn -0.7584388852119446 0.651740550994873 0.002184694167226553 
vn -0.7600193023681641 0.6453954577445984 0.0763898640871048 
vn -0.7648831605911255 0.6396235823631287 0.0763898640871048 
vn -0.7478078603744507 0.6252972483634949 0.22312943637371063 
vn -0.7688953876495361 0.5959388613700867 0.23163928091526031 
vn -0.6839897036552429 0.5323705077171326 0.4987381398677826 
vn -0.711351752281189 0.4795602262020111 0.5138099193572998 
vn -0.525095522403717 0.37777596712112427 0.762600839138031 
vn -0.530961275100708 0.3391909599304199 0.7765498161315918 
vn -0.7633390426635742 0.6459943652153015 0.002184694167226553 
vn -0.7871816158294678 0.6167173981666565 0.002184694167226553 
vn -0.7838976383209229 0.6161729097366333 0.0763898640871048 
vn -0.8237432241439819 0.561183750629425 0.08074574917554855 
vn -0.8018608093261719 0.547134518623352 0.2401314377784729 
vn -0.8356726169586182 0.4897415041923523 0.24860523641109467 
vn -0.7316697835922241 0.4347675144672394 0.5250110030174255 
vn -0.7485703825950623 0.3951738774776459 0.5324283838272095 
vn -0.535206139087677 0.31262561678886414 0.7847417593002319 
vn -0.5462460517883301 0.29290881752967834 0.7847417593002319 
vn -0.8272483348846436 0.5618321895599365 0.002184694167226553 
vn -0.8634950518608093 0.5043525099754333 0.002184694167226553 
vn -0.8574850559234619 0.5074223279953003 0.08510008454322815 
vn -0.8831869959831238 0.4612361192703247 0.08510008454322815 
vn -0.8571790456771851 0.4462782144546509 0.25706008076667786 
vn -0.8774634599685669 0.40223193168640137 0.2612801790237427 
vn -0.7686218023300171 0.35459908843040466 0.5324283838272095 
vn -0.7919299602508545 0.2989429831504822 0.5324283838272095 
vn -0.5598342418670654 0.2660187780857086 0.7847417593002319 
vn -0.5800921320915222 0.2458931803703308 0.7765498161315918 
vn -0.8854539394378662 0.46472206711769104 0.002184694167226553 
vn -0.9087722897529602 0.41728663444519043 0.002184694167226553 
vn -0.9060565829277039 0.4135935604572296 0.08945280313491821 
vn -0.9373515248298645 0.33670511841773987 0.08945280313491821 
vn -0.9062952399253845 0.3254043757915497 0.26970529556274414 
vn -0.9340091943740845 0.22423577308654785 0.2781098484992981 
vn -0.8217126727104187 0.21269330382347107 0.528724730014801 
vn -0.8504648804664612 0.09406288713216782 0.5175535082817078 
vn -0.6208842396736145 0.19301988184452057 0.7597671151161194 
vn -0.6778520941734314 0.10507259517908096 0.7276512384414673 
vn -0.940263032913208 0.34044185280799866 0.002184694167226553 
vn -0.9727190732955933 0.23197589814662933 0.002184694167226553 
vn -0.9673510789871216 0.23544153571128845 0.09380380809307098 
vn -0.9903329610824585 0.09801355004310608 0.0981530249118805 
vn -0.9538089632987976 0.09038881212472916 0.2864931523799896 
vn -0.9576071500778198 -0.030169490724802017 0.2864931523799896 
vn -0.8666214346885681 -0.01508502196520567 0.4987381398677826 
vn -0.8685097694396973 -0.10910994559526443 0.4835140109062195 
vn -0.7231300473213196 0.003767496906220913 0.6907016038894653 
vn -0.7513375878334045 -0.07909523695707321 0.6551609039306641 
vn -0.9951823353767395 0.0980169028043747 0.002184694167226553 
vn -0.9995414018630981 -0.0302029550075531 0.002184694167226553 
vn -0.9947129487991333 -0.030202345922589302 0.0981530249118805 
vn -0.9869021773338318 -0.1280239075422287 0.0981530249118805 
vn -0.9512607455253601 -0.12412620335817337 0.28230419754981995 
vn -0.937416136264801 -0.2095373272895813 0.2781098484992981 
vn -0.8657036423683167 -0.18709459900856018 0.4642767012119293 
vn -0.8561567664146423 -0.24924694001674652 0.45262736082077026 
vn -0.764633297920227 -0.15738464891910553 0.6249527335166931 
vn -0.7627405524253845 -0.23038995265960693 0.6042742133140564 
vn -0.9907727837562561 -0.1355157196521759 0.002184694167226553 
vn -0.9761117100715637 -0.21725822985172272 0.002184694167226553 
vn -0.970808744430542 -0.22075149416923523 0.09380380809307098 
vn -0.955647885799408 -0.2791736423969269 0.09380380809307098 
vn -0.922603964805603 -0.27161574363708496 0.27391019463539124 
vn -0.9009966850280762 -0.3430993854999542 0.26549527049064636 
vn -0.8375231027603149 -0.317320317029953 0.44481781125068665 
vn -0.8015961050987244 -0.42431655526161194 0.42118772864341736 
vn -0.7402521371841431 -0.30866381525993347 0.5972883701324463 
vn -0.7097584009170532 -0.40034663677215576 0.5796254277229309 
vn -0.9591029286384583 -0.283049076795578 0.002184694167226553 
vn -0.9323094487190247 -0.36165499687194824 0.002184694167226553 
vn -0.92945396900177 -0.3579294681549072 0.08945280313491821 
vn -0.8796657919883728 -0.46791666746139526 0.08510008454322815 
vn -0.8541219830513 -0.4568052589893341 0.24860523641109467 
vn 0.7764160633087158 0.5715683102607727 -0.26549527049064636 
vn 0.8488993644714355 0.35315820574760437 -0.3932546079158783 
vn 0.6680634021759033 0.429338276386261 -0.607749879360199 
vn 0.6545701026916504 0.21546359360218048 -0.7246471047401428 
vn 0.4049818515777588 0.1692824512720108 -0.8985171914100647 
vn 0.5549656748771667 0.03779585286974907 -0.8310141563415527 
vn 0.28503262996673584 0.04514473304152489 -0.9574540853500366 
vn 0.1947706937789917 0.015138776041567326 -0.9807319641113281 
vn 0.12836427986621857 0.12970659136772156 -0.983208417892456 
vn 0.05859050527215004 0.12166443467140198 -0.990840494632721 
vn -0.0056655979715287685 0.24642342329025269 -0.9691457152366638 
vn 0.03014303743839264 0.1271834820508957 -0.991421103477478 
vn -0.03022104687988758 0.24889272451400757 -0.9680594801902771 
vn -0.09501074254512787 0.19480088353157043 -0.976230263710022 
vn -0.0640847310423851 0.4021952450275421 -0.913308322429657 
vn -0.23179417848587036 0.24650414288043976 -0.9410139322280884 
vn -0.38469401001930237 0.39672884345054626 -0.8334367275238037 
vn -0.3648115396499634 0.06774212419986725 -0.9286137819290161 
vn -0.5883827209472656 -0.011341642588376999 -0.8085030317306519 
vn -0.6328914165496826 0.026425225660204887 -0.7737894654273987 
vn 0.4451725482940674 -0.03778715059161186 -0.8946471214294434 
vn 0.381264328956604 -0.06765343248844147 -0.9219872951507568 
vn 0.1559189409017563 0.015118928626179695 -0.9876541495323181 
vn 0.14724168181419373 0.015095594339072704 -0.9889853596687317 
vn 0.020790621638298035 0.1421787589788437 -0.9896226525306702 
vn 0.03192508593201637 0.16655059158802032 -0.9855159521102905 
vn -0.14216962456703186 0.14619018137454987 -0.9789873361587524 
vn -0.17461155354976654 0.1679186075925827 -0.9702134728431702 
vn -0.4149883985519409 0.10108761489391327 -0.9041935205459595 
vn -0.44779327511787415 0.16655971109867096 -0.8784868121147156 
vn -0.6520562171936035 0.1535334587097168 -0.7424622178077698 
vn -0.6366552710533142 0.27188488841056824 -0.7216291427612305 
vn 0.333727091550827 -0.1883062720298767 -0.9236704111099243 
vn 0.3096767067909241 -0.23246461153030396 -0.9219872951507568 
vn 0.16796216368675232 0.045005325227975845 -0.9847655892372131 
vn 0.1741889864206314 0.03754059970378876 -0.9839963912963867 
vn 0.01697450317442417 0.16873107850551605 -0.9855159521102905 
vn -0.035645488649606705 0.11217270791530609 -0.9930492043495178 
vn -0.22580119967460632 0.1659221649169922 -0.9599394202232361 
vn -0.263785183429718 0.1617586612701416 -0.9509214162826538 
vn -0.46176886558532715 0.22956134378910065 -0.8567795157432556 
vn -0.4543808400630951 0.26670047640800476 -0.8499464392662048 
vn -0.613486647605896 0.3469252288341522 -0.7094202041625977 
vn -0.5831496715545654 0.40128397941589355 -0.7063339352607727 
vn 0.33301082253456116 -0.23446035385131836 -0.913308322429657 
vn 0.34332942962646484 -0.26066455245018005 -0.9023185968399048 
vn 0.15373186767101288 -0.030096696689724922 -0.9876541495323181 
vn 0.13103324174880981 -0.08584628999233246 -0.9876541495323181 
vn -0.06986082345247269 0.06581311672925949 -0.9953833818435669 
vn -0.08458653092384338 0.053950097411870956 -0.994954526424408 
vn -0.2738940417766571 0.16906395554542542 -0.946783721446991 
vn -0.2698400616645813 0.17546197772026062 -0.946783721446991 
vn -0.43833795189857483 0.2923199236392975 -0.8499464392662048 
vn -0.4211072623729706 0.3040847182273865 -0.8545181155204773 
vn -0.5531118512153625 0.4317651391029358 -0.7124928832054138 
vn -0.5335200428962708 0.43616846203804016 -0.7246471047401428 
vn 0.35281145572662354 -0.27409952878952026 -0.8946471214294434 
vn 0.36627647280693054 -0.2558281123638153 -0.8946471214294434 
vn 0.13155053555965424 -0.09275733679533005 -0.986960232257843 
vn 0.13502775132656097 -0.07941538095474243 -0.9876541495323181 
vn -0.08458653092384338 0.053950097411870956 -0.994954526424408 
vn -0.08343618363142014 0.04743736982345581 -0.9953833818435669 
vn -0.26230406761169434 0.17184822261333466 -0.949560284614563 
vn -0.25718384981155396 0.1644659787416458 -0.9522643685340881 
vn -0.40323343873023987 0.29670479893684387 -0.865661084651947 
vn -0.3983224332332611 0.2706996500492096 -0.8763908743858337 
vn -0.5292457938194275 0.41066858172416687 -0.7424622178077698 
vn -0.526857852935791 0.37531429529190063 -0.762600839138031 
vn 0.38169610500335693 -0.21673701703548431 -0.8985171914100647 
vn 0.39780813455581665 -0.17601360380649567 -0.9004265069961548 
vn 0.14206208288669586 -0.06601258367300034 -0.9876541495323181 
vn 0.14314648509025574 -0.05210106074810028 -0.9883291721343994 
vn -0.08343618363142014 0.04743736982345581 -0.9953833818435669 
vn -0.08391095697879791 0.03680675849318504 -0.9957932829856873 
vn -0.2536139488220215 0.1377011388540268 -0.9574540853500366 
vn -0.24820572137832642 0.12073034793138504 -0.961154580116272 
vn -0.39417409896850586 0.2341240495443344 -0.888714075088501 
vn -0.38354742527008057 0.21344372630119324 -0.8985171914100647 
vn -0.5285463929176331 0.3429417610168457 -0.7765498161315918 
vn -0.5383508205413818 0.30717870593070984 -0.7847417593002319 
vn 0.409737229347229 -0.13392719626426697 -0.9023185968399048 
vn 0.4215446412563324 -0.09011772274971008 -0.9023185968399048 
vn 0.147622749209404 -0.03758937120437622 -0.9883291721343994 
vn 0.1506318747997284 -0.022704102098941803 -0.9883291721343994 
vn -0.07874707877635956 0.025983458384871483 -0.9965559244155884 
vn -0.0741141140460968 0.026077333837747574 -0.9969087839126587 
vn -0.24092359840869904 0.10643891245126724 -0.9646899104118347 
vn -0.23016665875911713 0.1096443384885788 -0.9669547080993652 
vn -0.38005805015563965 0.20341333746910095 -0.9023185968399048 
vn -0.38005805015563965 0.20341333746910095 -0.9023185968399048 
vn -0.5492308139801025 0.2872731387615204 -0.7847417593002319 
vn -0.5593751668930054 0.2669827938079834 -0.7847417593002319 
vn -0.38105496764183044 0.2098313868045807 -0.9004265069961548 
vn -0.21145546436309814 0.14242596924304962 -0.9669547080993652 
vn -0.3957333564758301 0.20736822485923767 -0.8946471214294434 
vn -0.21810735762119293 0.1622004508972168 -0.962351381778717 
vn -0.23783093690872192 0.16345667839050293 -0.9574540853500366 
vn -0.059299107640981674 0.05796428769826889 -0.9965559244155884 
vn -0.06741329282522202 0.06205831095576286 -0.9957932829856873 
vn 0.09880010783672333 -0.15851011872291565 -0.9824016690254211 
vn 0.10619059950113297 -0.12096703797578812 -0.986960232257843 
vn 0.2961905002593994 -0.3748761713504791 -0.8784868121147156 
vn 0.3573160171508789 -0.25493550300598145 -0.8985171914100647 
vn 0.5873847603797913 -0.43703019618988037 -0.681163489818573 
vn 0.6709632277488708 -0.2442106455564499 -0.7001210451126099 
vn -0.21838179230690002 0.1231677308678627 -0.9680594801902771 
vn -0.059854332357645035 0.0360131561756134 -0.9975572824478149 
vn -0.0694408267736435 0.02617821656167507 -0.9972425103187561 
vn 0.15209826827049255 -0.03748885542154312 -0.9876541495323181 
vn 0.1506318747997284 -0.022704102098941803 -0.9883291721343994 
vn 0.43180137872695923 -0.052722711116075516 -0.9004265069961548 
vn 0.4308212697505951 -0.060209110379219055 -0.9004265069961548 
vn 0.7195209860801697 -0.09790132939815521 -0.6875353455543518 
vn 0.7073898911476135 -0.15010271966457367 -0.6907016038894653 
vn 0.6870535016059875 -0.21569211781024933 -0.6938546895980835 
vn 0.7244109511375427 -0.08298005908727646 -0.6843559741973877 
vn 0.7119324803352356 -0.157508984208107 -0.6843559741973877 
vn 0.42398127913475037 -0.09732414036989212 -0.9004265069961548 
vn 0.3713473379611969 -0.26886510848999023 -0.888714075088501 
vn 0.1424400806427002 -0.09973761439323425 -0.9847655892372131 
vn 0.10416583716869354 -0.1652703434228897 -0.9807319641113281 
vn -0.05819060653448105 0.04605628177523613 -0.9972425103187561 
vn 0.6202178001403809 -0.4263402819633484 -0.6584556698799133 
vn 0.43775674700737 -0.6751269102096558 -0.5937783122062683 
vn 0.27401718497276306 -0.43685635924339294 -0.8567795157432556 
vn 0.23744063079357147 -0.48682543635368347 -0.8406086564064026 
vn 0.09104540199041367 -0.17284543812274933 -0.9807319641113281 
vn 0.3546771705150604 -0.7501780390739441 -0.5580654144287109 
vn 0.3844905197620392 -0.7213339805603027 -0.5760593414306641 
vn 0.2502370774745941 -0.46365126967430115 -0.8499464392662048 
vn 0.005671467166393995 -0.619796872138977 -0.7847417593002319 
vn -0.25642645359039307 -0.4895188808441162 -0.8334367275238037 
vn 0.07712795585393906 -0.45192763209342957 -0.888714075088501 
vn -0.23769058287143707 -0.396562784910202 -0.8867024183273315 
vn 0.4756903052330017 -0.6155365109443665 -0.6283578276634216 
vn 0.835639476776123 -0.5492739677429199 0.002184694167226553 
vn 0.9777246117591858 -0.20988060534000397 0.002184694167226553 
vn 0.7834552526473999 -0.5328461527824402 0.3198012113571167 
vn 0.9151808023452759 -0.2022462636232376 0.34862664341926575 
vn 0.7120450735092163 -0.15699902176856995 0.6843559741973877 
vn 0.9297701120376587 -0.10543806105852127 0.3527185618877411 
vn 0.7244420051574707 -0.08270827680826187 0.6843559741973877 
vn 0.7195428609848022 -0.09774049371480942 0.6875353455543518 
vn 0.9944137930870056 -0.10552956163883209 0.002184694167226553 
vn 0.991767942905426 -0.1280297040939331 0.002184694167226553 
vn 0.9279483556747437 -0.12042219936847687 0.3527185618877411 
vn 0.9167705774307251 -0.18740694224834442 0.3527185618877411 
vn 0.707493782043457 -0.14961211383342743 0.6907016038894653 
vn 0.9792816638946533 -0.20249100029468536 0.002184694167226553 
vn 0.9524446725845337 -0.3047037422657013 0.002184694167226553 
vn 0.8921210765838623 -0.28232884407043457 0.3527185618877411 
vn 0.8610559701919556 -0.3740094006061554 0.34452807903289795 
vn 0.6871628165245056 -0.21534377336502075 0.6938546895980835 
vn 0.6612326502799988 -0.29275012016296387 0.6907016038894653 
vn 0.4846205413341522 0.31471627950668335 -0.8161473870277405 
vn 0.446967750787735 0.38820919394493103 -0.8059239983558655 
vn 0.28068962693214417 0.23005077242851257 -0.931820809841156 
vn 0.179795503616333 0.29629379510879517 -0.9380210638046265 
vn 0.039491742849349976 0.24330434203147888 -0.9691457152366638 
vn -0.01888207532465458 0.38675951957702637 -0.9219872951507568 
vn -0.033961210399866104 0.4098508358001709 -0.9115201234817505 
vn -0.047217097133398056 0.6180217862129211 -0.7847417593002319 
vn -0.07912514358758926 0.642011821269989 -0.762600839138031 
vn -0.03212762624025345 0.58051598072052 -0.8136147856712341 
vn 0.03588494285941124 0.5944526195526123 -0.8033295273780823 
vn 0.07706419378519058 0.4080204367637634 -0.9097144603729248 
vn 0.2972123324871063 0.5399991869926453 -0.7874425053596497 
vn 0.402048259973526 0.4487784504890442 -0.7980946898460388 
vn -0.5813702940940857 0.24285578727722168 -0.7765498161315918 
vn -0.6196432709693909 0.19696733355522156 -0.7597671151161194 
vn -0.4306669533252716 0.19781199097633362 -0.8805659413337708 
vn -0.23980528116226196 -0.3952876031398773 0.8867024183273315 
vn -0.2587347626686096 -0.48830273747444153 0.8334367275238037 
vn 0.0804339274764061 -0.45135095715522766 0.888714075088501 
vn 0.0018831990892067552 -0.6198199987411499 0.7847417593002319 
vn -0.4299267828464508 -0.4605793356895447 0.7765498161315918 
vn -0.2587347626686096 -0.48830273747444153 0.8334367275238037 
vn -0.4352836608886719 -0.41662096977233887 0.7980946898460388 
vn 0.48124274611473083 0.31985750794410706 0.8161473870277405 
vn 0.668803334236145 0.42818477749824524 0.607749879360199 
vn 0.4480898976325989 0.3869134485721588 0.8059239983558655 
vn 0.6237376928329468 0.5824181437492371 0.5212872624397278 
vn 0.6053563952445984 0.6520228981971741 0.456519216299057 
vn 0.6813669800758362 0.709378182888031 0.18033768236637115 
vn 0.6491785645484924 0.7518110871315002 0.11553031951189041 
vn 0.6342706680297852 0.7728610038757324 0.01966099627315998 
vn 0.559738039970398 0.8262473344802856 0.0633138045668602 
vn 0.5492424964904785 0.8355916142463684 0.010923261754214764 
vn 0.5429477095603943 0.8397637009620667 0.002184694167226553 
vn 0.34753286838531494 0.9376652836799622 0.002184694167226553 
vn 0.5369668006896973 0.7442073822021484 0.3972681760787964 
vn 0.29945307970046997 0.5387598276138306 0.7874425053596497 
vn 0.4027988910675049 0.4481048583984375 0.7980946898460388 
vn 0.6285360455513 0.777777373790741 0.002184694167226553 
vn 0.6631211042404175 0.7485089898109436 0.002184694167226553 
vn 0.6683973073959351 0.7430824637413025 0.03276457265019417 
vn 0.7701891660690308 0.634215235710144 0.06767380982637405 
vn 0.7768675088882446 0.5709545612335205 0.26549527049064636 
vn 0.8355754613876343 0.13540172576904297 -0.5324283838272095 
vn 0.7695841789245605 0.007555617485195398 -0.6385006904602051 
vn 0.7130953669548035 -0.07545609027147293 -0.6969945430755615 
vn 0.6188871264457703 -0.37404537200927734 -0.6907016038894653 
vn 0.47372549772262573 -0.5697900056838989 -0.6715083718299866 
vn 0.5007678866386414 -0.550140380859375 -0.6682642698287964 
vn 0.5367042422294617 -0.5193396806716919 -0.6650074124336243 
vn 0.5736362338066101 -0.4736711382865906 -0.6682642698287964 
vn 0.6032533049583435 -0.4252197742462158 -0.67473965883255 
vn 0.6333422660827637 -0.36129555106163025 -0.6843559741973877 
vn 0.6608259677886963 -0.2936669886112213 -0.6907016038894653 
vn -0.8819191455841064 -0.4713956117630005 0.002184694167226553 
vn -0.8796657919883728 -0.46791666746139526 -0.08510008454322815 
vn -0.8099018931388855 -0.5865612626075745 0.002184694167226553 
vn -0.8110665082931519 -0.5799445509910583 -0.0763898640871048 
vn -0.7651318907737732 -0.6398316025733948 -0.07203252613544464 
vn -0.7931838035583496 -0.5632075071334839 -0.23163928091526031 
vn -0.7533695101737976 -0.6201057434082031 -0.21886809170246124 
vn -0.7257150411605835 -0.5832208395004272 -0.3649536371231079 
vn -0.7148183584213257 -0.6720882654190063 -0.19321508705615997 
vn -0.6999369263648987 -0.6278539299964905 -0.34042292833328247 
vn -0.613045871257782 -0.7410451769828796 -0.27391019463539124 
vn -0.6466418504714966 -0.5705448389053345 -0.5062933564186096 
vn -0.6067278981208801 -0.6614289283752441 -0.4409002661705017 
vn -0.6040026545524597 -0.7850837111473083 -0.1372016966342926 
vn -0.5860574245452881 -0.8092061877250671 -0.04149730131030083 
vn -0.7184381484985352 -0.693088173866272 -0.058952588587999344 
vn -0.7124248743057251 -0.7017449736595154 0.002184694167226553 
vn -0.7681957483291626 -0.640211284160614 0.002184694167226553 
vn -0.5011798143386841 -0.7071626782417297 -0.4987381398677826 
vn -0.4704113006591797 -0.8600621223449707 -0.1975002884864807 
vn -0.4459564685821533 -0.8931111097335815 -0.058952588587999344 
vn -0.34210577607154846 -0.9282729625701904 -0.1458524912595749 
vn -0.3118877410888672 -0.9501164555549622 -0.002184694167226553 
vn -0.2098565548658371 -0.9776126146316528 0.0152922747656703 
vn -0.297502338886261 -0.9547185897827148 -0.002184694167226553 
vn -0.20988060534000397 -0.9777246117591858 0.002184694167226553 
vn -0.20988060534000397 -0.9777246117591858 0.002184694167226553 
vn -0.11302972584962845 -0.9935315847396851 -0.010923261754214764 
vn -0.12053639441728592 -0.9927064776420593 0.002184694167226553 
vn -0.03775046393275261 -0.9992848038673401 0.002184694167226553 
vn -0.297502338886261 -0.9547185897827148 0.002184694167226553 
vn -0.41728663444519043 -0.9087722897529602 0.002184694167226553 
vn -0.4240890443325043 -0.9054913520812988 -0.0152922747656703 
vn -0.5804283022880554 -0.8143084645271301 0.002184694167226553 
vn -0.08481087535619736 -0.9946515560150146 -0.058952588587999344 
vn 0.02641865611076355 -0.9824522733688354 -0.18463370203971863 
vn -0.06599760055541992 -0.9744691252708435 -0.21460255980491638 
vn 0.06414514034986496 -0.9137091636657715 -0.401274174451828 
vn -0.04721821844577789 -0.7625517249107361 -0.6452018022537231 
vn 0.1502438336610794 -0.808570384979248 -0.5688942670822144 
vn 0.005671467166393995 -0.619796872138977 -0.7847417593002319 
vn 0.07712795585393906 -0.45192763209342957 -0.888714075088501 
vn -0.21541212499141693 -0.968026340007782 -0.12854042649269104 
vn -0.24963653087615967 -0.8367718458175659 -0.48733407258987427 
vn -0.3812071681022644 -0.7710534930229187 -0.5100564956665039 
vn -0.11856840550899506 -0.8777178525924683 -0.4642767012119293 
vn 0.6963448524475098 -0.7177039980888367 0.002184694167226553 
vn 0.6691348552703857 -0.6784778833389282 -0.30319350957870483 
vn 0.6343917846679688 -0.7730085849761963 0.002184694167226553 
vn 0.6066360473632812 -0.7399322986602783 -0.29067665338516235 
vn 0.5846158266067505 -0.7590428590774536 -0.2864931523799896 
vn 0.5007678866386414 -0.550140380859375 -0.6682642698287964 
vn 0.47372549772262573 -0.5697900056838989 -0.6715083718299866 
vn 0.5367042422294617 -0.5193396806716919 -0.6650074124336243 
vn 0.5501723885536194 -0.5381702780723572 0.6385006904602051 
vn 0.6743879318237305 -0.21515870094299316 0.7063339352607727 
vn 0.3761211633682251 -0.41472285985946655 0.8285757899284363 
vn 0.4032881259918213 -0.2632446587085724 0.8763908743858337 
vn 0.6944750547409058 -0.1201140359044075 0.7094202041625977 
vn 0.1070985496044159 -0.32961544394493103 0.9380210638046265 
vn 0.16038252413272858 0.6301042437553406 0.7597671151161194 
vn 0.039497628808021545 0.5942235589027405 0.8033295273780823 
vn 0.29945307970046997 0.5387598276138306 0.7874425053596497 
vn 0.07292725890874863 0.4087800979614258 0.9097144603729248 
vn 0.17545221745967865 0.2988862097263336 0.9380210638046265 
vn -0.016942566260695457 0.3868493437767029 0.9219872951507568 
vn 0.04115600511431694 0.24302835762500763 0.9691457152366638 
vn -0.0037589154671877623 0.24645988643169403 0.9691457152366638 
vn 0.12431816011667252 0.13358961045742035 0.983208417892456 
vn 0.06097386032342911 0.12048763781785965 0.990840494632721 
vn 0.19478493928909302 0.014954520389437675 0.9807319641113281 
vn 0.033228036016225815 0.12641257047653198 0.991421103477478 
vn 0.1559409201145172 0.014890552498400211 0.9876541495323181 
vn 0.14726614952087402 0.014854885637760162 0.9889853596687317 
vn 0.38130104541778564 -0.06744612753391266 0.9219872951507568 
vn 0.3343299627304077 -0.1872337907552719 0.9236704111099243 
vn 0.615641176700592 -0.3793642520904541 0.6907016038894653 
vn 0.310139536857605 -0.23184677958488464 0.9219872951507568 
vn 0.47453510761260986 -0.569115936756134 0.6715083718299866 
vn 0.49591192603111267 -0.5545216202735901 0.6682642698287964 
vn -0.0394899956882 0.40935513377189636 0.9115201234817505 
vn -0.05999138578772545 0.40282613039016724 0.913308322429657 
vn -0.02620745450258255 0.2493472844362259 0.9680594801902771 
vn -0.0973946750164032 0.1936199963092804 0.976230263710022 
vn 0.01675010286271572 0.14271119236946106 0.9896226525306702 
vn 0.033543795347213745 0.1662321388721466 0.9855159521102905 
vn 0.16812248528003693 0.044402677565813065 0.9847655892372131 
vn 0.17429453134536743 0.03704744949936867 0.9839963912963867 
vn 0.33385470509529114 -0.23325714468955994 0.913308322429657 
vn 0.3442675769329071 -0.25942423939704895 0.9023185968399048 
vn 0.5373458862304688 -0.5186758041381836 0.6650074124336243 
vn 0.5741631984710693 -0.47303223609924316 0.6682642698287964 
vn -0.23321209847927094 0.24516311287879944 0.9410139322280884 
vn -0.36489149928092957 0.06730995327234268 0.9286137819290161 
vn -0.1381119340658188 0.15002955496311188 0.9789873361587524 
vn -0.17587359249591827 0.16659630835056305 0.9702134728431702 
vn 0.018720917403697968 0.16854624450206757 0.9855159521102905 
vn -0.03136399760842323 0.11344432830810547 0.9930492043495178 
vn 0.15381936728954315 -0.0296462532132864 0.9876541495323181 
vn 0.13178256154060364 -0.08469151705503464 0.9876541495323181 
vn 0.35377997159957886 -0.27284830808639526 0.8946471214294434 
vn 0.36711084842681885 -0.25462934374809265 0.8946471214294434 
vn 0.60367751121521 -0.42461729049682617 0.67473965883255 
vn 0.6339574456214905 -0.3602149784564972 0.6843559741973877 
vn -0.4151233434677124 0.10053203254938126 0.9041935205459595 
vn -0.4480898678302765 0.16576015949249268 0.8784868121147156 
vn -0.22844865918159485 0.16225770115852356 0.9599394202232361 
vn -0.2644698917865753 0.16063672304153442 0.9509214162826538 
vn -0.0710764154791832 0.0644984021782875 0.9953833818435669 
vn -0.08529967814683914 0.05281532555818558 0.994954526424408 
vn 0.13238902390003204 -0.0915566086769104 0.986960232257843 
vn 0.13566309213638306 -0.07832512259483337 0.9876541495323181 
vn 0.3820015490055084 -0.21619822084903717 0.8985171914100647 
vn 0.39800986647605896 -0.1755569875240326 0.9004265069961548 
vn 0.6612326502799988 -0.29275012016296387 0.6907016038894653 
vn 0.6871628165245056 -0.21534377336502075 0.6938546895980835 
vn -0.4636761248111725 0.22568419575691223 0.8567795157432556 
vn -0.4550229609012604 0.2656034827232361 0.8499464392662048 
vn -0.27458685636520386 0.16793638467788696 0.946783721446991 
vn -0.2705897092819214 0.17430368065834045 0.946783721446991 
vn -0.08529967814683914 0.05281532555818558 0.994954526424408 
vn -0.08403489738702774 0.046368494629859924 0.9953833818435669 
vn 0.1424940675497055 -0.0650748610496521 0.9876541495323181 
vn 0.1434285193681717 -0.05131954699754715 0.9883291721343994 
vn 0.4099716544151306 -0.13320787250995636 0.9023185968399048 
vn 0.4216498136520386 -0.08962443470954895 0.9023185968399048 
vn 0.707493782043457 -0.14961211383342743 0.6907016038894653 
vn 0.7195428609848022 -0.09774049371480942 0.6875353455543518 
vn -0.4391178786754608 0.29114702343940735 0.8499464392662048 
vn -0.4193331003189087 0.30652663111686707 0.8545181155204773 
vn -0.26306232810020447 0.17068523168563843 0.949560284614563 
vn -0.2555115520954132 0.1670522391796112 0.9522643685340881 
vn -0.08403489738702774 0.046368494629859924 0.9953833818435669 
vn -0.08429636061191559 0.0359153226017952 0.9957932829856873 
vn 0.1477680802345276 -0.03701397404074669 0.9883291721343994 
vn 0.15068453550338745 -0.022351939231157303 0.9883291721343994 
vn 0.4308442771434784 -0.0600443072617054 0.9004265069961548 
vn 0.43181899189949036 -0.05257818102836609 0.9004265069961548 
vn 0.7244420051574707 -0.08270827680826187 0.6843559741973877 
vn 0.7120450735092163 -0.15699902176856995 0.6843559741973877 
vn -0.4041321277618408 0.29547953605651855 0.865661084651947 
vn -0.3991245627403259 0.2695155739784241 0.8763908743858337 
vn -0.25208792090415955 0.14047536253929138 0.9574540853500366 
vn -0.24867703020572662 0.1197565421462059 0.961154580116272 
vn -0.0776355117559433 0.02913709543645382 0.9965559244155884 
vn -0.07437369227409363 0.025327518582344055 0.9969087839126587 
vn 0.15068453550338745 -0.022351939231157303 0.9883291721343994 
vn 0.1522345095872879 -0.03693169355392456 0.9876541495323181 
vn 0.4240416884422302 -0.09706057608127594 0.9004265069961548 
vn 0.37222519516944885 -0.26764845848083496 0.888714075088501 
vn 0.616329550743103 -0.4319422245025635 0.6584556698799133 
vn 0.43241503834724426 -0.6785606145858765 0.5937783122062683 
vn -0.39095214009284973 0.23946550488471985 0.888714075088501 
vn -0.3820015490055084 0.21619822084903717 0.8985171914100647 
vn -0.2395864725112915 0.10941547155380249 0.9646899104118347 
vn -0.22875992953777313 0.11254986375570297 0.9669547080993652 
vn -0.06973587721586227 0.02538178488612175 0.9972425103187561 
vn -0.06198450177907944 0.032208848744630814 0.9975572824478149 
vn 0.13889753818511963 -0.1046147421002388 0.9847655892372131 
vn 0.09983166307210922 -0.1679239273071289 0.9807319641113281 
vn 0.2750431299209595 -0.43621116876602173 0.8567795157432556 
vn 0.23984386026859283 -0.48564592003822327 0.8406086564064026 
vn 0.3559025526046753 -0.7495974898338318 0.5580654144287109 
vn 0.37896913290023804 -0.7242499589920044 0.5760593414306641 
vn -0.38061195611953735 0.20237496495246887 0.9023185968399048 
vn -0.38061195611953735 0.20237496495246887 0.9023185968399048 
vn -0.2189815640449524 0.12209820747375488 0.9680594801902771 
vn -0.20973604917526245 0.14494606852531433 0.9669547080993652 
vn -0.05915629863739014 0.04480915516614914 0.9972425103187561 
vn -0.06244703009724617 0.05455832928419113 0.9965559244155884 
vn 0.08668428659439087 -0.17507325112819672 0.9807319641113281 
vn 0.09446703642606735 -0.16113005578517914 0.9824016690254211 
vn 0.252501517534256 -0.4624219834804535 0.8499464392662048 
vn 0.297882616519928 -0.3735329806804657 0.8784868121147156 
vn 0.4765569567680359 -0.614865779876709 0.6283578276634216 
vn -0.3831426799297333 0.2059946358203888 0.9004265069961548 
vn -0.3927367925643921 0.21298891305923462 0.8946471214294434 
vn -0.21630625426769257 0.16459468007087708 0.962351381778717 
vn -0.24034130573272705 0.15974260866641998 0.9574540853500366 
vn -0.06858493387699127 0.060760948807001114 0.9957932829856873 
vn -0.08529967814683914 0.05281532555818558 0.994954526424408 
vn 0.10770606249570847 -0.1196196973323822 0.986960232257843 
vn -0.06980864703655243 0.9965055584907532 0.04586252197623253 
vn -0.08479886502027512 0.9271558523178101 0.3649536371231079 
vn -0.02262747474014759 0.9121357798576355 0.40926313400268555 
vn -0.04327840358018875 0.6183100938796997 0.7847417593002319 
vn -0.02823428437113762 0.5807183384895325 0.8136147856712341 
vn 0.28121018409729004 0.229414165019989 0.931820809841156 
vn 0.4480898976325989 0.3869134485721588 0.8059239983558655 
vn 0.4051647484302521 0.16884425282478333 0.8985171914100647 
vn 0.48124274611473083 0.31985750794410706 0.8161473870277405 
vn 0.668803334236145 0.42818477749824524 0.607749879360199 
vn 0.2850619852542877 0.044958941638469696 0.9574540853500366 
vn 0.554976761341095 0.03763318806886673 0.8310141563415527 
vn 0.4451896846294403 -0.03758501634001732 0.8946471214294434 
vn 0.7695842385292053 0.007543830666691065 0.6385006904602051 
vn 0.7131218910217285 -0.07520466297864914 0.6969945430755615 
vn 0.654689371585846 0.21510091423988342 0.7246471047401428 
vn 0.8490809798240662 0.352721244096756 0.3932546079158783 
vn 0.7768675088882446 0.5709545612335205 0.26549527049064636 
vn 0.8356062769889832 0.13521131873130798 0.5324283838272095 
vn -0.4382297098636627 -0.3874604403972626 -0.8110666871070862 
vn -0.22894994914531708 -0.351162314414978 -0.9078915119171143 
vn -0.4372563362121582 -0.41455012559890747 -0.7980946898460388 
vn -0.25642645359039307 -0.4895188808441162 -0.8334367275238037 
vn 0.10421807318925858 -0.33053749799728394 -0.9380210638046265 
vn 0.3802184462547302 -0.41096973419189453 -0.8285757899284363 
vn 0.2599555253982544 -0.6584188938140869 -0.7063339352607727 
vn 0.2621782124042511 -0.8459963202476501 -0.4642767012119293 
vn 0.10736407339572906 -0.9468615055084229 -0.30319350957870483 
vn 0.05467963591217995 -0.9940879940986633 -0.09380380809307098 
vn -0.02453974261879921 -0.9984363317489624 -0.05022686347365379 
vn 0.5495207905769348 -0.5388355255126953 -0.6385006904602051 
vn 0.7189646363258362 -0.5988985300064087 -0.3527185618877411 
vn 0.26827260851860046 -0.942880392074585 -0.1975002884864807 
vn 0.2685312330722809 -0.963268518447876 0.002184694167226553 
vn 0.04529581964015961 -0.9989712238311768 0.002184694167226553 
vn 0.7130953669548035 -0.07545609027147293 -0.6969945430755615 
vn 0.937682569026947 -0.04529741406440735 -0.34452807903289795 
vn 0.6188871264457703 -0.37404537200927734 -0.6907016038894653 
vn 0.818413257598877 -0.4688788652420044 -0.33219319581985474 
vn 0.8819191455841064 -0.4713956117630005 0.002184694167226553 
vn 0.6107551455497742 -0.7918164730072021 0.002184694167226553 
vn 0.9995414018630981 -0.0302029550075531 0.002184694167226553 
vn -0.9944137930870056 0.10552956163883209 0.002184694167226553 
vn -0.7124248743057251 0.7017449736595154 0.002184694167226553 
vn -0.7241560220718384 0.6881095170974731 0.04586252197623253 
vn -0.06791078299283981 0.9976316094398499 0.010923261754214764 
vn -0.06980864703655243 0.9965055584907532 0.04586252197623253 
vn -0.7509186863899231 -0.08297824114561081 -0.6551609039306641 
vn -0.7638121247291565 -0.16132304072380066 -0.6249527335166931 
vn -0.6287844777107239 -0.12025494128465652 -0.7682244777679443 
vn -0.6328176856040955 -0.2294337898492813 -0.7395281791687012 
vn -0.4349803924560547 -0.21547549962997437 -0.87427818775177 
vn -0.4418787956237793 -0.3378736078739166 -0.8310141563415527 
vn -0.2151414155960083 -0.3121981918811798 -0.9253358840942383 
vn -0.22894994914531708 -0.351162314414978 -0.9078915119171143 
vn 0.10421807318925858 -0.33053749799728394 -0.9380210638046265 
vn -0.4382297098636627 -0.3874604403972626 -0.8110666871070862 
vn -0.5907462239265442 -0.39557623863220215 -0.7032341957092285 
vn -0.6156845092773438 -0.33002713322639465 -0.715552031993866 
vn -0.7415168285369873 -0.30561304092407227 -0.5972883701324463 
vn -0.7615366578102112 -0.23433852195739746 -0.6042742133140564 
vn -0.6529723405838013 0.14958931505680084 0.7424622178077698 
vn 0.6963448524475098 -0.7177039980888367 0.002184694167226553 
vn 0.6691348552703857 -0.6784778833389282 0.30319350957870483 
vn 0.7633390426635742 -0.6459943652153015 0.002184694167226553 
vn 0.7257997393608093 -0.6112075448036194 0.31565824151039124 
vn 0.7717064619064331 -0.5448302626609802 0.3280687630176544 
vn 0.5741631984710693 -0.47303223609924316 0.6682642698287964 
vn 0.60367751121521 -0.42461729049682617 0.67473965883255 
vn 0.6339574456214905 -0.3602149784564972 0.6843559741973877 
vn 0.8205651640892029 -0.4621336758136749 0.3363112509250641 
vn 0.8672792315483093 -0.49781718850135803 0.002184694167226553 
vn 0.9149710536003113 -0.4035136103630066 0.002184694167226553 
vn 0.5373458862304688 -0.5186758041381836 0.6650074124336243 
vn 0.8186684846878052 -0.5742622017860413 0.002184694167226553 
vn -0.2849724590778351 0.12057853490114212 0.9509214162826538 
vn -0.3323603868484497 0.06347761303186417 0.9410139322280884 
vn -0.49505478143692017 0.13037492334842682 0.8590245246887207 
vn -0.554976761341095 0.03763318806886673 0.8310141563415527 
vn -0.7231300473213196 0.003767496906220913 0.6907016038894653 
vn -0.5976032018661499 -0.04145243018865585 0.8007197380065918 
vn -0.7513375878334045 -0.07909523695707321 0.6551609039306641 
vn -0.764633297920227 -0.15738464891910553 0.6249527335166931 
vn -0.6288694143295288 -0.11980988830327988 0.7682244777679443 
vn -0.3710477650165558 -7.674125278387539e-14 0.9286137819290161 
vn -0.10497501492500305 0.02941261976957321 0.9940398335456848 
vn -0.4324382245540619 0.19390924274921417 0.8805659413337708 
vn -0.6208842396736145 0.19301988184452057 0.7597671151161194 
vn -0.5800921320915222 0.2458931803703308 0.7765498161315918 
vn -0.5598342418670654 0.2660187780857086 0.7847417593002319 
vn -0.5462460517883301 0.29290881752967834 0.7847417593002319 
vn -0.535206139087677 0.31262561678886414 0.7847417593002319 
vn -0.530961275100708 0.3391909599304199 0.7765498161315918 
vn -0.525095522403717 0.37777596712112427 0.762600839138031 
vn -0.5274141430854797 0.4130183160305023 0.7424622178077698 
vn -0.5364161729812622 0.4326017498970032 0.7246471047401428 
vn -0.554088830947876 0.43051066994667053 0.7124928832054138 
vn -0.5856845378875732 0.3975750803947449 0.7063339352607727 
vn -0.6156356334686279 0.3430972695350647 0.7094202041625977 
vn -0.6353579759597778 0.274902880191803 0.7216291427612305 
vn -0.6529723405838013 0.14958931505680084 0.7424622178077698 
vn -0.6327253580093384 0.030140424147248268 0.7737894654273987 
vn -0.5883836150169373 -0.011295449919998646 0.8085030317306519 
vn -0.38606998324394226 0.39538994431495667 0.8334367275238037 
vn -0.07710769027471542 0.6422572731971741 0.762600839138031 
vn -0.04327840358018875 0.6183100938796997 0.7847417593002319 
vn -0.02823428437113762 0.5807183384895325 0.8136147856712341 
vn -0.7627405524253845 -0.23038995265960693 0.6042742133140564 
vn 0.4027988910675049 0.4481048583984375 0.7980946898460388 
vn -0.11856840550899506 -0.8777178525924683 -0.4642767012119293 
vn -0.24963653087615967 -0.8367718458175659 -0.48733407258987427 
vn -0.04721821844577789 -0.7625517249107361 -0.6452018022537231 
vn -0.25423771142959595 -0.6162537336349487 -0.7453821301460266 
vn -0.25642645359039307 -0.4895188808441162 -0.8334367275238037 
vn -0.400963693857193 -0.548664927482605 -0.7336177229881287 
vn -0.4264325797557831 -0.4638163447380066 -0.7765498161315918 
vn -0.5664609670639038 -0.47312620282173157 -0.67473965883255 
vn -0.4372563362121582 -0.41455012559890747 -0.7980946898460388 
vn -0.5790468454360962 -0.4431271255016327 -0.6843559741973877 
vn -0.6826432943344116 -0.48849740624427795 -0.5434780716896057 
vn -0.7075897455215454 -0.40416717529296875 -0.5796254277229309 
vn -0.3812071681022644 -0.7710534930229187 -0.5100564956665039 
vn -0.5011798143386841 -0.7071626782417297 -0.4987381398677826 
vn -0.5382293462753296 -0.5342246890068054 -0.651853621006012 
vn -0.6466418504714966 -0.5705448389053345 -0.5062933564186096 
vn -0.6722152233123779 -0.5257245302200317 -0.5212872624397278 
vn -0.8541219830513 -0.4568052589893341 -0.24860523641109467 
vn -0.8015961050987244 -0.42431655526161194 -0.42118772864341736 
vn -0.7522586584091187 -0.5316053032875061 -0.3892335295677185 
vn -0.6826432943344116 -0.48849740624427795 -0.5434780716896057 
vn -0.6722152233123779 -0.5257245302200317 -0.5212872624397278 
vn 0.835639476776123 -0.5492739677429199 0.002184694167226553 
vn 0.5555689334869385 -0.8314676284790039 0.002184694167226553 
vn 0.7830511927604675 -0.5334398150444031 -0.3198012113571167 
vn 0.5282353758811951 -0.8092511892318726 -0.25706008076667786 
vn 0.43775674700737 -0.6751269102096558 -0.5937783122062683 
vn 0.414908230304718 -0.8820796012878418 -0.22312943637371063 
vn 0.3546771705150604 -0.7501780390739441 -0.5580654144287109 
vn 0.3844905197620392 -0.7213339805603027 -0.5760593414306641 
vn 0.4309644401073456 -0.9023662805557251 0.002184694167226553 
vn 0.46472206711769104 -0.8854539394378662 0.002184694167226553 
vn 0.45173734426498413 -0.8604012727737427 -0.23588760197162628 
vn 0.5818697214126587 -0.7642529010772705 -0.2781098484992981 
vn 0.4756903052330017 -0.6155365109443665 -0.6283578276634216 
vn -0.6778520941734314 0.10507259517908096 0.7276512384414673 
vn 0.616329550743103 -0.4319422245025635 0.6584556698799133 
vn 0.9995414018630981 -0.0302029550075531 0.002184694167226553 
vn 0.7584388852119446 0.651740550994873 0.002184694167226553 
vn 0.8099018931388855 -0.5865612626075745 0.002184694167226553 
vn 0.7131218910217285 -0.07520466297864914 0.6969945430755615 
vn 0.8099018931388855 -0.5865612626075745 0.002184694167226553 
vn -0.8819191455841064 -0.4713956117630005 0.002184694167226553 
vn -0.07710769027471542 0.6422572731971741 0.762600839138031 
vn 0.5373458862304688 -0.5186758041381836 0.6650074124336243 
vn -0.06791467219591141 0.9976887702941895 0.002184694167226553 
vn -0.43937742710113525 -0.38615843653678894 0.8110666871070862 
vn 0.7584388852119446 0.651740550994873 0.002184694167226553 
vn -0.11654021590948105 -0.8779894709587097 0.4642767012119293 
vn -0.6067278981208801 -0.6614289283752441 -0.4409002661705017 
vn 0.604758083820343 -0.7964062690734863 0.002184694167226553 
vn 0.835639476776123 -0.5492739677429199 0.002184694167226553 
vn 0.6202178001403809 -0.4263402819633484 -0.6584556698799133 
vn 0.8099018931388855 -0.5865612626075745 0.002184694167226553 
vn 0.8099018931388855 -0.5865612626075745 0.002184694167226553 
vn -0.7075897455215454 -0.40416717529296875 -0.5796254277229309 
vn -0.06791467219591141 0.9976887702941895 0.002184694167226553 
vn -0.4264325797557831 -0.4638163447380066 -0.7765498161315918 
vn 0.7584388852119446 0.651740550994873 0.002184694167226553 
vn 0.15884283185005188 0.6304941773414612 -0.7597671151161194 
vn 0.005671467166393995 -0.619796872138977 -0.7847417593002319 
vt 0.32576632499694824 0 
vt 0.37469273805618286 0.0034183799289166927 
vt 0.2815983295440674 0.014039775356650352 
vt 0.331622838973999 0.019777769222855568 
vt 0.2945314943790436 0.03381754457950592 
vt 0.3854296803474426 0.027347039431333542 
vt 0.3570011258125305 0.0483456589281559 
vt 0.4191047251224518 0.057502035051584244 
vt 0.4241071939468384 0.00915637519210577 
vt 0.47437572479248047 0.019777769222855568 
vt 0.44680121541023254 0.038578860461711884 
vt 0.5119550824165344 0.05176404118537903 
vt 0.4985339045524597 0.07093138247728348 
vt 0.8373584151268005 0.862408459186554 
vt 0.8145423531532288 0.8614317774772644 
vt 0.8504136204719543 0.7294578552246094 
vt 0.8163725733757019 0.727870762348175 
vt 0.8184467554092407 0.6166513562202454 
vt 0.7875779271125793 0.7264057397842407 
vt 0.7844056487083435 0.6148200631141663 
vt 0.7669581174850464 0.6131108403205872 
vt 0.7852597236633301 0.5482837557792664 
vt 0.7672021389007568 0.546818733215332 
vt 0.7680562138557434 0.5092165470123291 
vt 0.7584173083305359 0.5455978512763977 
vt 0.7575632333755493 0.5086061358451843 
vt 0.7872118949890137 0.5101932287216187 
vt 0.8238152265548706 0.511780321598053 
vt 0.8213750123977661 0.5501149892807007 
vt 0.866641104221344 0.5520683526992798 
vt 0.8609065413475037 0.6186047196388245 
vt 0.9087348580360413 0.19191761314868927 
vt 0.9543669819831848 0.19191761314868927 
vt 0.9087348580360413 0.1568792313337326 
vt 0.9543669819831848 0.1568792313337326 
vt 0.9543669819831848 0.11537032574415207 
vt 0.9999991059303284 0.1568792313337326 
vt 0.9999991059303284 0.11537032574415207 
vt 0.9999991059303284 0.19191761314868927 
vt 0.8373584151268005 0.862408459186554 
vt 0.8504136204719543 0.7294578552246094 
vt 0.8145423531532288 0.8614317774772644 
vt 0.8163725733757019 0.727870762348175 
vt 0.7875779271125793 0.7264057397842407 
vt 0.8184467554092407 0.6166513562202454 
vt 0.7844056487083435 0.6148200631141663 
vt 0.7852597236633301 0.5482837557792664 
vt 0.7669581174850464 0.6131108403205872 
vt 0.7672021389007568 0.546818733215332 
vt 0.7584173083305359 0.5455978512763977 
vt 0.7680562138557434 0.5092165470123291 
vt 0.7575632333755493 0.5086061358451843 
vt 0.7558550834655762 0.483090341091156 
vt 0.8213750123977661 0.5501149892807007 
vt 0.8238152265548706 0.511780321598053 
vt 0.7872118949890137 0.5101932287216187 
vt 0.7878219485282898 0.48394495248794556 
vt 0.7675681710243225 0.4833345115184784 
vt 0.7667140960693359 0.4606266915798187 
vt 0.7540249228477478 0.4611150324344635 
vt 0.7528048157691956 0.43437841534614563 
vt 0.866641104221344 0.5520683526992798 
vt 0.8609065413475037 0.6186047196388245 
vt 0.8690813183784485 0.5138557553291321 
vt 0.8699353933334351 0.487485408782959 
vt 0.8246693015098572 0.4854099452495575 
vt 0.8246693015098572 0.46221381425857544 
vt 0.7875779271125793 0.4607487916946411 
vt 0.7873339056968689 0.43205881118774414 
vt 0.7661040425300598 0.4327913224697113 
vt 0.7656159996986389 0.4023921489715576 
vt 0.7518287301063538 0.40544429421424866 
vt 0.8699353933334351 0.46416717767715454 
vt 0.8699353933334351 0.4352330267429352 
vt 0.8246693015098572 0.4331575930118561 
vt 0.8246693015098572 0.40129339694976807 
vt 0.7872118949890137 0.4005608856678009 
vt 0.9087348580360413 0.37577763199806213 
vt 0.9543669819831848 0.37577763199806213 
vt 0.9087348580360413 0.3523373007774353 
vt 0.9543669819831848 0.3523373007774353 
vt 0.9543669819831848 0.32743197679519653 
vt 0.9999991059303284 0.3523373007774353 
vt 0.9999991059303284 0.32743197679519653 
vt 0.9999991059303284 0.37577763199806213 
vt 0.9087348580360413 0.11537032574415207 
vt 0.9087348580360413 0.060920413583517075 
vt 0.9543669819831848 0.060920413583517075 
vt 0.9999991059303284 0.060920413583517075 
vt 0.9543669819831848 0 
vt 0.9999991059303284 0 
vt 0.9087348580360413 0 
vt 0.9999991059303284 0.2999628484249115 
vt 0.9543669819831848 0.2999628484249115 
vt 0.9087348580360413 0.2999628484249115 
vt 0.957173228263855 0.26858699321746826 
vt 0.9143473505973816 0.26858699321746826 
vt 0.931550920009613 0.2315952479839325 
vt 0.9999991059303284 0.26858699321746826 
vt 0.9999991059303284 0.2315952479839325 
vt 0.9658360481262207 0.2315952479839325 
vt 0.9773050546646118 0.19191761314868927 
vt 0.95448899269104 0.19191761314868927 
vt 0.9087348580360413 0.32743197679519653 
vt 0.7927024364471436 0.8604550957679749 
vt 0.7725706100463867 0.8596004843711853 
vt 0.7691543102264404 0.7249407172203064 
vt 0.7559770941734314 0.7235978245735168 
vt 0.7580512762069702 0.6115237474441528 
vt 0.7531708478927612 0.8587458729743958 
vt 0.2413347065448761 0.027347039431333542 
vt 0.20924581587314606 0.03906720131635666 
vt 0.26951923966407776 0.04334017634391785 
vt 0.3299146890640259 0.047613151371479034 
vt 0.2473132461309433 0.055060334503650665 
vt 0.3440679609775543 0.053839486092329025 
vt 0.2897730767726898 0.08350613713264465 
vt 0.40604954957962036 0.06580381840467453 
vt 0.37359464168548584 0.09632506221532822 
vt 0.4630286991596222 0.11121943593025208 
vt 0.34480002522468567 0.12611380219459534 
vt 0.43740639090538025 0.141252338886261 
vt 0.41947075724601746 0.1692098081111908 
vt 0.5268404483795166 0.1550479531288147 
vt 0.510124921798706 0.1828833371400833 
vt 0.5977288484573364 0.19594642519950867 
vt 0.5013401508331299 0.20998619496822357 
vt 0.5890660285949707 0.22304929792881012 
vt 0.5888220071792603 0.2511288523674011 
vt 0.5010961294174194 0.23806574940681458 
vt 0.4071476459503174 0.22512474656105042 
vt 0.4092218279838562 0.19655685126781464 
vt 0.3084407448768616 0.18239499628543854 
vt 0.3230820596218109 0.15431544184684753 
vt 0.23254990577697754 0.14051982760429382 
vt 0.2582942247390747 0.11219611763954163 
vt 0.18764986097812653 0.10230723023414612 
vt 0.21851864457130432 0.07605895400047302 
vt 0.15336477756500244 0.07117555290460587 
vt 0.18118327856063843 0.05249654874205589 
vt 0.9613215923309326 0.39921796321868896 
vt 0.9155675172805786 0.39921796321868896 
vt 0.9613215923309326 0.43743056058883667 
vt 0.9155675172805786 0.43743056058883667 
vt 0.9155675172805786 0.4766198396682739 
vt 0.8699353933334351 0.43743056058883667 
vt 0.8699353933334351 0.4766198396682739 
vt 0.8699353933334351 0.39921796321868896 
vt 0.7518287301063538 0.8042959570884705 
vt 0.7518287301063538 0.7776814699172974 
vt 0.7429219484329224 0.8042959570884705 
vt 0.7429219484329224 0.7776814699172974 
vt 0.730110764503479 0.7776814699172974 
vt 0.7429219484329224 0.7489914894104004 
vt 0.7302327752113342 0.7489914894104004 
vt 0.7302327752113342 0.7163947820663452 
vt 0.7097349166870117 0.7489914894104004 
vt 0.7098569273948669 0.7163947820663452 
vt 0.6856987476348877 0.7163947820663452 
vt 0.7098569273948669 0.6807459592819214 
vt 0.6856987476348877 0.6807459592819214 
vt 0.6856987476348877 0.6430217027664185 
vt 0.7429219484329224 0.7163947820663452 
vt 0.7429219484329224 0.6807459592819214 
vt 0.7302327752113342 0.6807459592819214 
vt 0.7302327752113342 0.6430217027664185 
vt 0.7098569273948669 0.6430217027664185 
vt 0.7098569273948669 0.6065182685852051 
vt 0.6856987476348877 0.6065182685852051 
vt 0.6856987476348877 0.5745320320129395 
vt 0.7518287301063538 0.7163947820663452 
vt 0.7518287301063538 0.7489914894104004 
vt 0.7518287301063538 0.6807459592819214 
vt 0.7518287301063538 0.6430217027664185 
vt 0.7429219484329224 0.6430217027664185 
vt 0.7429219484329224 0.6065182685852051 
vt 0.7302327752113342 0.6065182685852051 
vt 0.7302327752113342 0.5745320320129395 
vt 0.7098569273948669 0.5745320320129395 
vt 0.7098569273948669 0.5457199215888977 
vt 0.6856987476348877 0.5457199215888977 
vt 0.7518287301063538 0.6065182685852051 
vt 0.7518287301063538 0.5745320320129395 
vt 0.7429219484329224 0.5745320320129395 
vt 0.7429219484329224 0.5457199215888977 
vt 0.7302327752113342 0.5457199215888977 
vt 0.7302327752113342 0.5188612341880798 
vt 0.7098569273948669 0.5188612341880798 
vt 0.7098569273948669 0.4927350580692291 
vt 0.6856987476348877 0.5188612341880798 
vt 0.6856987476348877 0.4927350580692291 
vt 0.7518287301063538 0.5457199215888977 
vt 0.7518287301063538 0.5188612341880798 
vt 0.7429219484329224 0.5188612341880798 
vt 0.7429219484329224 0.4927350580692291 
vt 0.7302327752113342 0.4927350580692291 
vt 0.7302327752113342 0.46563220024108887 
vt 0.7098569273948669 0.46563220024108887 
vt 0.7098569273948669 0.43755263090133667 
vt 0.6856987476348877 0.46563220024108887 
vt 0.6856987476348877 0.43755263090133667 
vt 0.7518287301063538 0.4927350580692291 
vt 0.7518287301063538 0.46563220024108887 
vt 0.7429219484329224 0.46563220024108887 
vt 0.7429219484329224 0.43755263090133667 
vt 0.7302327752113342 0.43755263090133667 
vt 0.7302327752113342 0.4086185097694397 
vt 0.7098569273948669 0.4086185097694397 
vt 0.7098569273948669 0.3740684390068054 
vt 0.6856987476348877 0.4086185097694397 
vt 0.6856987476348877 0.3740684390068054 
vt 0.7518287301063538 0.43755263090133667 
vt 0.7518287301063538 0.4086185097694397 
vt 0.7429219484329224 0.4086185097694397 
vt 0.7429219484329224 0.3740684390068054 
vt 0.7302327752113342 0.3740684390068054 
vt 0.7302327752113342 0.32938534021377563 
vt 0.7098569273948669 0.32938534021377563 
vt 0.7098569273948669 0.28311511874198914 
vt 0.6856987476348877 0.32938534021377563 
vt 0.6856987476348877 0.28311511874198914 
vt 0.7518287301063538 0.3740684390068054 
vt 0.7518287301063538 0.32938534021377563 
vt 0.7429219484329224 0.32938534021377563 
vt 0.7429219484329224 0.28311511874198914 
vt 0.7302327752113342 0.28311511874198914 
vt 0.7302327752113342 0.2436816543340683 
vt 0.7098569273948669 0.2436816543340683 
vt 0.7098569273948669 0.20302735269069672 
vt 0.6856987476348877 0.2436816543340683 
vt 0.6856987476348877 0.20302735269069672 
vt 0.7518287301063538 0.28311511874198914 
vt 0.7518287301063538 0.2436816543340683 
vt 0.7429219484329224 0.2436816543340683 
vt 0.7429219484329224 0.20302735269069672 
vt 0.7302327752113342 0.20302735269069672 
vt 0.7302327752113342 0.1528504192829132 
vt 0.7098569273948669 0.1528504192829132 
vt 0.7069286704063416 0.10084220767021179 
vt 0.6856987476348877 0.1528504192829132 
vt 0.6833805441856384 0.10084220767021179 
vt 0.7518287301063538 0.20302735269069672 
vt 0.7518287301063538 0.1528504192829132 
vt 0.7429219484329224 0.1528504192829132 
vt 0.7412137985229492 0.10084220767021179 
vt 0.7273045182228088 0.10084220767021179 
vt 0.7185197472572327 0.05457199364900589 
vt 0.6981438994407654 0.05457199364900589 
vt 0.6893590688705444 0.020632365718483925 
vt 0.6763039231300354 0.05457199364900589 
vt 0.6693493127822876 0.020632365718483925 
vt 0.7518287301063538 0.10084220767021179 
vt 0.7518287301063538 0.05457199364900589 
vt 0.7359672784805298 0.05457199364900589 
vt 0.7305988073348999 0.020632365718483925 
vt 0.7097349166870117 0.020632365718483925 
vt 0.7068066596984863 0.0056159100495278835 
vt 0.686430811882019 0.0056159100495278835 
vt 0.686430811882019 0 
vt 0.6670311093330383 0.0056159100495278835 
vt 0.6670311093330383 0 
vt 0.7518287301063538 0.020632365718483925 
vt 0.7518287301063538 0.0056159100495278835 
vt 0.7288906574249268 0.0056159100495278835 
vt 0.7288906574249268 0 
vt 0.7068066596984863 0 
vt 0.8699353933334351 0.5176404118537903 
vt 0.9155675172805786 0.5176404118537903 
vt 0.9613215923309326 0.5176404118537903 
vt 0.9155675172805786 0.5597597360610962 
vt 0.9613215923309326 0.5597597360610962 
vt 0.9613215923309326 0.6022453308105469 
vt 0.8699353933334351 0.5597597360610962 
vt 0.8699353933334351 0.6022453308105469 
vt 0.9155675172805786 0.6022453308105469 
vt 0.9155675172805786 0.6460738182067871 
vt 0.9613215923309326 0.6460738182067871 
vt 0.8699353933334351 0.6460738182067871 
vt 0.8699353933334351 0.6918556690216064 
vt 0.9155675172805786 0.6918556690216064 
vt 0.9155675172805786 0.7297020554542542 
vt 0.9613215923309326 0.6918556690216064 
vt 0.9613215923309326 0.7297020554542542 
vt 0.9613215923309326 0.4766198396682739 
vt 0.8699353933334351 0.7297020554542542 
vt 0.8699353933334351 0.7492356300354004 
vt 0.9155675172805786 0.7492356300354004 
vt 0.9155675172805786 0.7597349286079407 
vt 0.9613215923309326 0.7492356300354004 
vt 0.9613215923309326 0.7597349286079407 
vt 0.6670311093330383 0.10731271654367447 
vt 0.579427182674408 0.09388336539268494 
vt 0.6388465166091919 0.13832230865955353 
vt 0.5512426495552063 0.1250150352716446 
vt 0.5268404483795166 0.1550479531288147 
vt 0.4630286991596222 0.11121943593025208 
vt 0.43740639090538025 0.141252338886261 
vt 0.34480002522468567 0.12611380219459534 
vt 0.41947075724601746 0.1692098081111908 
vt 0.3230820596218109 0.15431544184684753 
vt 0.3084407448768616 0.18239499628543854 
vt 0.23254990577697754 0.14051982760429382 
vt 0.2124180942773819 0.16957606375217438 
vt 0.1351851373910904 0.15980926156044006 
vt 0.19777677953243256 0.20058564841747284 
vt 0.11493130773305893 0.19203969836235046 
vt 0.10126607865095139 0.22597932815551758 
vt 0.042212750762701035 0.18495877087116241 
vt 0.02256898023188114 0.21828797459602356 
vt 0.19082215428352356 0.23452527821063995 
vt 0.30197417736053467 0.24465833604335785 
vt 0.3006320595741272 0.21206164360046387 
vt 0.4071476459503174 0.22512474656105042 
vt 0.4092218279838562 0.19655685126781464 
vt 0.5013401508331299 0.20998619496822357 
vt 0.510124921798706 0.1828833371400833 
vt 0.5977288484573364 0.19594642519950867 
vt 0.6144443154335022 0.16823312640190125 
vt 0.7299887537956238 0.8042959570884705 
vt 0.7087588310241699 0.8042959570884705 
vt 0.7092468738555908 0.7776814699172974 
vt 0.6846006512641907 0.7776814699172974 
vt 0.6854547262191772 0.7489914894104004 
vt 0.6835025548934937 0.8042959570884705 
vt 0.9999991059303284 0 
vt 0.9999991059303284 0.060920413583517075 
vt 0.9543669819831848 0 
vt 0.9543669819831848 0.060920413583517075 
vt 0.9087348580360413 0.060920413583517075 
vt 0.9543669819831848 0.11537032574415207 
vt 0.9087348580360413 0.11537032574415207 
vt 0.9087348580360413 0.1568792313337326 
vt 0.9999991059303284 0.11537032574415207 
vt 0.9999991059303284 0.1568792313337326 
vt 0.9543669819831848 0.1568792313337326 
vt 0.9543669819831848 0.19191761314868927 
vt 0.9087348580360413 0.19191761314868927 
vt 0.9087348580360413 0 
vt 0.9087348580360413 0.016847729682922363 
vt 0.8998280763626099 0 
vt 0.8998280763626099 0.016847729682922363 
vt 0.8868948817253113 0.016847729682922363 
vt 0.8992180228233337 0.03638133034110069 
vt 0.8860408067703247 0.03638133034110069 
vt 0.8831125497817993 0.06140875443816185 
vt 0.8651769757270813 0.03638133034110069 
vt 0.8615165948867798 0.06140875443816185 
vt 0.836504340171814 0.06140875443816185 
vt 0.8555380702018738 0.09205208718776703 
vt 0.8302817940711975 0.09205208718776703 
vt 0.8234491944313049 0.12831133604049683 
vt 0.8976318836212158 0.06140875443816185 
vt 0.8947036266326904 0.09205208718776703 
vt 0.8779881000518799 0.09205208718776703 
vt 0.8701794147491455 0.12831133604049683 
vt 0.847485363483429 0.12831133604049683 
vt 0.8406527638435364 0.1689656376838684 
vt 0.8179587125778198 0.1689656376838684 
vt 0.8161285519599915 0.21230581402778625 
vt 0.9087348580360413 0.06140875443816185 
vt 0.9087348580360413 0.03638133034110069 
vt 0.9087348580360413 0.09205208718776703 
vt 0.9087348580360413 0.12831133604049683 
vt 0.8900672197341919 0.12831133604049683 
vt 0.8860408067703247 0.1689656376838684 
vt 0.8634687662124634 0.1689656376838684 
vt 0.8611505627632141 0.21230581402778625 
vt 0.8384565114974976 0.21230581402778625 
vt 0.8352842330932617 0.2502742409706116 
vt 0.8095399141311646 0.2455129325389862 
vt 0.9087348580360413 0.1689656376838684 
vt 0.9087348580360413 0.21230581402778625 
vt 0.8846986889839172 0.21230581402778625 
vt 0.8849427103996277 0.2550355792045593 
vt 0.8606625199317932 0.2539367973804474 
vt 0.8589543700218201 0.28897520899772644 
vt 0.8260114192962646 0.27456915378570557 
vt 0.815884530544281 0.2919052243232727 
vt 0.7897741198539734 0.2554018199443817 
vt 0.7734246850013733 0.2373332381248474 
vt 0.9087348580360413 0.2550355792045593 
vt 0.9087348580360413 0.2937365174293518 
vt 0.8854307532310486 0.2937365174293518 
vt 0.8860408067703247 0.3298736810684204 
vt 0.8571242094039917 0.3203510344028473 
vt 0.8559041023254395 0.350872278213501 
vt 0.8105159997940063 0.30911922454833984 
vt 0.8074657320976257 0.3260890245437622 
vt 0.7742787599563599 0.249785915017128 
vt 0.7692763209342957 0.25296011567115784 
vt 0.7657380104064941 0.18019746243953705 
vt 0.9087348580360413 0.3298736810684204 
vt 0.9087348580360413 0.3647899925708771 
vt 0.8860408067703247 0.3647899925708771 
vt 0.8859187960624695 0.39921796321868896 
vt 0.8549280166625977 0.3810272812843323 
vt 0.8402867317199707 0 
vt 0.865543007850647 0 
vt 0.8412628173828125 0.016847729682922363 
vt 0.8660310506820679 0.016847729682922363 
vt 0.886772871017456 0 
vt 0.9613215923309326 0.8549612760543823 
vt 0.9155675172805786 0.8549612760543823 
vt 0.9613215923309326 0.8467815518379211 
vt 0.9155675172805786 0.8467815518379211 
vt 0.9155675172805786 0.8307884335517883 
vt 0.8699353933334351 0.8467815518379211 
vt 0.8699353933334351 0.8307884335517883 
vt 0.8699353933334351 0.8549612760543823 
vt 0.8405307531356812 0.03638133034110069 
vt 0.9999991059303284 0.37577763199806213 
vt 0.9543669819831848 0.37577763199806213 
vt 0.9999991059303284 0.3523373007774353 
vt 0.9543669819831848 0.3523373007774353 
vt 0.9543669819831848 0.32743197679519653 
vt 0.9087348580360413 0.3523373007774353 
vt 0.9087348580360413 0.32743197679519653 
vt 0.9087348580360413 0.37577763199806213 
vt 0.9613215923309326 0.8307884335517883 
vt 0.9613215923309326 0.7991684079170227 
vt 0.9155675172805786 0.7991684079170227 
vt 0.8699353933334351 0.7991684079170227 
vt 0.9155675172805786 0.7597349286079407 
vt 0.8699353933334351 0.7597349286079407 
vt 0.9613215923309326 0.7597349286079407 
vt 0.6670311093330383 0 
vt 0.686430811882019 0 
vt 0.6670311093330383 0.0056159100495278835 
vt 0.686430811882019 0.0056159100495278835 
vt 0.6893590688705444 0.020632365718483925 
vt 0.7068066596984863 0.0056159100495278835 
vt 0.7097349166870117 0.020632365718483925 
vt 0.7305988073348999 0.020632365718483925 
vt 0.7185197472572327 0.05457199364900589 
vt 0.7359672784805298 0.05457199364900589 
vt 0.7412137985229492 0.10084220767021179 
vt 0.7518287301063538 0.05457199364900589 
vt 0.7518287301063538 0.10084220767021179 
vt 0.7273045182228088 0.10084220767021179 
vt 0.7069286704063416 0.10084220767021179 
vt 0.6981438994407654 0.05457199364900589 
vt 0.6763039231300354 0.05457199364900589 
vt 0.6693493127822876 0.020632365718483925 
vt 0.9999991059303284 0.32743197679519653 
vt 0.9999991059303284 0.2999628484249115 
vt 0.9543669819831848 0.2999628484249115 
vt 0.9087348580360413 0.2999628484249115 
vt 0.957173228263855 0.26858699321746826 
vt 0.9143473505973816 0.26858699321746826 
vt 0.931550920009613 0.2315952479839325 
vt 0.9999991059303284 0.26858699321746826 
vt 0.9999991059303284 0.2315952479839325 
vt 0.9658360481262207 0.2315952479839325 
vt 0.9773050546646118 0.19191761314868927 
vt 0.95448899269104 0.19191761314868927 
vt 0.6670311093330383 0.8042959570884705 
vt 0.6994860172271729 0.8042959570884705 
vt 0.6670311093330383 0.8434852361679077 
vt 0.6994860172271729 0.8434852361679077 
vt 0.6994860172271729 0.8826745748519897 
vt 0.7247422933578491 0.8434852361679077 
vt 0.7247422933578491 0.8826745748519897 
vt 0.7359672784805298 0.8826745748519897 
vt 0.7247422933578491 0.8042959570884705 
vt 0.7359672784805298 0.8042959570884705 
vt 0.7359672784805298 0.8434852361679077 
vt 0.7402376532554626 0.8434852361679077 
vt 0.7402376532554626 0.8826745748519897 
vt 0.7518287301063538 0.1528504192829132 
vt 0.7429219484329224 0.1528504192829132 
vt 0.7302327752113342 0.1528504192829132 
vt 0.7429219484329224 0.20302735269069672 
vt 0.7302327752113342 0.20302735269069672 
vt 0.7302327752113342 0.2436816543340683 
vt 0.7098569273948669 0.20302735269069672 
vt 0.7098569273948669 0.2436816543340683 
vt 0.6856987476348877 0.2436816543340683 
vt 0.7098569273948669 0.28311511874198914 
vt 0.6856987476348877 0.28311511874198914 
vt 0.6856987476348877 0.32938534021377563 
vt 0.6856987476348877 0.20302735269069672 
vt 0.6856987476348877 0.1528504192829132 
vt 0.7098569273948669 0.1528504192829132 
vt 0.7518287301063538 0.20302735269069672 
vt 0.7518287301063538 0.2436816543340683 
vt 0.7429219484329224 0.2436816543340683 
vt 0.7429219484329224 0.28311511874198914 
vt 0.7302327752113342 0.28311511874198914 
vt 0.7302327752113342 0.32938534021377563 
vt 0.7098569273948669 0.32938534021377563 
vt 0.7098569273948669 0.3740684390068054 
vt 0.6856987476348877 0.3740684390068054 
vt 0.7518287301063538 0.28311511874198914 
vt 0.7518287301063538 0.32938534021377563 
vt 0.7429219484329224 0.32938534021377563 
vt 0.7429219484329224 0.3740684390068054 
vt 0.7302327752113342 0.3740684390068054 
vt 0.7302327752113342 0.4086185097694397 
vt 0.7098569273948669 0.4086185097694397 
vt 0.7098569273948669 0.43755263090133667 
vt 0.6856987476348877 0.4086185097694397 
vt 0.6856987476348877 0.43755263090133667 
vt 0.7518287301063538 0.3740684390068054 
vt 0.7518287301063538 0.4086185097694397 
vt 0.7429219484329224 0.4086185097694397 
vt 0.7429219484329224 0.43755263090133667 
vt 0.7302327752113342 0.43755263090133667 
vt 0.7302327752113342 0.46563220024108887 
vt 0.7098569273948669 0.46563220024108887 
vt 0.7098569273948669 0.4927350580692291 
vt 0.6856987476348877 0.46563220024108887 
vt 0.6856987476348877 0.4927350580692291 
vt 0.7518287301063538 0.43755263090133667 
vt 0.7518287301063538 0.46563220024108887 
vt 0.7429219484329224 0.46563220024108887 
vt 0.7429219484329224 0.4927350580692291 
vt 0.7302327752113342 0.4927350580692291 
vt 0.7302327752113342 0.5188612341880798 
vt 0.7098569273948669 0.5188612341880798 
vt 0.7098569273948669 0.5457199215888977 
vt 0.6856987476348877 0.5188612341880798 
vt 0.6856987476348877 0.5457199215888977 
vt 0.7518287301063538 0.4927350580692291 
vt 0.7518287301063538 0.5188612341880798 
vt 0.7429219484329224 0.5188612341880798 
vt 0.7429219484329224 0.5457199215888977 
vt 0.7302327752113342 0.5457199215888977 
vt 0.7302327752113342 0.5745320320129395 
vt 0.7098569273948669 0.5745320320129395 
vt 0.7098569273948669 0.6065182685852051 
vt 0.6856987476348877 0.5745320320129395 
vt 0.6856987476348877 0.6065182685852051 
vt 0.7518287301063538 0.5457199215888977 
vt 0.7518287301063538 0.5745320320129395 
vt 0.7429219484329224 0.5745320320129395 
vt 0.7429219484329224 0.6065182685852051 
vt 0.7302327752113342 0.6065182685852051 
vt 0.7302327752113342 0.6430217027664185 
vt 0.7098569273948669 0.6430217027664185 
vt 0.7098569273948669 0.6807459592819214 
vt 0.6856987476348877 0.6430217027664185 
vt 0.6856987476348877 0.6807459592819214 
vt 0.7518287301063538 0.6065182685852051 
vt 0.7518287301063538 0.6430217027664185 
vt 0.7429219484329224 0.6430217027664185 
vt 0.7429219484329224 0.6807459592819214 
vt 0.7302327752113342 0.6807459592819214 
vt 0.7302327752113342 0.7163947820663452 
vt 0.7098569273948669 0.7163947820663452 
vt 0.7097349166870117 0.7489914894104004 
vt 0.6856987476348877 0.7163947820663452 
vt 0.6854547262191772 0.7489914894104004 
vt 0.7518287301063538 0.6807459592819214 
vt 0.7518287301063538 0.7163947820663452 
vt 0.7429219484329224 0.7163947820663452 
vt 0.7429219484329224 0.7489914894104004 
vt 0.7302327752113342 0.7489914894104004 
vt 0.730110764503479 0.7776814699172974 
vt 0.7092468738555908 0.7776814699172974 
vt 0.7087588310241699 0.8042959570884705 
vt 0.6846006512641907 0.7776814699172974 
vt 0.6835025548934937 0.8042959570884705 
vt 0.7518287301063538 0.7489914894104004 
vt 0.7518287301063538 0.7776814699172974 
vt 0.7429219484329224 0.7776814699172974 
vt 0.7429219484329224 0.8042959570884705 
vt 0.7299887537956238 0.8042959570884705 
vt 0.5169575810432434 0.979732096195221 
vt 0.552706778049469 0.9565359950065613 
vt 0.5156154036521912 0.9686223864555359 
vt 0.5374553799629211 0.9437170624732971 
vt 0.5134192109107971 0.9389557242393494 
vt 0.5557570457458496 0.9123411774635315 
vt 0.5135412216186523 0.9074578285217285 
vt 0.4973137676715851 0.8622863292694092 
vt 0.4531458020210266 0.9203988313674927 
vt 0.4043413996696472 0.8722973465919495 
vt 0.3072206377983093 0.887069582939148 
vt 0.35626906156539917 0.8281025290489197 
vt 0.23193985223770142 0.8390902280807495 
vt 0.20717161893844604 0.8199228644371033 
vt 0.13091474771499634 0.8472698926925659 
vt 0.10053400695323944 0.8279804587364197 
vt 0.007073583081364632 0.8353055715560913 
vt 0.1048043966293335 0.8144290447235107 
vt 0.013662177138030529 0.8212658166885376 
vt 0.028669530525803566 0.789889931678772 
vt 0.5673481225967407 0.8679022789001465 
vt 0.572960615158081 0.8287129998207092 
vt 0.4785240888595581 0.8221203684806824 
vt 0.471081405878067 0.8058831095695496 
vt 0.33979758620262146 0.8104002475738525 
vt 0.33772340416908264 0.7980696558952332 
vt 0.20863576233386993 0.8069818615913391 
vt 0.21180804073810577 0.7776814699172974 
vt 0.1143212541937828 0.7840298414230347 
vt 0.12383811175823212 0.741300106048584 
vt 0.04428693652153015 0.7459393739700317 
vt 0.052827708423137665 0.6941753029823303 
vt 0.573448657989502 0.8128419518470764 
vt 0.567470133304596 0.8013659119606018 
vt 0.4660789668560028 0.794162929058075 
vt 0.45485395193099976 0.7679146528244019 
vt 0.3330869674682617 0.7704784274101257 
vt 0.3269864320755005 0.7311670780181885 
vt 0.2143702656030655 0.7364166975021362 
vt 0.21400423347949982 0.6874606609344482 
vt 0.1282305121421814 0.6907569169998169 
vt 0.1282305121421814 0.6399695873260498 
vt 0.055023904889822006 0.6427775025367737 
vt 0.051485586911439896 0.599925696849823 
vt 0.5540488958358765 0.7756059765815735 
vt 0.5381874442100525 0.7386142611503601 
vt 0.4415547549724579 0.7303124666213989 
vt 0.4302077293395996 0.6848968267440796 
vt 0.3206418454647064 0.6841643452644348 
vt 0.3151513636112213 0.6347199082374573 
vt 0.21156401932239532 0.6372836828231812 
vt 0.20814770460128784 0.5922343134880066 
vt 0.12469218671321869 0.5961410403251648 
vt 0.11822560429573059 0.5525566935539246 
vt 0.043066829442977905 0.5573180317878723 
vt 0.03037768416106701 0.5065306425094604 
vt 0.5250102877616882 0.6936869621276855 
vt 0.5158594250679016 0.6449750661849976 
vt 0.4221549928188324 0.6360628604888916 
vt 0.41849467158317566 0.5882055163383484 
vt 0.3116130530834198 0.5880834460258484 
vt 0.3101488947868347 0.542301595211029 
vt 0.20375531911849976 0.5476732850074768 
vt 0.1989968866109848 0.4990834891796112 
vt 0.10919678956270218 0.502868115901947 
vt 0.10126607865095139 0.4533016085624695 
vt 0.017566528171300888 0.4573304057121277 
vt 0.008781736716628075 0.41972821950912476 
vt 0.5119550824165344 0.5966293811798096 
vt 0.5134192109107971 0.5493825078010559 
vt 0.419226735830307 0.5413249135017395 
vt 0.4242292046546936 0.4955430030822754 
vt 0.3106369376182556 0.495298832654953 
vt 0.31478533148765564 0.44817402958869934 
vt 0.19643466174602509 0.45000532269477844 
vt 0.19875286519527435 0.40361300110816956 
vt 0.09760574251413345 0.410327672958374 
vt 0.09662965685129166 0.37565553188323975 
vt 0.0034132529981434345 0.3885965645313263 
vt 0.000973033020272851 0.35905197262763977 
vt 0.520007848739624 0.5042110681533813 
vt 0.5320869088172913 0.46001628041267395 
vt 0.4341120719909668 0.4506157338619232 
vt 0.4496074914932251 0.40605470538139343 
vt 0.32442420721054077 0.40202590823173523 
vt 0.33418506383895874 0.36527833342552185 
vt 0.20265722274780273 0.3666212558746338 
vt 0.20460939407348633 0.3458667993545532 
vt 0.09626362472772598 0.35111644864082336 
vt 0.09626362472772598 0.3319491147994995 
vt 0.0006070000235922635 0.33097243309020996 
vt 0.0014610770158469677 0.3039916455745697 
vt 0.09614161401987076 0.3140026330947876 
vt 0.2039993405342102 0.3224264979362488 
vt 0.09626362472772598 0.2919052243232727 
vt 0.20070503652095795 0.3044799864292145 
vt 0.1939944326877594 0.2722495496273041 
vt 0.3304027318954468 0.3124155104160309 
vt 0.3151513636112213 0.28128382563591003 
vt 0.4367963373661041 0.29056230187416077 
vt 0.41556641459465027 0.2558901607990265 
vt 0.5118330717086792 0.26846492290496826 
vt 0.5010961294174194 0.23806574940681458 
vt 0.5888220071792603 0.2511288523674011 
vt 0.5890660285949707 0.22304929792881012 
vt 0.20509743690490723 0.3336583077907562 
vt 0.3404076397418976 0.3367104232311249 
vt 0.33930954337120056 0.346233069896698 
vt 0.4720574915409088 0.3519710600376129 
vt 0.46437081694602966 0.3704058825969696 
vt 0.5662499666213989 0.3807831108570099 
vt 0.5497785210609436 0.41606569290161133 
vt 0.6373823881149292 0.4291287660598755 
vt 0.6195688247680664 0.4729572832584381 
vt 0.6070016622543335 0.5169078707695007 
vt 0.6539759039878845 0.39384621381759644 
vt 0.6625166535377502 0.37565553188323975 
vt 0.5747907757759094 0.3625924587249756 
vt 0.5766209363937378 0.35343608260154724 
vt 0.4736436605453491 0.3426925837993622 
vt 0.47034934163093567 0.3345128893852234 
vt 0.3380894362926483 0.3281644880771637 
vt 0.6643468141555786 0.3664991557598114 
vt 0.6606864929199219 0.358441561460495 
vt 0.572960615158081 0.34537845849990845 
vt 0.5605154633522034 0.33097243309020996 
vt 0.4591243267059326 0.3197406232357025 
vt 0.6481193900108337 0.3440355360507965 
vt 0.6235951781272888 0.31534555554389954 
vt 0.5358692407608032 0.302282452583313 
vt 0.7734246850013733 0.2373332381248474 
vt 0.7772070169448853 0.18666796386241913 
vt 0.7742787599563599 0.249785915017128 
vt 0.7714725136756897 0.1833716630935669 
vt 0.5995590090751648 0.2815279960632324 
vt 0.8699353933334351 0.7597349286079407 
vt 0.8699353933334351 0.7492356300354004 
vt 0.9155675172805786 0.7597349286079407 
vt 0.9155675172805786 0.7492356300354004 
vt 0.9613215923309326 0.7492356300354004 
vt 0.9155675172805786 0.7297020554542542 
vt 0.9613215923309326 0.7297020554542542 
vt 0.9613215923309326 0.6918556690216064 
vt 0.8699353933334351 0.7297020554542542 
vt 0.8699353933334351 0.6918556690216064 
vt 0.9155675172805786 0.6918556690216064 
vt 0.9155675172805786 0.6460738182067871 
vt 0.9613215923309326 0.6460738182067871 
vt 0.8699353933334351 0.6460738182067871 
vt 0.8699353933334351 0.6022453308105469 
vt 0.9155675172805786 0.6022453308105469 
vt 0.9155675172805786 0.5597597360610962 
vt 0.9613215923309326 0.6022453308105469 
vt 0.9613215923309326 0.5597597360610962 
vt 0.5051224827766418 0.9634948372840881 
vt 0.4764499068260193 0.9699653387069702 
vt 0.47217950224876404 0.9499433636665344 
vt 0.4247172474861145 0.9654482007026672 
vt 0.3868938386440277 0.9378569722175598 
vt 0.3271084427833557 0.946280837059021 
vt 0.2248632162809372 0.8953713774681091 
vt 0.14994846284389496 0.9002547860145569 
vt 0.04160269722342491 0.8541066646575928 
vt 0.27049532532691956 0.9501875638961792 
vt 0.34113970398902893 0.9800983667373657 
vt 0.3817693591117859 0.9743604063987732 
vt 0.4126381576061249 0.9912081360816956 
vt 0.4415547549724579 0.9814413189888 
vt 0.00451135216280818 0.27701085805892944 
vt 0.01085592433810234 0.24868714809417725 
vt 0.09650764614343643 0.26101773977279663 
vt 0.7714725136756897 0.1833716630935669 
vt 0.7772070169448853 0.18666796386241913 
vt 0.7742787599563599 0.249785915017128 
vt 0.7734246850013733 0.2373332381248474 
vt 0.7911162972450256 0.11952121555805206 
vt 0.7772070169448853 0.18666796386241913 
vt 0.7852597236633301 0.11353904753923416 
vt 0.7518287301063538 0.40544429421424866 
vt 0.7656159996986389 0.4023921489715576 
vt 0.7528048157691956 0.43437841534614563 
vt 0.7661040425300598 0.4327913224697113 
vt 0.7667140960693359 0.4606266915798187 
vt 0.7873339056968689 0.43205881118774414 
vt 0.7875779271125793 0.4607487916946411 
vt 0.8246693015098572 0.46221381425857544 
vt 0.7878219485282898 0.48394495248794556 
vt 0.8246693015098572 0.4854099452495575 
vt 0.8699353933334351 0.487485408782959 
vt 0.8690813183784485 0.5138557553291321 
vt 0.7675681710243225 0.4833345115184784 
vt 0.7558550834655762 0.483090341091156 
vt 0.7540249228477478 0.4611150324344635 
vt 0.8699353933334351 0.46416717767715454 
vt 0.8699353933334351 0.4352330267429352 
vt 0.8246693015098572 0.4331575930118561 
vt 0.8246693015098572 0.40129339694976807 
vt 0.7872118949890137 0.4005608856678009 
vt 0.5889440178871155 0.9261367917060852 
vt 0.6260353922843933 0.8815757632255554 
vt 0.6536098718643188 0.8416540026664734 
vt 0.661296546459198 0.8255387544631958 
vt 0.655318021774292 0.814184844493866 
vt 0.6417748332023621 0.7884249091148376 
vt 0.6257913708686829 0.7515552639961243 
vt 0.6123701333999634 0.7066279649734497 
vt 0.6027312874794006 0.6576718688011169 
vt 0.598582923412323 0.6092041730880737 
vt 0.5999250411987305 0.5619572401046753 
vt 0.9087348580360413 0 
vt 0.8998280763626099 0 
vt 0.9087348580360413 0.016847729682922363 
vt 0.8998280763626099 0.016847729682922363 
vt 0.8992180228233337 0.03638133034110069 
vt 0.8868948817253113 0.016847729682922363 
vt 0.8860408067703247 0.03638133034110069 
vt 0.8651769757270813 0.03638133034110069 
vt 0.8831125497817993 0.06140875443816185 
vt 0.8615165948867798 0.06140875443816185 
vt 0.8555380702018738 0.09205208718776703 
vt 0.836504340171814 0.06140875443816185 
vt 0.8302817940711975 0.09205208718776703 
vt 0.8779881000518799 0.09205208718776703 
vt 0.8947036266326904 0.09205208718776703 
vt 0.8976318836212158 0.06140875443816185 
vt 0.9087348580360413 0.06140875443816185 
vt 0.9087348580360413 0.03638133034110069 
vt 0.8234491944313049 0.12831133604049683 
vt 0.847485363483429 0.12831133604049683 
vt 0.8701794147491455 0.12831133604049683 
vt 0.8406527638435364 0.1689656376838684 
vt 0.8634687662124634 0.1689656376838684 
vt 0.8611505627632141 0.21230581402778625 
vt 0.8860408067703247 0.1689656376838684 
vt 0.8846986889839172 0.21230581402778625 
vt 0.9087348580360413 0.21230581402778625 
vt 0.8849427103996277 0.2550355792045593 
vt 0.9087348580360413 0.2550355792045593 
vt 0.9087348580360413 0.2937365174293518 
vt 0.9087348580360413 0.1689656376838684 
vt 0.9087348580360413 0.12831133604049683 
vt 0.8900672197341919 0.12831133604049683 
vt 0.9087348580360413 0.09205208718776703 
vt 0.8606625199317932 0.2539367973804474 
vt 0.8589543700218201 0.28897520899772644 
vt 0.8352842330932617 0.2502742409706116 
vt 0.8260114192962646 0.27456915378570557 
vt 0.7897741198539734 0.2554018199443817 
vt 0.815884530544281 0.2919052243232727 
vt 0.7734246850013733 0.2373332381248474 
vt 0.7742787599563599 0.249785915017128 
vt 0.8384565114974976 0.21230581402778625 
vt 0.8161285519599915 0.21230581402778625 
vt 0.8179587125778198 0.1689656376838684 
vt 0.8095399141311646 0.2455129325389862 
vt 0.6670311093330383 0.8042959570884705 
vt 0.6670311093330383 0.8434852361679077 
vt 0.6994860172271729 0.8042959570884705 
vt 0.6994860172271729 0.8434852361679077 
vt 0.7247422933578491 0.8434852361679077 
vt 0.6994860172271729 0.8826745748519897 
vt 0.7247422933578491 0.8826745748519897 
vt 0.6670311093330383 0.8826745748519897 
vt 0.6670311093330383 0.10731271654367447 
vt 0.6388465166091919 0.13832230865955353 
vt 0.579427182674408 0.09388336539268494 
vt 0.5512426495552063 0.1250150352716446 
vt 0.6144443154335022 0.16823312640190125 
vt 0.4923113286495209 0.08008775860071182 
vt 0.3867718279361725 0.9999982118606567 
vt 0.34113970398902893 0.9800983667373657 
vt 0.4126381576061249 0.9912081360816956 
vt 0.3817693591117859 0.9743604063987732 
vt 0.4247172474861145 0.9654482007026672 
vt 0.3271084427833557 0.946280837059021 
vt 0.3868938386440277 0.9378569722175598 
vt 0.3072206377983093 0.887069582939148 
vt 0.4531458020210266 0.9203988313674927 
vt 0.4043413996696472 0.8722973465919495 
vt 0.4973137676715851 0.8622863292694092 
vt 0.35626906156539917 0.8281025290489197 
vt 0.4785240888595581 0.8221203684806824 
vt 0.471081405878067 0.8058831095695496 
vt 0.572960615158081 0.8287129998207092 
vt 0.573448657989502 0.8128419518470764 
vt 0.661296546459198 0.8255387544631958 
vt 0.567470133304596 0.8013659119606018 
vt 0.655318021774292 0.814184844493866 
vt 0.6417748332023621 0.7884249091148376 
vt 0.2248632162809372 0.8953713774681091 
vt 0.13091474771499634 0.8472698926925659 
vt 0.23193985223770142 0.8390902280807495 
vt 0.20717161893844604 0.8199228644371033 
vt 0.33979758620262146 0.8104002475738525 
vt 0.33772340416908264 0.7980696558952332 
vt 0.4660789668560028 0.794162929058075 
vt 0.45485395193099976 0.7679146528244019 
vt 0.5540488958358765 0.7756059765815735 
vt 0.5381874442100525 0.7386142611503601 
vt 0.6257913708686829 0.7515552639961243 
vt 0.6123701333999634 0.7066279649734497 
vt 0.10053400695323944 0.8279804587364197 
vt 0.1048043966293335 0.8144290447235107 
vt 0.20863576233386993 0.8069818615913391 
vt 0.21180804073810577 0.7776814699172974 
vt 0.3330869674682617 0.7704784274101257 
vt 0.3269864320755005 0.7311670780181885 
vt 0.4415547549724579 0.7303124666213989 
vt 0.4302077293395996 0.6848968267440796 
vt 0.5250102877616882 0.6936869621276855 
vt 0.5158594250679016 0.6449750661849976 
vt 0.6027312874794006 0.6576718688011169 
vt 0.598582923412323 0.6092041730880737 
vt 0.1143212541937828 0.7840298414230347 
vt 0.12383811175823212 0.741300106048584 
vt 0.2143702656030655 0.7364166975021362 
vt 0.21400423347949982 0.6874606609344482 
vt 0.3206418454647064 0.6841643452644348 
vt 0.3151513636112213 0.6347199082374573 
vt 0.4221549928188324 0.6360628604888916 
vt 0.41849467158317566 0.5882055163383484 
vt 0.5119550824165344 0.5966293811798096 
vt 0.5134192109107971 0.5493825078010559 
vt 0.5999250411987305 0.5619572401046753 
vt 0.6070016622543335 0.5169078707695007 
vt 0.1282305121421814 0.6907569169998169 
vt 0.1282305121421814 0.6399695873260498 
vt 0.21156401932239532 0.6372836828231812 
vt 0.20814770460128784 0.5922343134880066 
vt 0.3116130530834198 0.5880834460258484 
vt 0.3101488947868347 0.542301595211029 
vt 0.419226735830307 0.5413249135017395 
vt 0.4242292046546936 0.4955430030822754 
vt 0.520007848739624 0.5042110681533813 
vt 0.5320869088172913 0.46001628041267395 
vt 0.6195688247680664 0.4729572832584381 
vt 0.6373823881149292 0.4291287660598755 
vt 0.12469218671321869 0.5961410403251648 
vt 0.11822560429573059 0.5525566935539246 
vt 0.20375531911849976 0.5476732850074768 
vt 0.1989968866109848 0.4990834891796112 
vt 0.3106369376182556 0.495298832654953 
vt 0.31478533148765564 0.44817402958869934 
vt 0.4341120719909668 0.4506157338619232 
vt 0.4496074914932251 0.40605470538139343 
vt 0.5497785210609436 0.41606569290161133 
vt 0.5662499666213989 0.3807831108570099 
vt 0.6539759039878845 0.39384621381759644 
vt 0.6625166535377502 0.37565553188323975 
vt 0.10919678956270218 0.502868115901947 
vt 0.10126607865095139 0.4533016085624695 
vt 0.19643466174602509 0.45000532269477844 
vt 0.19875286519527435 0.40361300110816956 
vt 0.32442420721054077 0.40202590823173523 
vt 0.33418506383895874 0.36527833342552185 
vt 0.46437081694602966 0.3704058825969696 
vt 0.4720574915409088 0.3519710600376129 
vt 0.5747907757759094 0.3625924587249756 
vt 0.5766209363937378 0.35343608260154724 
vt 0.6643468141555786 0.3664991557598114 
vt 0.6606864929199219 0.358441561460495 
vt 0.09760574251413345 0.410327672958374 
vt 0.09662965685129166 0.37565553188323975 
vt 0.20265722274780273 0.3666212558746338 
vt 0.20460939407348633 0.3458667993545532 
vt 0.33930954337120056 0.346233069896698 
vt 0.3404076397418976 0.3367104232311249 
vt 0.4736436605453491 0.3426925837993622 
vt 0.47034934163093567 0.3345128893852234 
vt 0.572960615158081 0.34537845849990845 
vt 0.5605154633522034 0.33097243309020996 
vt 0.6481193900108337 0.3440355360507965 
vt 0.6235951781272888 0.31534555554389954 
vt 0.09626362472772598 0.35111644864082336 
vt 0.09626362472772598 0.3319491147994995 
vt 0.20509743690490723 0.3336583077907562 
vt 0.2039993405342102 0.3224264979362488 
vt 0.3380894362926483 0.3281644880771637 
vt 0.3304027318954468 0.3124155104160309 
vt 0.4591243267059326 0.3197406232357025 
vt 0.4367963373661041 0.29056230187416077 
vt 0.5358692407608032 0.302282452583313 
vt 0.5118330717086792 0.26846492290496826 
vt 0.5995590090751648 0.2815279960632324 
vt 0.09614161401987076 0.3140026330947876 
vt 0.09626362472772598 0.2919052243232727 
vt 0.20070503652095795 0.3044799864292145 
vt 0.1939944326877594 0.2722495496273041 
vt 0.3151513636112213 0.28128382563591003 
vt 0.30197417736053467 0.24465833604335785 
vt 0.41556641459465027 0.2558901607990265 
vt 0.7927024364471436 0.8604550957679749 
vt 0.7725706100463867 0.8596004843711853 
vt 0.7691543102264404 0.7249407172203064 
vt 0.7559770941734314 0.7235978245735168 
vt 0.7580512762069702 0.6115237474441528 
vt 0.47217950224876404 0.9499433636665344 
vt 0.4764499068260193 0.9699653387069702 
vt 0.5134192109107971 0.9389557242393494 
vt 0.5051224827766418 0.9634948372840881 
vt 0.5156154036521912 0.9686223864555359 
vt 0.5135412216186523 0.9074578285217285 
vt 0.5557570457458496 0.9123411774635315 
vt 0.5673481225967407 0.8679022789001465 
vt 0.6260353922843933 0.8815757632255554 
vt 0.6536098718643188 0.8416540026664734 
vt 0.5374553799629211 0.9437170624732971 
vt 0.552706778049469 0.9565359950065613 
vt 0.5169575810432434 0.979732096195221 
vt 0.5889440178871155 0.9261367917060852 
vt 0.7795252203941345 0.10755688697099686 
vt 0.7657380104064941 0.18019746243953705 
vt 0.7852597236633301 0.11353904753923416 
vt 0.7772070169448853 0.18666796386241913 
vt 0.7692763209342957 0.25296011567115784 
vt 0.8074657320976257 0.3260890245437622 
vt 0.8105159997940063 0.30911922454833984 
vt 0.8559041023254395 0.350872278213501 
vt 0.8571242094039917 0.3203510344028473 
vt 0.8860408067703247 0.3298736810684204 
vt 0.8854307532310486 0.2937365174293518 
vt 0.8549280166625977 0.3810272812843323 
vt 0.8859187960624695 0.39921796321868896 
vt 0.8860408067703247 0.3647899925708771 
vt 0.9087348580360413 0.3647899925708771 
vt 0.9087348580360413 0.3298736810684204 
vt 0.7402376532554626 0.8826745748519897 
vt 0.7402376532554626 0.8434852361679077 
vt 0.7359672784805298 0.8826745748519897 
vt 0.7359672784805298 0.8434852361679077 
vt 0.7359672784805298 0.8042959570884705 
vt 0.7247422933578491 0.8042959570884705 
vt 0.7402376532554626 0.8042959570884705 
vt 0.7518287301063538 0.020632365718483925 
vt 0.7518287301063538 0.0056159100495278835 
vt 0.7288906574249268 0.0056159100495278835 
vt 0.7288906574249268 0 
vt 0.7068066596984863 0 
vt 0.06734701991081238 0.15175165235996246 
vt 0.09565357118844986 0.12135248631238937 
vt 0.15970934927463531 0.13014261424541473 
vt 0.18764986097812653 0.10230723023414612 
vt 0.2582942247390747 0.11219611763954163 
vt 0.2897730767726898 0.08350613713264465 
vt 0.37359464168548584 0.09632506221532822 
vt 0.40604954957962036 0.06580381840467453 
vt 0.4923113286495209 0.08008775860071182 
vt 0.3440679609775543 0.053839486092329025 
vt 0.2473132461309433 0.055060334503650665 
vt 0.21851864457130432 0.07605895400047302 
vt 0.15336477756500244 0.07117555290460587 
vt 0.12505821883678436 0.09437170624732971 
vt 0.6833805441856384 0.10084220767021179 
vt 0.8699353933334351 0.39921796321868896 
vt 0.9155675172805786 0.39921796321868896 
vt 0.8699353933334351 0.43743056058883667 
vt 0.9155675172805786 0.43743056058883667 
vt 0.9155675172805786 0.4766198396682739 
vt 0.9613215923309326 0.43743056058883667 
vt 0.9613215923309326 0.4766198396682739 
vt 0.9613215923309326 0.5176404118537903 
vt 0.9155675172805786 0.5176404118537903 
vt 0.8699353933334351 0.5176404118537903 
vt 0.8699353933334351 0.5597597360610962 
vt 0.9613215923309326 0.39921796321868896 
vt 0.8699353933334351 0.4766198396682739 
vt 0.19082215428352356 0.23452527821063995 
vt 0.19777677953243256 0.20058564841747284 
vt 0.10126607865095139 0.22597932815551758 
vt 0.11493130773305893 0.19203969836235046 
vt 0.042212750762701035 0.18495877087116241 
vt 0.1351851373910904 0.15980926156044006 
vt 0.06734701991081238 0.15175165235996246 
vt 0.09565357118844986 0.12135248631238937 
vt 0.15970934927463531 0.13014261424541473 
vt 0.2124180942773819 0.16957606375217438 
vt 0.3006320595741272 0.21206164360046387 
vt 0.09650764614343643 0.26101773977279663 
vt 0.01085592433810234 0.24868714809417725 
vt 0.00451135216280818 0.27701085805892944 
vt 0.0014610770158469677 0.3039916455745697 
vt 0.0006070000235922635 0.33097243309020996 
vt 0.000973033020272851 0.35905197262763977 
vt 0.0034132529981434345 0.3885965645313263 
vt 0.008781736716628075 0.41972821950912476 
vt 0.017566528171300888 0.4573304057121277 
vt 0.03037768416106701 0.5065306425094604 
vt 0.043066829442977905 0.5573180317878723 
vt 0.051485586911439896 0.599925696849823 
vt 0.055023904889822006 0.6427775025367737 
vt 0.052827708423137665 0.6941753029823303 
vt 0.04428693652153015 0.7459393739700317 
vt 0.028669530525803566 0.789889931678772 
vt 0.013662177138030529 0.8212658166885376 
vt 0.007073583081364632 0.8353055715560913 
vt 0.04160269722342491 0.8541066646575928 
vt 0.14994846284389496 0.9002547860145569 
vt 0.27049532532691956 0.9501875638961792 
vt 0.12505821883678436 0.09437170624732971 
vt 0.4415547549724579 0.9814413189888 
vt 0.5252543091773987 0.03259669616818428 
vt 0.47437572479248047 0.019777769222855568 
vt 0.5119550824165344 0.05176404118537903 
vt 0.44680121541023254 0.038578860461711884 
vt 0.4191047251224518 0.057502035051584244 
vt 0.3854296803474426 0.027347039431333542 
vt 0.3570011258125305 0.0483456589281559 
vt 0.2945314943790436 0.03381754457950592 
vt 0.3299146890640259 0.047613151371479034 
vt 0.26951923966407776 0.04334017634391785 
vt 0.20924581587314606 0.03906720131635666 
vt 0.18118327856063843 0.05249654874205589 
vt 0.4241071939468384 0.00915637519210577 
vt 0.37469273805618286 0.0034183799289166927 
vt 0.331622838973999 0.019777769222855568 
vt 0.2815983295440674 0.014039775356650352 
vt 0.2413347065448761 0.027347039431333542 
vt 0.886772871017456 0 
vt 0.865543007850647 0 
vt 0.8660310506820679 0.016847729682922363 
vt 0.8412628173828125 0.016847729682922363 
vt 0.8405307531356812 0.03638133034110069 
vt 0.9613215923309326 0.8549612760543823 
vt 0.9613215923309326 0.8467815518379211 
vt 0.9155675172805786 0.8549612760543823 
vt 0.9155675172805786 0.8467815518379211 
vt 0.8699353933334351 0.8467815518379211 
vt 0.9155675172805786 0.8307884335517883 
vt 0.8699353933334351 0.8307884335517883 
vt 0.8699353933334351 0.7991684079170227 
vt 0.9613215923309326 0.8307884335517883 
vt 0.9613215923309326 0.7991684079170227 
vt 0.9155675172805786 0.7991684079170227 
vt 0.9155675172805786 0.7597349286079407 
vt 0.8699353933334351 0.7597349286079407 
vt 0.02256898023188114 0.21828797459602356 
vt 0.9613215923309326 0.7597349286079407 
vt 0.7402376532554626 0.8042959570884705 
vt 0.9999991059303284 0.19191761314868927 
vt 0.9087348580360413 0.39921796321868896 
vt 0.9087348580360413 0 
vt 0.9999991059303284 0.19191761314868927 
vt 0.7518287301063538 0.8042959570884705 
vt 0.7531708478927612 0.8587458729743958 
vt 0.6670311093330383 0.8826745748519897 
vt 0.7518287301063538 0 
vt 0.7795252203941345 0.10755688697099686 
vt 0.8699353933334351 0.40324676036834717 
vt 0.5252543091773987 0.03259669616818428 
vt 0.32576632499694824 0 
vt 0.9613215923309326 0.7597349286079407 
vt 0.8699353933334351 0.7597349286079407 
vt 0.8699353933334351 0.8549612760543823 
vt 0.9087348580360413 0.39921796321868896 
vt 0.9999991059303284 0.19191761314868927 
vt 0.8402867317199707 0 
vt 0.7518287301063538 0 
vt 0.7911162972450256 0.11952121555805206 
vt 0.8699353933334351 0.40324676036834717 
vt 0.3867718279361725 0.9999982118606567 
vt 0.4985339045524597 0.07093138247728348 
s on 
f 1/1/1 2/2/2 3/3/3 
f 2/2/2 4/4/4 3/3/3 
f 3/3/3 4/4/4 5/5/5 
f 4/4/4 6/6/6 5/5/5 
f 5/5/5 6/6/6 7/7/7 
f 6/6/6 8/8/8 7/7/7 
f 7/7/7 8/8/8 8/8/8 
f 8/8/8 4/4/4 8/8/8 
f 8/8/8 4/4/4 4/4/4 
f 4/4/4 2/2/2 4/4/4 
f 4/4/4 2/2/2 6/6/6 
f 2/2/2 9/9/9 6/6/6 
f 6/6/6 9/9/9 10/10/10 
f 9/9/9 10/10/10 10/10/10 
f 10/10/10 10/10/10 6/6/6 
f 10/10/10 6/6/6 6/6/6 
f 6/6/6 6/6/6 6/6/6 
f 6/6/6 10/10/10 6/6/6 
f 6/6/6 10/10/10 11/11/11 
f 10/10/10 12/12/12 11/11/11 
f 11/11/11 12/12/12 8/8/8 
f 12/12/12 13/13/13 8/8/8 
f 8/8/8 13/13/13 13/13/13 
f 13/13/13 14/14/14 13/13/13 
f 13/13/13 14/14/14 14/14/14 
f 14/14/14 15/15/15 14/14/14 
f 14/14/14 15/15/15 16/16/16 
f 15/15/15 17/17/17 16/16/16 
f 16/16/16 17/17/17 18/18/18 
f 17/17/17 19/19/19 18/18/18 
f 18/18/18 19/19/19 20/20/20 
f 19/19/19 21/21/21 20/20/20 
f 20/20/20 21/21/21 22/22/22 
f 21/21/21 23/23/23 22/22/22 
f 22/22/22 23/23/23 24/24/24 
f 23/23/23 25/25/25 24/24/24 
f 24/24/24 25/25/25 26/26/26 
f 25/25/25 26/26/26 26/26/26 
f 26/26/26 26/26/26 24/24/24 
f 26/26/26 24/24/24 24/24/24 
f 24/24/24 24/24/24 24/24/24 
f 24/24/24 27/27/27 24/24/24 
f 24/24/24 27/27/27 22/22/22 
f 27/27/27 28/28/28 22/22/22 
f 22/22/22 28/28/28 29/29/29 
f 28/28/28 30/30/30 29/29/29 
f 29/29/29 30/30/30 18/18/18 
f 30/30/30 31/31/31 18/18/18 
f 18/18/18 31/31/31 16/16/16 
f 31/31/31 16/16/16 16/16/16 
f 16/16/16 16/16/16 29/29/29 
f 16/16/16 29/29/29 29/29/29 
f 29/29/29 29/29/29 29/29/29 
f 29/29/29 18/18/18 29/29/29 
f 29/29/29 18/18/18 22/22/22 
f 18/18/18 20/20/20 22/22/22 
f 22/22/22 20/20/20 20/20/20 
f 20/20/20 32/32/32 20/20/20 
f 20/20/20 32/32/32 32/32/32 
f 32/32/32 33/33/33 32/32/32 
f 32/32/32 33/33/33 34/34/34 
f 33/33/33 35/35/35 34/34/34 
f 34/34/34 35/35/35 36/36/36 
f 35/35/35 37/37/37 36/36/36 
f 36/36/36 37/37/37 38/38/38 
f 37/37/37 38/38/38 38/38/38 
f 38/38/38 38/38/38 35/35/35 
f 38/38/38 35/35/35 35/35/35 
f 35/35/35 35/35/35 35/35/35 
f 35/35/35 33/33/33 35/35/35 
f 35/35/35 33/33/33 37/37/37 
f 33/33/33 39/39/39 37/37/37 
f 37/37/37 39/39/39 39/39/39 
f 39/39/39 40/40/40 39/39/39 
f 39/39/39 40/40/40 40/40/40 
f 40/40/40 41/41/41 40/40/40 
f 40/40/40 41/41/41 42/42/42 
f 41/41/41 43/43/43 42/42/42 
f 42/42/42 43/43/43 44/44/44 
f 43/43/43 45/45/45 44/44/44 
f 44/44/44 45/45/45 46/46/46 
f 45/45/45 47/47/47 46/46/46 
f 46/46/46 47/47/47 48/48/48 
f 47/47/47 49/49/49 48/48/48 
f 48/48/48 49/49/49 50/50/50 
f 49/49/49 51/51/51 50/50/50 
f 50/50/50 51/51/51 52/52/52 
f 51/51/51 53/53/53 52/52/52 
f 52/52/52 53/53/53 53/53/53 
f 53/53/53 45/45/45 53/53/53 
f 53/53/53 45/45/45 45/45/45 
f 45/45/45 54/54/54 45/45/45 
f 45/45/45 54/54/54 47/47/47 
f 54/54/54 55/55/55 47/47/47 
f 47/47/47 55/55/55 56/56/56 
f 55/55/55 57/57/57 56/56/56 
f 56/56/56 57/57/57 51/51/51 
f 57/57/57 58/58/58 51/51/51 
f 51/51/51 58/58/58 53/53/53 
f 58/58/58 59/59/59 53/53/53 
f 53/53/53 59/59/59 60/60/60 
f 59/59/59 61/61/61 60/60/60 
f 60/60/60 61/61/61 61/61/61 
f 61/61/61 55/55/55 61/61/61 
f 61/61/61 55/55/55 55/55/55 
f 55/55/55 54/54/54 55/55/55 
f 55/55/55 54/54/54 62/62/62 
f 54/54/54 45/45/45 62/62/62 
f 62/62/62 45/45/45 63/63/63 
f 45/45/45 41/41/41 63/63/63 
f 63/63/63 41/41/41 41/41/41 
f 41/41/41 62/62/62 41/41/41 
f 41/41/41 62/62/62 62/62/62 
f 62/62/62 64/64/64 62/62/62 
f 62/62/62 64/64/64 55/55/55 
f 64/64/64 65/65/65 55/55/55 
f 55/55/55 65/65/65 66/66/66 
f 65/65/65 67/67/67 66/66/66 
f 66/66/66 67/67/67 57/57/57 
f 67/67/67 68/68/68 57/57/57 
f 57/57/57 68/68/68 59/59/59 
f 68/68/68 69/69/69 59/59/59 
f 59/59/59 69/69/69 70/70/70 
f 69/69/69 71/71/71 70/70/70 
f 70/70/70 71/71/71 61/61/61 
f 71/71/71 72/72/72 61/61/61 
f 61/61/61 72/72/72 72/72/72 
f 72/72/72 65/65/65 72/72/72 
f 72/72/72 65/65/65 65/65/65 
f 65/65/65 73/73/73 65/65/65 
f 65/65/65 73/73/73 67/67/67 
f 73/73/73 74/74/74 67/67/67 
f 67/67/67 74/74/74 75/75/75 
f 74/74/74 76/76/76 75/75/75 
f 75/75/75 76/76/76 69/69/69 
f 76/76/76 77/77/77 69/69/69 
f 69/69/69 77/77/77 71/71/71 
f 77/77/77 71/71/71 71/71/71 
f 71/71/71 71/71/71 75/75/75 
f 71/71/71 75/75/75 75/75/75 
f 75/75/75 75/75/75 75/75/75 
f 75/75/75 69/69/69 75/75/75 
f 75/75/75 69/69/69 67/67/67 
f 69/69/69 68/68/68 67/67/67 
f 67/67/67 68/68/68 68/68/68 
f 68/68/68 78/78/78 68/68/68 
f 68/68/68 78/78/78 78/78/78 
f 78/78/78 79/79/79 78/78/78 
f 78/78/78 79/79/79 80/80/80 
f 79/79/79 81/81/81 80/80/80 
f 80/80/80 81/81/81 82/82/82 
f 81/81/81 83/83/83 82/82/82 
f 82/82/82 83/83/83 84/84/84 
f 83/83/83 84/84/84 84/84/84 
f 84/84/84 84/84/84 81/81/81 
f 84/84/84 81/81/81 81/81/81 
f 81/81/81 81/81/81 81/81/81 
f 81/81/81 79/79/79 81/81/81 
f 81/81/81 79/79/79 83/83/83 
f 79/79/79 85/85/85 83/83/83 
f 83/83/83 85/85/85 85/85/85 
f 85/85/85 34/34/34 85/85/85 
f 85/85/85 34/34/34 34/34/34 
f 34/34/34 36/36/36 34/34/34 
f 34/34/34 36/36/36 86/86/86 
f 36/36/36 87/87/87 86/86/86 
f 86/86/86 87/87/87 87/87/87 
f 87/87/87 36/36/36 87/87/87 
f 87/87/87 36/36/36 88/88/88 
f 36/36/36 89/89/89 88/88/88 
f 88/88/88 89/89/89 90/90/90 
f 89/89/89 91/91/91 90/90/90 
f 90/90/90 91/91/91 91/91/91 
f 91/91/91 88/88/88 91/91/91 
f 91/91/91 88/88/88 88/88/88 
f 88/88/88 90/90/90 88/88/88 
f 88/88/88 90/90/90 87/87/87 
f 90/90/90 92/92/92 87/87/87 
f 87/87/87 92/92/92 92/92/92 
f 92/92/92 84/84/84 92/92/92 
f 92/92/92 84/84/84 84/84/84 
f 84/84/84 93/93/93 84/84/84 
f 84/84/84 93/93/93 82/82/82 
f 93/93/93 94/94/94 82/82/82 
f 82/82/82 94/94/94 95/95/95 
f 94/94/94 96/96/96 95/95/95 
f 95/95/95 96/96/96 97/97/97 
f 96/96/96 98/98/98 97/97/97 
f 97/97/97 98/98/98 98/98/98 
f 98/98/98 94/94/94 98/98/98 
f 98/98/98 94/94/94 94/94/94 
f 94/94/94 93/93/93 94/94/94 
f 94/94/94 93/93/93 96/96/96 
f 93/93/93 99/99/99 96/96/96 
f 96/96/96 99/99/99 100/100/100 
f 99/99/99 100/100/100 100/100/100 
f 100/100/100 100/100/100 96/96/96 
f 100/100/100 96/96/96 96/96/96 
f 96/96/96 96/96/96 96/96/96 
f 96/96/96 100/100/100 96/96/96 
f 96/96/96 100/100/100 101/101/101 
f 100/100/100 102/102/102 101/101/101 
f 101/101/101 102/102/102 98/98/98 
f 102/102/102 103/103/103 98/98/98 
f 98/98/98 103/103/103 103/103/103 
f 103/103/103 95/95/95 103/103/103 
f 103/103/103 95/95/95 95/95/95 
f 95/95/95 104/104/104 95/95/95 
f 95/95/95 104/104/104 82/82/82 
f 104/104/104 80/80/80 82/82/82 
f 82/82/82 80/80/80 80/80/80 
f 80/80/80 42/42/42 80/80/80 
f 80/80/80 42/42/42 42/42/42 
f 42/42/42 44/44/44 42/42/42 
f 42/42/42 44/44/44 105/105/105 
f 44/44/44 106/106/106 105/105/105 
f 105/105/105 106/106/106 106/106/106 
f 106/106/106 44/44/44 106/106/106 
f 106/106/106 44/44/44 107/107/107 
f 44/44/44 48/48/48 107/107/107 
f 107/107/107 48/48/48 108/108/108 
f 48/48/48 109/109/109 108/108/108 
f 108/108/108 109/109/109 109/109/109 
f 109/109/109 107/107/107 109/109/109 
f 109/109/109 107/107/107 107/107/107 
f 107/107/107 108/108/108 107/107/107 
f 107/107/107 108/108/108 106/106/106 
f 108/108/108 110/110/110 106/106/106 
f 106/106/106 110/110/110 110/110/110 
f 110/110/110 3/3/3 110/110/110 
f 110/110/110 3/3/3 3/3/3 
f 3/3/3 5/5/5 3/3/3 
f 3/3/3 5/5/5 111/111/111 
f 5/5/5 112/112/112 111/111/111 
f 111/111/111 112/112/112 112/112/112 
f 112/112/112 5/5/5 112/112/112 
f 112/112/112 5/5/5 113/113/113 
f 5/5/5 114/114/114 113/113/113 
f 113/113/113 114/114/114 115/115/115 
f 114/114/114 116/116/116 115/115/115 
f 115/115/115 116/116/116 117/117/117 
f 116/116/116 118/118/118 117/117/117 
f 117/117/117 118/118/118 119/119/119 
f 118/118/118 120/120/120 119/119/119 
f 119/119/119 120/120/120 121/121/121 
f 120/120/120 122/122/122 121/121/121 
f 121/121/121 122/122/122 123/123/123 
f 122/122/122 124/124/124 123/123/123 
f 123/123/123 124/124/124 125/125/125 
f 124/124/124 126/126/126 125/125/125 
f 125/125/125 126/126/126 127/127/127 
f 126/126/126 128/128/128 127/127/127 
f 127/127/127 128/128/128 129/129/129 
f 128/128/128 129/129/129 129/129/129 
f 129/129/129 129/129/129 129/129/129 
f 129/129/129 130/130/130 129/129/129 
f 129/129/129 130/130/130 127/127/127 
f 130/130/130 131/131/131 127/127/127 
f 127/127/127 131/131/131 132/132/132 
f 131/131/131 133/133/133 132/132/132 
f 132/132/132 133/133/133 123/123/123 
f 133/133/133 134/134/134 123/123/123 
f 123/123/123 134/134/134 121/121/121 
f 134/134/134 135/135/135 121/121/121 
f 121/121/121 135/135/135 136/136/136 
f 135/135/135 137/137/137 136/136/136 
f 136/136/136 137/137/137 117/117/117 
f 137/137/137 138/138/138 117/117/117 
f 117/117/117 138/138/138 115/115/115 
f 138/138/138 139/139/139 115/115/115 
f 115/115/115 139/139/139 140/140/140 
f 139/139/139 140/140/140 140/140/140 
f 140/140/140 140/140/140 132/132/132 
f 140/140/140 132/132/132 132/132/132 
f 132/132/132 132/132/132 132/132/132 
f 132/132/132 123/123/123 132/132/132 
f 132/132/132 123/123/123 127/127/127 
f 123/123/123 125/125/125 127/127/127 
f 127/127/127 125/125/125 125/125/125 
f 125/125/125 141/141/141 125/125/125 
f 125/125/125 141/141/141 141/141/141 
f 141/141/141 142/142/142 141/141/141 
f 141/141/141 142/142/142 143/143/143 
f 142/142/142 144/144/144 143/143/143 
f 143/143/143 144/144/144 145/145/145 
f 144/144/144 146/146/146 145/145/145 
f 145/145/145 146/146/146 147/147/147 
f 146/146/146 147/147/147 147/147/147 
f 147/147/147 147/147/147 144/144/144 
f 147/147/147 144/144/144 144/144/144 
f 144/144/144 144/144/144 144/144/144 
f 144/144/144 142/142/142 144/144/144 
f 144/144/144 142/142/142 146/146/146 
f 142/142/142 148/148/148 146/146/146 
f 146/146/146 148/148/148 148/148/148 
f 148/148/148 149/149/149 148/148/148 
f 148/148/148 149/149/149 149/149/149 
f 149/149/149 150/150/150 149/149/149 
f 149/149/149 150/150/150 151/151/151 
f 150/150/150 152/152/152 151/151/151 
f 151/151/151 152/152/152 153/153/153 
f 152/152/152 154/154/154 153/153/153 
f 153/153/153 154/154/154 155/155/155 
f 154/154/154 156/156/156 155/155/155 
f 155/155/155 156/156/156 157/157/157 
f 156/156/156 158/158/158 157/157/157 
f 157/157/157 158/158/158 159/159/159 
f 158/158/158 160/160/160 159/159/159 
f 159/159/159 160/160/160 161/161/161 
f 160/160/160 162/162/162 161/161/161 
f 161/161/161 162/162/162 162/162/162 
f 162/162/162 154/154/154 162/162/162 
f 162/162/162 154/154/154 154/154/154 
f 154/154/154 163/163/163 154/154/154 
f 154/154/154 163/163/163 156/156/156 
f 163/163/163 164/164/164 156/156/156 
f 156/156/156 164/164/164 165/165/165 
f 164/164/164 166/166/166 165/165/165 
f 165/165/165 166/166/166 160/160/160 
f 166/166/166 167/167/167 160/160/160 
f 160/160/160 167/167/167 162/162/162 
f 167/167/167 168/168/168 162/162/162 
f 162/162/162 168/168/168 169/169/169 
f 168/168/168 170/170/170 169/169/169 
f 169/169/169 170/170/170 170/170/170 
f 170/170/170 164/164/164 170/170/170 
f 170/170/170 164/164/164 164/164/164 
f 164/164/164 163/163/163 164/164/164 
f 164/164/164 163/163/163 171/171/171 
f 163/163/163 154/154/154 171/171/171 
f 171/171/171 154/154/154 172/172/172 
f 154/154/154 150/150/150 172/172/172 
f 172/172/172 150/150/150 150/150/150 
f 150/150/150 171/171/171 150/150/150 
f 150/150/150 171/171/171 171/171/171 
f 171/171/171 173/173/173 171/171/171 
f 171/171/171 173/173/173 164/164/164 
f 173/173/173 174/174/174 164/164/164 
f 164/164/164 174/174/174 175/175/175 
f 174/174/174 176/176/176 175/175/175 
f 175/175/175 176/176/176 166/166/166 
f 176/176/176 177/177/177 166/166/166 
f 166/166/166 177/177/177 168/168/168 
f 177/177/177 178/178/178 168/168/168 
f 168/168/168 178/178/178 179/179/179 
f 178/178/178 180/180/180 179/179/179 
f 179/179/179 180/180/180 170/170/170 
f 180/180/180 181/181/181 170/170/170 
f 170/170/170 181/181/181 181/181/181 
f 181/181/181 174/174/174 181/181/181 
f 181/181/181 174/174/174 174/174/174 
f 174/174/174 182/182/182 174/174/174 
f 174/174/174 182/182/182 176/176/176 
f 182/182/182 183/183/183 176/176/176 
f 176/176/176 183/183/183 184/184/184 
f 183/183/183 185/185/185 184/184/184 
f 184/184/184 185/185/185 178/178/178 
f 185/185/185 186/186/186 178/178/178 
f 178/178/178 186/186/186 180/180/180 
f 186/186/186 187/187/187 180/180/180 
f 180/180/180 187/187/187 188/188/188 
f 187/187/187 189/189/189 188/188/188 
f 188/188/188 189/189/189 190/190/190 
f 189/189/189 191/191/191 190/190/190 
f 190/190/190 191/191/191 191/191/191 
f 191/191/191 183/183/183 191/191/191 
f 191/191/191 183/183/183 183/183/183 
f 183/183/183 192/192/192 183/183/183 
f 183/183/183 192/192/192 185/185/185 
f 192/192/192 193/193/193 185/185/185 
f 185/185/185 193/193/193 194/194/194 
f 193/193/193 195/195/195 194/194/194 
f 194/194/194 195/195/195 187/187/187 
f 195/195/195 196/196/196 187/187/187 
f 187/187/187 196/196/196 189/189/189 
f 196/196/196 197/197/197 189/189/189 
f 189/189/189 197/197/197 198/198/198 
f 197/197/197 199/199/199 198/198/198 
f 198/198/198 199/199/199 200/200/200 
f 199/199/199 201/201/201 200/200/200 
f 200/200/200 201/201/201 201/201/201 
f 201/201/201 193/193/193 201/201/201 
f 201/201/201 193/193/193 193/193/193 
f 193/193/193 202/202/202 193/193/193 
f 193/193/193 202/202/202 195/195/195 
f 202/202/202 203/203/203 195/195/195 
f 195/195/195 203/203/203 204/204/204 
f 203/203/203 205/205/205 204/204/204 
f 204/204/204 205/205/205 197/197/197 
f 205/205/205 206/206/206 197/197/197 
f 197/197/197 206/206/206 199/199/199 
f 206/206/206 207/207/207 199/199/199 
f 199/199/199 207/207/207 208/208/208 
f 207/207/207 209/209/209 208/208/208 
f 208/208/208 209/209/209 210/210/210 
f 209/209/209 211/211/211 210/210/210 
f 210/210/210 211/211/211 211/211/211 
f 211/211/211 203/203/203 211/211/211 
f 211/211/211 203/203/203 203/203/203 
f 203/203/203 212/212/212 203/203/203 
f 203/203/203 212/212/212 205/205/205 
f 212/212/212 213/213/213 205/205/205 
f 205/205/205 213/213/213 214/214/214 
f 213/213/213 215/215/215 214/214/214 
f 214/214/214 215/215/215 207/207/207 
f 215/215/215 216/216/216 207/207/207 
f 207/207/207 216/216/216 209/209/209 
f 216/216/216 217/217/217 209/209/209 
f 209/209/209 217/217/217 218/218/218 
f 217/217/217 219/219/219 218/218/218 
f 218/218/218 219/219/219 220/220/220 
f 219/219/219 221/221/221 220/220/220 
f 220/220/220 221/221/221 221/221/221 
f 221/221/221 213/213/213 221/221/221 
f 221/221/221 213/213/213 213/213/213 
f 213/213/213 222/222/222 213/213/213 
f 213/213/213 222/222/222 215/215/215 
f 222/222/222 223/223/223 215/215/215 
f 215/215/215 223/223/223 224/224/224 
f 223/223/223 225/225/225 224/224/224 
f 224/224/224 225/225/225 217/217/217 
f 225/225/225 226/226/226 217/217/217 
f 217/217/217 226/226/226 219/219/219 
f 226/226/226 227/227/227 219/219/219 
f 219/219/219 227/227/227 228/228/228 
f 227/227/227 229/229/229 228/228/228 
f 228/228/228 229/229/229 230/230/230 
f 229/229/229 231/231/231 230/230/230 
f 230/230/230 231/231/231 231/231/231 
f 231/231/231 223/223/223 231/231/231 
f 231/231/231 223/223/223 223/223/223 
f 223/223/223 232/232/232 223/223/223 
f 223/223/223 232/232/232 225/225/225 
f 232/232/232 233/233/233 225/225/225 
f 225/225/225 233/233/233 234/234/234 
f 233/233/233 235/235/235 234/234/234 
f 234/234/234 235/235/235 227/227/227 
f 235/235/235 236/236/236 227/227/227 
f 227/227/227 236/236/236 229/229/229 
f 236/236/236 237/237/237 229/229/229 
f 229/229/229 237/237/237 238/238/238 
f 237/237/237 239/239/239 238/238/238 
f 238/238/238 239/239/239 240/240/240 
f 239/239/239 241/241/241 240/240/240 
f 240/240/240 241/241/241 241/241/241 
f 241/241/241 233/233/233 241/241/241 
f 241/241/241 233/233/233 233/233/233 
f 233/233/233 242/242/242 233/233/233 
f 233/233/233 242/242/242 235/235/235 
f 242/242/242 243/243/243 235/235/235 
f 235/235/235 243/243/243 244/244/244 
f 243/243/243 245/245/245 244/244/244 
f 244/244/244 245/245/245 237/237/237 
f 245/245/245 246/246/246 237/237/237 
f 237/237/237 246/246/246 239/239/239 
f 246/246/246 247/247/247 239/239/239 
f 239/239/239 247/247/247 248/248/248 
f 247/247/247 249/249/249 248/248/248 
f 248/248/248 249/249/249 250/250/250 
f 249/249/249 251/251/251 250/250/250 
f 250/250/250 251/251/251 251/251/251 
f 251/251/251 243/243/243 251/251/251 
f 251/251/251 243/243/243 243/243/243 
f 243/243/243 252/252/252 243/243/243 
f 243/243/243 252/252/252 245/245/245 
f 252/252/252 253/253/253 245/245/245 
f 245/245/245 253/253/253 254/254/254 
f 253/253/253 255/255/255 254/254/254 
f 254/254/254 255/255/255 247/247/247 
f 255/255/255 256/256/256 247/247/247 
f 247/247/247 256/256/256 249/249/249 
f 256/256/256 257/257/257 249/249/249 
f 249/249/249 257/257/257 258/258/258 
f 257/257/257 259/259/259 258/258/258 
f 258/258/258 259/259/259 260/260/260 
f 259/259/259 261/261/261 260/260/260 
f 260/260/260 261/261/261 261/261/261 
f 261/261/261 253/253/253 261/261/261 
f 261/261/261 253/253/253 253/253/253 
f 253/253/253 262/262/262 253/253/253 
f 253/253/253 262/262/262 255/255/255 
f 262/262/262 263/263/263 255/255/255 
f 255/255/255 263/263/263 264/264/264 
f 263/263/263 265/265/265 264/264/264 
f 264/264/264 265/265/265 257/257/257 
f 265/265/265 266/266/266 257/257/257 
f 257/257/257 266/266/266 259/259/259 
f 266/266/266 259/259/259 259/259/259 
f 259/259/259 259/259/259 264/264/264 
f 259/259/259 264/264/264 264/264/264 
f 264/264/264 264/264/264 264/264/264 
f 264/264/264 257/257/257 264/264/264 
f 264/264/264 257/257/257 255/255/255 
f 257/257/257 256/256/256 255/255/255 
f 255/255/255 256/256/256 256/256/256 
f 256/256/256 147/147/147 256/256/256 
f 256/256/256 147/147/147 147/147/147 
f 147/147/147 267/267/267 147/147/147 
f 147/147/147 267/267/267 145/145/145 
f 267/267/267 268/268/268 145/145/145 
f 145/145/145 268/268/268 269/269/269 
f 268/268/268 270/270/270 269/269/269 
f 269/269/269 270/270/270 271/271/271 
f 270/270/270 272/272/272 271/271/271 
f 271/271/271 272/272/272 272/272/272 
f 272/272/272 268/268/268 272/272/272 
f 272/272/272 268/268/268 268/268/268 
f 268/268/268 267/267/267 268/268/268 
f 268/268/268 267/267/267 270/270/270 
f 267/267/267 273/273/273 270/270/270 
f 270/270/270 273/273/273 274/274/274 
f 273/273/273 274/274/274 274/274/274 
f 274/274/274 274/274/274 270/270/270 
f 274/274/274 270/270/270 270/270/270 
f 270/270/270 270/270/270 270/270/270 
f 270/270/270 274/274/274 270/270/270 
f 270/270/270 274/274/274 275/275/275 
f 274/274/274 276/276/276 275/275/275 
f 275/275/275 276/276/276 272/272/272 
f 276/276/276 277/277/277 272/272/272 
f 272/272/272 277/277/277 277/277/277 
f 277/277/277 274/274/274 277/277/277 
f 277/277/277 274/274/274 274/274/274 
f 274/274/274 278/278/278 274/274/274 
f 274/274/274 278/278/278 276/276/276 
f 278/278/278 279/279/279 276/276/276 
f 276/276/276 279/279/279 280/280/280 
f 279/279/279 281/281/281 280/280/280 
f 280/280/280 281/281/281 282/282/282 
f 281/281/281 283/283/283 282/282/282 
f 282/282/282 283/283/283 283/283/283 
f 283/283/283 280/280/280 283/283/283 
f 283/283/283 280/280/280 280/280/280 
f 280/280/280 282/282/282 280/280/280 
f 280/280/280 282/282/282 276/276/276 
f 282/282/282 277/277/277 276/276/276 
f 276/276/276 277/277/277 277/277/277 
f 277/277/277 177/177/177 277/277/277 
f 277/277/277 177/177/177 177/177/177 
f 177/177/177 176/176/176 177/177/177 
f 177/177/177 176/176/176 178/178/178 
f 176/176/176 184/184/184 178/178/178 
f 178/178/178 184/184/184 184/184/184 
f 184/184/184 269/269/269 184/184/184 
f 184/184/184 269/269/269 269/269/269 
f 269/269/269 284/284/284 269/269/269 
f 269/269/269 284/284/284 145/145/145 
f 284/284/284 143/143/143 145/145/145 
f 145/145/145 143/143/143 143/143/143 
f 143/143/143 279/279/279 143/143/143 
f 143/143/143 279/279/279 279/279/279 
f 279/279/279 285/285/285 279/279/279 
f 279/279/279 285/285/285 281/281/281 
f 285/285/285 286/286/286 281/281/281 
f 281/281/281 286/286/286 287/287/287 
f 286/286/286 288/288/288 287/287/287 
f 287/287/287 288/288/288 289/289/289 
f 288/288/288 290/290/290 289/289/289 
f 289/289/289 290/290/290 290/290/290 
f 290/290/290 287/287/287 290/290/290 
f 290/290/290 287/287/287 287/287/287 
f 287/287/287 289/289/289 287/287/287 
f 287/287/287 289/289/289 281/281/281 
f 289/289/289 283/283/283 281/281/281 
f 281/281/281 283/283/283 283/283/283 
f 283/283/283 196/196/196 283/283/283 
f 283/283/283 196/196/196 196/196/196 
f 196/196/196 195/195/195 196/196/196 
f 196/196/196 195/195/195 197/197/197 
f 195/195/195 204/204/204 197/197/197 
f 197/197/197 204/204/204 204/204/204 
f 204/204/204 224/224/224 204/204/204 
f 204/204/204 224/224/224 224/224/224 
f 224/224/224 217/217/217 224/224/224 
f 224/224/224 217/217/217 215/215/215 
f 217/217/217 216/216/216 215/215/215 
f 215/215/215 216/216/216 216/216/216 
f 216/216/216 291/291/291 216/216/216 
f 216/216/216 291/291/291 291/291/291 
f 291/291/291 292/292/292 291/291/291 
f 291/291/291 292/292/292 293/293/293 
f 292/292/292 294/294/294 293/293/293 
f 293/293/293 294/294/294 295/295/295 
f 294/294/294 296/296/296 295/295/295 
f 295/295/295 296/296/296 297/297/297 
f 296/296/296 298/298/298 297/297/297 
f 297/297/297 298/298/298 299/299/299 
f 298/298/298 300/300/300 299/299/299 
f 299/299/299 300/300/300 301/301/301 
f 300/300/300 302/302/302 301/301/301 
f 301/301/301 302/302/302 303/303/303 
f 302/302/302 304/304/304 303/303/303 
f 303/303/303 304/304/304 305/305/305 
f 304/304/304 306/306/306 305/305/305 
f 305/305/305 306/306/306 307/307/307 
f 306/306/306 308/308/308 307/307/307 
f 307/307/307 308/308/308 309/309/309 
f 308/308/308 309/309/309 309/309/309 
f 309/309/309 309/309/309 307/307/307 
f 309/309/309 307/307/307 307/307/307 
f 307/307/307 307/307/307 307/307/307 
f 307/307/307 310/310/310 307/307/307 
f 307/307/307 310/310/310 305/305/305 
f 310/310/310 311/311/311 305/305/305 
f 305/305/305 311/311/311 312/312/312 
f 311/311/311 313/313/313 312/312/312 
f 312/312/312 313/313/313 301/301/301 
f 313/313/313 314/314/314 301/301/301 
f 301/301/301 314/314/314 299/299/299 
f 314/314/314 315/315/315 299/299/299 
f 299/299/299 315/315/315 316/316/316 
f 315/315/315 317/317/317 316/316/316 
f 316/316/316 317/317/317 295/295/295 
f 317/317/317 318/318/318 295/295/295 
f 295/295/295 318/318/318 293/293/293 
f 318/318/318 293/293/293 293/293/293 
f 293/293/293 293/293/293 312/312/312 
f 293/293/293 312/312/312 312/312/312 
f 312/312/312 312/312/312 312/312/312 
f 312/312/312 301/301/301 312/312/312 
f 312/312/312 301/301/301 305/305/305 
f 301/301/301 303/303/303 305/305/305 
f 305/305/305 303/303/303 303/303/303 
f 303/303/303 151/151/151 303/303/303 
f 303/303/303 151/151/151 151/151/151 
f 151/151/151 153/153/153 151/151/151 
f 151/151/151 153/153/153 319/319/319 
f 153/153/153 320/320/320 319/319/319 
f 319/319/319 320/320/320 320/320/320 
f 320/320/320 153/153/153 320/320/320 
f 320/320/320 153/153/153 321/321/321 
f 153/153/153 157/157/157 321/321/321 
f 321/321/321 157/157/157 322/322/322 
f 157/157/157 323/323/323 322/322/322 
f 322/322/322 323/323/323 323/323/323 
f 323/323/323 321/321/321 323/323/323 
f 323/323/323 321/321/321 321/321/321 
f 321/321/321 322/322/322 321/321/321 
f 321/321/321 322/322/322 320/320/320 
f 322/322/322 324/324/324 320/320/320 
f 320/320/320 324/324/324 324/324/324 
f 324/324/324 316/316/316 324/324/324 
f 324/324/324 316/316/316 316/316/316 
f 316/316/316 295/295/295 316/316/316 
f 316/316/316 295/295/295 299/299/299 
f 295/295/295 297/297/297 299/299/299 
f 299/299/299 297/297/297 297/297/297 
f 297/297/297 136/136/136 297/297/297 
f 297/297/297 136/136/136 136/136/136 
f 136/136/136 117/117/117 136/136/136 
f 136/136/136 117/117/117 121/121/121 
f 117/117/117 119/119/119 121/121/121 
f 121/121/121 119/119/119 119/119/119 
f 119/119/119 325/325/325 119/119/119 
f 119/119/119 325/325/325 325/325/325 
f 325/325/325 326/326/326 325/325/325 
f 325/325/325 326/326/326 327/327/327 
f 326/326/326 328/328/328 327/327/327 
f 327/327/327 328/328/328 329/329/329 
f 328/328/328 330/330/330 329/329/329 
f 329/329/329 330/330/330 331/331/331 
f 330/330/330 332/332/332 331/331/331 
f 331/331/331 332/332/332 332/332/332 
f 332/332/332 328/328/328 332/332/332 
f 332/332/332 328/328/328 328/328/328 
f 328/328/328 326/326/326 328/328/328 
f 328/328/328 326/326/326 330/330/330 
f 326/326/326 333/333/333 330/330/330 
f 330/330/330 333/333/333 334/334/334 
f 333/333/333 334/334/334 334/334/334 
f 334/334/334 334/334/334 330/330/330 
f 334/334/334 330/330/330 330/330/330 
f 330/330/330 330/330/330 330/330/330 
f 330/330/330 334/334/334 330/330/330 
f 330/330/330 334/334/334 335/335/335 
f 334/334/334 336/336/336 335/335/335 
f 335/335/335 336/336/336 332/332/332 
f 336/336/336 337/337/337 332/332/332 
f 332/332/332 337/337/337 337/337/337 
f 337/337/337 338/338/338 337/337/337 
f 337/337/337 338/338/338 338/338/338 
f 338/338/338 339/339/339 338/338/338 
f 338/338/338 339/339/339 340/340/340 
f 339/339/339 341/341/341 340/340/340 
f 340/340/340 341/341/341 342/342/342 
f 341/341/341 343/343/343 342/342/342 
f 342/342/342 343/343/343 344/344/344 
f 343/343/343 345/345/345 344/344/344 
f 344/344/344 345/345/345 346/346/346 
f 345/345/345 347/347/347 346/346/346 
f 346/346/346 347/347/347 348/348/348 
f 347/347/347 349/349/349 348/348/348 
f 348/348/348 349/349/349 350/350/350 
f 349/349/349 351/351/351 350/350/350 
f 350/350/350 351/351/351 351/351/351 
f 351/351/351 343/343/343 351/351/351 
f 351/351/351 343/343/343 343/343/343 
f 343/343/343 352/352/352 343/343/343 
f 343/343/343 352/352/352 345/345/345 
f 352/352/352 353/353/353 345/345/345 
f 345/345/345 353/353/353 354/354/354 
f 353/353/353 355/355/355 354/354/354 
f 354/354/354 355/355/355 349/349/349 
f 355/355/355 356/356/356 349/349/349 
f 349/349/349 356/356/356 351/351/351 
f 356/356/356 357/357/357 351/351/351 
f 351/351/351 357/357/357 358/358/358 
f 357/357/357 359/359/359 358/358/358 
f 358/358/358 359/359/359 359/359/359 
f 359/359/359 353/353/353 359/359/359 
f 359/359/359 353/353/353 353/353/353 
f 353/353/353 352/352/352 353/353/353 
f 353/353/353 352/352/352 360/360/360 
f 352/352/352 343/343/343 360/360/360 
f 360/360/360 343/343/343 361/361/361 
f 343/343/343 339/339/339 361/361/361 
f 361/361/361 339/339/339 339/339/339 
f 339/339/339 360/360/360 339/339/339 
f 339/339/339 360/360/360 360/360/360 
f 360/360/360 362/362/362 360/360/360 
f 360/360/360 362/362/362 353/353/353 
f 362/362/362 363/363/363 353/353/353 
f 353/353/353 363/363/363 364/364/364 
f 363/363/363 365/365/365 364/364/364 
f 364/364/364 365/365/365 355/355/355 
f 365/365/365 366/366/366 355/355/355 
f 355/355/355 366/366/366 357/357/357 
f 366/366/366 367/367/367 357/357/357 
f 357/357/357 367/367/367 368/368/368 
f 367/367/367 369/369/369 368/368/368 
f 368/368/368 369/369/369 359/359/359 
f 369/369/369 370/370/370 359/359/359 
f 359/359/359 370/370/370 370/370/370 
f 370/370/370 363/363/363 370/370/370 
f 370/370/370 363/363/363 363/363/363 
f 363/363/363 371/371/371 363/363/363 
f 363/363/363 371/371/371 365/365/365 
f 371/371/371 372/372/372 365/365/365 
f 365/365/365 372/372/372 373/373/373 
f 372/372/372 374/374/374 373/373/373 
f 373/373/373 374/374/374 367/367/367 
f 374/374/374 375/375/375 367/367/367 
f 367/367/367 375/375/375 369/369/369 
f 375/375/375 376/376/376 369/369/369 
f 369/369/369 376/376/376 377/377/377 
f 376/376/376 378/378/378 377/377/377 
f 377/377/377 378/378/378 379/379/379 
f 378/378/378 380/380/380 379/379/379 
f 379/379/379 380/380/380 380/380/380 
f 380/380/380 372/372/372 380/380/380 
f 380/380/380 372/372/372 372/372/372 
f 372/372/372 381/381/381 372/372/372 
f 372/372/372 381/381/381 374/374/374 
f 381/381/381 382/382/382 374/374/374 
f 374/374/374 382/382/382 383/383/383 
f 382/382/382 384/384/384 383/383/383 
f 383/383/383 384/384/384 376/376/376 
f 384/384/384 385/385/385 376/376/376 
f 376/376/376 385/385/385 378/378/378 
f 385/385/385 386/386/386 378/378/378 
f 378/378/378 386/386/386 387/387/387 
f 386/386/386 388/388/388 387/387/387 
f 387/387/387 388/388/388 389/389/389 
f 388/388/388 390/390/390 389/389/389 
f 389/389/389 390/390/390 391/391/391 
f 390/390/390 391/391/391 391/391/391 
f 391/391/391 391/391/391 382/382/382 
f 391/391/391 382/382/382 382/382/382 
f 382/382/382 382/382/382 382/382/382 
f 382/382/382 392/392/392 382/382/382 
f 382/382/382 392/392/392 384/384/384 
f 392/392/392 393/393/393 384/384/384 
f 384/384/384 393/393/393 394/394/394 
f 393/393/393 395/395/395 394/394/394 
f 394/394/394 395/395/395 386/386/386 
f 395/395/395 396/396/396 386/386/386 
f 386/386/386 396/396/396 388/388/388 
f 396/396/396 388/388/388 388/388/388 
f 388/388/388 388/388/388 394/394/394 
f 388/388/388 394/394/394 394/394/394 
f 394/394/394 394/394/394 394/394/394 
f 394/394/394 386/386/386 394/394/394 
f 394/394/394 386/386/386 384/384/384 
f 386/386/386 385/385/385 384/384/384 
f 384/384/384 385/385/385 385/385/385 
f 385/385/385 397/397/397 385/385/385 
f 385/385/385 397/397/397 397/397/397 
f 397/397/397 398/398/398 397/397/397 
f 397/397/397 398/398/398 399/399/399 
f 398/398/398 400/400/400 399/399/399 
f 399/399/399 400/400/400 346/346/346 
f 400/400/400 342/342/342 346/346/346 
f 346/346/346 342/342/342 344/344/344 
f 342/342/342 344/344/344 344/344/344 
f 344/344/344 344/344/344 400/400/400 
f 344/344/344 400/400/400 400/400/400 
f 400/400/400 400/400/400 400/400/400 
f 400/400/400 398/398/398 400/400/400 
f 400/400/400 398/398/398 342/342/342 
f 398/398/398 401/401/401 342/342/342 
f 342/342/342 401/401/401 340/340/340 
f 401/401/401 340/340/340 340/340/340 
f 340/340/340 340/340/340 402/402/402 
f 340/340/340 402/402/402 402/402/402 
f 402/402/402 402/402/402 402/402/402 
f 402/402/402 403/403/403 402/402/402 
f 402/402/402 403/403/403 404/404/404 
f 403/403/403 405/405/405 404/404/404 
f 404/404/404 405/405/405 406/406/406 
f 405/405/405 407/407/407 406/406/406 
f 406/406/406 407/407/407 408/408/408 
f 407/407/407 408/408/408 408/408/408 
f 408/408/408 408/408/408 405/405/405 
f 408/408/408 405/405/405 405/405/405 
f 405/405/405 405/405/405 405/405/405 
f 405/405/405 403/403/403 405/405/405 
f 405/405/405 403/403/403 407/407/407 
f 403/403/403 409/409/409 407/407/407 
f 407/407/407 409/409/409 409/409/409 
f 409/409/409 366/366/366 409/409/409 
f 409/409/409 366/366/366 366/366/366 
f 366/366/366 365/365/365 366/366/366 
f 366/366/366 365/365/365 367/367/367 
f 365/365/365 373/373/373 367/367/367 
f 367/367/367 373/373/373 373/373/373 
f 373/373/373 370/370/370 373/373/373 
f 373/373/373 370/370/370 370/370/370 
f 370/370/370 369/369/369 370/370/370 
f 370/370/370 369/369/369 379/379/379 
f 369/369/369 377/377/377 379/379/379 
f 379/379/379 377/377/377 377/377/377 
f 377/377/377 113/113/113 377/377/377 
f 377/377/377 113/113/113 113/113/113 
f 113/113/113 115/115/115 113/113/113 
f 113/113/113 115/115/115 112/112/112 
f 115/115/115 140/140/140 112/112/112 
f 112/112/112 140/140/140 140/140/140 
f 140/140/140 375/375/375 140/140/140 
f 140/140/140 375/375/375 375/375/375 
f 375/375/375 374/374/374 375/375/375 
f 375/375/375 374/374/374 376/376/376 
f 374/374/374 383/383/383 376/376/376 
f 376/376/376 383/383/383 383/383/383 
f 383/383/383 399/399/399 383/383/383 
f 383/383/383 399/399/399 399/399/399 
f 399/399/399 346/346/346 399/399/399 
f 399/399/399 346/346/346 410/410/410 
f 346/346/346 348/348/348 410/410/410 
f 410/410/410 348/348/348 348/348/348 
f 348/348/348 411/411/411 348/348/348 
f 348/348/348 411/411/411 411/411/411 
f 411/411/411 412/412/412 411/411/411 
f 411/411/411 412/412/412 413/413/413 
f 412/412/412 414/414/414 413/413/413 
f 413/413/413 414/414/414 415/415/415 
f 414/414/414 416/416/416 415/415/415 
f 415/415/415 416/416/416 417/417/417 
f 416/416/416 417/417/417 417/417/417 
f 417/417/417 417/417/417 414/414/414 
f 417/417/417 414/414/414 414/414/414 
f 414/414/414 414/414/414 414/414/414 
f 414/414/414 412/412/412 414/414/414 
f 414/414/414 412/412/412 416/416/416 
f 412/412/412 418/418/418 416/416/416 
f 416/416/416 418/418/418 418/418/418 
f 418/418/418 404/404/404 418/418/418 
f 418/418/418 404/404/404 404/404/404 
f 404/404/404 406/406/406 404/404/404 
f 404/404/404 406/406/406 419/419/419 
f 406/406/406 420/420/420 419/419/419 
f 419/419/419 420/420/420 420/420/420 
f 420/420/420 406/406/406 420/420/420 
f 420/420/420 406/406/406 421/421/421 
f 406/406/406 422/422/422 421/421/421 
f 421/421/421 422/422/422 423/423/423 
f 422/422/422 424/424/424 423/423/423 
f 423/423/423 424/424/424 424/424/424 
f 424/424/424 421/421/421 424/424/424 
f 424/424/424 421/421/421 421/421/421 
f 421/421/421 423/423/423 421/421/421 
f 421/421/421 423/423/423 420/420/420 
f 423/423/423 425/425/425 420/420/420 
f 420/420/420 425/425/425 425/425/425 
f 425/425/425 426/426/426 425/425/425 
f 425/425/425 426/426/426 426/426/426 
f 426/426/426 427/427/427 426/426/426 
f 426/426/426 427/427/427 428/428/428 
f 427/427/427 429/429/429 428/428/428 
f 428/428/428 429/429/429 430/430/430 
f 429/429/429 431/431/431 430/430/430 
f 430/430/430 431/431/431 432/432/432 
f 431/431/431 433/433/433 432/432/432 
f 432/432/432 433/433/433 434/434/434 
f 433/433/433 435/435/435 434/434/434 
f 434/434/434 435/435/435 436/436/436 
f 435/435/435 437/437/437 436/436/436 
f 436/436/436 437/437/437 438/438/438 
f 437/437/437 438/438/438 438/438/438 
f 438/438/438 438/438/438 436/436/436 
f 438/438/438 436/436/436 436/436/436 
f 436/436/436 436/436/436 436/436/436 
f 436/436/436 439/439/439 436/436/436 
f 436/436/436 439/439/439 434/434/434 
f 439/439/439 440/440/440 434/434/434 
f 434/434/434 440/440/440 441/441/441 
f 440/440/440 442/442/442 441/441/441 
f 441/441/441 442/442/442 430/430/430 
f 442/442/442 443/443/443 430/430/430 
f 430/430/430 443/443/443 428/428/428 
f 443/443/443 428/428/428 428/428/428 
f 428/428/428 428/428/428 441/441/441 
f 428/428/428 441/441/441 441/441/441 
f 441/441/441 441/441/441 441/441/441 
f 441/441/441 430/430/430 441/441/441 
f 441/441/441 430/430/430 434/434/434 
f 430/430/430 432/432/432 434/434/434 
f 434/434/434 432/432/432 432/432/432 
f 432/432/432 413/413/413 432/432/432 
f 432/432/432 413/413/413 413/413/413 
f 413/413/413 415/415/415 413/413/413 
f 413/413/413 415/415/415 444/444/444 
f 415/415/415 445/445/445 444/444/444 
f 444/444/444 445/445/445 445/445/445 
f 445/445/445 415/415/415 445/445/445 
f 445/445/445 415/415/415 446/446/446 
f 415/415/415 447/447/447 446/446/446 
f 446/446/446 447/447/447 448/448/448 
f 447/447/447 449/449/449 448/448/448 
f 448/448/448 449/449/449 450/450/450 
f 449/449/449 450/450/450 450/450/450 
f 450/450/450 450/450/450 446/446/446 
f 450/450/450 446/446/446 446/446/446 
f 446/446/446 446/446/446 446/446/446 
f 446/446/446 448/448/448 446/446/446 
f 446/446/446 448/448/448 445/445/445 
f 448/448/448 451/451/451 445/445/445 
f 445/445/445 451/451/451 451/451/451 
f 451/451/451 448/448/448 451/451/451 
f 451/451/451 448/448/448 452/452/452 
f 448/448/448 453/453/453 452/452/452 
f 452/452/452 453/453/453 454/454/454 
f 453/453/453 450/450/450 454/454/454 
f 454/454/454 450/450/450 455/455/455 
f 450/450/450 455/455/455 455/455/455 
f 455/455/455 455/455/455 456/456/456 
f 455/455/455 456/456/456 456/456/456 
f 456/456/456 456/456/456 456/456/456 
f 456/456/456 457/457/457 456/456/456 
f 456/456/456 457/457/457 458/458/458 
f 457/457/457 459/459/459 458/458/458 
f 458/458/458 459/459/459 460/460/460 
f 459/459/459 461/461/461 460/460/460 
f 460/460/460 461/461/461 462/462/462 
f 461/461/461 463/463/463 462/462/462 
f 462/462/462 463/463/463 463/463/463 
f 463/463/463 459/459/459 463/463/463 
f 463/463/463 459/459/459 459/459/459 
f 459/459/459 457/457/457 459/459/459 
f 459/459/459 457/457/457 461/461/461 
f 457/457/457 464/464/464 461/461/461 
f 461/461/461 464/464/464 465/465/465 
f 464/464/464 465/465/465 465/465/465 
f 465/465/465 465/465/465 461/461/461 
f 465/465/465 461/461/461 461/461/461 
f 461/461/461 461/461/461 461/461/461 
f 461/461/461 465/465/465 461/461/461 
f 461/461/461 465/465/465 466/466/466 
f 465/465/465 467/467/467 466/466/466 
f 466/466/466 467/467/467 463/463/463 
f 467/467/467 468/468/468 463/463/463 
f 463/463/463 468/468/468 468/468/468 
f 468/468/468 438/438/438 468/468/468 
f 468/468/468 438/438/438 438/438/438 
f 438/438/438 469/469/469 438/438/438 
f 438/438/438 469/469/469 436/436/436 
f 469/469/469 470/470/470 436/436/436 
f 436/436/436 470/470/470 471/471/471 
f 470/470/470 472/472/472 471/471/471 
f 471/471/471 472/472/472 473/473/473 
f 472/472/472 474/474/474 473/473/473 
f 473/473/473 474/474/474 475/475/475 
f 474/474/474 476/476/476 475/475/475 
f 475/475/475 476/476/476 477/477/477 
f 476/476/476 478/478/478 477/477/477 
f 477/477/477 478/478/478 479/479/479 
f 478/478/478 480/480/480 479/479/479 
f 479/479/479 480/480/480 480/480/480 
f 480/480/480 477/477/477 480/480/480 
f 480/480/480 477/477/477 477/477/477 
f 477/477/477 481/481/481 477/477/477 
f 477/477/477 481/481/481 475/475/475 
f 481/481/481 482/482/482 475/475/475 
f 475/475/475 482/482/482 483/483/483 
f 482/482/482 440/440/440 483/483/483 
f 483/483/483 440/440/440 471/471/471 
f 440/440/440 439/439/439 471/471/471 
f 471/471/471 439/439/439 436/436/436 
f 439/439/439 436/436/436 436/436/436 
f 436/436/436 436/436/436 483/483/483 
f 436/436/436 483/483/483 483/483/483 
f 483/483/483 483/483/483 483/483/483 
f 483/483/483 471/471/471 483/483/483 
f 483/483/483 471/471/471 475/475/475 
f 471/471/471 473/473/473 475/475/475 
f 475/475/475 473/473/473 473/473/473 
f 473/473/473 218/218/218 473/473/473 
f 473/473/473 218/218/218 218/218/218 
f 218/218/218 220/220/220 218/218/218 
f 218/218/218 220/220/220 209/209/209 
f 220/220/220 211/211/211 209/209/209 
f 209/209/209 211/211/211 211/211/211 
f 211/211/211 470/470/470 211/211/211 
f 211/211/211 470/470/470 470/470/470 
f 470/470/470 469/469/469 470/470/470 
f 470/470/470 469/469/469 472/472/472 
f 469/469/469 484/484/484 472/472/472 
f 472/472/472 484/484/484 485/485/485 
f 484/484/484 485/485/485 485/485/485 
f 485/485/485 485/485/485 472/472/472 
f 485/485/485 472/472/472 472/472/472 
f 472/472/472 472/472/472 472/472/472 
f 472/472/472 485/485/485 472/472/472 
f 472/472/472 485/485/485 486/486/486 
f 485/485/485 487/487/487 486/486/486 
f 486/486/486 487/487/487 474/474/474 
f 487/487/487 488/488/488 474/474/474 
f 474/474/474 488/488/488 478/478/478 
f 488/488/488 489/489/489 478/478/478 
f 478/478/478 489/489/489 490/490/490 
f 489/489/489 491/491/491 490/490/490 
f 490/490/490 491/491/491 480/480/480 
f 491/491/491 492/492/492 480/480/480 
f 480/480/480 492/492/492 492/492/492 
f 492/492/492 485/485/485 492/492/492 
f 492/492/492 485/485/485 485/485/485 
f 485/485/485 493/493/493 485/485/485 
f 485/485/485 493/493/493 487/487/487 
f 493/493/493 494/494/494 487/487/487 
f 487/487/487 494/494/494 495/495/495 
f 494/494/494 496/496/496 495/495/495 
f 495/495/495 496/496/496 489/489/489 
f 496/496/496 497/497/497 489/489/489 
f 489/489/489 497/497/497 491/491/491 
f 497/497/497 498/498/498 491/491/491 
f 491/491/491 498/498/498 499/499/499 
f 498/498/498 500/500/500 499/499/499 
f 499/499/499 500/500/500 501/501/501 
f 500/500/500 502/502/502 501/501/501 
f 501/501/501 502/502/502 502/502/502 
f 502/502/502 494/494/494 502/502/502 
f 502/502/502 494/494/494 494/494/494 
f 494/494/494 503/503/503 494/494/494 
f 494/494/494 503/503/503 496/496/496 
f 503/503/503 504/504/504 496/496/496 
f 496/496/496 504/504/504 505/505/505 
f 504/504/504 506/506/506 505/505/505 
f 505/505/505 506/506/506 498/498/498 
f 506/506/506 507/507/507 498/498/498 
f 498/498/498 507/507/507 500/500/500 
f 507/507/507 508/508/508 500/500/500 
f 500/500/500 508/508/508 509/509/509 
f 508/508/508 510/510/510 509/509/509 
f 509/509/509 510/510/510 511/511/511 
f 510/510/510 512/512/512 511/511/511 
f 511/511/511 512/512/512 512/512/512 
f 512/512/512 504/504/504 512/512/512 
f 512/512/512 504/504/504 504/504/504 
f 504/504/504 513/513/513 504/504/504 
f 504/504/504 513/513/513 506/506/506 
f 513/513/513 514/514/514 506/506/506 
f 506/506/506 514/514/514 515/515/515 
f 514/514/514 516/516/516 515/515/515 
f 515/515/515 516/516/516 508/508/508 
f 516/516/516 517/517/517 508/508/508 
f 508/508/508 517/517/517 510/510/510 
f 517/517/517 518/518/518 510/510/510 
f 510/510/510 518/518/518 519/519/519 
f 518/518/518 520/520/520 519/519/519 
f 519/519/519 520/520/520 521/521/521 
f 520/520/520 522/522/522 521/521/521 
f 521/521/521 522/522/522 522/522/522 
f 522/522/522 514/514/514 522/522/522 
f 522/522/522 514/514/514 514/514/514 
f 514/514/514 523/523/523 514/514/514 
f 514/514/514 523/523/523 516/516/516 
f 523/523/523 524/524/524 516/516/516 
f 516/516/516 524/524/524 525/525/525 
f 524/524/524 526/526/526 525/525/525 
f 525/525/525 526/526/526 518/518/518 
f 526/526/526 527/527/527 518/518/518 
f 518/518/518 527/527/527 520/520/520 
f 527/527/527 528/528/528 520/520/520 
f 520/520/520 528/528/528 529/529/529 
f 528/528/528 530/530/530 529/529/529 
f 529/529/529 530/530/530 531/531/531 
f 530/530/530 532/532/532 531/531/531 
f 531/531/531 532/532/532 532/532/532 
f 532/532/532 524/524/524 532/532/532 
f 532/532/532 524/524/524 524/524/524 
f 524/524/524 533/533/533 524/524/524 
f 524/524/524 533/533/533 526/526/526 
f 533/533/533 534/534/534 526/526/526 
f 526/526/526 534/534/534 535/535/535 
f 534/534/534 536/536/536 535/535/535 
f 535/535/535 536/536/536 528/528/528 
f 536/536/536 537/537/537 528/528/528 
f 528/528/528 537/537/537 530/530/530 
f 537/537/537 538/538/538 530/530/530 
f 530/530/530 538/538/538 539/539/539 
f 538/538/538 540/540/540 539/539/539 
f 539/539/539 540/540/540 541/541/541 
f 540/540/540 542/542/542 541/541/541 
f 541/541/541 542/542/542 542/542/542 
f 542/542/542 534/534/534 542/542/542 
f 542/542/542 534/534/534 534/534/534 
f 534/534/534 543/543/543 534/534/534 
f 534/534/534 543/543/543 536/536/536 
f 543/543/543 544/544/544 536/536/536 
f 536/536/536 544/544/544 545/545/545 
f 544/544/544 546/546/546 545/545/545 
f 545/545/545 546/546/546 538/538/538 
f 546/546/546 547/547/547 538/538/538 
f 538/538/538 547/547/547 540/540/540 
f 547/547/547 548/548/548 540/540/540 
f 540/540/540 548/548/548 549/549/549 
f 548/548/548 550/550/550 549/549/549 
f 549/549/549 550/550/550 551/551/551 
f 550/550/550 552/552/552 551/551/551 
f 551/551/551 552/552/552 552/552/552 
f 552/552/552 544/544/544 552/552/552 
f 552/552/552 544/544/544 544/544/544 
f 544/544/544 553/553/553 544/544/544 
f 544/544/544 553/553/553 546/546/546 
f 553/553/553 554/554/554 546/546/546 
f 546/546/546 554/554/554 555/555/555 
f 554/554/554 556/556/556 555/555/555 
f 555/555/555 556/556/556 548/548/548 
f 556/556/556 557/557/557 548/548/548 
f 548/548/548 557/557/557 550/550/550 
f 557/557/557 558/558/558 550/550/550 
f 550/550/550 558/558/558 559/559/559 
f 558/558/558 560/560/560 559/559/559 
f 559/559/559 560/560/560 561/561/561 
f 560/560/560 562/562/562 561/561/561 
f 561/561/561 562/562/562 562/562/562 
f 562/562/562 554/554/554 562/562/562 
f 562/562/562 554/554/554 554/554/554 
f 554/554/554 563/563/563 554/554/554 
f 554/554/554 563/563/563 556/556/556 
f 563/563/563 564/564/564 556/556/556 
f 556/556/556 564/564/564 565/565/565 
f 564/564/564 566/566/566 565/565/565 
f 565/565/565 566/566/566 558/558/558 
f 566/566/566 567/567/567 558/558/558 
f 558/558/558 567/567/567 560/560/560 
f 567/567/567 560/560/560 560/560/560 
f 560/560/560 560/560/560 565/565/565 
f 560/560/560 565/565/565 565/565/565 
f 565/565/565 565/565/565 565/565/565 
f 565/565/565 558/558/558 565/565/565 
f 565/565/565 558/558/558 556/556/556 
f 558/558/558 557/557/557 556/556/556 
f 556/556/556 557/557/557 557/557/557 
f 557/557/557 492/492/492 557/557/557 
f 557/557/557 492/492/492 492/492/492 
f 492/492/492 491/491/491 492/492/492 
f 492/492/492 491/491/491 501/501/501 
f 491/491/491 499/499/499 501/501/501 
f 501/501/501 499/499/499 499/499/499 
f 499/499/499 497/497/497 499/499/499 
f 499/499/499 497/497/497 497/497/497 
f 497/497/497 496/496/496 497/497/497 
f 497/497/497 496/496/496 498/498/498 
f 496/496/496 505/505/505 498/498/498 
f 498/498/498 505/505/505 505/505/505 
f 505/505/505 507/507/507 505/505/505 
f 505/505/505 507/507/507 507/507/507 
f 507/507/507 506/506/506 507/507/507 
f 507/507/507 506/506/506 508/508/508 
f 506/506/506 515/515/515 508/508/508 
f 508/508/508 515/515/515 515/515/515 
f 515/515/515 512/512/512 515/515/515 
f 515/515/515 512/512/512 512/512/512 
f 512/512/512 510/510/510 512/512/512 
f 512/512/512 510/510/510 521/521/521 
f 510/510/510 519/519/519 521/521/521 
f 521/521/521 519/519/519 519/519/519 
f 519/519/519 527/527/527 519/519/519 
f 519/519/519 527/527/527 527/527/527 
f 527/527/527 526/526/526 527/527/527 
f 527/527/527 526/526/526 528/528/528 
f 526/526/526 535/535/535 528/528/528 
f 528/528/528 535/535/535 535/535/535 
f 535/535/535 545/545/545 535/535/535 
f 535/535/535 545/545/545 545/545/545 
f 545/545/545 538/538/538 545/545/545 
f 545/545/545 538/538/538 536/536/536 
f 538/538/538 537/537/537 536/536/536 
f 536/536/536 537/537/537 537/537/537 
f 537/537/537 56/56/56 537/537/537 
f 537/537/537 56/56/56 56/56/56 
f 56/56/56 51/51/51 56/56/56 
f 56/56/56 51/51/51 47/47/47 
f 51/51/51 49/49/49 47/47/47 
f 47/47/47 49/49/49 49/49/49 
f 49/49/49 568/568/568 49/49/49 
f 49/49/49 568/568/568 568/568/568 
f 568/568/568 569/569/569 568/568/568 
f 568/568/568 569/569/569 570/570/570 
f 569/569/569 571/571/571 570/570/570 
f 570/570/570 571/571/571 572/572/572 
f 571/571/571 573/573/573 572/572/572 
f 572/572/572 573/573/573 574/574/574 
f 573/573/573 575/575/575 574/574/574 
f 574/574/574 575/575/575 576/576/576 
f 575/575/575 577/577/577 576/576/576 
f 576/576/576 577/577/577 578/578/578 
f 577/577/577 579/579/579 578/578/578 
f 578/578/578 579/579/579 580/580/580 
f 579/579/579 581/581/581 580/580/580 
f 580/580/580 581/581/581 582/582/582 
f 581/581/581 583/583/583 582/582/582 
f 582/582/582 583/583/583 584/584/584 
f 583/583/583 585/585/585 584/584/584 
f 584/584/584 585/585/585 586/586/586 
f 585/585/585 587/587/587 586/586/586 
f 586/586/586 587/587/587 587/587/587 
f 587/587/587 573/573/573 587/587/587 
f 587/587/587 573/573/573 573/573/573 
f 573/573/573 588/588/588 573/573/573 
f 573/573/573 588/588/588 575/575/575 
f 588/588/588 589/589/589 575/575/575 
f 575/575/575 589/589/589 590/590/590 
f 589/589/589 591/591/591 590/590/590 
f 590/590/590 591/591/591 579/579/579 
f 591/591/591 592/592/592 579/579/579 
f 579/579/579 592/592/592 581/581/581 
f 592/592/592 593/593/593 581/581/581 
f 581/581/581 593/593/593 594/594/594 
f 593/593/593 595/595/595 594/594/594 
f 594/594/594 595/595/595 585/585/585 
f 595/595/595 596/596/596 585/585/585 
f 585/585/585 596/596/596 587/587/587 
f 596/596/596 597/597/597 587/587/587 
f 587/587/587 597/597/597 598/598/598 
f 597/597/597 599/599/599 598/598/598 
f 598/598/598 599/599/599 599/599/599 
f 599/599/599 589/589/589 599/599/599 
f 599/599/599 589/589/589 589/589/589 
f 589/589/589 600/600/600 589/589/589 
f 589/589/589 600/600/600 591/591/591 
f 600/600/600 601/601/601 591/591/591 
f 591/591/591 601/601/601 602/602/602 
f 601/601/601 603/603/603 602/602/602 
f 602/602/602 603/603/603 593/593/593 
f 603/603/603 604/604/604 593/593/593 
f 593/593/593 604/604/604 595/595/595 
f 604/604/604 605/605/605 595/595/595 
f 595/595/595 605/605/605 606/606/606 
f 605/605/605 607/607/607 606/606/606 
f 606/606/606 607/607/607 597/597/597 
f 607/607/607 608/608/608 597/597/597 
f 597/597/597 608/608/608 599/599/599 
f 608/608/608 609/609/609 599/599/599 
f 599/599/599 609/609/609 610/610/610 
f 609/609/609 611/611/611 610/610/610 
f 610/610/610 611/611/611 611/611/611 
f 611/611/611 601/601/601 611/611/611 
f 611/611/611 601/601/601 601/601/601 
f 601/601/601 612/612/612 601/601/601 
f 601/601/601 612/612/612 603/603/603 
f 612/612/612 613/613/613 603/603/603 
f 603/603/603 613/613/613 614/614/614 
f 613/613/613 615/615/615 614/614/614 
f 614/614/614 615/615/615 605/605/605 
f 615/615/615 616/616/616 605/605/605 
f 605/605/605 616/616/616 607/607/607 
f 616/616/616 617/617/617 607/607/607 
f 607/607/607 617/617/617 618/618/618 
f 617/617/617 619/619/619 618/618/618 
f 618/618/618 619/619/619 609/609/609 
f 619/619/619 620/620/620 609/609/609 
f 609/609/609 620/620/620 611/611/611 
f 620/620/620 621/621/621 611/611/611 
f 611/611/611 621/621/621 622/622/622 
f 621/621/621 623/623/623 622/622/622 
f 622/622/622 623/623/623 623/623/623 
f 623/623/623 613/613/613 623/623/623 
f 623/623/623 613/613/613 613/613/613 
f 613/613/613 624/624/624 613/613/613 
f 613/613/613 624/624/624 615/615/615 
f 624/624/624 625/625/625 615/615/615 
f 615/615/615 625/625/625 626/626/626 
f 625/625/625 627/627/627 626/626/626 
f 626/626/626 627/627/627 617/617/617 
f 627/627/627 628/628/628 617/617/617 
f 617/617/617 628/628/628 619/619/619 
f 628/628/628 629/629/629 619/619/619 
f 619/619/619 629/629/629 630/630/630 
f 629/629/629 631/631/631 630/630/630 
f 630/630/630 631/631/631 621/621/621 
f 631/631/631 632/632/632 621/621/621 
f 621/621/621 632/632/632 623/623/623 
f 632/632/632 633/633/633 623/623/623 
f 623/623/623 633/633/633 634/634/634 
f 633/633/633 635/635/635 634/634/634 
f 634/634/634 635/635/635 635/635/635 
f 635/635/635 625/625/625 635/635/635 
f 635/635/635 625/625/625 625/625/625 
f 625/625/625 636/636/636 625/625/625 
f 625/625/625 636/636/636 627/627/627 
f 636/636/636 637/637/637 627/627/627 
f 627/627/627 637/637/637 638/638/638 
f 637/637/637 639/639/639 638/638/638 
f 638/638/638 639/639/639 629/629/629 
f 639/639/639 640/640/640 629/629/629 
f 629/629/629 640/640/640 631/631/631 
f 640/640/640 641/641/641 631/631/631 
f 631/631/631 641/641/641 642/642/642 
f 641/641/641 643/643/643 642/642/642 
f 642/642/642 643/643/643 633/633/633 
f 643/643/643 644/644/644 633/633/633 
f 633/633/633 644/644/644 635/635/635 
f 644/644/644 645/645/645 635/635/635 
f 635/635/635 645/645/645 646/646/646 
f 645/645/645 647/647/647 646/646/646 
f 646/646/646 647/647/647 647/647/647 
f 647/647/647 637/637/637 647/647/647 
f 647/647/647 637/637/637 637/637/637 
f 637/637/637 648/648/648 637/637/637 
f 637/637/637 648/648/648 639/639/639 
f 648/648/648 649/649/649 639/639/639 
f 639/639/639 649/649/649 650/650/650 
f 649/649/649 651/651/651 650/650/650 
f 650/650/650 651/651/651 641/641/641 
f 651/651/651 652/652/652 641/641/641 
f 641/641/641 652/652/652 643/643/643 
f 652/652/652 653/653/653 643/643/643 
f 643/643/643 653/653/653 654/654/654 
f 653/653/653 655/655/655 654/654/654 
f 654/654/654 655/655/655 645/645/645 
f 655/655/655 656/656/656 645/645/645 
f 645/645/645 656/656/656 647/647/647 
f 656/656/656 657/657/657 647/647/647 
f 647/647/647 657/657/657 658/658/658 
f 657/657/657 659/659/659 658/658/658 
f 658/658/658 659/659/659 659/659/659 
f 659/659/659 657/657/657 659/659/659 
f 659/659/659 657/657/657 660/660/660 
f 657/657/657 661/661/661 660/660/660 
f 660/660/660 661/661/661 662/662/662 
f 661/661/661 663/663/663 662/662/662 
f 662/662/662 663/663/663 664/664/664 
f 663/663/663 665/665/665 664/664/664 
f 664/664/664 665/665/665 666/666/666 
f 665/665/665 667/667/667 666/666/666 
f 666/666/666 667/667/667 311/311/311 
f 667/667/667 668/668/668 311/311/311 
f 311/311/311 668/668/668 313/313/313 
f 668/668/668 669/669/669 313/313/313 
f 313/313/313 669/669/669 670/670/670 
f 669/669/669 671/671/671 670/670/670 
f 670/670/670 671/671/671 315/315/315 
f 671/671/671 672/672/672 315/315/315 
f 315/315/315 672/672/672 317/317/317 
f 672/672/672 317/317/317 317/317/317 
f 317/317/317 317/317/317 661/661/661 
f 317/317/317 661/661/661 661/661/661 
f 661/661/661 661/661/661 661/661/661 
f 661/661/661 657/657/657 661/661/661 
f 661/661/661 657/657/657 673/673/673 
f 657/657/657 655/655/655 673/673/673 
f 673/673/673 655/655/655 674/674/674 
f 655/655/655 675/675/675 674/674/674 
f 674/674/674 675/675/675 676/676/676 
f 675/675/675 653/653/653 676/676/676 
f 676/676/676 653/653/653 677/677/677 
f 653/653/653 651/651/651 677/677/677 
f 677/677/677 651/651/651 678/678/678 
f 651/651/651 679/679/679 678/678/678 
f 678/678/678 679/679/679 680/680/680 
f 679/679/679 649/649/649 680/680/680 
f 680/680/680 649/649/649 681/681/681 
f 649/649/649 682/682/682 681/681/681 
f 681/681/681 682/682/682 682/682/682 
f 682/682/682 680/680/680 682/682/682 
f 682/682/682 680/680/680 680/680/680 
f 680/680/680 683/683/683 680/680/680 
f 680/680/680 683/683/683 678/678/678 
f 683/683/683 684/684/684 678/678/678 
f 678/678/678 684/684/684 685/685/685 
f 684/684/684 686/686/686 685/685/685 
f 685/685/685 686/686/686 676/676/676 
f 686/686/686 687/687/687 676/676/676 
f 676/676/676 687/687/687 674/674/674 
f 687/687/687 688/688/688 674/674/674 
f 674/674/674 688/688/688 689/689/689 
f 688/688/688 665/665/665 689/689/689 
f 689/689/689 665/665/665 661/661/661 
f 665/665/665 663/663/663 661/661/661 
f 661/661/661 663/663/663 663/663/663 
f 663/663/663 684/684/684 663/663/663 
f 663/663/663 684/684/684 684/684/684 
f 684/684/684 690/690/690 684/684/684 
f 684/684/684 690/690/690 686/686/686 
f 690/690/690 691/691/691 686/686/686 
f 686/686/686 691/691/691 692/692/692 
f 691/691/691 693/693/693 692/692/692 
f 692/692/692 693/693/693 688/688/688 
f 693/693/693 694/694/694 688/688/688 
f 688/688/688 694/694/694 665/665/665 
f 694/694/694 667/667/667 665/665/665 
f 665/665/665 667/667/667 667/667/667 
f 667/667/667 691/691/691 667/667/667 
f 667/667/667 691/691/691 691/691/691 
f 691/691/691 695/695/695 691/691/691 
f 691/691/691 695/695/695 693/693/693 
f 695/695/695 696/696/696 693/693/693 
f 693/693/693 696/696/696 697/697/697 
f 696/696/696 669/669/669 697/697/697 
f 697/697/697 669/669/669 667/667/667 
f 669/669/669 668/668/668 667/667/667 
f 667/667/667 668/668/668 668/668/668 
f 668/668/668 697/697/697 668/668/668 
f 668/668/668 697/697/697 697/697/697 
f 697/697/697 667/667/667 697/697/697 
f 697/697/697 667/667/667 693/693/693 
f 667/667/667 694/694/694 693/693/693 
f 693/693/693 694/694/694 694/694/694 
f 694/694/694 158/158/158 694/694/694 
f 694/694/694 158/158/158 158/158/158 
f 158/158/158 156/156/156 158/158/158 
f 158/158/158 156/156/156 160/160/160 
f 156/156/156 165/165/165 160/160/160 
f 160/160/160 165/165/165 165/165/165 
f 165/165/165 698/698/698 165/165/165 
f 165/165/165 698/698/698 698/698/698 
f 698/698/698 699/699/699 698/698/698 
f 698/698/698 699/699/699 700/700/700 
f 699/699/699 701/701/701 700/700/700 
f 700/700/700 701/701/701 701/701/701 
f 701/701/701 628/628/628 701/701/701 
f 701/701/701 628/628/628 628/628/628 
f 628/628/628 627/627/627 628/628/628 
f 628/628/628 627/627/627 629/629/629 
f 627/627/627 638/638/638 629/629/629 
f 629/629/629 638/638/638 638/638/638 
f 638/638/638 632/632/632 638/638/638 
f 638/638/638 632/632/632 632/632/632 
f 632/632/632 631/631/631 632/632/632 
f 632/632/632 631/631/631 633/633/633 
f 631/631/631 642/642/642 633/633/633 
f 633/633/633 642/642/642 642/642/642 
f 642/642/642 640/640/640 642/642/642 
f 642/642/642 640/640/640 640/640/640 
f 640/640/640 639/639/639 640/640/640 
f 640/640/640 639/639/639 641/641/641 
f 639/639/639 650/650/650 641/641/641 
f 641/641/641 650/650/650 650/650/650 
f 650/650/650 583/583/583 650/650/650 
f 650/650/650 583/583/583 583/583/583 
f 583/583/583 581/581/581 583/583/583 
f 583/583/583 581/581/581 585/585/585 
f 581/581/581 594/594/594 585/585/585 
f 585/585/585 594/594/594 594/594/594 
f 594/594/594 671/671/671 594/594/594 
f 594/594/594 671/671/671 671/671/671 
f 671/671/671 669/669/669 671/671/671 
f 671/671/671 669/669/669 702/702/702 
f 669/669/669 696/696/696 702/702/702 
f 702/702/702 696/696/696 696/696/696 
f 696/696/696 703/703/703 696/696/696 
f 696/696/696 703/703/703 703/703/703 
f 703/703/703 704/704/704 703/703/703 
f 703/703/703 704/704/704 705/705/705 
f 704/704/704 706/706/706 705/705/705 
f 705/705/705 706/706/706 707/707/707 
f 706/706/706 708/708/708 707/707/707 
f 707/707/707 708/708/708 709/709/709 
f 708/708/708 710/710/710 709/709/709 
f 709/709/709 710/710/710 710/710/710 
f 710/710/710 706/706/706 710/710/710 
f 710/710/710 706/706/706 706/706/706 
f 706/706/706 704/704/704 706/706/706 
f 706/706/706 704/704/704 708/708/708 
f 704/704/704 711/711/711 708/708/708 
f 708/708/708 711/711/711 712/712/712 
f 711/711/711 712/712/712 712/712/712 
f 712/712/712 712/712/712 708/708/708 
f 712/712/712 708/708/708 708/708/708 
f 708/708/708 708/708/708 708/708/708 
f 708/708/708 712/712/712 708/708/708 
f 708/708/708 712/712/712 713/713/713 
f 712/712/712 714/714/714 713/713/713 
f 713/713/713 714/714/714 710/710/710 
f 714/714/714 715/715/715 710/710/710 
f 710/710/710 715/715/715 715/715/715 
f 715/715/715 712/712/712 715/715/715 
f 715/715/715 712/712/712 712/712/712 
f 712/712/712 716/716/716 712/712/712 
f 712/712/712 716/716/716 714/714/714 
f 716/716/716 717/717/717 714/714/714 
f 714/714/714 717/717/717 718/718/718 
f 717/717/717 719/719/719 718/718/718 
f 718/718/718 719/719/719 720/720/720 
f 719/719/719 721/721/721 720/720/720 
f 720/720/720 721/721/721 721/721/721 
f 721/721/721 718/718/718 721/721/721 
f 721/721/721 718/718/718 718/718/718 
f 718/718/718 720/720/720 718/718/718 
f 718/718/718 720/720/720 714/714/714 
f 720/720/720 715/715/715 714/714/714 
f 714/714/714 715/715/715 715/715/715 
f 715/715/715 618/618/618 715/715/715 
f 715/715/715 618/618/618 618/618/618 
f 618/618/618 609/609/609 618/618/618 
f 618/618/618 609/609/609 607/607/607 
f 609/609/609 608/608/608 607/607/607 
f 607/607/607 608/608/608 608/608/608 
f 608/608/608 570/570/570 608/608/608 
f 608/608/608 570/570/570 570/570/570 
f 570/570/570 572/572/572 570/570/570 
f 570/570/570 572/572/572 722/722/722 
f 572/572/572 723/723/723 722/722/722 
f 722/722/722 723/723/723 723/723/723 
f 723/723/723 572/572/572 723/723/723 
f 723/723/723 572/572/572 724/724/724 
f 572/572/572 576/576/576 724/724/724 
f 724/724/724 576/576/576 725/725/725 
f 576/576/576 726/726/726 725/725/725 
f 725/725/725 726/726/726 727/727/727 
f 726/726/726 578/578/578 727/727/727 
f 727/727/727 578/578/578 728/728/728 
f 578/578/578 582/582/582 728/728/728 
f 728/728/728 582/582/582 729/729/729 
f 582/582/582 730/730/730 729/729/729 
f 729/729/729 730/730/730 730/730/730 
f 730/730/730 728/728/728 730/730/730 
f 730/730/730 728/728/728 728/728/728 
f 728/728/728 729/729/729 728/728/728 
f 728/728/728 729/729/729 727/727/727 
f 729/729/729 731/731/731 727/727/727 
f 727/727/727 731/731/731 732/732/732 
f 731/731/731 732/732/732 732/732/732 
f 732/732/732 732/732/732 727/727/727 
f 732/732/732 727/727/727 727/727/727 
f 727/727/727 727/727/727 727/727/727 
f 727/727/727 732/732/732 727/727/727 
f 727/727/727 732/732/732 733/733/733 
f 732/732/732 734/734/734 733/733/733 
f 733/733/733 734/734/734 725/725/725 
f 734/734/734 735/735/735 725/725/725 
f 725/725/725 735/735/735 723/723/723 
f 735/735/735 723/723/723 723/723/723 
f 723/723/723 723/723/723 228/228/228 
f 723/723/723 228/228/228 228/228/228 
f 228/228/228 228/228/228 228/228/228 
f 228/228/228 230/230/230 228/228/228 
f 228/228/228 230/230/230 219/219/219 
f 230/230/230 221/221/221 219/219/219 
f 219/219/219 221/221/221 221/221/221 
f 221/221/221 660/660/660 221/221/221 
f 221/221/221 660/660/660 660/660/660 
f 660/660/660 662/662/662 660/660/660 
f 660/660/660 662/662/662 659/659/659 
f 662/662/662 736/736/736 659/659/659 
f 659/659/659 736/736/736 736/736/736 
f 736/736/736 662/662/662 736/736/736 
f 736/736/736 662/662/662 737/737/737 
f 662/662/662 738/738/738 737/737/737 
f 737/737/737 738/738/738 307/307/307 
f 738/738/738 664/664/664 307/307/307 
f 307/307/307 664/664/664 310/310/310 
f 664/664/664 311/311/311 310/310/310 
f 310/310/310 311/311/311 311/311/311 
f 311/311/311 739/739/739 311/311/311 
f 311/311/311 739/739/739 739/739/739 
f 739/739/739 740/740/740 739/739/739 
f 739/739/739 740/740/740 741/741/741 
f 740/740/740 742/742/742 741/741/741 
f 741/741/741 742/742/742 742/742/742 
f 742/742/742 743/743/743 742/742/742 
f 742/742/742 743/743/743 743/743/743 
f 743/743/743 744/744/744 743/743/743 
f 743/743/743 744/744/744 745/745/745 
f 744/744/744 739/739/739 745/745/745 
f 745/745/745 739/739/739 391/391/391 
f 739/739/739 389/389/389 391/391/391 
f 391/391/391 389/389/389 389/389/389 
f 389/389/389 231/231/231 389/389/389 
f 389/389/389 231/231/231 231/231/231 
f 231/231/231 229/229/229 231/231/231 
f 231/231/231 229/229/229 240/240/240 
f 229/229/229 238/238/238 240/240/240 
f 240/240/240 238/238/238 238/238/238 
f 238/238/238 746/746/746 238/238/238 
f 238/238/238 746/746/746 746/746/746 
f 746/746/746 747/747/747 746/746/746 
f 746/746/746 747/747/747 748/748/748 
f 747/747/747 749/749/749 748/748/748 
f 748/748/748 749/749/749 750/750/750 
f 749/749/749 751/751/751 750/750/750 
f 750/750/750 751/751/751 752/752/752 
f 751/751/751 753/753/753 752/752/752 
f 752/752/752 753/753/753 754/754/754 
f 753/753/753 755/755/755 754/754/754 
f 754/754/754 755/755/755 28/28/28 
f 755/755/755 756/756/756 28/28/28 
f 28/28/28 756/756/756 757/757/757 
f 756/756/756 757/757/757 757/757/757 
f 757/757/757 757/757/757 28/28/28 
f 757/757/757 28/28/28 28/28/28 
f 28/28/28 28/28/28 28/28/28 
f 28/28/28 27/27/27 28/28/28 
f 28/28/28 27/27/27 754/754/754 
f 27/27/27 24/24/24 754/754/754 
f 754/754/754 24/24/24 758/758/758 
f 24/24/24 759/759/759 758/758/758 
f 758/758/758 759/759/759 750/750/750 
f 759/759/759 760/760/760 750/750/750 
f 750/750/750 760/760/760 748/748/748 
f 760/760/760 748/748/748 748/748/748 
f 748/748/748 748/748/748 758/758/758 
f 748/748/748 758/758/758 758/758/758 
f 758/758/758 758/758/758 758/758/758 
f 758/758/758 750/750/750 758/758/758 
f 758/758/758 750/750/750 754/754/754 
f 750/750/750 752/752/752 754/754/754 
f 754/754/754 752/752/752 752/752/752 
f 752/752/752 755/755/755 752/752/752 
f 752/752/752 755/755/755 755/755/755 
f 755/755/755 753/753/753 755/755/755 
f 755/755/755 753/753/753 756/756/756 
f 753/753/753 761/761/761 756/756/756 
f 756/756/756 761/761/761 761/761/761 
f 761/761/761 753/753/753 761/761/761 
f 761/761/761 753/753/753 762/762/762 
f 753/753/753 763/763/763 762/762/762 
f 762/762/762 763/763/763 764/764/764 
f 763/763/763 751/751/751 764/764/764 
f 764/764/764 751/751/751 765/765/765 
f 751/751/751 747/747/747 765/765/765 
f 765/765/765 747/747/747 747/747/747 
f 747/747/747 677/677/677 747/747/747 
f 747/747/747 677/677/677 677/677/677 
f 677/677/677 678/678/678 677/677/677 
f 677/677/677 678/678/678 676/676/676 
f 678/678/678 685/685/685 676/676/676 
f 676/676/676 685/685/685 685/685/685 
f 685/685/685 208/208/208 685/685/685 
f 685/685/685 208/208/208 208/208/208 
f 208/208/208 210/210/210 208/208/208 
f 208/208/208 210/210/210 199/199/199 
f 210/210/210 201/201/201 199/199/199 
f 199/199/199 201/201/201 201/201/201 
f 201/201/201 571/571/571 201/201/201 
f 201/201/201 571/571/571 571/571/571 
f 571/571/571 569/569/569 571/571/571 
f 571/571/571 569/569/569 573/573/573 
f 569/569/569 766/766/766 573/573/573 
f 573/573/573 766/766/766 767/767/767 
f 766/766/766 767/767/767 767/767/767 
f 767/767/767 767/767/767 573/573/573 
f 767/767/767 573/573/573 573/573/573 
f 573/573/573 573/573/573 573/573/573 
f 573/573/573 767/767/767 573/573/573 
f 573/573/573 767/767/767 588/588/588 
f 767/767/767 589/589/589 588/588/588 
f 588/588/588 589/589/589 589/589/589 
f 589/589/589 767/767/767 589/589/589 
f 589/589/589 767/767/767 767/767/767 
f 767/767/767 768/768/768 767/767/767 
f 767/767/767 768/768/768 589/589/589 
f 768/768/768 769/769/769 589/589/589 
f 589/589/589 769/769/769 600/600/600 
f 769/769/769 601/601/601 600/600/600 
f 600/600/600 601/601/601 601/601/601 
f 601/601/601 769/769/769 601/601/601 
f 601/601/601 769/769/769 769/769/769 
f 769/769/769 770/770/770 769/769/769 
f 769/769/769 770/770/770 601/601/601 
f 770/770/770 771/771/771 601/601/601 
f 601/601/601 771/771/771 612/612/612 
f 771/771/771 613/613/613 612/612/612 
f 612/612/612 613/613/613 613/613/613 
f 613/613/613 771/771/771 613/613/613 
f 613/613/613 771/771/771 771/771/771 
f 771/771/771 772/772/772 771/771/771 
f 771/771/771 772/772/772 613/613/613 
f 772/772/772 773/773/773 613/613/613 
f 613/613/613 773/773/773 624/624/624 
f 773/773/773 625/625/625 624/624/624 
f 624/624/624 625/625/625 625/625/625 
f 625/625/625 773/773/773 625/625/625 
f 625/625/625 773/773/773 773/773/773 
f 773/773/773 774/774/774 773/773/773 
f 773/773/773 774/774/774 625/625/625 
f 774/774/774 775/775/775 625/625/625 
f 625/625/625 775/775/775 636/636/636 
f 775/775/775 637/637/637 636/636/636 
f 636/636/636 637/637/637 637/637/637 
f 637/637/637 775/775/775 637/637/637 
f 637/637/637 775/775/775 775/775/775 
f 775/775/775 776/776/776 775/775/775 
f 775/775/775 776/776/776 637/637/637 
f 776/776/776 682/682/682 637/637/637 
f 637/637/637 682/682/682 648/648/648 
f 682/682/682 649/649/649 648/648/648 
f 648/648/648 649/649/649 649/649/649 
f 649/649/649 314/314/314 649/649/649 
f 649/649/649 314/314/314 314/314/314 
f 314/314/314 313/313/313 314/314/314 
f 314/314/314 313/313/313 315/315/315 
f 313/313/313 670/670/670 315/315/315 
f 315/315/315 670/670/670 670/670/670 
f 670/670/670 559/559/559 670/670/670 
f 670/670/670 559/559/559 559/559/559 
f 559/559/559 561/561/561 559/559/559 
f 559/559/559 561/561/561 550/550/550 
f 561/561/561 552/552/552 550/550/550 
f 550/550/550 552/552/552 552/552/552 
f 552/552/552 777/777/777 552/552/552 
f 552/552/552 777/777/777 777/777/777 
f 777/777/777 778/778/778 777/777/777 
f 777/777/777 778/778/778 779/779/779 
f 778/778/778 780/780/780 779/779/779 
f 779/779/779 780/780/780 781/781/781 
f 780/780/780 782/782/782 781/781/781 
f 781/781/781 782/782/782 783/783/783 
f 782/782/782 784/784/784 783/783/783 
f 783/783/783 784/784/784 785/785/785 
f 784/784/784 786/786/786 785/785/785 
f 785/785/785 786/786/786 787/787/787 
f 786/786/786 788/788/788 787/787/787 
f 787/787/787 788/788/788 789/789/789 
f 788/788/788 789/789/789 789/789/789 
f 789/789/789 789/789/789 787/787/787 
f 789/789/789 787/787/787 787/787/787 
f 787/787/787 787/787/787 787/787/787 
f 787/787/787 790/790/790 787/787/787 
f 787/787/787 790/790/790 785/785/785 
f 790/790/790 791/791/791 785/785/785 
f 785/785/785 791/791/791 792/792/792 
f 791/791/791 793/793/793 792/792/792 
f 792/792/792 793/793/793 781/781/781 
f 793/793/793 794/794/794 781/781/781 
f 781/781/781 794/794/794 779/779/779 
f 794/794/794 779/779/779 779/779/779 
f 779/779/779 779/779/779 792/792/792 
f 779/779/779 792/792/792 792/792/792 
f 792/792/792 792/792/792 792/792/792 
f 792/792/792 781/781/781 792/792/792 
f 792/792/792 781/781/781 785/785/785 
f 781/781/781 783/783/783 785/785/785 
f 785/785/785 783/783/783 783/783/783 
f 783/783/783 577/577/577 783/783/783 
f 783/783/783 577/577/577 577/577/577 
f 577/577/577 575/575/575 577/577/577 
f 577/577/577 575/575/575 579/579/579 
f 575/575/575 590/590/590 579/579/579 
f 579/579/579 590/590/590 590/590/590 
f 590/590/590 789/789/789 590/590/590 
f 590/590/590 789/789/789 789/789/789 
f 789/789/789 795/795/795 789/789/789 
f 789/789/789 795/795/795 787/787/787 
f 795/795/795 796/796/796 787/787/787 
f 787/787/787 796/796/796 797/797/797 
f 796/796/796 798/798/798 797/797/797 
f 797/797/797 798/798/798 799/799/799 
f 798/798/798 800/800/800 799/799/799 
f 799/799/799 800/800/800 801/801/801 
f 800/800/800 802/802/802 801/801/801 
f 801/801/801 802/802/802 803/803/803 
f 802/802/802 804/804/804 803/803/803 
f 803/803/803 804/804/804 805/805/805 
f 804/804/804 806/806/806 805/805/805 
f 805/805/805 806/806/806 806/806/806 
f 806/806/806 803/803/803 806/806/806 
f 806/806/806 803/803/803 803/803/803 
f 803/803/803 807/807/807 803/803/803 
f 803/803/803 807/807/807 801/801/801 
f 807/807/807 808/808/808 801/801/801 
f 801/801/801 808/808/808 809/809/809 
f 808/808/808 791/791/791 809/809/809 
f 809/809/809 791/791/791 797/797/797 
f 791/791/791 790/790/790 797/797/797 
f 797/797/797 790/790/790 787/787/787 
f 790/790/790 787/787/787 787/787/787 
f 787/787/787 787/787/787 809/809/809 
f 787/787/787 809/809/809 809/809/809 
f 809/809/809 809/809/809 809/809/809 
f 809/809/809 797/797/797 809/809/809 
f 809/809/809 797/797/797 801/801/801 
f 797/797/797 799/799/799 801/801/801 
f 801/801/801 799/799/799 799/799/799 
f 799/799/799 793/793/793 799/799/799 
f 799/799/799 793/793/793 793/793/793 
f 793/793/793 791/791/791 793/793/793 
f 793/793/793 791/791/791 810/810/810 
f 791/791/791 808/808/808 810/810/810 
f 810/810/810 808/808/808 808/808/808 
f 808/808/808 802/802/802 808/808/808 
f 808/808/808 802/802/802 802/802/802 
f 802/802/802 800/800/800 802/802/802 
f 802/802/802 800/800/800 804/804/804 
f 800/800/800 811/811/811 804/804/804 
f 804/804/804 811/811/811 812/812/812 
f 811/811/811 813/813/813 812/812/812 
f 812/812/812 813/813/813 814/814/814 
f 813/813/813 815/815/815 814/814/814 
f 814/814/814 815/815/815 816/816/816 
f 815/815/815 817/817/817 816/816/816 
f 816/816/816 817/817/817 818/818/818 
f 817/817/817 818/818/818 818/818/818 
f 818/818/818 818/818/818 811/811/811 
f 818/818/818 811/811/811 811/811/811 
f 811/811/811 811/811/811 811/811/811 
f 811/811/811 800/800/800 811/811/811 
f 811/811/811 800/800/800 813/813/813 
f 800/800/800 819/819/819 813/813/813 
f 813/813/813 819/819/819 820/820/820 
f 819/819/819 798/798/798 820/820/820 
f 820/820/820 798/798/798 821/821/821 
f 798/798/798 795/795/795 821/821/821 
f 821/821/821 795/795/795 795/795/795 
f 795/795/795 820/820/820 795/795/795 
f 795/795/795 820/820/820 820/820/820 
f 820/820/820 822/822/822 820/820/820 
f 820/820/820 822/822/822 813/813/813 
f 822/822/822 815/815/815 813/813/813 
f 813/813/813 815/815/815 815/815/815 
f 815/815/815 529/529/529 815/815/815 
f 815/815/815 529/529/529 529/529/529 
f 529/529/529 531/531/531 529/529/529 
f 529/529/529 531/531/531 520/520/520 
f 531/531/531 522/522/522 520/520/520 
f 520/520/520 522/522/522 522/522/522 
f 522/522/522 251/251/251 522/522/522 
f 522/522/522 251/251/251 251/251/251 
f 251/251/251 249/249/249 251/251/251 
f 251/251/251 249/249/249 260/260/260 
f 249/249/249 258/258/258 260/260/260 
f 260/260/260 258/258/258 258/258/258 
f 258/258/258 823/823/823 258/258/258 
f 258/258/258 823/823/823 823/823/823 
f 823/823/823 824/824/824 823/823/823 
f 823/823/823 824/824/824 825/825/825 
f 824/824/824 826/826/826 825/825/825 
f 825/825/825 826/826/826 827/827/827 
f 826/826/826 828/828/828 827/827/827 
f 827/827/827 828/828/828 829/829/829 
f 828/828/828 829/829/829 829/829/829 
f 829/829/829 829/829/829 826/826/826 
f 829/829/829 826/826/826 826/826/826 
f 826/826/826 826/826/826 826/826/826 
f 826/826/826 824/824/824 826/826/826 
f 826/826/826 824/824/824 828/828/828 
f 824/824/824 830/830/830 828/828/828 
f 828/828/828 830/830/830 830/830/830 
f 830/830/830 831/831/831 830/830/830 
f 830/830/830 831/831/831 831/831/831 
f 831/831/831 832/832/832 831/831/831 
f 831/831/831 832/832/832 833/833/833 
f 832/832/832 834/834/834 833/833/833 
f 833/833/833 834/834/834 120/120/120 
f 834/834/834 124/124/124 120/120/120 
f 120/120/120 124/124/124 122/122/122 
f 124/124/124 122/122/122 122/122/122 
f 122/122/122 122/122/122 834/834/834 
f 122/122/122 834/834/834 834/834/834 
f 834/834/834 834/834/834 834/834/834 
f 834/834/834 832/832/832 834/834/834 
f 834/834/834 832/832/832 124/124/124 
f 832/832/832 835/835/835 124/124/124 
f 124/124/124 835/835/835 126/126/126 
f 835/835/835 126/126/126 126/126/126 
f 126/126/126 126/126/126 833/833/833 
f 126/126/126 833/833/833 833/833/833 
f 833/833/833 833/833/833 833/833/833 
f 833/833/833 120/120/120 833/833/833 
f 833/833/833 120/120/120 836/836/836 
f 120/120/120 118/118/118 836/836/836 
f 836/836/836 118/118/118 118/118/118 
f 118/118/118 837/837/837 118/118/118 
f 118/118/118 837/837/837 837/837/837 
f 837/837/837 838/838/838 837/837/837 
f 837/837/837 838/838/838 839/839/839 
f 838/838/838 840/840/840 839/839/839 
f 839/839/839 840/840/840 841/841/841 
f 840/840/840 842/842/842 841/841/841 
f 841/841/841 842/842/842 843/843/843 
f 842/842/842 844/844/844 843/843/843 
f 843/843/843 844/844/844 845/845/845 
f 844/844/844 846/846/846 845/845/845 
f 845/845/845 846/846/846 847/847/847 
f 846/846/846 848/848/848 847/847/847 
f 847/847/847 848/848/848 849/849/849 
f 848/848/848 850/850/850 849/849/849 
f 849/849/849 850/850/850 851/851/851 
f 850/850/850 852/852/852 851/851/851 
f 851/851/851 852/852/852 853/853/853 
f 852/852/852 854/854/854 853/853/853 
f 853/853/853 854/854/854 855/855/855 
f 854/854/854 856/856/856 855/855/855 
f 855/855/855 856/856/856 856/856/856 
f 856/856/856 842/842/842 856/856/856 
f 856/856/856 842/842/842 842/842/842 
f 842/842/842 857/857/857 842/842/842 
f 842/842/842 857/857/857 844/844/844 
f 857/857/857 858/858/858 844/844/844 
f 844/844/844 858/858/858 859/859/859 
f 858/858/858 860/860/860 859/859/859 
f 859/859/859 860/860/860 848/848/848 
f 860/860/860 861/861/861 848/848/848 
f 848/848/848 861/861/861 850/850/850 
f 861/861/861 862/862/862 850/850/850 
f 850/850/850 862/862/862 863/863/863 
f 862/862/862 864/864/864 863/863/863 
f 863/863/863 864/864/864 854/854/854 
f 864/864/864 865/865/865 854/854/854 
f 854/854/854 865/865/865 856/856/856 
f 865/865/865 866/866/866 856/856/856 
f 856/856/856 866/866/866 867/867/867 
f 866/866/866 868/868/868 867/867/867 
f 867/867/867 868/868/868 868/868/868 
f 868/868/868 858/858/858 868/868/868 
f 868/868/868 858/858/858 858/858/858 
f 858/858/858 869/869/869 858/858/858 
f 858/858/858 869/869/869 860/860/860 
f 869/869/869 870/870/870 860/860/860 
f 860/860/860 870/870/870 871/871/871 
f 870/870/870 872/872/872 871/871/871 
f 871/871/871 872/872/872 862/862/862 
f 872/872/872 873/873/873 862/862/862 
f 862/862/862 873/873/873 864/864/864 
f 873/873/873 874/874/874 864/864/864 
f 864/864/864 874/874/874 875/875/875 
f 874/874/874 876/876/876 875/875/875 
f 875/875/875 876/876/876 866/866/866 
f 876/876/876 877/877/877 866/866/866 
f 866/866/866 877/877/877 868/868/868 
f 877/877/877 878/878/878 868/868/868 
f 868/868/868 878/878/878 879/879/879 
f 878/878/878 880/880/880 879/879/879 
f 879/879/879 880/880/880 880/880/880 
f 880/880/880 870/870/870 880/880/880 
f 880/880/880 870/870/870 870/870/870 
f 870/870/870 881/881/881 870/870/870 
f 870/870/870 881/881/881 872/872/872 
f 881/881/881 882/882/882 872/872/872 
f 872/872/872 882/882/882 883/883/883 
f 882/882/882 884/884/884 883/883/883 
f 883/883/883 884/884/884 874/874/874 
f 884/884/884 885/885/885 874/874/874 
f 874/874/874 885/885/885 876/876/876 
f 885/885/885 886/886/886 876/876/876 
f 876/876/876 886/886/886 887/887/887 
f 886/886/886 888/888/888 887/887/887 
f 887/887/887 888/888/888 878/878/878 
f 888/888/888 889/889/889 878/878/878 
f 878/878/878 889/889/889 880/880/880 
f 889/889/889 890/890/890 880/880/880 
f 880/880/880 890/890/890 891/891/891 
f 890/890/890 892/892/892 891/891/891 
f 891/891/891 892/892/892 892/892/892 
f 892/892/892 882/882/882 892/892/892 
f 892/892/892 882/882/882 882/882/882 
f 882/882/882 893/893/893 882/882/882 
f 882/882/882 893/893/893 884/884/884 
f 893/893/893 894/894/894 884/884/884 
f 884/884/884 894/894/894 895/895/895 
f 894/894/894 896/896/896 895/895/895 
f 895/895/895 896/896/896 886/886/886 
f 896/896/896 897/897/897 886/886/886 
f 886/886/886 897/897/897 888/888/888 
f 897/897/897 898/898/898 888/888/888 
f 888/888/888 898/898/898 899/899/899 
f 898/898/898 900/900/900 899/899/899 
f 899/899/899 900/900/900 890/890/890 
f 900/900/900 901/901/901 890/890/890 
f 890/890/890 901/901/901 892/892/892 
f 901/901/901 902/902/902 892/892/892 
f 892/892/892 902/902/902 903/903/903 
f 902/902/902 904/904/904 903/903/903 
f 903/903/903 904/904/904 904/904/904 
f 904/904/904 894/894/894 904/904/904 
f 904/904/904 894/894/894 894/894/894 
f 894/894/894 905/905/905 894/894/894 
f 894/894/894 905/905/905 896/896/896 
f 905/905/905 906/906/906 896/896/896 
f 896/896/896 906/906/906 907/907/907 
f 906/906/906 908/908/908 907/907/907 
f 907/907/907 908/908/908 898/898/898 
f 908/908/908 909/909/909 898/898/898 
f 898/898/898 909/909/909 900/900/900 
f 909/909/909 910/910/910 900/900/900 
f 900/900/900 910/910/910 911/911/911 
f 910/910/910 912/912/912 911/911/911 
f 911/911/911 912/912/912 902/902/902 
f 912/912/912 913/913/913 902/902/902 
f 902/902/902 913/913/913 904/904/904 
f 913/913/913 914/914/914 904/904/904 
f 904/904/904 914/914/914 915/915/915 
f 914/914/914 916/916/916 915/915/915 
f 915/915/915 916/916/916 916/916/916 
f 916/916/916 906/906/906 916/916/916 
f 916/916/916 906/906/906 906/906/906 
f 906/906/906 917/917/917 906/906/906 
f 906/906/906 917/917/917 908/908/908 
f 917/917/917 918/918/918 908/908/908 
f 908/908/908 918/918/918 919/919/919 
f 918/918/918 920/920/920 919/919/919 
f 919/919/919 920/920/920 910/910/910 
f 920/920/920 921/921/921 910/910/910 
f 910/910/910 921/921/921 912/912/912 
f 921/921/921 922/922/922 912/912/912 
f 912/912/912 922/922/922 923/923/923 
f 922/922/922 924/924/924 923/923/923 
f 923/923/923 924/924/924 914/914/914 
f 924/924/924 925/925/925 914/914/914 
f 914/914/914 925/925/925 916/916/916 
f 925/925/925 926/926/926 916/916/916 
f 916/916/916 926/926/926 927/927/927 
f 926/926/926 928/928/928 927/927/927 
f 927/927/927 928/928/928 928/928/928 
f 928/928/928 918/918/918 928/928/928 
f 928/928/928 918/918/918 918/918/918 
f 918/918/918 929/929/929 918/918/918 
f 918/918/918 929/929/929 920/920/920 
f 929/929/929 930/930/930 920/920/920 
f 920/920/920 930/930/930 931/931/931 
f 930/930/930 932/932/932 931/931/931 
f 931/931/931 932/932/932 922/922/922 
f 932/932/932 933/933/933 922/922/922 
f 922/922/922 933/933/933 924/924/924 
f 933/933/933 934/934/934 924/924/924 
f 924/924/924 934/934/934 935/935/935 
f 934/934/934 936/936/936 935/935/935 
f 935/935/935 936/936/936 926/926/926 
f 936/936/936 937/937/937 926/926/926 
f 926/926/926 937/937/937 928/928/928 
f 937/937/937 938/938/938 928/928/928 
f 928/928/928 938/938/938 939/939/939 
f 938/938/938 940/940/940 939/939/939 
f 939/939/939 940/940/940 940/940/940 
f 940/940/940 930/930/930 940/940/940 
f 940/940/940 930/930/930 930/930/930 
f 930/930/930 941/941/941 930/930/930 
f 930/930/930 941/941/941 932/932/932 
f 941/941/941 942/942/942 932/932/932 
f 932/932/932 942/942/942 943/943/943 
f 942/942/942 944/944/944 943/943/943 
f 943/943/943 944/944/944 934/934/934 
f 944/944/944 945/945/945 934/934/934 
f 934/934/934 945/945/945 936/936/936 
f 945/945/945 946/946/946 936/936/936 
f 936/936/936 946/946/946 947/947/947 
f 946/946/946 948/948/948 947/947/947 
f 947/947/947 948/948/948 938/938/938 
f 948/948/948 949/949/949 938/938/938 
f 938/938/938 949/949/949 940/940/940 
f 949/949/949 950/950/950 940/940/940 
f 940/940/940 950/950/950 951/951/951 
f 950/950/950 129/129/129 951/951/951 
f 951/951/951 129/129/129 129/129/129 
f 129/129/129 942/942/942 129/129/129 
f 129/129/129 942/942/942 942/942/942 
f 942/942/942 952/952/952 942/942/942 
f 942/942/942 952/952/952 944/944/944 
f 952/952/952 953/953/953 944/944/944 
f 944/944/944 953/953/953 954/954/954 
f 953/953/953 955/955/955 954/954/954 
f 954/954/954 955/955/955 946/946/946 
f 955/955/955 956/956/956 946/946/946 
f 946/946/946 956/956/956 948/948/948 
f 956/956/956 957/957/957 948/948/948 
f 948/948/948 957/957/957 958/958/958 
f 957/957/957 131/131/131 958/958/958 
f 958/958/958 131/131/131 950/950/950 
f 131/131/131 130/130/130 950/950/950 
f 950/950/950 130/130/130 129/129/129 
f 130/130/130 129/129/129 129/129/129 
f 129/129/129 129/129/129 954/954/954 
f 129/129/129 954/954/954 954/954/954 
f 954/954/954 954/954/954 954/954/954 
f 954/954/954 946/946/946 954/954/954 
f 954/954/954 946/946/946 944/944/944 
f 946/946/946 945/945/945 944/944/944 
f 944/944/944 945/945/945 945/945/945 
f 945/945/945 17/17/17 945/945/945 
f 945/945/945 17/17/17 17/17/17 
f 17/17/17 15/15/15 17/17/17 
f 17/17/17 15/15/15 19/19/19 
f 15/15/15 959/959/959 19/19/19 
f 19/19/19 959/959/959 960/960/960 
f 959/959/959 960/960/960 960/960/960 
f 960/960/960 960/960/960 19/19/19 
f 960/960/960 19/19/19 19/19/19 
f 19/19/19 19/19/19 19/19/19 
f 19/19/19 960/960/960 19/19/19 
f 19/19/19 960/960/960 961/961/961 
f 960/960/960 962/962/962 961/961/961 
f 961/961/961 962/962/962 21/21/21 
f 962/962/962 963/963/963 21/21/21 
f 21/21/21 963/963/963 25/25/25 
f 963/963/963 25/25/25 25/25/25 
f 25/25/25 25/25/25 843/843/843 
f 25/25/25 843/843/843 843/843/843 
f 843/843/843 843/843/843 843/843/843 
f 843/843/843 845/845/845 843/843/843 
f 843/843/843 845/845/845 841/841/841 
f 845/845/845 964/964/964 841/841/841 
f 841/841/841 964/964/964 965/965/965 
f 964/964/964 966/966/966 965/965/965 
f 965/965/965 966/966/966 967/967/967 
f 966/966/966 968/968/968 967/967/967 
f 967/967/967 968/968/968 968/968/968 
f 968/968/968 964/964/964 968/968/968 
f 968/968/968 964/964/964 964/964/964 
f 964/964/964 845/845/845 964/964/964 
f 964/964/964 845/845/845 966/966/966 
f 845/845/845 969/969/969 966/966/966 
f 966/966/966 969/969/969 970/970/970 
f 969/969/969 847/847/847 970/970/970 
f 970/970/970 847/847/847 971/971/971 
f 847/847/847 851/851/851 971/971/971 
f 971/971/971 851/851/851 972/972/972 
f 851/851/851 973/973/973 972/972/972 
f 972/972/972 973/973/973 973/973/973 
f 973/973/973 966/966/966 973/973/973 
f 973/973/973 966/966/966 966/966/966 
f 966/966/966 970/970/970 966/966/966 
f 966/966/966 970/970/970 974/974/974 
f 970/970/970 975/975/975 974/974/974 
f 974/974/974 975/975/975 968/968/968 
f 975/975/975 976/976/976 968/968/968 
f 968/968/968 976/976/976 976/976/976 
f 976/976/976 975/975/975 976/976/976 
f 976/976/976 975/975/975 975/975/975 
f 975/975/975 970/970/970 975/975/975 
f 975/975/975 970/970/970 977/977/977 
f 970/970/970 972/972/972 977/977/977 
f 977/977/977 972/972/972 972/972/972 
f 972/972/972 931/931/931 972/972/972 
f 972/972/972 931/931/931 931/931/931 
f 931/931/931 922/922/922 931/931/931 
f 931/931/931 922/922/922 920/920/920 
f 922/922/922 921/921/921 920/920/920 
f 920/920/920 921/921/921 921/921/921 
f 921/921/921 909/909/909 921/921/921 
f 921/921/921 909/909/909 909/909/909 
f 909/909/909 908/908/908 909/909/909 
f 909/909/909 908/908/908 910/910/910 
f 908/908/908 919/919/919 910/910/910 
f 910/910/910 919/919/919 919/919/919 
f 919/919/919 897/897/897 919/919/919 
f 919/919/919 897/897/897 897/897/897 
f 897/897/897 896/896/896 897/897/897 
f 897/897/897 896/896/896 898/898/898 
f 896/896/896 907/907/907 898/898/898 
f 898/898/898 907/907/907 907/907/907 
f 907/907/907 206/206/206 907/907/907 
f 907/907/907 206/206/206 206/206/206 
f 206/206/206 205/205/205 206/206/206 
f 206/206/206 205/205/205 207/207/207 
f 205/205/205 214/214/214 207/207/207 
f 207/207/207 214/214/214 214/214/214 
f 214/214/214 692/692/692 214/214/214 
f 214/214/214 692/692/692 692/692/692 
f 692/692/692 688/688/688 692/692/692 
f 692/692/692 688/688/688 686/686/686 
f 688/688/688 687/687/687 686/686/686 
f 686/686/686 687/687/687 687/687/687 
f 687/687/687 861/861/861 687/687/687 
f 687/687/687 861/861/861 861/861/861 
f 861/861/861 860/860/860 861/861/861 
f 861/861/861 860/860/860 862/862/862 
f 860/860/860 871/871/871 862/862/862 
f 862/862/862 871/871/871 871/871/871 
f 871/871/871 947/947/947 871/871/871 
f 871/871/871 947/947/947 947/947/947 
f 947/947/947 938/938/938 947/947/947 
f 947/947/947 938/938/938 936/936/936 
f 938/938/938 937/937/937 936/936/936 
f 936/936/936 937/937/937 937/937/937 
f 937/937/937 865/865/865 937/937/937 
f 937/937/937 865/865/865 865/865/865 
f 865/865/865 864/864/864 865/865/865 
f 865/865/865 864/864/864 866/866/866 
f 864/864/864 875/875/875 866/866/866 
f 866/866/866 875/875/875 875/875/875 
f 875/875/875 877/877/877 875/875/875 
f 875/875/875 877/877/877 877/877/877 
f 877/877/877 876/876/876 877/877/877 
f 877/877/877 876/876/876 878/878/878 
f 876/876/876 887/887/887 878/878/878 
f 878/878/878 887/887/887 887/887/887 
f 887/887/887 859/859/859 887/887/887 
f 887/887/887 859/859/859 859/859/859 
f 859/859/859 848/848/848 859/859/859 
f 859/859/859 848/848/848 844/844/844 
f 848/848/848 846/846/846 844/844/844 
f 844/844/844 846/846/846 846/846/846 
f 846/846/846 935/935/935 846/846/846 
f 846/846/846 935/935/935 935/935/935 
f 935/935/935 926/926/926 935/935/935 
f 935/935/935 926/926/926 924/924/924 
f 926/926/926 925/925/925 924/924/924 
f 924/924/924 925/925/925 925/925/925 
f 925/925/925 933/933/933 925/925/925 
f 925/925/925 933/933/933 933/933/933 
f 933/933/933 932/932/932 933/933/933 
f 933/933/933 932/932/932 934/934/934 
f 932/932/932 943/943/943 934/934/934 
f 934/934/934 943/943/943 943/943/943 
f 943/943/943 978/978/978 943/943/943 
f 943/943/943 978/978/978 978/978/978 
f 978/978/978 979/979/979 978/978/978 
f 978/978/978 979/979/979 980/980/980 
f 979/979/979 701/701/701 980/980/980 
f 980/980/980 701/701/701 981/981/981 
f 701/701/701 981/981/981 981/981/981 
f 981/981/981 981/981/981 701/701/701 
f 981/981/981 701/701/701 701/701/701 
f 701/701/701 701/701/701 701/701/701 
f 701/701/701 979/979/979 701/701/701 
f 701/701/701 979/979/979 818/818/818 
f 979/979/979 982/982/982 818/818/818 
f 818/818/818 982/982/982 983/983/983 
f 982/982/982 983/983/983 983/983/983 
f 983/983/983 983/983/983 818/818/818 
f 983/983/983 818/818/818 818/818/818 
f 818/818/818 818/818/818 818/818/818 
f 818/818/818 983/983/983 818/818/818 
f 818/818/818 983/983/983 984/984/984 
f 983/983/983 985/985/985 984/984/984 
f 984/984/984 985/985/985 816/816/816 
f 985/985/985 986/986/986 816/816/816 
f 816/816/816 986/986/986 812/812/812 
f 986/986/986 987/987/987 812/812/812 
f 812/812/812 987/987/987 988/988/988 
f 987/987/987 806/806/806 988/988/988 
f 988/988/988 806/806/806 804/804/804 
f 806/806/806 804/804/804 804/804/804 
f 804/804/804 804/804/804 983/983/983 
f 804/804/804 983/983/983 983/983/983 
f 983/983/983 983/983/983 983/983/983 
f 983/983/983 989/989/989 983/983/983 
f 983/983/983 989/989/989 985/985/985 
f 989/989/989 990/990/990 985/985/985 
f 985/985/985 990/990/990 991/991/991 
f 990/990/990 992/992/992 991/991/991 
f 991/991/991 992/992/992 987/987/987 
f 992/992/992 993/993/993 987/987/987 
f 987/987/987 993/993/993 806/806/806 
f 993/993/993 806/806/806 806/806/806 
f 806/806/806 806/806/806 991/991/991 
f 806/806/806 991/991/991 991/991/991 
f 991/991/991 991/991/991 991/991/991 
f 991/991/991 987/987/987 991/991/991 
f 991/991/991 987/987/987 985/985/985 
f 987/987/987 986/986/986 985/985/985 
f 985/985/985 986/986/986 986/986/986 
f 986/986/986 994/994/994 986/986/986 
f 986/986/986 994/994/994 994/994/994 
f 994/994/994 995/995/995 994/994/994 
f 994/994/994 995/995/995 996/996/996 
f 995/995/995 997/997/997 996/996/996 
f 996/996/996 997/997/997 827/827/827 
f 997/997/997 998/998/998 827/827/827 
f 827/827/827 998/998/998 999/999/999 
f 998/998/998 999/999/999 999/999/999 
f 999/999/999 999/999/999 997/997/997 
f 999/999/999 997/997/997 997/997/997 
f 997/997/997 997/997/997 997/997/997 
f 997/997/997 995/995/995 997/997/997 
f 997/997/997 995/995/995 998/998/998 
f 995/995/995 1000/1000/1000 998/998/998 
f 998/998/998 1000/1000/1000 1000/1000/1000 
f 1000/1000/1000 234/234/234 1000/1000/1000 
f 1000/1000/1000 234/234/234 234/234/234 
f 234/234/234 227/227/227 234/234/234 
f 234/234/234 227/227/227 225/225/225 
f 227/227/227 226/226/226 225/225/225 
f 225/225/225 226/226/226 226/226/226 
f 226/226/226 244/244/244 226/226/226 
f 226/226/226 244/244/244 244/244/244 
f 244/244/244 237/237/237 244/244/244 
f 244/244/244 237/237/237 235/235/235 
f 237/237/237 236/236/236 235/235/235 
f 235/235/235 236/236/236 236/236/236 
f 236/236/236 241/241/241 236/236/236 
f 236/236/236 241/241/241 241/241/241 
f 241/241/241 239/239/239 241/241/241 
f 241/241/241 239/239/239 250/250/250 
f 239/239/239 248/248/248 250/250/250 
f 250/250/250 248/248/248 248/248/248 
f 248/248/248 899/899/899 248/248/248 
f 248/248/248 899/899/899 899/899/899 
f 899/899/899 890/890/890 899/899/899 
f 899/899/899 890/890/890 888/888/888 
f 890/890/890 889/889/889 888/888/888 
f 888/888/888 889/889/889 889/889/889 
f 889/889/889 885/885/885 889/889/889 
f 889/889/889 885/885/885 885/885/885 
f 885/885/885 884/884/884 885/885/885 
f 885/885/885 884/884/884 886/886/886 
f 884/884/884 895/895/895 886/886/886 
f 886/886/886 895/895/895 895/895/895 
f 895/895/895 901/901/901 895/895/895 
f 895/895/895 901/901/901 901/901/901 
f 901/901/901 900/900/900 901/901/901 
f 901/901/901 900/900/900 902/902/902 
f 900/900/900 911/911/911 902/902/902 
f 902/902/902 911/911/911 911/911/911 
f 911/911/911 549/549/549 911/911/911 
f 911/911/911 549/549/549 549/549/549 
f 549/549/549 551/551/551 549/549/549 
f 549/549/549 551/551/551 540/540/540 
f 551/551/551 542/542/542 540/540/540 
f 540/540/540 542/542/542 542/542/542 
f 542/542/542 913/913/913 542/542/542 
f 542/542/542 913/913/913 913/913/913 
f 913/913/913 912/912/912 913/913/913 
f 913/913/913 912/912/912 914/914/914 
f 912/912/912 923/923/923 914/914/914 
f 914/914/914 923/923/923 923/923/923 
f 923/923/923 495/495/495 923/923/923 
f 923/923/923 495/495/495 495/495/495 
f 495/495/495 489/489/489 495/495/495 
f 495/495/495 489/489/489 487/487/487 
f 489/489/489 488/488/488 487/487/487 
f 487/487/487 488/488/488 488/488/488 
f 488/488/488 435/435/435 488/488/488 
f 488/488/488 435/435/435 435/435/435 
f 435/435/435 433/433/433 435/435/435 
f 435/435/435 433/433/433 437/437/437 
f 433/433/433 1001/1001/1001 437/437/437 
f 437/437/437 1001/1001/1001 1001/1001/1001 
f 1001/1001/1001 433/433/433 1001/1001/1001 
f 1001/1001/1001 433/433/433 1002/1002/1002 
f 433/433/433 1003/1003/1003 1002/1002/1002 
f 1002/1002/1002 1003/1003/1003 1004/1004/1004 
f 1003/1003/1003 431/431/431 1004/1004/1004 
f 1004/1004/1004 431/431/431 1005/1005/1005 
f 431/431/431 427/427/427 1005/1005/1005 
f 1005/1005/1005 427/427/427 427/427/427 
f 427/427/427 254/254/254 427/427/427 
f 427/427/427 254/254/254 254/254/254 
f 254/254/254 247/247/247 254/254/254 
f 254/254/254 247/247/247 245/245/245 
f 247/247/247 246/246/246 245/245/245 
f 245/245/245 246/246/246 246/246/246 
f 246/246/246 354/354/354 246/246/246 
f 246/246/246 354/354/354 354/354/354 
f 354/354/354 349/349/349 354/354/354 
f 354/354/354 349/349/349 345/345/345 
f 349/349/349 347/347/347 345/345/345 
f 345/345/345 347/347/347 347/347/347 
f 347/347/347 306/306/306 347/347/347 
f 347/347/347 306/306/306 306/306/306 
f 306/306/306 304/304/304 306/306/306 
f 306/306/306 304/304/304 308/308/308 
f 304/304/304 1006/1006/1006 308/308/308 
f 308/308/308 1006/1006/1006 1006/1006/1006 
f 1006/1006/1006 304/304/304 1006/1006/1006 
f 1006/1006/1006 304/304/304 1007/1007/1007 
f 304/304/304 1008/1008/1008 1007/1007/1007 
f 1007/1007/1007 1008/1008/1008 1009/1009/1009 
f 1008/1008/1008 302/302/302 1009/1009/1009 
f 1009/1009/1009 302/302/302 1010/1010/1010 
f 302/302/302 298/298/298 1010/1010/1010 
f 1010/1010/1010 298/298/298 1011/1011/1011 
f 298/298/298 1012/1012/1012 1011/1011/1011 
f 1011/1011/1011 1012/1012/1012 1013/1013/1013 
f 1012/1012/1012 296/296/296 1013/1013/1013 
f 1013/1013/1013 296/296/296 1014/1014/1014 
f 296/296/296 292/292/292 1014/1014/1014 
f 1014/1014/1014 292/292/292 292/292/292 
f 292/292/292 1013/1013/1013 292/292/292 
f 292/292/292 1013/1013/1013 1013/1013/1013 
f 1013/1013/1013 1015/1015/1015 1013/1013/1013 
f 1013/1013/1013 1015/1015/1015 1011/1011/1011 
f 1015/1015/1015 1016/1016/1016 1011/1011/1011 
f 1011/1011/1011 1016/1016/1016 1017/1017/1017 
f 1016/1016/1016 1018/1018/1018 1017/1017/1017 
f 1017/1017/1017 1018/1018/1018 1009/1009/1009 
f 1018/1018/1018 1019/1019/1019 1009/1009/1009 
f 1009/1009/1009 1019/1019/1019 1007/1007/1007 
f 1019/1019/1019 1007/1007/1007 1007/1007/1007 
f 1007/1007/1007 1007/1007/1007 1017/1017/1017 
f 1007/1007/1007 1017/1017/1017 1017/1017/1017 
f 1017/1017/1017 1017/1017/1017 1017/1017/1017 
f 1017/1017/1017 1009/1009/1009 1017/1017/1017 
f 1017/1017/1017 1009/1009/1009 1011/1011/1011 
f 1009/1009/1009 1010/1010/1010 1011/1011/1011 
f 1011/1011/1011 1010/1010/1010 1010/1010/1010 
f 1010/1010/1010 958/958/958 1010/1010/1010 
f 1010/1010/1010 958/958/958 958/958/958 
f 958/958/958 950/950/950 958/958/958 
f 958/958/958 950/950/950 948/948/948 
f 950/950/950 949/949/949 948/948/948 
f 948/948/948 949/949/949 949/949/949 
f 949/949/949 482/482/482 949/949/949 
f 949/949/949 482/482/482 482/482/482 
f 482/482/482 1020/1020/1020 482/482/482 
f 482/482/482 1020/1020/1020 440/440/440 
f 1020/1020/1020 442/442/442 440/440/440 
f 440/440/440 442/442/442 442/442/442 
f 442/442/442 852/852/852 442/442/442 
f 442/442/442 852/852/852 852/852/852 
f 852/852/852 850/850/850 852/852/852 
f 852/852/852 850/850/850 854/854/854 
f 850/850/850 863/863/863 854/854/854 
f 854/854/854 863/863/863 863/863/863 
f 863/863/863 592/592/592 863/863/863 
f 863/863/863 592/592/592 592/592/592 
f 592/592/592 591/591/591 592/592/592 
f 592/592/592 591/591/591 593/593/593 
f 591/591/591 602/602/602 593/593/593 
f 593/593/593 602/602/602 602/602/602 
f 602/602/602 1021/1021/1021 602/602/602 
f 602/602/602 1021/1021/1021 1021/1021/1021 
f 1021/1021/1021 1022/1022/1022 1021/1021/1021 
f 1021/1021/1021 1022/1022/1022 1023/1023/1023 
f 1022/1022/1022 1024/1024/1024 1023/1023/1023 
f 1023/1023/1023 1024/1024/1024 1025/1025/1025 
f 1024/1024/1024 1026/1026/1026 1025/1025/1025 
f 1025/1025/1025 1026/1026/1026 1027/1027/1027 
f 1026/1026/1026 1027/1027/1027 1027/1027/1027 
f 1027/1027/1027 1027/1027/1027 1027/1027/1027 
f 1027/1027/1027 1028/1028/1028 1027/1027/1027 
f 1027/1027/1027 1028/1028/1028 1025/1025/1025 
f 1028/1028/1028 1029/1029/1029 1025/1025/1025 
f 1025/1025/1025 1029/1029/1029 1030/1030/1030 
f 1029/1029/1029 719/719/719 1030/1030/1030 
f 1030/1030/1030 719/719/719 1031/1031/1031 
f 719/719/719 717/717/717 1031/1031/1031 
f 1031/1031/1031 717/717/717 717/717/717 
f 717/717/717 1029/1029/1029 717/717/717 
f 717/717/717 1029/1029/1029 1029/1029/1029 
f 1029/1029/1029 1028/1028/1028 1029/1029/1029 
f 1029/1029/1029 1028/1028/1028 719/719/719 
f 1028/1028/1028 721/721/721 719/719/719 
f 719/719/719 721/721/721 721/721/721 
f 721/721/721 1024/1024/1024 721/721/721 
f 721/721/721 1024/1024/1024 1024/1024/1024 
f 1024/1024/1024 1022/1022/1022 1024/1024/1024 
f 1024/1024/1024 1022/1022/1022 1026/1026/1026 
f 1022/1022/1022 1032/1032/1032 1026/1026/1026 
f 1026/1026/1026 1032/1032/1032 1032/1032/1032 
f 1032/1032/1032 1023/1023/1023 1032/1032/1032 
f 1032/1032/1032 1023/1023/1023 1023/1023/1023 
f 1023/1023/1023 1025/1025/1025 1023/1023/1023 
f 1023/1023/1023 1025/1025/1025 1033/1033/1033 
f 1025/1025/1025 1030/1030/1030 1033/1033/1033 
f 1033/1033/1033 1030/1030/1030 1030/1030/1030 
f 1030/1030/1030 956/956/956 1030/1030/1030 
f 1030/1030/1030 956/956/956 956/956/956 
f 956/956/956 955/955/955 956/956/956 
f 956/956/956 955/955/955 957/957/957 
f 955/955/955 1034/1034/1034 957/957/957 
f 957/957/957 1034/1034/1034 1035/1035/1035 
f 1034/1034/1034 1036/1036/1036 1035/1035/1035 
f 1035/1035/1035 1036/1036/1036 1037/1037/1037 
f 1036/1036/1036 1038/1038/1038 1037/1037/1037 
f 1037/1037/1037 1038/1038/1038 1039/1039/1039 
f 1038/1038/1038 1040/1040/1040 1039/1039/1039 
f 1039/1039/1039 1040/1040/1040 1041/1041/1041 
f 1040/1040/1040 1041/1041/1041 1041/1041/1041 
f 1041/1041/1041 1041/1041/1041 1041/1041/1041 
f 1041/1041/1041 1042/1042/1042 1041/1041/1041 
f 1041/1041/1041 1042/1042/1042 1039/1039/1039 
f 1042/1042/1042 135/135/135 1039/1039/1039 
f 1039/1039/1039 135/135/135 1043/1043/1043 
f 135/135/135 133/133/133 1043/1043/1043 
f 1043/1043/1043 133/133/133 1035/1035/1035 
f 133/133/133 1044/1044/1044 1035/1035/1035 
f 1035/1035/1035 1044/1044/1044 957/957/957 
f 1044/1044/1044 131/131/131 957/957/957 
f 957/957/957 131/131/131 131/131/131 
f 131/131/131 1043/1043/1043 131/131/131 
f 131/131/131 1043/1043/1043 1043/1043/1043 
f 1043/1043/1043 1035/1035/1035 1043/1043/1043 
f 1043/1043/1043 1035/1035/1035 1039/1039/1039 
f 1035/1035/1035 1037/1037/1037 1039/1039/1039 
f 1039/1039/1039 1037/1037/1037 1037/1037/1037 
f 1037/1037/1037 1034/1034/1034 1037/1037/1037 
f 1037/1037/1037 1034/1034/1034 1034/1034/1034 
f 1034/1034/1034 955/955/955 1034/1034/1034 
f 1034/1034/1034 955/955/955 1036/1036/1036 
f 955/955/955 1045/1045/1045 1036/1036/1036 
f 1036/1036/1036 1045/1045/1045 1046/1046/1046 
f 1045/1045/1045 953/953/953 1046/1046/1046 
f 1046/1046/1046 953/953/953 1047/1047/1047 
f 953/953/953 1048/1048/1048 1047/1047/1047 
f 1047/1047/1047 1048/1048/1048 1048/1048/1048 
f 1048/1048/1048 953/953/953 1048/1048/1048 
f 1048/1048/1048 953/953/953 953/953/953 
f 953/953/953 952/952/952 953/953/953 
f 953/953/953 952/952/952 1048/1048/1048 
f 952/952/952 942/942/942 1048/1048/1048 
f 1048/1048/1048 942/942/942 1049/1049/1049 
f 942/942/942 1050/1050/1050 1049/1049/1049 
f 1049/1049/1049 1050/1050/1050 1050/1050/1050 
f 1050/1050/1050 942/942/942 1050/1050/1050 
f 1050/1050/1050 942/942/942 942/942/942 
f 942/942/942 941/941/941 942/942/942 
f 942/942/942 941/941/941 1050/1050/1050 
f 941/941/941 930/930/930 1050/1050/1050 
f 1050/1050/1050 930/930/930 1051/1051/1051 
f 930/930/930 1052/1052/1052 1051/1051/1051 
f 1051/1051/1051 1052/1052/1052 1052/1052/1052 
f 1052/1052/1052 930/930/930 1052/1052/1052 
f 1052/1052/1052 930/930/930 930/930/930 
f 930/930/930 929/929/929 930/930/930 
f 930/930/930 929/929/929 1052/1052/1052 
f 929/929/929 918/918/918 1052/1052/1052 
f 1052/1052/1052 918/918/918 1053/1053/1053 
f 918/918/918 1054/1054/1054 1053/1053/1053 
f 1053/1053/1053 1054/1054/1054 1054/1054/1054 
f 1054/1054/1054 918/918/918 1054/1054/1054 
f 1054/1054/1054 918/918/918 918/918/918 
f 918/918/918 917/917/917 918/918/918 
f 918/918/918 917/917/917 1054/1054/1054 
f 917/917/917 906/906/906 1054/1054/1054 
f 1054/1054/1054 906/906/906 1055/1055/1055 
f 906/906/906 1056/1056/1056 1055/1055/1055 
f 1055/1055/1055 1056/1056/1056 1056/1056/1056 
f 1056/1056/1056 906/906/906 1056/1056/1056 
f 1056/1056/1056 906/906/906 906/906/906 
f 906/906/906 905/905/905 906/906/906 
f 906/906/906 905/905/905 1056/1056/1056 
f 905/905/905 894/894/894 1056/1056/1056 
f 1056/1056/1056 894/894/894 1057/1057/1057 
f 894/894/894 1058/1058/1058 1057/1057/1057 
f 1057/1057/1057 1058/1058/1058 1058/1058/1058 
f 1058/1058/1058 894/894/894 1058/1058/1058 
f 1058/1058/1058 894/894/894 894/894/894 
f 894/894/894 893/893/893 894/894/894 
f 894/894/894 893/893/893 1058/1058/1058 
f 893/893/893 882/882/882 1058/1058/1058 
f 1058/1058/1058 882/882/882 1059/1059/1059 
f 882/882/882 1060/1060/1060 1059/1059/1059 
f 1059/1059/1059 1060/1060/1060 1060/1060/1060 
f 1060/1060/1060 882/882/882 1060/1060/1060 
f 1060/1060/1060 882/882/882 882/882/882 
f 882/882/882 881/881/881 882/882/882 
f 882/882/882 881/881/881 1060/1060/1060 
f 881/881/881 870/870/870 1060/1060/1060 
f 1060/1060/1060 870/870/870 1061/1061/1061 
f 870/870/870 1062/1062/1062 1061/1061/1061 
f 1061/1061/1061 1062/1062/1062 1062/1062/1062 
f 1062/1062/1062 870/870/870 1062/1062/1062 
f 1062/1062/1062 870/870/870 870/870/870 
f 870/870/870 869/869/869 870/870/870 
f 870/870/870 869/869/869 1062/1062/1062 
f 869/869/869 858/858/858 1062/1062/1062 
f 1062/1062/1062 858/858/858 1063/1063/1063 
f 858/858/858 1064/1064/1064 1063/1063/1063 
f 1063/1063/1063 1064/1064/1064 1064/1064/1064 
f 1064/1064/1064 858/858/858 1064/1064/1064 
f 1064/1064/1064 858/858/858 858/858/858 
f 858/858/858 857/857/857 858/858/858 
f 858/858/858 857/857/857 1064/1064/1064 
f 857/857/857 842/842/842 1064/1064/1064 
f 1064/1064/1064 842/842/842 1065/1065/1065 
f 842/842/842 838/838/838 1065/1065/1065 
f 1065/1065/1065 838/838/838 838/838/838 
f 838/838/838 135/135/135 838/838/838 
f 838/838/838 135/135/135 135/135/135 
f 135/135/135 1042/1042/1042 135/135/135 
f 135/135/135 1042/1042/1042 137/137/137 
f 1042/1042/1042 1041/1041/1041 137/137/137 
f 137/137/137 1041/1041/1041 1066/1066/1066 
f 1041/1041/1041 1066/1066/1066 1066/1066/1066 
f 1066/1066/1066 1066/1066/1066 1066/1066/1066 
f 1066/1066/1066 139/139/139 1066/1066/1066 
f 1066/1066/1066 139/139/139 137/137/137 
f 139/139/139 138/138/138 137/137/137 
f 137/137/137 138/138/138 138/138/138 
f 138/138/138 644/644/644 138/138/138 
f 138/138/138 644/644/644 644/644/644 
f 644/644/644 643/643/643 644/644/644 
f 644/644/644 643/643/643 645/645/645 
f 643/643/643 654/654/654 645/645/645 
f 645/645/645 654/654/654 654/654/654 
f 654/654/654 839/839/839 654/654/654 
f 654/654/654 839/839/839 839/839/839 
f 839/839/839 841/841/841 839/839/839 
f 839/839/839 841/841/841 1067/1067/1067 
f 841/841/841 965/965/965 1067/1067/1067 
f 1067/1067/1067 965/965/965 965/965/965 
f 965/965/965 630/630/630 965/965/965 
f 965/965/965 630/630/630 630/630/630 
f 630/630/630 621/621/621 630/630/630 
f 630/630/630 621/621/621 619/619/619 
f 621/621/621 620/620/620 619/619/619 
f 619/619/619 620/620/620 620/620/620 
f 620/620/620 1068/1068/1068 620/620/620 
f 620/620/620 1068/1068/1068 1068/1068/1068 
f 1068/1068/1068 1069/1069/1069 1068/1068/1068 
f 1068/1068/1068 1069/1069/1069 1070/1070/1070 
f 1069/1069/1069 1071/1071/1071 1070/1070/1070 
f 1070/1070/1070 1071/1071/1071 1072/1072/1072 
f 1071/1071/1071 1073/1073/1073 1072/1072/1072 
f 1072/1072/1072 1073/1073/1073 1074/1074/1074 
f 1073/1073/1073 1075/1075/1075 1074/1074/1074 
f 1074/1074/1074 1075/1075/1075 1076/1076/1076 
f 1075/1075/1075 1077/1077/1077 1076/1076/1076 
f 1076/1076/1076 1077/1077/1077 1016/1016/1016 
f 1077/1077/1077 1078/1078/1078 1016/1016/1016 
f 1016/1016/1016 1078/1078/1078 1079/1079/1079 
f 1078/1078/1078 1079/1079/1079 1079/1079/1079 
f 1079/1079/1079 1079/1079/1079 1071/1071/1071 
f 1079/1079/1079 1071/1071/1071 1071/1071/1071 
f 1071/1071/1071 1071/1071/1071 1071/1071/1071 
f 1071/1071/1071 1069/1069/1069 1071/1071/1071 
f 1071/1071/1071 1069/1069/1069 1073/1073/1073 
f 1069/1069/1069 1080/1080/1080 1073/1073/1073 
f 1073/1073/1073 1080/1080/1080 1081/1081/1081 
f 1080/1080/1080 1081/1081/1081 1081/1081/1081 
f 1081/1081/1081 1081/1081/1081 1073/1073/1073 
f 1081/1081/1081 1073/1073/1073 1073/1073/1073 
f 1073/1073/1073 1073/1073/1073 1073/1073/1073 
f 1073/1073/1073 1081/1081/1081 1073/1073/1073 
f 1073/1073/1073 1081/1081/1081 1082/1082/1082 
f 1081/1081/1081 1083/1083/1083 1082/1082/1082 
f 1082/1082/1082 1083/1083/1083 1075/1075/1075 
f 1083/1083/1083 1084/1084/1084 1075/1075/1075 
f 1075/1075/1075 1084/1084/1084 1078/1078/1078 
f 1084/1084/1084 1078/1078/1078 1078/1078/1078 
f 1078/1078/1078 1078/1078/1078 186/186/186 
f 1078/1078/1078 186/186/186 186/186/186 
f 186/186/186 186/186/186 186/186/186 
f 186/186/186 185/185/185 186/186/186 
f 186/186/186 185/185/185 187/187/187 
f 185/185/185 194/194/194 187/187/187 
f 187/187/187 194/194/194 194/194/194 
f 194/194/194 525/525/525 194/194/194 
f 194/194/194 525/525/525 525/525/525 
f 525/525/525 518/518/518 525/525/525 
f 525/525/525 518/518/518 516/516/516 
f 518/518/518 517/517/517 516/516/516 
f 516/516/516 517/517/517 517/517/517 
f 517/517/517 780/780/780 517/517/517 
f 517/517/517 780/780/780 780/780/780 
f 780/780/780 778/778/778 780/780/780 
f 780/780/780 778/778/778 782/782/782 
f 778/778/778 1085/1085/1085 782/782/782 
f 782/782/782 1085/1085/1085 1086/1086/1086 
f 1085/1085/1085 1086/1086/1086 1086/1086/1086 
f 1086/1086/1086 1086/1086/1086 782/782/782 
f 1086/1086/1086 782/782/782 782/782/782 
f 782/782/782 782/782/782 782/782/782 
f 782/782/782 1086/1086/1086 782/782/782 
f 782/782/782 1086/1086/1086 1087/1087/1087 
f 1086/1086/1086 1088/1088/1088 1087/1087/1087 
f 1087/1087/1087 1088/1088/1088 784/784/784 
f 1088/1088/1088 1089/1089/1089 784/784/784 
f 784/784/784 1089/1089/1089 788/788/788 
f 1089/1089/1089 788/788/788 788/788/788 
f 788/788/788 788/788/788 616/616/616 
f 788/788/788 616/616/616 616/616/616 
f 616/616/616 616/616/616 616/616/616 
f 616/616/616 615/615/615 616/616/616 
f 616/616/616 615/615/615 617/617/617 
f 615/615/615 626/626/626 617/617/617 
f 617/617/617 626/626/626 626/626/626 
f 626/626/626 198/198/198 626/626/626 
f 626/626/626 198/198/198 198/198/198 
f 198/198/198 200/200/200 198/198/198 
f 198/198/198 200/200/200 189/189/189 
f 200/200/200 191/191/191 189/189/189 
f 189/189/189 191/191/191 191/191/191 
f 191/191/191 1090/1090/1090 191/191/191 
f 191/191/191 1090/1090/1090 1090/1090/1090 
f 1090/1090/1090 1091/1091/1091 1090/1090/1090 
f 1090/1090/1090 1091/1091/1091 1092/1092/1092 
f 1091/1091/1091 1093/1093/1093 1092/1092/1092 
f 1092/1092/1092 1093/1093/1093 1094/1094/1094 
f 1093/1093/1093 1095/1095/1095 1094/1094/1094 
f 1094/1094/1094 1095/1095/1095 1096/1096/1096 
f 1095/1095/1095 1097/1097/1097 1096/1096/1096 
f 1096/1096/1096 1097/1097/1097 1097/1097/1097 
f 1097/1097/1097 1093/1093/1093 1097/1097/1097 
f 1097/1097/1097 1093/1093/1093 1093/1093/1093 
f 1093/1093/1093 1091/1091/1091 1093/1093/1093 
f 1093/1093/1093 1091/1091/1091 1095/1095/1095 
f 1091/1091/1091 1098/1098/1098 1095/1095/1095 
f 1095/1095/1095 1098/1098/1098 1099/1099/1099 
f 1098/1098/1098 1099/1099/1099 1099/1099/1099 
f 1099/1099/1099 1099/1099/1099 1095/1095/1095 
f 1099/1099/1099 1095/1095/1095 1095/1095/1095 
f 1095/1095/1095 1095/1095/1095 1095/1095/1095 
f 1095/1095/1095 1099/1099/1099 1095/1095/1095 
f 1095/1095/1095 1099/1099/1099 1100/1100/1100 
f 1099/1099/1099 1101/1101/1101 1100/1100/1100 
f 1100/1100/1100 1101/1101/1101 1097/1097/1097 
f 1101/1101/1101 1102/1102/1102 1097/1097/1097 
f 1097/1097/1097 1102/1102/1102 1102/1102/1102 
f 1102/1102/1102 883/883/883 1102/1102/1102 
f 1102/1102/1102 883/883/883 883/883/883 
f 883/883/883 874/874/874 883/883/883 
f 883/883/883 874/874/874 872/872/872 
f 874/874/874 873/873/873 872/872/872 
f 872/872/872 873/873/873 873/873/873 
f 873/873/873 532/532/532 873/873/873 
f 873/873/873 532/532/532 532/532/532 
f 532/532/532 530/530/530 532/532/532 
f 532/532/532 530/530/530 541/541/541 
f 530/530/530 539/539/539 541/541/541 
f 541/541/541 539/539/539 539/539/539 
f 539/539/539 181/181/181 539/539/539 
f 539/539/539 181/181/181 181/181/181 
f 181/181/181 180/180/180 181/181/181 
f 181/181/181 180/180/180 190/190/190 
f 180/180/180 188/188/188 190/190/190 
f 190/190/190 188/188/188 188/188/188 
f 188/188/188 606/606/606 188/188/188 
f 188/188/188 606/606/606 606/606/606 
f 606/606/606 597/597/597 606/606/606 
f 606/606/606 597/597/597 595/595/595 
f 597/597/597 596/596/596 595/595/595 
f 595/595/595 596/596/596 596/596/596 
f 596/596/596 509/509/509 596/596/596 
f 596/596/596 509/509/509 509/509/509 
f 509/509/509 511/511/511 509/509/509 
f 509/509/509 511/511/511 500/500/500 
f 511/511/511 502/502/502 500/500/500 
f 500/500/500 502/502/502 502/502/502 
f 502/502/502 555/555/555 502/502/502 
f 502/502/502 555/555/555 555/555/555 
f 555/555/555 548/548/548 555/555/555 
f 555/555/555 548/548/548 546/546/546 
f 548/548/548 547/547/547 546/546/546 
f 546/546/546 547/547/547 547/547/547 
f 547/547/547 1046/1046/1046 547/547/547 
f 547/547/547 1046/1046/1046 1046/1046/1046 
f 1046/1046/1046 1103/1103/1103 1046/1046/1046 
f 1046/1046/1046 1103/1103/1103 1036/1036/1036 
f 1103/1103/1103 1038/1038/1038 1036/1036/1036 
f 1036/1036/1036 1038/1038/1038 1038/1038/1038 
f 1038/1038/1038 380/380/380 1038/1038/1038 
f 1038/1038/1038 380/380/380 380/380/380 
f 380/380/380 378/378/378 380/380/380 
f 380/380/380 378/378/378 389/389/389 
f 378/378/378 387/387/387 389/389/389 
f 389/389/389 387/387/387 387/387/387 
f 387/387/387 614/614/614 387/387/387 
f 387/387/387 614/614/614 614/614/614 
f 614/614/614 605/605/605 614/614/614 
f 614/614/614 605/605/605 603/603/603 
f 605/605/605 604/604/604 603/603/603 
f 603/603/603 604/604/604 604/604/604 
f 604/604/604 673/673/673 604/604/604 
f 604/604/604 673/673/673 673/673/673 
f 673/673/673 674/674/674 673/673/673 
f 673/673/673 674/674/674 661/661/661 
f 674/674/674 689/689/689 661/661/661 
f 953/953/953 1045/1045/1045 955/955/955 
f 847/847/847 969/969/969 845/845/845 
f 406/406/406 408/408/408 422/422/422 
f 707/707/707 1104/1104/1104 705/705/705 
f 472/472/472 486/486/486 474/474/474 
f 461/461/461 466/466/466 463/463/463 
f 465/465/465 1105/1105/1105 467/467/467 
f 28/28/28 757/757/757 30/30/30 
f 415/415/415 417/417/417 447/447/447 
f 330/330/330 335/335/335 332/332/332 
f 334/334/334 1106/1106/1106 336/336/336 
f 393/393/393 1107/1107/1107 395/395/395 
f 708/708/708 713/713/713 710/710/710 
f 329/329/329 1108/1108/1108 327/327/327 
f 454/454/454 1109/1109/1109 452/452/452 
f 450/450/450 453/453/453 448/448/448 
f 564/564/564 1110/1110/1110 566/566/566 
f 847/847/847 849/849/849 851/851/851 
f 970/970/970 971/971/971 972/972/972 
f 357/357/357 368/368/368 359/359/359 
f 19/19/19 961/961/961 21/21/21 
f 960/960/960 1111/1111/1111 962/962/962 
f 24/24/24 26/26/26 759/759/759 
f 478/478/478 490/490/490 480/480/480 
f 966/966/966 974/974/974 968/968/968 
f 25/25/25 23/23/23 21/21/21 
f 853/853/853 973/973/973 851/851/851 
f 478/478/478 476/476/476 474/474/474 
f 343/343/343 341/341/341 339/339/339 
f 5/5/5 7/7/7 114/114/114 
f 431/431/431 429/429/429 427/427/427 
f 460/460/460 1112/1112/1112 458/458/458 
f 1004/1004/1004 1113/1113/1113 1002/1002/1002 
f 431/431/431 1003/1003/1003 433/433/433 
f 391/391/391 1114/1114/1114 745/745/745 
f 751/751/751 749/749/749 747/747/747 
f 357/357/357 356/356/356 355/355/355 
f 353/353/353 364/364/364 355/355/355 
f 764/764/764 1115/1115/1115 762/762/762 
f 751/751/751 763/763/763 753/753/753 
f 842/842/842 840/840/840 838/838/838 
f 6/6/6 11/11/11 8/8/8 
f 10/10/10 1116/1116/1116 12/12/12 
f 135/135/135 134/134/134 133/133/133 
f 131/131/131 1044/1044/1044 133/133/133 
f 657/657/657 656/656/656 655/655/655 
f 664/664/664 738/738/738 662/662/662 
f 307/307/307 309/309/309 737/737/737 
f 302/302/302 1008/1008/1008 304/304/304 
f 1016/1016/1016 1079/1079/1079 1018/1018/1018 
f 1073/1073/1073 1082/1082/1082 1075/1075/1075 
f 1081/1081/1081 1117/1117/1117 1083/1083/1083 
f 578/578/578 726/726/726 576/576/576 
f 572/572/572 574/574/574 576/576/576 
f 723/723/723 724/724/724 725/725/725 
f 1099/1099/1099 1118/1118/1118 1101/1101/1101 
f 1095/1095/1095 1100/1100/1100 1097/1097/1097 
f 286/286/286 1119/1119/1119 288/288/288 
f 1094/1094/1094 1120/1120/1120 1092/1092/1092 
f 827/827/827 829/829/829 996/996/996 
f 990/990/990 1121/1121/1121 992/992/992 
f 55/55/55 66/66/66 57/57/57 
f 45/45/45 43/43/43 41/41/41 
f 36/36/36 38/38/38 89/89/89 
f 164/164/164 175/175/175 166/166/166 
f 100/100/100 1122/1122/1122 102/102/102 
f 96/96/96 101/101/101 98/98/98 
f 154/154/154 152/152/152 150/150/150 
f 270/270/270 275/275/275 272/272/272 
f 153/153/153 155/155/155 157/157/157 
f 296/296/296 294/294/294 292/292/292 
f 168/168/168 167/167/167 166/166/166 
f 798/798/798 819/819/819 800/800/800 
f 44/44/44 46/46/46 48/48/48 
f 788/788/788 786/786/786 784/784/784 
f 59/59/59 58/58/58 57/57/57 
f 649/649/649 679/679/679 651/651/651 
f 818/818/818 984/984/984 816/816/816 
f 159/159/159 323/323/323 157/157/157 
f 50/50/50 109/109/109 48/48/48 
f 168/168/168 179/179/179 170/170/170 
f 812/812/812 814/814/814 816/816/816 
f 1086/1086/1086 1123/1123/1123 1088/1088/1088 
f 782/782/782 1087/1087/1087 784/784/784 
f 812/812/812 988/988/988 804/804/804 
f 1016/1016/1016 1015/1015/1015 1076/1076/1076 
f 1078/1078/1078 1077/1077/1077 1075/1075/1075 
f 827/827/827 999/999/999 825/825/825 
f 263/263/263 1124/1124/1124 265/265/265 
f 981/981/981 1125/1125/1125 980/980/980 
f 59/59/59 70/70/70 61/61/61 
f 798/798/798 796/796/796 795/795/795 
f 74/74/74 1126/1126/1126 76/76/76 
f 653/653/653 652/652/652 651/651/651 
f 727/727/727 733/733/733 725/725/725 
f 732/732/732 1127/1127/1127 734/734/734 
f 578/578/578 580/580/580 582/582/582 
f 584/584/584 730/730/730 582/582/582 
f 1072/1072/1072 1128/1128/1128 1070/1070/1070 
f 296/296/296 1012/1012/1012 298/298/298 
f 302/302/302 300/300/300 298/298/298 
f 664/664/664 666/666/666 311/311/311 
f 653/653/653 675/675/675 655/655/655 

