mtllib model_4.mtl
o model_4
v -0.16554918885231018 0.21136592328548431 0.0019118826603516936 
v -0.1917288899421692 0.21136592328548431 0.0019118826603516936 
v -0.16292937099933624 0.21510280668735504 0.0019118826603516936 
v -0.19434870779514313 0.21510280668735504 0.0019118826603516936 
v -0.1963965892791748 0.22152365744113922 0.0019118826603516936 
v -0.1963965892791748 0.22749029099941254 0.0019118826603516936 
v -0.19263291358947754 0.23496407270431519 0.0019118826603516936 
v -0.1911938488483429 0.23622345924377441 0.0019118826603516936 
v -0.188315749168396 0.23843255639076233 0.0019118826603516936 
v -0.1870242953300476 0.23892806470394135 0.0019118826603516936 
v -0.18423843383789062 0.23983646929264069 0.0019118826603516936 
v -0.18211674690246582 0.2403319776058197 0.0019118826603516936 
v -0.18030871450901031 0.2406003624200821 0.0019118826603516936 
v -0.1786298155784607 0.2406829595565796 0.0019118826603516936 
v -0.17696936428546906 0.2406003624200821 0.0019118826603516936 
v -0.17516133189201355 0.2403319776058197 0.0019118826603516936 
v -0.17303964495658875 0.23983646929264069 0.0019118826603516936 
v -0.17025378346443176 0.23892806470394135 0.0019118826603516936 
v -0.16896232962608337 0.23843255639076233 0.0019118826603516936 
v -0.16608421504497528 0.23622345924377441 0.0019118826603516936 
v -0.16464516520500183 0.23496407270431519 0.0019118826603516936 
v -0.16088148951530457 0.22749029099941254 0.0019118826603516936 
v -0.16088148951530457 0.22152365744113922 0.0019118826603516936 
v -0.1858619749546051 0.19842100143432617 -0.023928729817271233 
v -0.18231970071792603 0.19842100143432617 -0.02498777210712433 
v -0.18912751972675323 0.19842100143432617 -0.02217649668455124 
v -0.19198718667030334 0.19842100143432617 -0.019827350974082947 
v -0.19433026015758514 0.19842100143432617 -0.016958311200141907 
v -0.1960829496383667 0.19842100143432617 -0.013704165816307068 
v -0.1971530169248581 0.19842100143432617 -0.010161190293729305 
v -0.19752199947834015 0.19842100143432617 -0.006464172620326281 
v -0.1971530169248581 0.19842100143432617 -0.0027864105068147182 
v -0.1960829496383667 0.19842100143432617 0.0007565647247247398 
v -0.19433026015758514 0.19842100143432617 0.004010710399597883 
v -0.19198718667030334 0.19842100143432617 0.006879750173538923 
v -0.18912751972675323 0.19842100143432617 0.009228896349668503 
v -0.1858619749546051 0.19842100143432617 0.010981128551065922 
v -0.18231970071792603 0.19842100143432617 0.012040170840919018 
v -0.1786298155784607 0.19842100143432617 0.012406021356582642 
v -0.17495837807655334 0.19842100143432617 0.012040170840919018 
v -0.17141610383987427 0.19842100143432617 0.010981128551065922 
v -0.16815055906772614 0.19842100143432617 0.009228896349668503 
v -0.16529089212417603 0.19842100143432617 0.006879750173538923 
v -0.16292937099933624 0.19842100143432617 0.004010710399597883 
v -0.16119512915611267 0.19842100143432617 0.0007565647247247398 
v -0.16012506186962128 0.19842100143432617 -0.0027864105068147182 
v -0.15975607931613922 0.19842100143432617 -0.006464172620326281 
v -0.16012506186962128 0.19842100143432617 -0.010161190293729305 
v -0.16119512915611267 0.19842100143432617 -0.013704165816307068 
v -0.16292937099933624 0.19842100143432617 -0.016958311200141907 
v -0.16529089212417603 0.19842100143432617 -0.019827350974082947 
v -0.16815055906772614 0.19842100143432617 -0.02217649668455124 
v -0.17141610383987427 0.19842100143432617 -0.023928729817271233 
v -0.17495837807655334 0.19842100143432617 -0.02498777210712433 
v -0.1786298155784607 0.19842100143432617 -0.025353621691465378 
v -0.1963965892791748 0.22152365744113922 -0.014859483577311039 
v -0.19434870779514313 0.21510280668735504 -0.014859483577311039 
v -0.1963965892791748 0.22749029099941254 -0.014859483577311039 
v -0.19261446595191956 0.23496407270431519 -0.014859483577311039 
v -0.1911938488483429 0.23620282113552094 -0.014859483577311039 
v -0.188315749168396 0.23843255639076233 -0.014859483577311039 
v -0.1870242953300476 0.23892806470394135 -0.014859483577311039 
v -0.18423843383789062 0.2398158311843872 -0.014859483577311039 
v -0.18211674690246582 0.2403319776058197 -0.014859483577311039 
v -0.18030871450901031 0.2406003624200821 -0.014859483577311039 
v -0.1786298155784607 0.2406829595565796 -0.014859483577311039 
v -0.17696936428546906 0.2406003624200821 -0.014859483577311039 
v -0.17516133189201355 0.2403319776058197 -0.014859483577311039 
v -0.17303964495658875 0.2398158311843872 -0.014859483577311039 
v -0.17025378346443176 0.23892806470394135 -0.014859483577311039 
v -0.16896232962608337 0.23843255639076233 -0.014859483577311039 
v -0.16608421504497528 0.23620282113552094 -0.014859483577311039 
v -0.16464516520500183 0.23496407270431519 -0.014859483577311039 
v -0.16088148951530457 0.22749029099941254 -0.014859483577311039 
v -0.16088148951530457 0.22152365744113922 -0.014859483577311039 
v -0.16292937099933624 0.21510280668735504 -0.014859483577311039 
v -0.16554918885231018 0.21136592328548431 -0.014859483577311039 
v -0.1917288899421692 0.21136592328548431 0.0019118826603516936 
v -0.16554918885231018 0.21136592328548431 0.0019118826603516936 
v -0.19302034378051758 0.21136592328548431 -0.0005142851150594652 
v -0.1642577350139618 0.21136592328548431 -0.0005142851150594652 
v -0.16337215900421143 0.21136592328548431 -0.0034410906955599785 
v -0.1630769670009613 0.21136592328548431 -0.006464172620326281 
v -0.16337215900421143 0.21136592328548431 -0.009506510570645332 
v -0.1642577350139618 0.21136592328548431 -0.012433315627276897 
v -0.16554918885231018 0.21136592328548431 -0.014859483577311039 
v -0.1917104423046112 0.21136592328548431 -0.014859483577311039 
v -0.19302034378051758 0.21136592328548431 -0.012433315627276897 
v -0.19390591979026794 0.21136592328548431 -0.009506510570645332 
v -0.19420111179351807 0.21136592328548431 -0.006464172620326281 
v -0.19390591979026794 0.21136592328548431 -0.0034410906955599785 
v -0.17025378346443176 0.23892806470394135 -0.014859483577311039 
v -0.16896232962608337 0.23843255639076233 -0.014859483577311039 
v -0.16955271363258362 0.23843255639076233 -0.015571929514408112 
v -0.16608421504497528 0.23620282113552094 -0.014859483577311039 
v -0.16706204414367676 0.23496407270431519 -0.018055863678455353 
v -0.16503261029720306 0.23496407270431519 -0.015571929514408112 
v -0.16470052301883698 0.22749029099941254 -0.020405009388923645 
v -0.16224674880504608 0.22749029099941254 -0.017420439049601555 
v -0.16470052301883698 0.22152365744113922 -0.020405009388923645 
v -0.16224674880504608 0.22152365744113922 -0.017420439049601555 
v -0.16597352921962738 0.21510280668735504 -0.01913416013121605 
v -0.16375960409641266 0.21510280668735504 -0.01641916297376156 
v -0.1679845154285431 0.21056072413921356 -0.017131609842181206 
v -0.16610267758369446 0.21056072413921356 -0.014840228483080864 
v -0.1683903932571411 0.20936326682567596 -0.016727248206734657 
v -0.1665823608636856 0.20936326682567596 -0.014532143250107765 
v -0.16877783834934235 0.2081451714038849 -0.01634214259684086 
v -0.1670251488685608 0.2081451714038849 -0.014224058948457241 
v -0.16866713762283325 0.20641092956066132 -0.016438418999314308 
v -0.1669144481420517 0.20641092956066132 -0.014301080256700516 
v -0.167855367064476 0.20459409058094025 -0.017266396433115005 
v -0.1659550815820694 0.20459409058094025 -0.014955759979784489 
v -0.1657336801290512 0.20391277968883514 -0.0193652231246233 
v -0.16348285973072052 0.20391277968883514 -0.016611715778708458 
v -0.16529089212417603 0.20310759544372559 -0.019827350974082947 
v -0.16292937099933624 0.20310759544372559 -0.016958311200141907 
v -0.16292937099933624 0.19842100143432617 -0.016958311200141907 
v -0.16119512915611267 0.19842100143432617 -0.013704165816307068 
v -0.16471897065639496 0.21056072413921356 -0.012240762822329998 
v -0.16525399684906006 0.20936326682567596 -0.012009698897600174 
v -0.1657521277666092 0.2081451714038849 -0.011817146092653275 
v -0.16560453176498413 0.20641092956066132 -0.011874912306666374 
v -0.16455292701721191 0.20459409058094025 -0.012317784130573273 
v -0.16178551316261292 0.20391277968883514 -0.013453846797347069 
v -0.16119512915611267 0.20310759544372559 -0.013704165816307068 
v -0.16012506186962128 0.19842100143432617 -0.010161190293729305 
v -0.16385184228420258 0.21056072413921356 -0.009410233236849308 
v -0.16442377865314484 0.20936326682567596 -0.009294701740145683 
v -0.16495880484580994 0.2081451714038849 -0.009198425337672234 
v -0.16481120884418488 0.20641092956066132 -0.009217680431902409 
v -0.16368579864501953 0.20459409058094025 -0.009448744356632233 
v -0.1607523411512375 0.20391277968883514 -0.010026403702795506 
v -0.16012506186962128 0.20310759544372559 -0.010161190293729305 
v -0.15975607931613922 0.19842100143432617 -0.006464172620326281 
v -0.16355665028095245 0.21056072413921356 -0.006464172620326281 
v -0.1641470342874527 0.20936326682567596 -0.006464172620326281 
v -0.164682075381279 0.2081451714038849 -0.006464172620326281 
v -0.16453447937965393 0.20641092956066132 -0.006464172620326281 
v -0.1633906066417694 0.20459409058094025 -0.006464172620326281 
v -0.16040180623531342 0.20391277968883514 -0.006464172620326281 
v -0.15975607931613922 0.20310759544372559 -0.006464172620326281 
v -0.16012506186962128 0.19842100143432617 -0.0027864105068147182 
v -0.16385184228420258 0.21056072413921356 -0.003537367098033428 
v -0.16442377865314484 0.20936326682567596 -0.0036528990603983402 
v -0.16495880484580994 0.2081451714038849 -0.00374917546287179 
v -0.16481120884418488 0.20641092956066132 -0.0037299201358109713 
v -0.16368579864501953 0.20459409058094025 -0.0034988566767424345 
v -0.1607523411512375 0.20391277968883514 -0.0029211975634098053 
v -0.16012506186962128 0.20310759544372559 -0.0027864105068147182 
v -0.16119512915611267 0.19842100143432617 0.0007565647247247398 
v -0.16471897065639496 0.21056072413921356 -0.0007068380946293473 
v -0.16525399684906006 0.20936326682567596 -0.0009379017283208668 
v -0.1657521277666092 0.2081451714038849 -0.001130454707890749 
v -0.16560453176498413 0.20641092956066132 -0.0010726888431236148 
v -0.16455292701721191 0.20459409058094025 -0.0006298169028013945 
v -0.16178551316261292 0.20391277968883514 0.0005062458221800625 
v -0.16119512915611267 0.20310759544372559 0.0007565647247247398 
v -0.16292937099933624 0.19842100143432617 0.004010710399597883 
v -0.1642577350139618 0.21136592328548431 -0.0005142851150594652 
v -0.16610267758369446 0.21056072413921356 0.0018926274497061968 
v -0.1665823608636856 0.20936326682567596 0.0015845425659790635 
v -0.1670251488685608 0.2081451714038849 0.001276457798667252 
v -0.1669144481420517 0.20641092956066132 0.001353478990495205 
v -0.1659550815820694 0.20459409058094025 0.002008159179240465 
v -0.16348285973072052 0.20391277968883514 0.0036641149781644344 
v -0.16292937099933624 0.20310759544372559 0.004010710399597883 
v -0.16529089212417603 0.19842100143432617 0.006879750173538923 
v -0.16337215900421143 0.21136592328548431 -0.0034410906955599785 
v -0.1630769670009613 0.21136592328548431 -0.006464172620326281 
v -0.16337215900421143 0.21136592328548431 -0.009506510570645332 
v -0.1642577350139618 0.21136592328548431 -0.012433315627276897 
v -0.16554918885231018 0.21136592328548431 -0.014859483577311039 
v -0.16292937099933624 0.21510280668735504 -0.014859483577311039 
v -0.16088148951530457 0.22152365744113922 -0.014859483577311039 
v -0.16088148951530457 0.22749029099941254 -0.014859483577311039 
v -0.16464516520500183 0.23496407270431519 -0.014859483577311039 
v -0.16554918885231018 0.21136592328548431 0.0019118826603516936 
v -0.16375960409641266 0.21510280668735504 0.0034715619403868914 
v -0.16597352921962738 0.21510280668735504 0.006186559330672026 
v -0.16470052301883698 0.22152365744113922 0.007457409054040909 
v -0.16768932342529297 0.22152365744113922 0.0099220871925354 
v -0.16768932342529297 0.22749029099941254 0.0099220871925354 
v -0.17110246419906616 0.22749029099941254 0.011732085607945919 
v -0.17237547039985657 0.23496407270431519 0.008651237934827805 
v -0.1754380613565445 0.23496407270431519 0.009575491771101952 
v -0.17613914608955383 0.23843255639076233 0.006148048676550388 
v -0.1786298155784607 0.23843255639076233 0.006379112135618925 
v -0.1786298155784607 0.2406829595565796 0.0019118826603516936 
v -0.18030871450901031 0.2406003624200821 0.0019118826603516936 
v -0.18113893270492554 0.23843255639076233 0.006148048676550388 
v -0.1786298155784607 0.23496407270431519 0.009902832098305225 
v -0.1747923344373703 0.22749029099941254 0.01284889318048954 
v -0.17110246419906616 0.22152365744113922 0.011732085607945919 
v -0.16868558526039124 0.21510280668735504 0.00842017401009798 
v -0.1679845154285431 0.21056072413921356 0.004184008110314608 
v -0.18184001743793488 0.23496407270431519 0.009575491771101952 
v -0.1786298155784607 0.22749029099941254 0.013233998790383339 
v -0.1747923344373703 0.22152365744113922 0.01284889318048954 
v -0.17178508639335632 0.21510280668735504 0.010056874714791775 
v -0.17027223110198975 0.21056072413921356 0.006051772274076939 
v -0.1683903932571411 0.20936326682567596 0.003779646707698703 
v -0.18248574435710907 0.22749029099941254 0.01284889318048954 
v -0.1786298155784607 0.22152365744113922 0.013233998790383339 
v -0.17514288425445557 0.21510280668735504 0.011077405884861946 
v -0.1728736013174057 0.21056072413921356 0.007457409054040909 
v -0.17058587074279785 0.20936326682567596 0.005570389796048403 
v -0.16877783834934235 0.2081451714038849 0.0033945408649742603 
v -0.18248574435710907 0.22152365744113922 0.01284889318048954 
v -0.1786298155784607 0.21510280668735504 0.011424001306295395 
v -0.17569635808467865 0.21056072413921356 0.008304642513394356 
v -0.1730949878692627 0.20936326682567596 0.006918260827660561 
v -0.17088106274604797 0.2081451714038849 0.005127517972141504 
v -0.16866713762283325 0.20641092956066132 0.00349081726744771 
v -0.1821351945400238 0.21510280668735504 0.011077405884861946 
v -0.1786298155784607 0.21056072413921356 0.008593471720814705 
v -0.17580705881118774 0.20936326682567596 0.007746238727122545 
v -0.1732979416847229 0.2081451714038849 0.0064176227897405624 
v -0.17080727219581604 0.20641092956066132 0.005243049468845129 
v -0.167855367064476 0.20459409058094025 0.004318795166909695 
v -0.18158172070980072 0.21056072413921356 0.008304642513394356 
v -0.1786298155784607 0.20936326682567596 0.008015812374651432 
v -0.17591775953769684 0.2081451714038849 0.00720709003508091 
v -0.17324258387088776 0.20641092956066132 0.0065524098463356495 
v -0.17016154527664185 0.20459409058094025 0.006205814424902201 
v -0.1657336801290512 0.20391277968883514 0.0064176227897405624 
v -0.18147101998329163 0.20936326682567596 0.007746238727122545 
v -0.1786298155784607 0.2081451714038849 0.007476664613932371 
v -0.17588084936141968 0.20641092956066132 0.007361132651567459 
v -0.17279981076717377 0.20459409058094025 0.007611451670527458 
v -0.1685010939836502 0.20391277968883514 0.008689748123288155 
v -0.16529089212417603 0.20310759544372559 0.006879750173538923 
v -0.18136031925678253 0.2081451714038849 0.00720709003508091 
v -0.1786298155784607 0.20641092956066132 0.007630706764757633 
v -0.17565946280956268 0.20459409058094025 0.008497195318341255 
v -0.17165593802928925 0.20391277968883514 0.010384215041995049 
v -0.16815055906772614 0.20310759544372559 0.009228896349668503 
v -0.16815055906772614 0.19842100143432617 0.009228896349668503 
v -0.1813972294330597 0.20641092956066132 0.007361132651567459 
v -0.1786298155784607 0.20459409058094025 0.008786024525761604 
v -0.17508752644062042 0.20391277968883514 0.011404745280742645 
v -0.17141610383987427 0.20310759544372559 0.010981128551065922 
v -0.17141610383987427 0.19842100143432617 0.010981128551065922 
v -0.1816186159849167 0.20459409058094025 0.008497195318341255 
v -0.1786298155784607 0.20391277968883514 0.011770596727728844 
v -0.17495837807655334 0.20310759544372559 0.012040170840919018 
v -0.17495837807655334 0.19842100143432617 0.012040170840919018 
v -0.18219055235385895 0.20391277968883514 0.011404745280742645 
v -0.1786298155784607 0.20310759544372559 0.012406021356582642 
v -0.1786298155784607 0.19842100143432617 0.012406021356582642 
v -0.18231970071792603 0.20310759544372559 0.012040170840919018 
v -0.18231970071792603 0.19842100143432617 0.012040170840919018 
v -0.1858619749546051 0.19842100143432617 0.010981128551065922 
v -0.1858619749546051 0.20310759544372559 0.010981128551065922 
v -0.18912751972675323 0.19842100143432617 0.009228896349668503 
v -0.18912751972675323 0.20310759544372559 0.009228896349668503 
v -0.19198718667030334 0.19842100143432617 0.006879750173538923 
v -0.19198718667030334 0.20310759544372559 0.006879750173538923 
v -0.19433026015758514 0.19842100143432617 0.004010710399597883 
v -0.19433026015758514 0.20310759544372559 0.004010710399597883 
v -0.1960829496383667 0.19842100143432617 0.0007565647247247398 
v -0.1960829496383667 0.20310759544372559 0.0007565647247247398 
v -0.1971530169248581 0.19842100143432617 -0.0027864105068147182 
v -0.1971530169248581 0.20310759544372559 -0.0027864105068147182 
v -0.19752199947834015 0.19842100143432617 -0.006464172620326281 
v -0.19752199947834015 0.20310759544372559 -0.006464172620326281 
v -0.1971530169248581 0.19842100143432617 -0.010161190293729305 
v -0.1971530169248581 0.20310759544372559 -0.010161190293729305 
v -0.1960829496383667 0.19842100143432617 -0.013704165816307068 
v -0.1960829496383667 0.20310759544372559 -0.013704165816307068 
v -0.19433026015758514 0.19842100143432617 -0.016958311200141907 
v -0.19433026015758514 0.20310759544372559 -0.016958311200141907 
v -0.19198718667030334 0.19842100143432617 -0.019827350974082947 
v -0.19198718667030334 0.20310759544372559 -0.019827350974082947 
v -0.18912751972675323 0.19842100143432617 -0.02217649668455124 
v -0.18912751972675323 0.20310759544372559 -0.02217649668455124 
v -0.1858619749546051 0.19842100143432617 -0.023928729817271233 
v -0.1858619749546051 0.20310759544372559 -0.023928729817271233 
v -0.18231970071792603 0.19842100143432617 -0.02498777210712433 
v -0.18231970071792603 0.20310759544372559 -0.02498777210712433 
v -0.1786298155784607 0.19842100143432617 -0.025353621691465378 
v -0.1786298155784607 0.20310759544372559 -0.025353621691465378 
v -0.17495837807655334 0.19842100143432617 -0.02498777210712433 
v -0.17495837807655334 0.20310759544372559 -0.02498777210712433 
v -0.17141610383987427 0.19842100143432617 -0.023928729817271233 
v -0.17141610383987427 0.20310759544372559 -0.023928729817271233 
v -0.16815055906772614 0.19842100143432617 -0.02217649668455124 
v -0.16815055906772614 0.20310759544372559 -0.02217649668455124 
v -0.16529089212417603 0.19842100143432617 -0.019827350974082947 
v -0.16529089212417603 0.20310759544372559 -0.019827350974082947 
v -0.18562214076519012 0.20391277968883514 0.010384215041995049 
v -0.18877698481082916 0.20391277968883514 0.008689748123288155 
v -0.19152595102787018 0.20391277968883514 0.0064176227897405624 
v -0.19379521906375885 0.20391277968883514 0.0036641149781644344 
v -0.19549256563186646 0.20391277968883514 0.0005062458221800625 
v -0.19652573764324188 0.20391277968883514 -0.0029211975634098053 
v -0.19687627255916595 0.20391277968883514 -0.006464172620326281 
v -0.19652573764324188 0.20391277968883514 -0.010026403702795506 
v -0.19549256563186646 0.20391277968883514 -0.013453846797347069 
v -0.19379521906375885 0.20391277968883514 -0.016611715778708458 
v -0.19152595102787018 0.20391277968883514 -0.0193652231246233 
v -0.18877698481082916 0.20391277968883514 -0.02163734845817089 
v -0.18562214076519012 0.20391277968883514 -0.023331815376877785 
v -0.18219055235385895 0.20391277968883514 -0.02435234561562538 
v -0.1786298155784607 0.20391277968883514 -0.02471819706261158 
v -0.17508752644062042 0.20391277968883514 -0.02435234561562538 
v -0.17165593802928925 0.20391277968883514 -0.023331815376877785 
v -0.1685010939836502 0.20391277968883514 -0.02163734845817089 
v -0.1657336801290512 0.20391277968883514 -0.0193652231246233 
v -0.18711653351783752 0.20459409058094025 0.006205814424902201 
v -0.18942271173000336 0.20459409058094025 0.004318795166909695 
v -0.19132299721240997 0.20459409058094025 0.002008159179240465 
v -0.19272515177726746 0.20459409058094025 -0.0006298169028013945 
v -0.19359228014945984 0.20459409058094025 -0.0034988566767424345 
v -0.19388747215270996 0.20459409058094025 -0.006464172620326281 
v -0.19359228014945984 0.20459409058094025 -0.009448744356632233 
v -0.19272515177726746 0.20459409058094025 -0.012317784130573273 
v -0.19132299721240997 0.20459409058094025 -0.014955759979784489 
v -0.18942271173000336 0.20459409058094025 -0.017266396433115005 
v -0.18711653351783752 0.20459409058094025 -0.0191534161567688 
v -0.1844782680273056 0.20459409058094025 -0.020559052005410194 
v -0.1816186159849167 0.20459409058094025 -0.02144479565322399 
v -0.1786298155784607 0.20459409058094025 -0.02173362486064434 
v -0.17565946280956268 0.20459409058094025 -0.02144479565322399 
v -0.17279981076717377 0.20459409058094025 -0.020559052005410194 
v -0.17016154527664185 0.20459409058094025 -0.0191534161567688 
v -0.167855367064476 0.20459409058094025 -0.017266396433115005 
v -0.18861094117164612 0.20641092956066132 0.00349081726744771 
v -0.19036363065242767 0.20641092956066132 0.001353478990495205 
v -0.19165508449077606 0.20641092956066132 -0.0010726888431236148 
v -0.1924668699502945 0.20641092956066132 -0.0037299201358109713 
v -0.19274359941482544 0.20641092956066132 -0.006464172620326281 
v -0.1924668699502945 0.20641092956066132 -0.009217680431902409 
v -0.19165508449077606 0.20641092956066132 -0.011874912306666374 
v -0.19036363065242767 0.20641092956066132 -0.014301080256700516 
v -0.18861094117164612 0.20641092956066132 -0.016438418999314308 
v -0.18647080659866333 0.20641092956066132 -0.018190650269389153 
v -0.1840354949235916 0.20641092956066132 -0.019500011578202248 
v -0.1813972294330597 0.20641092956066132 -0.020308732986450195 
v -0.1786298155784607 0.20641092956066132 -0.020578308030962944 
v -0.17588084936141968 0.20641092956066132 -0.020308732986450195 
v -0.17324258387088776 0.20641092956066132 -0.019500011578202248 
v -0.17080727219581604 0.20641092956066132 -0.018190650269389153 
v -0.16866713762283325 0.20641092956066132 -0.016438418999314308 
v -0.1902344822883606 0.2081451714038849 0.001276457798667252 
v -0.19152595102787018 0.2081451714038849 -0.001130454707890749 
v -0.19231927394866943 0.2081451714038849 -0.00374917546287179 
v -0.19259600341320038 0.2081451714038849 -0.006464172620326281 
v -0.19231927394866943 0.2081451714038849 -0.009198425337672234 
v -0.19152595102787018 0.2081451714038849 -0.011817146092653275 
v -0.1902344822883606 0.2081451714038849 -0.014224058948457241 
v -0.18850024044513702 0.2081451714038849 -0.01634214259684086 
v -0.1863970160484314 0.2081451714038849 -0.018075117841362953 
v -0.18398013710975647 0.2081451714038849 -0.0193652231246233 
v -0.18136031925678253 0.2081451714038849 -0.020154690369963646 
v -0.1786298155784607 0.2081451714038849 -0.020424265414476395 
v -0.17591775953769684 0.2081451714038849 -0.020154690369963646 
v -0.1732979416847229 0.2081451714038849 -0.0193652231246233 
v -0.17088106274604797 0.2081451714038849 -0.018075117841362953 
v -0.16877783834934235 0.2081451714038849 -0.01634214259684086 
v -0.1920240819454193 0.20936326682567596 -0.0009379017283208668 
v -0.19285430014133453 0.20936326682567596 -0.0036528990603983402 
v -0.19313104450702667 0.20936326682567596 -0.006464172620326281 
v -0.19285430014133453 0.20936326682567596 -0.009294701740145683 
v -0.1920240819454193 0.20936326682567596 -0.012009698897600174 
v -0.19067727029323578 0.20936326682567596 -0.014532143250107765 
v -0.18888768553733826 0.20936326682567596 -0.016727248206734657 
v -0.18669220805168152 0.20936326682567596 -0.018517991527915 
v -0.18418309092521667 0.20936326682567596 -0.019865861162543297 
v -0.18147101998329163 0.20936326682567596 -0.020693838596343994 
v -0.1786298155784607 0.20936326682567596 -0.020963413640856743 
v -0.17580705881118774 0.20936326682567596 -0.020693838596343994 
v -0.1730949878692627 0.20936326682567596 -0.019865861162543297 
v -0.17058587074279785 0.20936326682567596 -0.018517991527915 
v -0.1683903932571411 0.20936326682567596 -0.016727248206734657 
v -0.1934262365102768 0.21056072413921356 -0.003537367098033428 
v -0.19372142851352692 0.21056072413921356 -0.006464172620326281 
v -0.1934262365102768 0.21056072413921356 -0.009410233236849308 
v -0.1925591081380844 0.21056072413921356 -0.012240762822329998 
v -0.1911754012107849 0.21056072413921356 -0.014840228483080864 
v -0.18929356336593628 0.21056072413921356 -0.017131609842181206 
v -0.18700584769248962 0.21056072413921356 -0.01899937354028225 
v -0.18440447747707367 0.21056072413921356 -0.020405009388923645 
v -0.18158172070980072 0.21056072413921356 -0.021252242848277092 
v -0.1786298155784607 0.21056072413921356 -0.02154107205569744 
v -0.17569635808467865 0.21056072413921356 -0.021252242848277092 
v -0.1728736013174057 0.21056072413921356 -0.020405009388923645 
v -0.17027223110198975 0.21056072413921356 -0.01899937354028225 
v -0.1679845154285431 0.21056072413921356 -0.017131609842181206 
v -0.191304549574852 0.21510280668735504 -0.01913416013121605 
v -0.18859249353408813 0.21510280668735504 -0.02136777527630329 
v -0.18549299240112305 0.21510280668735504 -0.023004475980997086 
v -0.1821351945400238 0.21510280668735504 -0.024025006219744682 
v -0.1786298155784607 0.21510280668735504 -0.02437160164117813 
v -0.17514288425445557 0.21510280668735504 -0.024025006219744682 
v -0.17178508639335632 0.21510280668735504 -0.023004475980997086 
v -0.16868558526039124 0.21510280668735504 -0.02136777527630329 
v -0.16597352921962738 0.21510280668735504 -0.01913416013121605 
v -0.1895887553691864 0.22152365744113922 -0.022869687527418137 
v -0.1861756145954132 0.22152365744113922 -0.02467968687415123 
v -0.18248574435710907 0.22152365744113922 -0.025796493515372276 
v -0.1786298155784607 0.22152365744113922 -0.026181599125266075 
v -0.1747923344373703 0.22152365744113922 -0.025796493515372276 
v -0.17110246419906616 0.22152365744113922 -0.02467968687415123 
v -0.16768932342529297 0.22152365744113922 -0.022869687527418137 
v -0.16470052301883698 0.22152365744113922 -0.020405009388923645 
v -0.1861756145954132 0.22749029099941254 -0.02467968687415123 
v -0.18248574435710907 0.22749029099941254 -0.025796493515372276 
v -0.1786298155784607 0.22749029099941254 -0.026181599125266075 
v -0.1747923344373703 0.22749029099941254 -0.025796493515372276 
v -0.17110246419906616 0.22749029099941254 -0.02467968687415123 
v -0.16768932342529297 0.22749029099941254 -0.022869687527418137 
v -0.16470052301883698 0.22749029099941254 -0.020405009388923645 
v -0.18184001743793488 0.23496407270431519 -0.022523092105984688 
v -0.1786298155784607 0.23496407270431519 -0.022850433364510536 
v -0.1754380613565445 0.23496407270431519 -0.022523092105984688 
v -0.17237547039985657 0.23496407270431519 -0.02159883826971054 
v -0.16955271363258362 0.23496407270431519 -0.020077669993042946 
v -0.16706204414367676 0.23496407270431519 -0.018055863678455353 
v -0.1786298155784607 0.23843255639076233 -0.01932671293616295 
v -0.17613914608955383 0.23843255639076233 -0.0190956499427557 
v -0.1737222671508789 0.23843255639076233 -0.01836394891142845 
v -0.1714898943901062 0.23843255639076233 -0.017170120030641556 
v -0.16955271363258362 0.23843255639076233 -0.015571929514408112 
v -0.17696936428546906 0.2406003624200821 -0.014859483577311039 
v -0.17516133189201355 0.2403319776058197 -0.014859483577311039 
v -0.17303964495658875 0.2398158311843872 -0.014859483577311039 
v -0.17025378346443176 0.23892806470394135 -0.014859483577311039 
v -0.1786298155784607 0.2406829595565796 -0.014859483577311039 
v -0.18113893270492554 0.23843255639076233 -0.0190956499427557 
v -0.18030871450901031 0.2406003624200821 -0.014859483577311039 
v -0.18355581164360046 0.23843255639076233 -0.01836394891142845 
v -0.18211674690246582 0.2403319776058197 -0.014859483577311039 
v -0.18578818440437317 0.23843255639076233 -0.017170120030641556 
v -0.18423843383789062 0.2398158311843872 -0.014859483577311039 
v -0.18772536516189575 0.23843255639076233 -0.015571929514408112 
v -0.1870242953300476 0.23892806470394135 -0.014859483577311039 
v -0.188315749168396 0.23843255639076233 -0.014859483577311039 
v -0.1849026083946228 0.23496407270431519 -0.02159883826971054 
v -0.18772536516189575 0.23496407270431519 -0.020077669993042946 
v -0.1902160346508026 0.23496407270431519 -0.018055863678455353 
v -0.1922454684972763 0.23496407270431519 -0.015571929514408112 
v -0.1911938488483429 0.23620282113552094 -0.014859483577311039 
v -0.19261446595191956 0.23496407270431519 -0.014859483577311039 
v -0.1895887553691864 0.22749029099941254 -0.022869687527418137 
v -0.1925775557756424 0.22749029099941254 -0.020405009388923645 
v -0.1950313299894333 0.22749029099941254 -0.017420439049601555 
v -0.1963965892791748 0.22749029099941254 -0.014859483577311039 
v -0.1925775557756424 0.22152365744113922 -0.020405009388923645 
v -0.1950313299894333 0.22152365744113922 -0.017420439049601555 
v -0.1963965892791748 0.22152365744113922 -0.014859483577311039 
v -0.19434870779514313 0.21510280668735504 -0.014859483577311039 
v -0.1935184746980667 0.21510280668735504 -0.01641916297376156 
v -0.1917104423046112 0.21136592328548431 -0.014859483577311039 
v -0.19302034378051758 0.21136592328548431 -0.012433315627276897 
v -0.1844782680273056 0.20459409058094025 0.007611451670527458 
v -0.18647080659866333 0.20641092956066132 0.005243049468845129 
v -0.18850024044513702 0.2081451714038849 0.0033945408649742603 
v -0.19067727029323578 0.20936326682567596 0.0015845425659790635 
v -0.1925591081380844 0.21056072413921356 -0.0007068380946293473 
v -0.19390591979026794 0.21136592328548431 -0.0034410906955599785 
v -0.19420111179351807 0.21136592328548431 -0.006464172620326281 
v -0.1840354949235916 0.20641092956066132 0.0065524098463356495 
v -0.1863970160484314 0.2081451714038849 0.005127517972141504 
v -0.18888768553733826 0.20936326682567596 0.003779646707698703 
v -0.1911754012107849 0.21056072413921356 0.0018926274497061968 
v -0.19302034378051758 0.21136592328548431 -0.0005142851150594652 
v -0.18398013710975647 0.2081451714038849 0.0064176227897405624 
v -0.18669220805168152 0.20936326682567596 0.005570389796048403 
v -0.18929356336593628 0.21056072413921356 0.004184008110314608 
v -0.1935184746980667 0.21510280668735504 0.0034715619403868914 
v -0.1917288899421692 0.21136592328548431 0.0019118826603516936 
v -0.19434870779514313 0.21510280668735504 0.0019118826603516936 
v -0.18418309092521667 0.20936326682567596 0.006918260827660561 
v -0.18700584769248962 0.21056072413921356 0.006051772274076939 
v -0.191304549574852 0.21510280668735504 0.006186559330672026 
v -0.1950313299894333 0.22152365744113922 0.004472837783396244 
v -0.1963965892791748 0.22152365744113922 0.0019118826603516936 
v -0.18440447747707367 0.21056072413921356 0.007457409054040909 
v -0.18859249353408813 0.21510280668735504 0.00842017401009798 
v -0.1925775557756424 0.22152365744113922 0.007457409054040909 
v -0.1950313299894333 0.22749029099941254 0.004472837783396244 
v -0.1963965892791748 0.22749029099941254 0.0019118826603516936 
v -0.18549299240112305 0.21510280668735504 0.010056874714791775 
v -0.1895887553691864 0.22152365744113922 0.0099220871925354 
v -0.1925775557756424 0.22749029099941254 0.007457409054040909 
v -0.1922454684972763 0.23496407270431519 0.002624328713864088 
v -0.19263291358947754 0.23496407270431519 0.0019118826603516936 
v -0.1861756145954132 0.22152365744113922 0.011732085607945919 
v -0.1895887553691864 0.22749029099941254 0.0099220871925354 
v -0.1902160346508026 0.23496407270431519 0.005108262412250042 
v -0.1911938488483429 0.23622345924377441 0.0019118826603516936 
v -0.1861756145954132 0.22749029099941254 0.011732085607945919 
v -0.18772536516189575 0.23496407270431519 0.007130069192498922 
v -0.18772536516189575 0.23843255639076233 0.002624328713864088 
v -0.188315749168396 0.23843255639076233 0.0019118826603516936 
v -0.1849026083946228 0.23496407270431519 0.008651237934827805 
v -0.18578818440437317 0.23843255639076233 0.004222518764436245 
v -0.1870242953300476 0.23892806470394135 0.0019118826603516936 
v -0.18355581164360046 0.23843255639076233 0.005416347179561853 
v -0.18423843383789062 0.23983646929264069 0.0019118826603516936 
v -0.18211674690246582 0.2403319776058197 0.0019118826603516936 
v -0.19390591979026794 0.21136592328548431 -0.009506510570645332 
v -0.17696936428546906 0.2406003624200821 0.0019118826603516936 
v -0.1737222671508789 0.23843255639076233 0.005416347179561853 
v -0.17516133189201355 0.2403319776058197 0.0019118826603516936 
v -0.1714898943901062 0.23843255639076233 0.004222518764436245 
v -0.17303964495658875 0.23983646929264069 0.0019118826603516936 
v -0.16955271363258362 0.23843255639076233 0.002624328713864088 
v -0.17025378346443176 0.23892806470394135 0.0019118826603516936 
v -0.16896232962608337 0.23843255639076233 0.0019118826603516936 
v -0.16955271363258362 0.23496407270431519 0.007130069192498922 
v -0.16706204414367676 0.23496407270431519 0.005108262412250042 
v -0.16503261029720306 0.23496407270431519 0.002624328713864088 
v -0.16608421504497528 0.23622345924377441 0.0019118826603516936 
v -0.16464516520500183 0.23496407270431519 0.0019118826603516936 
v -0.16470052301883698 0.22749029099941254 0.007457409054040909 
v -0.16224674880504608 0.22749029099941254 0.004472837783396244 
v -0.16088148951530457 0.22749029099941254 0.0019118826603516936 
v -0.16224674880504608 0.22152365744113922 0.004472837783396244 
v -0.16088148951530457 0.22152365744113922 0.0019118826603516936 
v -0.16292937099933624 0.21510280668735504 0.0019118826603516936 
v -0.1917104423046112 0.21136592328548431 -0.014859483577311039 
v -0.16529089212417603 0.19842100143432617 -0.019827350974082947 
vn -2.0682311115474694e-13 0 -1 
vn -2.0682311115474694e-13 0 -1 
vn -2.0682311115474694e-13 0 -1 
vn -2.0682311115474694e-13 0 -1 
vn -2.0682311115474694e-13 0 -1 
vn -2.0682311115474694e-13 0 -1 
vn -2.0682311115474694e-13 0 -1 
vn -2.0682311115474694e-13 0 -1 
vn -2.0682311115474694e-13 0 -1 
vn -2.0682311115474694e-13 0 -1 
vn -2.0682311115474694e-13 0 -1 
vn -2.0682311115474694e-13 0 -1 
vn -2.0682311115474694e-13 0 -1 
vn -2.0682311115474694e-13 0 -1 
vn -2.0682311115474694e-13 0 -1 
vn -2.0682311115474694e-13 0 -1 
vn -2.0682311115474694e-13 0 -1 
vn -2.0682311115474694e-13 0 -1 
vn -2.0682311115474694e-13 0 -1 
vn -2.0682311115474694e-13 0 -1 
vn -2.0682311115474694e-13 0 -1 
vn -2.0682311115474694e-13 0 -1 
vn -2.0682311115474694e-13 0 -1 
vn -0.2800721824169159 -0.6860291957855225 -0.6715083718299866 
vn -0.14453093707561493 -0.6866328716278076 -0.7124928832054138 
vn -0.40490955114364624 -0.6862221956253052 -0.6042742133140564 
vn -0.5170027017593384 -0.6846222281455994 -0.5138099193572998 
vn -0.6058980226516724 -0.6845741868019104 -0.405272513628006 
vn -0.6704762578010559 -0.687834620475769 -0.2781098484992981 
vn -0.715817391872406 -0.6837947368621826 -0.1415284425020218 
vn -0.7281392216682434 -0.6854257583618164 0.002184694167226553 
vn -0.715817391872406 -0.6837947368621826 0.1415284425020218 
vn -0.6738554835319519 -0.684524416923523 0.2781098484992981 
vn -0.6058980226516724 -0.6845741868019104 0.405272513628006 
vn -0.5148768424987793 -0.6862224340438843 0.5138099193572998 
vn -0.4027332365512848 -0.6875017285346985 0.6042742133140564 
vn -0.2778932750225067 -0.6869147419929504 0.6715083718299866 
vn -0.14035388827323914 -0.6874988079071045 0.7124928832054138 
vn 2.125000072824082e-13 -0.6859472990036011 0.7276512384414673 
vn 0.14404389262199402 -0.686735212802887 0.7124928832054138 
vn 0.28138723969459534 -0.6854908466339111 0.6715083718299866 
vn 0.4027332365512848 -0.6875017285346985 0.6042742133140564 
vn 0.5178869962692261 -0.6839535236358643 0.5138099193572998 
vn 0.6030667424201965 -0.6870695948600769 0.405272513628006 
vn 0.6738554835319519 -0.684524416923523 0.2781098484992981 
vn 0.715817391872406 -0.6837947368621826 0.1415284425020218 
vn 0.7281392216682434 -0.6854257583618164 0.002184694167226553 
vn 0.715817391872406 -0.6837947368621826 -0.1415284425020218 
vn 0.673175573348999 -0.6851930618286133 -0.2781098484992981 
vn 0.6030667424201965 -0.6870695948600769 -0.405272513628006 
vn 0.5170027017593384 -0.6846222281455994 -0.5138099193572998 
vn 0.40165337920188904 -0.6881331205368042 -0.6042742133140564 
vn 0.2800721824169159 -0.6860291957855225 -0.6715083718299866 
vn 0.14082881808280945 -0.6874017119407654 -0.7124928832054138 
vn 0.0037806248292326927 -0.6859368681907654 -0.7276512384414673 
vn 0 0 1 
vn 0 0 1 
vn 0 0 1 
vn 0 0 1 
vn 0 0 1 
vn 0 0 1 
vn 0 0 1 
vn 0 0 1 
vn 0 0 1 
vn 0 0 1 
vn 0 0 1 
vn 0 0 1 
vn 0 0 1 
vn 0 0 1 
vn 0 0 1 
vn 0 0 1 
vn 0 0 1 
vn 0 0 1 
vn 0 0 1 
vn 0 0 1 
vn 0 0 1 
vn 0 0 1 
vn -1.0341130485562108e-13 0.999997615814209 0.002184694167226553 
vn -1.0341130485562108e-13 0.999997615814209 0.002184694167226553 
vn -1.0341130485562108e-13 0.999997615814209 0.002184694167226553 
vn -1.0341130485562108e-13 0.999997615814209 0.002184694167226553 
vn -1.0341130485562108e-13 0.999997615814209 0.002184694167226553 
vn -1.0341130485562108e-13 0.999997615814209 0.002184694167226553 
vn -1.0341130485562108e-13 0.999997615814209 0.002184694167226553 
vn -1.0341130485562108e-13 0.999997615814209 0.002184694167226553 
vn -1.0341130485562108e-13 0.999997615814209 0.002184694167226553 
vn -1.0341130485562108e-13 0.999997615814209 0.002184694167226553 
vn -1.0341130485562108e-13 0.999997615814209 0.002184694167226553 
vn -1.0341130485562108e-13 0.999997615814209 0.002184694167226553 
vn -1.0341130485562108e-13 0.999997615814209 0.002184694167226553 
vn -1.0341130485562108e-13 0.999997615814209 0.002184694167226553 
vn 0.26130247116088867 0.7797950506210327 0.5688942670822144 
vn 0.4558623731136322 0.726766049861908 0.5138099193572998 
vn 0.41460660099983215 0.8087201118469238 -0.417220801115036 
vn 0.5264266133308411 0.6687588691711426 0.5250110030174255 
vn 0.5823653936386108 0.5663489699363708 -0.5831804275512695 
vn 0.6848589181900024 0.5647990107536316 -0.46040233969688416 
vn 0.6923778057098389 0.2086726427078247 -0.6907016038894653 
vn 0.8129007816314697 0.20934155583381653 -0.5434780716896057 
vn 0.7011207938194275 -0.13512995839118958 -0.7001210451126099 
vn 0.8235835433006287 -0.13541574776172638 -0.5507928133010864 
vn 0.646587610244751 -0.4016569256782532 -0.6485338807106018 
vn 0.7616169452667236 -0.39972740411758423 -0.5100564956665039 
vn 0.6196054816246033 -0.48376941680908203 -0.6181069612503052 
vn 0.7263145446777344 -0.4847398102283478 -0.48733407258987427 
vn 0.6409793496131897 -0.42090922594070435 -0.641857385635376 
vn 0.7558705806732178 -0.41968175768852234 -0.5025205612182617 
vn 0.696100115776062 -0.1721721738576889 -0.6969945430755615 
vn 0.8190622329711914 -0.1725519895553589 -0.5471406579017639 
vn 0.6709528565406799 0.3213178813457489 -0.6682642698287964 
vn 0.7870303392410278 0.3239547908306122 -0.5250110030174255 
vn 0.3930620849132538 0.8292648196220398 -0.3972681760787964 
vn 0.46747493743896484 0.8273023366928101 -0.31150925159454346 
vn 0.3877229690551758 0.837429404258728 -0.3852050006389618 
vn 0.4511832296848297 0.8393493890762329 -0.30319350957870483 
vn 0.6676567792892456 0.3281117379665375 -0.6682642698287964 
vn 0.7870303392410278 0.3239547908306122 -0.5250110030174255 
vn 0.6030667424201965 -0.6870695948600769 -0.405272513628006 
vn 0.673175573348999 -0.6851930618286133 -0.2781098484992981 
vn 0.8092181086540222 -0.48172691464424133 -0.3363112509250641 
vn 0.8368133306503296 -0.4221409261226654 -0.34862664341926575 
vn 0.9113166332244873 -0.1651604175567627 -0.37712597846984863 
vn 0.8740496635437012 0.32527101039886475 -0.36088213324546814 
vn 0.5174662470817566 0.8283564448356628 -0.21460255980491638 
vn 0.5050808191299438 0.8370504379272461 -0.2103329300880432 
vn 0.8740496635437012 0.32527101039886475 -0.36088213324546814 
vn 0.715817391872406 -0.6837947368621826 -0.1415284425020218 
vn 0.8581467270851135 -0.48382964730262756 -0.17173540592193604 
vn 0.8917549252510071 -0.4168737232685089 -0.1760382205247879 
vn 0.9671123027801514 -0.1654137223958969 -0.19321508705615997 
vn 0.9272094368934631 0.3258728086948395 -0.18463370203971863 
vn 0.5472109317779541 0.8295764923095703 -0.1111890971660614 
vn 0.5347989201545715 0.8381969332695007 -0.10684575140476227 
vn 0.9272094368934631 0.3258728086948395 -0.18463370203971863 
vn 0.7281392216682434 -0.6854257583618164 0.002184694167226553 
vn 0.8746989965438843 -0.48466166853904724 0.002184694167226553 
vn 0.9087722897529602 -0.41728663444519043 0.002184694167226553 
vn 0.986227810382843 -0.16537824273109436 0.002184694167226553 
vn 0.9452975392341614 0.32620200514793396 0.002184694167226553 
vn 0.5618321895599365 0.8272483348846436 0.002184694167226553 
vn 0.5429477095603943 0.8397637009620667 0.002184694167226553 
vn 0.9452975392341614 0.32620200514793396 0.002184694167226553 
vn 0.715817391872406 -0.6837947368621826 0.1415284425020218 
vn 0.8581467270851135 -0.48382964730262756 0.17173540592193604 
vn 0.8917549252510071 -0.4168737232685089 0.1760382205247879 
vn 0.9671465754508972 -0.1652131974697113 0.19321508705615997 
vn 0.9272094368934631 0.3258728086948395 0.18463370203971863 
vn 0.5472109317779541 0.8295764923095703 0.1111890971660614 
vn 0.5358137488365173 0.837548553943634 0.10684575140476227 
vn 0.9272094368934631 0.3258728086948395 0.18463370203971863 
vn 0.6738554835319519 -0.684524416923523 0.2781098484992981 
vn 0.8092181086540222 -0.48172691464424133 0.3363112509250641 
vn 0.8368133306503296 -0.4221409261226654 0.34862664341926575 
vn 0.9113166332244873 -0.1651604175567627 0.37712597846984863 
vn 0.8741987347602844 0.32487019896507263 0.36088213324546814 
vn 0.5174662470817566 0.8283564448356628 0.21460255980491638 
vn 0.5061373710632324 0.8364119529724121 0.2103329300880432 
vn 0.8741987347602844 0.32487019896507263 0.36088213324546814 
vn 0.6030667424201965 -0.6870695948600769 0.405272513628006 
vn 0.8189745545387268 0.4619447588920593 0.34042292833328247 
vn 0.7267066836357117 -0.484151691198349 0.48733407258987427 
vn 0.7561658024787903 -0.4191495478153229 0.5025205612182617 
vn 0.819113552570343 -0.17230799794197083 0.5471406579017639 
vn 0.787208616733551 0.32352128624916077 0.5250110030174255 
vn 0.46747493743896484 0.8273023366928101 0.31150925159454346 
vn 0.4511832296848297 0.8393493890762329 0.30319350957870483 
vn 0.787208616733551 0.32352128624916077 0.5250110030174255 
vn 0.5178869962692261 -0.6839535236358643 0.5138099193572998 
vn 0.8690409660339355 0.4639771282672882 0.17173540592193604 
vn 0.8854539394378662 0.46472206711769104 0.002184694167226553 
vn 0.8690409660339355 0.4639771282672882 -0.17173540592193604 
vn 0.8186709880828857 0.4624825119972229 -0.34042292833328247 
vn 0.41053152084350586 0.5804528594017029 0.7032341957092285 
vn 0.7827776670455933 -0.37218189239501953 0.4987381398677826 
vn 0.8659573197364807 -0.1277971863746643 0.4835140109062195 
vn 0.8619751930236816 0.1945294439792633 0.46814218163490295 
vn 0.7011963725090027 0.5019866824150085 0.5062933564186096 
vn 0.40959280729293823 0.5811156034469604 -0.7032341957092285 
vn 0.7618865966796875 -0.39921319484710693 0.5100564956665039 
vn 0.6469394564628601 -0.4010898768901825 0.6485338807106018 
vn 0.7011640071868896 -0.1349055916070938 0.7001210451126099 
vn 0.5509623289108276 -0.13430798053741455 0.8236515522003174 
vn 0.5435710549354553 0.20630423724651337 0.8136147856712341 
vn 0.37268608808517456 0.20866039395332336 0.9041935205459595 
vn 0.3157862424850464 0.5645520687103271 0.762600839138031 
vn 0.16348616778850555 0.5616432428359985 0.8110666871070862 
vn 0.11834429949522018 0.8062437772750854 0.5796254277229309 
vn -8.36546408316749e-14 0.8072154521942139 0.590256929397583 
vn 0.0037747567985206842 0.8578957319259644 -0.5138099193572998 
vn -0.0754106417298317 0.8523212671279907 -0.5175535082817078 
vn -0.11461272090673447 0.8067826628684998 0.5796254277229309 
vn 0.0037664873525500298 0.5634793639183044 0.8261215686798096 
vn 0.18861110508441925 0.2072249948978424 0.9599394202232361 
vn 0.3807767629623413 -0.13281279802322388 0.9150791168212891 
vn 0.5092496275901794 -0.3988794684410095 0.762600839138031 
vn 0.6200947761535645 -0.48314207792282104 0.6181069612503052 
vn -0.16348616778850555 0.5616432428359985 0.8110666871070862 
vn -0.0018731803866103292 0.2039123922586441 0.9789873361587524 
vn 0.1964513510465622 -0.13437137007713318 0.9712626934051514 
vn 0.3545074462890625 -0.39971962571144104 0.8453097939491272 
vn 0.4876946210861206 -0.4823667109012604 0.7276512384414673 
vn 0.6413618326187134 -0.42032620310783386 0.641857385635376 
vn -0.18861110508441925 0.2072249948978424 0.9599394202232361 
vn 0.003720864886417985 -0.1349860578775406 0.990840494632721 
vn 0.17922042310237885 -0.4006830155849457 0.8985171914100647 
vn 0.33143526315689087 -0.48628541827201843 0.8085030317306519 
vn 0.5068972706794739 -0.4176773130893707 0.7540562748908997 
vn 0.6962394714355469 -0.1716076284646988 0.6969945430755615 
vn -0.1943056583404541 -0.13745586574077606 0.9712626934051514 
vn 0.0018834020011126995 -0.39926770329475403 0.916832447052002 
vn 0.16819216310977936 -0.4835165739059448 0.8590245246887207 
vn 0.34585046768188477 -0.42160549759864807 0.838234007358551 
vn 0.5483342409133911 -0.1706402599811554 0.8186644315719604 
vn 0.6711841225624084 0.3208344578742981 0.6682642698287964 
vn -0.17922042310237885 -0.4006830155849457 0.8985171914100647 
vn 0.0018827214371412992 -0.4854215383529663 0.87427818775177 
vn 0.17439314723014832 -0.41979148983955383 0.8907088041305542 
vn 0.3797420859336853 -0.16797471046447754 0.9097144603729248 
vn 0.525458812713623 0.322222501039505 0.7874425053596497 
vn 0.39428621530532837 0.8286834955215454 0.3972681760787964 
vn -0.17174498736858368 -0.48226603865623474 0.8590245246887207 
vn 0.0037627271376550198 -0.41918838024139404 0.9078915119171143 
vn 0.19368083775043488 -0.16578994691371918 0.9669547080993652 
vn 0.3619982898235321 0.3234112858772278 0.87427818775177 
vn 0.3135276436805725 0.8283402323722839 0.4642767012119293 
vn 0.3877229690551758 0.837429404258728 0.3852050006389618 
vn -0.1778668314218521 -0.418331503868103 0.8907088041305542 
vn 0.003751524491235614 -0.16954125463962555 0.9855159521102905 
vn 0.18334868550300598 0.322582870721817 0.9286137819290161 
vn 0.21081919968128204 0.8292729258537292 0.5175535082817078 
vn 0.30123648047447205 0.8392764925956726 0.45262736082077026 
vn 0.6678982973098755 0.3276197612285614 0.6682642698287964 
vn -0.19121457636356354 -0.16862845420837402 0.9669547080993652 
vn 0.0018795167561620474 0.32186493277549744 0.946783721446991 
vn 0.1109684407711029 0.827232301235199 0.5507928133010864 
vn 0.2055310159921646 0.8375106453895569 0.5062933564186096 
vn 0.525458812713623 0.322222501039505 0.7874425053596497 
vn 0.4027332365512848 -0.6875017285346985 0.6042742133140564 
vn -0.18334868550300598 0.322582870721817 0.9286137819290161 
vn -0.001886310987174511 0.8297948241233826 0.5580654144287109 
vn 0.10347806662321091 0.8377742171287537 0.5361219048500061 
vn 0.3619982898235321 0.3234112858772278 0.87427818775177 
vn 0.28138723969459534 -0.6854908466339111 0.6715083718299866 
vn -0.10722800344228745 0.8277254700660706 0.5507928133010864 
vn 0.0018863978330045938 0.8370385766029358 0.5471406579017639 
vn 0.18209068477153778 0.3279394209384918 0.926983654499054 
vn 0.14404389262199402 -0.686735212802887 0.7124928832054138 
vn -0.10722089558839798 0.8373034000396729 0.5361219048500061 
vn 0.0018757632933557034 0.32599881291389465 0.9453682899475098 
vn 2.125000072824082e-13 -0.6859472990036011 0.7276512384414673 
vn -0.185372993350029 0.3260952830314636 0.926983654499054 
vn -0.14035388827323914 -0.6874988079071045 0.7124928832054138 
vn -0.2778932750225067 -0.6869147419929504 0.6715083718299866 
vn -0.3594787120819092 0.32620954513549805 0.87427818775177 
vn -0.4027332365512848 -0.6875017285346985 0.6042742133140564 
vn -0.525458812713623 0.322222501039505 0.7874425053596497 
vn -0.5148768424987793 -0.6862224340438843 0.5138099193572998 
vn -0.6678982973098755 0.3276197612285614 0.6682642698287964 
vn -0.6058980226516724 -0.6845741868019104 0.405272513628006 
vn -0.7857673764228821 0.3270062208175659 0.5250110030174255 
vn -0.6738554835319519 -0.684524416923523 0.2781098484992981 
vn -0.8755050897598267 0.3213329613208771 0.36088213324546814 
vn -0.715817391872406 -0.6837947368621826 0.1415284425020218 
vn -0.9272094368934631 0.3258728086948395 0.18463370203971863 
vn -0.7281392216682434 -0.6854257583618164 0.002184694167226553 
vn -0.9452975392341614 0.32620200514793396 0.002184694167226553 
vn -0.715817391872406 -0.6837947368621826 -0.1415284425020218 
vn -0.9272094368934631 0.3258728086948395 -0.18463370203971863 
vn -0.6704762578010559 -0.687834620475769 -0.2781098484992981 
vn -0.8740496635437012 0.32527101039886475 -0.36088213324546814 
vn -0.6058980226516724 -0.6845741868019104 -0.405272513628006 
vn -0.7870303392410278 0.3239547908306122 -0.5250110030174255 
vn -0.5170027017593384 -0.6846222281455994 -0.5138099193572998 
vn -0.6693134307861328 0.32471898198127747 -0.6682642698287964 
vn -0.40490955114364624 -0.6862221956253052 -0.6042742133140564 
vn -0.5247651934623718 0.32335084676742554 -0.7874425053596497 
vn -0.2800721824169159 -0.6860291957855225 -0.6715083718299866 
vn -0.3633459806442261 0.32189643383026123 -0.87427818775177 
vn -0.14453093707561493 -0.6866328716278076 -0.7124928832054138 
vn -0.1875508427619934 0.32484757900238037 -0.926983654499054 
vn 0.0037806248292326927 -0.6859368681907654 -0.7276512384414673 
vn -0.0018896064721047878 0.3259987235069275 -0.9453682899475098 
vn 0.14082881808280945 -0.6874017119407654 -0.7124928832054138 
vn 0.1875508427619934 0.32484757900238037 -0.926983654499054 
vn 0.2800721824169159 -0.6860291957855225 -0.6715083718299866 
vn 0.3608255982398987 0.324719101190567 -0.87427818775177 
vn 0.40165337920188904 -0.6881331205368042 -0.6042742133140564 
vn 0.5247651934623718 0.32335084676742554 -0.7874425053596497 
vn 0.5170027017593384 -0.6846222281455994 -0.5138099193572998 
vn 0.6676567792892456 0.3281117379665375 -0.6682642698287964 
vn -0.2055310159921646 0.8375106453895569 0.5062933564186096 
vn -0.3047824501991272 0.8379952907562256 0.45262736082077026 
vn -0.3877229690551758 0.837429404258728 0.3852050006389618 
vn -0.4545048773288727 0.8375554084777832 0.30319350957870483 
vn -0.5061373710632324 0.8364119529724121 0.2103329300880432 
vn -0.5358137488365173 0.837548553943634 0.10684575140476227 
vn -0.5429477095603943 0.8397637009620667 0.002184694167226553 
vn -0.5379791855812073 0.8361592888832092 -0.10684575140476227 
vn -0.5018424987792969 0.8389959335327148 -0.2103329300880432 
vn -0.4545048773288727 0.8375554084777832 -0.30319350957870483 
vn -0.3877229690551758 0.837429404258728 -0.3852050006389618 
vn -0.3069494068622589 0.8372039794921875 -0.45262736082077026 
vn -0.20764626562595367 0.8369886875152588 -0.5062933564186096 
vn -0.10924603790044785 0.8370415568351746 -0.5361219048500061 
vn -8.655967923768687e-14 0.8370406627655029 -0.5471406579017639 
vn 0.10924603790044785 0.8370415568351746 -0.5361219048500061 
vn 0.21131159365177155 0.8360708355903625 -0.5062933564186096 
vn 0.3069494068622589 0.8372039794921875 -0.45262736082077026 
vn 0.3877229690551758 0.837429404258728 -0.3852050006389618 
vn -0.3135276436805725 0.8283402323722839 0.4642767012119293 
vn -0.39428621530532837 0.8286834955215454 0.3972681760787964 
vn -0.4641854763031006 0.8291524648666382 0.31150925159454346 
vn -0.5142614245414734 0.830349862575531 0.21460255980491638 
vn -0.5503583550453186 0.827491819858551 0.1111890971660614 
vn -0.5618321895599365 0.8272483348846436 0.002184694167226553 
vn -0.5503583550453186 0.827491819858551 -0.1111890971660614 
vn -0.5142614245414734 0.830349862575531 -0.21460255980491638 
vn -0.4641854763031006 0.8291524648666382 -0.31150925159454346 
vn -0.3964731991291046 0.8276394009590149 -0.3972681760787964 
vn -0.308632493019104 0.830176591873169 -0.4642767012119293 
vn -0.21659255027770996 0.8277838230133057 -0.5175535082817078 
vn -0.10925479978322983 0.8274604082107544 -0.5507928133010864 
vn 0.0037780797574669123 0.829788327217102 -0.5580654144287109 
vn 0.10925479978322983 0.8274604082107544 -0.5507928133010864 
vn 0.21659255027770996 0.8277838230133057 -0.5175535082817078 
vn 0.3121684491634369 0.8288534283638 -0.4642767012119293 
vn 0.3930620849132538 0.8292648196220398 -0.3972681760787964 
vn -0.6711841225624084 0.3208344578742981 0.6682642698287964 
vn -0.7857673764228821 0.3270062208175659 0.5250110030174255 
vn -0.8755050897598267 0.3213329613208771 0.36088213324546814 
vn -0.9272094368934631 0.3258728086948395 0.18463370203971863 
vn -0.9452975392341614 0.32620200514793396 0.002184694167226553 
vn -0.9272094368934631 0.3258728086948395 -0.18463370203971863 
vn -0.8740496635437012 0.32527101039886475 -0.36088213324546814 
vn -0.7870303392410278 0.3239547908306122 -0.5250110030174255 
vn -0.6693134307861328 0.32471898198127747 -0.6682642698287964 
vn -0.5247651934623718 0.32335084676742554 -0.7874425053596497 
vn -0.3633459806442261 0.32189643383026123 -0.87427818775177 
vn -0.18113669753074646 0.32383012771606445 -0.9286137819290161 
vn -0.001893595326691866 0.3218648433685303 -0.946783721446991 
vn 0.18113669753074646 0.32383012771606445 -0.9286137819290161 
vn 0.3608255982398987 0.324719101190567 -0.87427818775177 
vn 0.5247651934623718 0.32335084676742554 -0.7874425053596497 
vn 0.6709528565406799 0.3213178813457489 -0.6682642698287964 
vn -0.8198819160461426 -0.1686142534017563 0.5471406579017639 
vn -0.9106361269950867 -0.1688723862171173 0.37712597846984863 
vn -0.9665041565895081 -0.16893091797828674 0.19321508705615997 
vn -0.986227810382843 -0.16537824273109436 0.002184694167226553 
vn -0.9671123027801514 -0.1654137223958969 -0.19321508705615997 
vn -0.9106361269950867 -0.1688723862171173 -0.37712597846984863 
vn -0.8190622329711914 -0.1725519895553589 -0.5471406579017639 
vn -0.696100115776062 -0.1721721738576889 -0.6969945430755615 
vn -0.5492345094680786 -0.16772007942199707 -0.8186644315719604 
vn -0.37778180837631226 -0.17233823239803314 -0.9097144603729248 
vn -0.1931261122226715 -0.16643580794334412 -0.9669547080993652 
vn 0.001889180624857545 -0.16957223415374756 -0.9855159521102905 
vn 0.1931261122226715 -0.16643580794334412 -0.9669547080993652 
vn 0.3793354630470276 -0.1688910275697708 -0.9097144603729248 
vn 0.5481179356575012 -0.17133376002311707 -0.8186644315719604 
vn 0.696100115776062 -0.1721721738576889 -0.6969945430755615 
vn -0.8368133306503296 -0.4221409261226654 0.34862664341926575 
vn -0.8901492953300476 -0.42029133439064026 0.1760382205247879 
vn -0.9087722897529602 -0.41728663444519043 0.002184694167226553 
vn -0.8901492953300476 -0.42029133439064026 -0.1760382205247879 
vn -0.8368133306503296 -0.4221409261226654 -0.34862664341926575 
vn -0.7540296316146851 -0.4229804277420044 -0.5025205612182617 
vn -0.6409793496131897 -0.42090922594070435 -0.641857385635376 
vn -0.5063696503639221 -0.4183168113231659 -0.7540562748908997 
vn -0.34712767601013184 -0.4205545485019684 -0.838234007358551 
vn -0.17308510839939117 -0.42033249139785767 -0.8907088041305542 
vn 1.3023817321908965e-13 -0.41920527815818787 -0.9078915119171143 
vn 0.17308510839939117 -0.42033249139785767 -0.8907088041305542 
vn 0.3500358760356903 -0.4181370735168457 -0.838234007358551 
vn 0.5063696503639221 -0.4183168113231659 -0.7540562748908997 
vn 0.6409793496131897 -0.42090922594070435 -0.641857385635376 
vn -0.8581467270851135 -0.48382964730262756 0.17173540592193604 
vn -0.8746989965438843 -0.48466166853904724 0.002184694167226553 
vn -0.8581467270851135 -0.48382964730262756 -0.17173540592193604 
vn -0.8092181086540222 -0.48172691464424133 -0.3363112509250641 
vn -0.7263145446777344 -0.4847398102283478 -0.48733407258987427 
vn -0.6196054816246033 -0.48376941680908203 -0.6181069612503052 
vn -0.48637279868125916 -0.4836995005607605 -0.7276512384414673 
vn -0.3326241374015808 -0.48547300696372986 -0.8085030317306519 
vn -0.16678853332996368 -0.4840025305747986 -0.8590245246887207 
vn -0.001892064930871129 -0.4854215085506439 -0.87427818775177 
vn 0.16678853332996368 -0.4840025305747986 -0.8590245246887207 
vn 0.3357361853122711 -0.4833260476589203 -0.8085030317306519 
vn 0.48637279868125916 -0.4836995005607605 -0.7276512384414673 
vn 0.6196054816246033 -0.48376941680908203 -0.6181069612503052 
vn -0.6485730409622192 -0.39844298362731934 -0.6485338807106018 
vn -0.5087565779685974 -0.39950811862945557 -0.762600839138031 
vn -0.35298293828964233 -0.40106651186943054 -0.8453097939491272 
vn -0.18140381574630737 -0.39969927072525024 -0.8985171914100647 
vn 1.2404537304017832e-13 -0.3992721438407898 -0.916832447052002 
vn 0.17795689404010773 -0.4012458026409149 -0.8985171914100647 
vn 0.35298293828964233 -0.40106651186943054 -0.8453097939491272 
vn 0.5087565779685974 -0.39950811862945557 -0.762600839138031 
vn 0.646587610244751 -0.4016569256782532 -0.6485338807106018 
vn -0.5499138832092285 -0.13853831589221954 -0.8236515522003174 
vn -0.3792405128479004 -0.13713790476322174 -0.9150791168212891 
vn -0.19604332745075226 -0.13496597111225128 -0.9712626934051514 
vn 4.1953230169380906e-14 -0.13503733277320862 -0.990840494632721 
vn 0.19604332745075226 -0.13496597111225128 -0.9712626934051514 
vn 0.3805098831653595 -0.1335754543542862 -0.9150791168212891 
vn 0.5508256554603577 -0.13486731052398682 -0.8236515522003174 
vn 0.7011207938194275 -0.13512995839118958 -0.7001210451126099 
vn -0.37392598390579224 0.20643022656440735 -0.9041935205459595 
vn -0.19065555930137634 0.20534557104110718 -0.9599394202232361 
vn 0.0018953474937006831 0.2039121836423874 -0.9789873361587524 
vn 0.187869593501091 0.20789748430252075 -0.9599394202232361 
vn 0.37573814392089844 0.2031131088733673 -0.9041935205459595 
vn 0.5432605743408203 0.20712046325206757 -0.8136147856712341 
vn 0.6923778057098389 0.2086726427078247 -0.6907016038894653 
vn -0.16050800681114197 0.5625016093254089 -0.8110666871070862 
vn -5.827157739625097e-14 0.563491940498352 -0.8261215686798096 
vn 0.16050800681114197 0.5625016093254089 -0.8110666871070862 
vn 0.31467247009277344 0.5651736259460449 -0.762600839138031 
vn 0.4603002071380615 0.5616216063499451 -0.6875353455543518 
vn 0.5823653936386108 0.5663489699363708 -0.5831804275512695 
vn -0.0018896718975156546 0.8072131872177124 -0.590256929397583 
vn 0.11664944142103195 0.8064907193183899 -0.5796254277229309 
vn 0.2275807112455368 0.8079842925071716 -0.5434780716896057 
vn 0.3259226381778717 0.8078064322471619 -0.4911448359489441 
vn 0.41460660099983215 0.8087201118469238 -0.417220801115036 
vn 0.07718271762132645 0.8521626591682434 0.5175535082817078 
vn 0.14821675419807434 0.8357523083686829 0.528724730014801 
vn 0.2108665406703949 0.8100447058677673 0.5471406579017639 
vn 0.26130247116088867 0.7797950506210327 0.5688942670822144 
vn -0.0018847433384507895 0.8579019904136658 0.5138099193572998 
vn -0.11664944142103195 0.8064907193183899 -0.5796254277229309 
vn -0.0809367224574089 0.8518142700195312 0.5175535082817078 
vn -0.2275807112455368 0.8079842925071716 -0.5434780716896057 
vn -0.15192899107933044 0.8350854516029358 0.528724730014801 
vn -0.32941997051239014 0.8063865303993225 -0.4911448359489441 
vn -0.21451550722122192 0.8090860247612 0.5471406579017639 
vn -0.41460660099983215 0.8087201118469238 -0.417220801115036 
vn -0.26487603783607483 0.7785884737968445 0.5688942670822144 
vn -0.459051251411438 0.7247560024261475 0.5138099193572998 
vn -0.31467247009277344 0.5651736259460449 -0.762600839138031 
vn -0.4603002071380615 0.5616216063499451 -0.6875353455543518 
vn -0.5823653936386108 0.5663489699363708 -0.5831804275512695 
vn -0.6848589181900024 0.5647990107536316 -0.46040233969688416 
vn -0.5234581828117371 0.6710848808288574 0.5250110030174255 
vn -0.7011963725090027 0.5019866824150085 0.5062933564186096 
vn -0.544596254825592 0.2035825550556183 -0.8136147856712341 
vn -0.6934590935707092 0.20505055785179138 -0.6907016038894653 
vn -0.8129007816314697 0.20934155583381653 -0.5434780716896057 
vn -0.8619751930236816 0.1945294439792633 0.46814218163490295 
vn -0.7011207938194275 -0.13512995839118958 -0.7001210451126099 
vn -0.8235835433006287 -0.13541574776172638 -0.5507928133010864 
vn -0.8653985261917114 -0.13152779638767242 0.4835140109062195 
vn -0.7827776670455933 -0.37218189239501953 0.4987381398677826 
vn -0.7598532438278198 -0.40306994318962097 -0.5100564956665039 
vn -0.41053152084350586 0.5804528594017029 0.7032341957092285 
vn -0.8186709880828857 0.4624825119972229 -0.34042292833328247 
vn -0.21447104215621948 0.8283360004425049 0.5175535082817078 
vn -0.525458812713623 0.322222501039505 0.7874425053596497 
vn -0.6962394714355469 -0.1716076284646988 0.6969945430755615 
vn -0.7561658024787903 -0.4191495478153229 0.5025205612182617 
vn -0.8092181086540222 -0.48172691464424133 0.3363112509250641 
vn -0.8690409660339355 0.4639771282672882 0.17173540592193604 
vn -0.8854539394378662 0.46472206711769104 0.002184694167226553 
vn -0.3594787120819092 0.32620954513549805 0.87427818775177 
vn -0.5494416356086731 -0.16704028844833374 0.8186644315719604 
vn -0.6434205770492554 -0.41716793179512024 0.641857385635376 
vn -0.7246077656745911 -0.4872874915599823 0.48733407258987427 
vn -0.8171144723892212 0.4652269780635834 0.34042292833328247 
vn -0.3782057762145996 -0.17140580713748932 0.9097144603729248 
vn -0.504490077495575 -0.4205816686153412 0.7540562748908997 
vn -0.6177703738212585 -0.4861106872558594 0.6181069612503052 
vn -0.7618865966796875 -0.39921319484710693 0.5100564956665039 
vn -0.406497985124588 0.5832846760749817 -0.7032341957092285 
vn -0.7841647863388062 -0.3692503869533539 -0.4987381398677826 
vn -0.3487532138824463 -0.41920751333236694 0.838234007358551 
vn -0.4876946210861206 -0.4823667109012604 0.7276512384414673 
vn -0.6469394564628601 -0.4010898768901825 0.6485338807106018 
vn -0.822995662689209 -0.13894419372081757 0.5507928133010864 
vn -0.8659315705299377 -0.12797147035598755 -0.4835140109062195 
vn -0.33453989028930664 -0.4841548204421997 0.8085030317306519 
vn -0.5069161057472229 -0.40184086561203003 0.762600839138031 
vn -0.7004419565200806 -0.13860583305358887 0.7001210451126099 
vn -0.8139075636863708 0.20539246499538422 0.5434780716896057 
vn -0.8627411127090454 0.19110390543937683 -0.46814218163490295 
vn -0.3545074462890625 -0.39971962571144104 0.8453097939491272 
vn -0.550058126449585 -0.1379643976688385 0.8236515522003174 
vn -0.6936542987823486 0.20438919961452484 0.6907016038894653 
vn -0.6877778172492981 0.5612409114837646 0.46040233969688416 
vn -0.6985522508621216 0.5056597590446472 -0.5062933564186096 
vn -0.3795221149921417 -0.1363566666841507 0.9150791168212891 
vn -0.5448960065841675 0.20277895033359528 0.8136147856712341 
vn -0.5856291055679321 0.5629734992980957 0.5831804275512695 
vn -0.5255723595619202 0.6694304347038269 -0.5250110030174255 
vn -0.3745078444480896 0.20537272095680237 0.9041935205459595 
vn -0.45820149779319763 0.5633351802825928 0.6875353455543518 
vn -0.41912832856178284 0.8063859343528748 0.417220801115036 
vn -0.4612167775630951 0.7233798503875732 -0.5138099193572998 
vn -0.31907138228416443 0.562701940536499 0.762600839138031 
vn -0.32941997051239014 0.8063865303993225 0.4911448359489441 
vn -0.25987985730171204 0.7802702784538269 -0.5688942670822144 
vn -0.22544686496257782 0.8085822463035583 0.5434780716896057 
vn -0.2093343734741211 0.8104419708251953 -0.5471406579017639 
vn -0.1465647667646408 0.8360435962677002 -0.528724730014801 
vn -0.8690409660339355 0.4639771282672882 -0.17173540592193604 
vn 0.0754106417298317 0.8523212671279907 -0.5175535082817078 
vn 0.22907868027687073 0.8075608611106873 0.5434780716896057 
vn 0.1465647667646408 0.8360435962677002 -0.528724730014801 
vn 0.3259226381778717 0.8078064322471619 0.4911448359489441 
vn 0.2093343734741211 0.8104419708251953 -0.5471406579017639 
vn 0.41577818989753723 0.8081184029579163 0.417220801115036 
vn 0.25987985730171204 0.7802702784538269 -0.5688942670822144 
vn 0.4612167775630951 0.7233798503875732 -0.5138099193572998 
vn 0.4611205458641052 0.5609482526779175 0.6875353455543518 
vn 0.5830103754997253 0.565684974193573 0.5831804275512695 
vn 0.6853857040405273 0.5641596913337708 0.46040233969688416 
vn 0.5255723595619202 0.6694304347038269 -0.5250110030174255 
vn 0.7007611393928528 0.5025941133499146 -0.5062933564186096 
vn 0.6925800442695618 0.2080003172159195 0.6907016038894653 
vn 0.8129761815071106 0.20904842019081116 0.5434780716896057 
vn 0.8619163632392883 0.19478973746299744 -0.46814218163490295 
vn 0.823615312576294 -0.1352226287126541 0.5507928133010864 
vn 0.8659315705299377 -0.12797147035598755 -0.4835140109062195 
vn 0.7825484275817871 -0.372663676738739 -0.4987381398677826 
vn 0 0 1 
vn 0.5170027017593384 -0.6846222281455994 -0.5138099193572998 
vt 0 0 
vt 0 0 
vt 0 0 
vt 0 0 
vt 0 0 
vt 0 0 
vt 0 0 
vt 0 0 
vt 0 0 
vt 0 0 
vt 0 0 
vt 0 0 
vt 0 0 
vt 0 0 
vt 0 0 
vt 0 0 
vt 0 0 
vt 0 0 
vt 0 0 
vt 0 0 
vt 0 0 
vt 0 0 
vt 0 0 
vt 0.5724737048149109 0.016845935955643654 
vt 0.5991384387016296 0.005737383849918842 
vt 0.548408031463623 0.03283736854791641 
vt 0.5280003547668457 0.053223393857479095 
vt 0.5120207667350769 0.07727157324552536 
vt 0.5009505748748779 0.1038832738995552 
vt 0.49527108669281006 0.13220398128032684 
vt 0.49527108669281006 0.16113503277301788 
vt 0.5009505748748779 0.18945574760437012 
vt 0.5120207667350769 0.21618951857089996 
vt 0.5280003547668457 0.24011562764644623 
vt 0.548408031463623 0.2606237232685089 
vt 0.5724737048149109 0.2766151428222656 
vt 0.5991384387016296 0.28760161995887756 
vt 0.6274396181106567 0.2933390140533447 
vt 0.6563184261322021 0.2933390140533447 
vt 0.6846196055412292 0.28760161995887756 
vt 0.7113806009292603 0.2766151428222656 
vt 0.7353500127792358 0.2606237232685089 
vt 0.7557576894760132 0.24011562764644623 
vt 0.7718335390090942 0.21618951857089996 
vt 0.782807469367981 0.18945574760437012 
vt 0.7884869575500488 0.16113503277301788 
vt 0.7884869575500488 0.13220398128032684 
vt 0.782807469367981 0.1038832738995552 
vt 0.7718335390090942 0.07727157324552536 
vt 0.7557576894760132 0.053223393857479095 
vt 0.7353500127792358 0.03283736854791641 
vt 0.7113806009292603 0.016845935955643654 
vt 0.6846196055412292 0.005737383849918842 
vt 0.6563184261322021 0.0001220720005221665 
vt 0.6274396181106567 0.0001220720005221665 
vt 0 0 
vt 0 0 
vt 0 0 
vt 0 0 
vt 0 0 
vt 0 0 
vt 0 0 
vt 0 0 
vt 0 0 
vt 0 0 
vt 0 0 
vt 0 0 
vt 0 0 
vt 0 0 
vt 0 0 
vt 0 0 
vt 0 0 
vt 0 0 
vt 0 0 
vt 0 0 
vt 0 0 
vt 0 0 
vt 0 0 
vt 0 0 
vt 0 0 
vt 0 0 
vt 0 0 
vt 0 0 
vt 0 0 
vt 0 0 
vt 0 0 
vt 0 0 
vt 0 0 
vt 0 0 
vt 0 0 
vt 0 0 
vt 0.012225350365042686 0.6700531840324402 
vt 0.019156256690621376 0.6784761548042297 
vt 0.011647774837911129 0.6793307065963745 
vt 0.039082616567611694 0.7013036608695984 
vt 0.01655716635286808 0.7227883338928223 
vt 0.0427405945956707 0.7149757146835327 
vt 0.043029382824897766 0.7915148735046387 
vt 0.0721006840467453 0.7734481692314148 
vt 0.07845401763916016 0.8376580476760864 
vt 0.10434865951538086 0.8125112056732178 
vt 0.1310133934020996 0.8794066905975342 
vt 0.15084350109100342 0.8512080311775208 
vt 0.17904843389987946 0.9060183763504028 
vt 0.1951242834329605 0.8805053234100342 
vt 0.19079247117042542 0.9126102924346924 
vt 0.2065795361995697 0.8881958723068237 
vt 0.20215146243572235 0.9193242192268372 
vt 0.21813105046749115 0.8961305618286133 
vt 0.21582074463367462 0.9292120933532715 
vt 0.23295548558235168 0.9071170091629028 
vt 0.2307414561510086 0.9427620768547058 
vt 0.2499939650297165 0.9211553335189819 
vt 0.24903135001659393 0.9638805389404297 
vt 0.2715567946434021 0.940564751625061 
vt 0.25548094511032104 0.9708386063575745 
vt 0.2784877121448517 0.9466683864593506 
vt 0.3101581037044525 0.9748669862747192 
vt 0.33277979493141174 0.9484994411468506 
vt 0.21225903928279877 0.8556026220321655 
vt 0.22371427714824677 0.8636593818664551 
vt 0.23536205291748047 0.8719602823257446 
vt 0.25076407194137573 0.883190929889679 
vt 0.26905396580696106 0.8971071243286133 
vt 0.2922532558441162 0.9157841205596924 
vt 0.2996654808521271 0.9215215444564819 
vt 0.35434263944625854 0.9209111928939819 
vt 0.22949004173278809 0.8309441208839417 
vt 0.24104155600070953 0.8388788104057312 
vt 0.2527855932712555 0.847057580947876 
vt 0.2685726583003998 0.8581661581993103 
vt 0.2875363826751709 0.8718382120132446 
vt 0.3119870722293854 0.8896607160568237 
vt 0.319688081741333 0.8952760696411133 
vt 0.37465402483940125 0.8921021819114685 
vt 0.24633599817752838 0.806285560131073 
vt 0.25788751244544983 0.8139761090278625 
vt 0.26972779631614685 0.8217887282371521 
vt 0.28589990735054016 0.8325310349464417 
vt 0.30534496903419495 0.845470666885376 
vt 0.3306620419025421 0.8625607490539551 
vt 0.3386518359184265 0.8678098320960999 
vt 0.39381030201911926 0.8621945381164551 
vt 0.26221930980682373 0.7816269993782043 
vt 0.27386710047721863 0.7888292670249939 
vt 0.28589990735054016 0.7961536049842834 
vt 0.3023608326911926 0.806285560131073 
vt 0.3222871720790863 0.8184927701950073 
vt 0.3483743369579315 0.8346062898635864 
vt 0.3565566837787628 0.8394891619682312 
vt 0.41152262687683105 0.8313103318214417 
vt 0.2771400213241577 0.7566022276878357 
vt 0.28888407349586487 0.7633162140846252 
vt 0.30101314187049866 0.7701522707939148 
vt 0.3177628517150879 0.7795518040657043 
vt 0.3380742371082306 0.7909044623374939 
vt 0.36473900079727173 0.805797278881073 
vt 0.3732101023197174 0.8103139400482178 
vt 0.42769473791122437 0.7996936440467834 
vt 0.2701128423213959 0.7524518370628357 
vt 0.29071304202079773 0.7314554452896118 
vt 0.3026496171951294 0.7375590205192566 
vt 0.3149712383747101 0.7437847256660461 
vt 0.33191344141960144 0.7523297071456909 
vt 0.35260990262031555 0.7628279328346252 
vt 0.37985220551490784 0.7763779163360596 
vt 0.3885158598423004 0.7805283665657043 
vt 0.4423266351222992 0.76722252368927 
vt 0.2551921606063843 0.7769882678985596 
vt 0.23930881917476654 0.8015247583389282 
vt 0.222366601228714 0.8259391784667969 
vt 0.20494307577610016 0.8504756093025208 
vt 0.18905974924564362 0.8730589151382446 
vt 0.16056601703166962 0.8385125398635864 
vt 0.12157966196537018 0.7954211235046387 
vt 0.09058310836553574 0.7602643966674805 
vt 0.048323825001716614 0.7126563191413879 
vt 0.2823382019996643 0.729990541934967 
vt 0.2499939650297165 0.7096045613288879 
vt 0.26193052530288696 0.6864108443260193 
vt 0.2218852937221527 0.6663910746574402 
vt 0.23199287056922913 0.6456388235092163 
vt 0.20157387852668762 0.6316004991531372 
vt 0.20994873344898224 0.6129235029220581 
vt 0.16999974846839905 0.596077561378479 
vt 0.1763530820608139 0.5802082419395447 
vt 0.1502659171819687 0.5706865787506104 
vt 0.15488652884960175 0.556526243686676 
vt 0.1202319860458374 0.5459060072898865 
vt 0.12427501380443573 0.5346753597259521 
vt 0.1584482342004776 0.5421217679977417 
vt 0.18145500123500824 0.5639726519584656 
vt 0.21697589755058289 0.593880295753479 
vt 0.24075275659561157 0.6247645020484924 
vt 0.2724231481552124 0.6630951166152954 
vt 0.3030346632003784 0.7059423923492432 
vt 0.1854017674922943 0.5476149916648865 
vt 0.2225591242313385 0.5747149586677551 
vt 0.24797245860099792 0.6036460399627686 
vt 0.281471848487854 0.6395351886749268 
vt 0.3139123320579529 0.6803072690963745 
vt 0.31506749987602234 0.7114356160163879 
vt 0.22679468989372253 0.555427610874176 
vt 0.2538444697856903 0.5822834372520447 
vt 0.2889803349971771 0.6158532500267029 
vt 0.32344233989715576 0.6543059349060059 
vt 0.32604143023490906 0.6850680708885193 
vt 0.32758161425590515 0.7170509099960327 
vt 0.25827255845069885 0.5609208345413208 
vt 0.2951411306858063 0.5919271111488342 
vt 0.3313358724117279 0.6280604600906372 
vt 0.3356676995754242 0.6583343148231506 
vt 0.33874809741973877 0.6900730133056641 
vt 0.3447163701057434 0.7247414588928223 
vt 0.2998580038547516 0.5678789615631104 
vt 0.3377854526042938 0.6016929149627686 
vt 0.34375375509262085 0.6314784288406372 
vt 0.3484705984592438 0.6626068353652954 
vt 0.3561716079711914 0.6967869997024536 
vt 0.36579787731170654 0.7341409921646118 
vt 0.34269484877586365 0.5750811696052551 
vt 0.35020333528518677 0.6043784618377686 
vt 0.3566529452800751 0.635018527507782 
vt 0.3660866618156433 0.6684662699699402 
vt 0.3775419294834137 0.7049657702445984 
vt 0.3935215175151825 0.7463482022285461 
vt 0.35520899295806885 0.5770343542098999 
vt 0.36319878697395325 0.6071861386299133 
vt 0.3743652403354645 0.6399013996124268 
vt 0.3876494765281677 0.6755464673042297 
vt 0.4056505858898163 0.7158302068710327 
vt 0.40228140354156494 0.7500103712081909 
vt 0.3683007061481476 0.5791095495223999 
vt 0.38110363483428955 0.6109703779220581 
vt 0.39621686935424805 0.6457608938217163 
vt 0.416239470243454 0.6848239302635193 
vt 0.41460302472114563 0.7190040946006775 
vt 0.4553220868110657 0.7341409921646118 
vt 0.38630181550979614 0.5819172263145447 
vt 0.40314775705337524 0.6156091094017029 
vt 0.42509564757347107 0.6534514427185059 
vt 0.4251919090747833 0.6876315474510193 
vt 0.46658483147621155 0.7005711793899536 
vt 0.40834593772888184 0.5854573249816895 
vt 0.43221908807754517 0.6218347549438477 
vt 0.4341443181037903 0.6557707786560059 
vt 0.4760185480117798 0.6665131449699402 
vt 0.43760979175567627 0.5899739861488342 
vt 0.4414602816104889 0.6235437989234924 
vt 0.48362329602241516 0.632088840007782 
vt 0.44685098528862 0.5911946892738342 
vt 0.4893990457057953 0.5972983241081238 
vt 0.49315330386161804 0.5625077486038208 
vt 0.45060524344444275 0.5587235689163208 
vt 0.49507856369018555 0.5275951623916626 
vt 0.4524342119693756 0.5261303186416626 
vt 0.49507856369018555 0.4928046762943268 
vt 0.45253047347068787 0.4936591684818268 
vt 0.4932495653629303 0.4581362307071686 
vt 0.4508940279483795 0.46131008863449097 
vt 0.48949530720710754 0.4237119257450104 
vt 0.4475248157978058 0.42908307909965515 
vt 0.4840083420276642 0.3897759020328522 
vt 0.44242289662361145 0.39722228050231934 
vt 0.47669240832328796 0.35608401894569397 
vt 0.435780793428421 0.3657277226448059 
vt 0.4678362309932709 0.32300251722335815 
vt 0.42750221490859985 0.3345993459224701 
vt 0.45734360814094543 0.29053136706352234 
vt 0.4176834225654602 0.30408135056495667 
vt 0.44540706276893616 0.2586705684661865 
vt 0.4064207077026367 0.27392956614494324 
vt 0.4321227967739105 0.2272980660200119 
vt 0.39381030201911926 0.244388148188591 
vt 0.41739463806152344 0.19665798544883728 
vt 0.3799484968185425 0.21533501148223877 
vt 0.4015113115310669 0.16662828624248505 
vt 0.36473900079727173 0.18689222633838654 
vt 0.38437655568122864 0.13733099400997162 
vt 0.3484705984592438 0.1590598225593567 
vt 0.3660866618156433 0.10852200537919998 
vt 0.3309508264064789 0.13183775544166565 
vt 0.3464491069316864 0.08032337576150894 
vt 0.3121796250343323 0.1053481325507164 
vt 0.32536759972572327 0.0528571754693985 
vt 0.29215699434280396 0.07971301674842834 
vt 0.30274587869644165 0.02612340822815895 
vt 0.27040165662765503 0.054932400584220886 
vt 0.2784877121448517 0.0001220720005221665 
vt 0.24604719877243042 0.031128359958529472 
vt 0.4412677586078644 0.557869017124176 
vt 0.4431930184364319 0.5258861780166626 
vt 0.44328927993774414 0.4939033091068268 
vt 0.44174906611442566 0.46204251050949097 
vt 0.4383798837661743 0.43030381202697754 
vt 0.4334704875946045 0.3989312946796417 
vt 0.4268283545970917 0.3679250180721283 
vt 0.41864603757858276 0.3372849225997925 
vt 0.40901979804039 0.30701106786727905 
vt 0.39794957637786865 0.277347594499588 
vt 0.38543546199798584 0.24817237257957458 
vt 0.3717661499977112 0.21948546171188354 
vt 0.35674920678138733 0.1914089024066925 
vt 0.34057706594467163 0.16394269466400146 
vt 0.32324981689453125 0.13708685338497162 
vt 0.3047674000263214 0.11084137856960297 
vt 0.28503355383872986 0.08569454401731491 
vt 0.26366326212882996 0.06152428686618805 
vt 0.23969388008117676 0.03857475146651268 
vt 0.4138329029083252 0.5246654748916626 
vt 0.4140254557132721 0.4942695200443268 
vt 0.41258150339126587 0.46399566531181335 
vt 0.40940484404563904 0.4338438808917999 
vt 0.4046879708766937 0.4039362370967865 
vt 0.3984309136867523 0.37439483404159546 
vt 0.39063364267349243 0.34521961212158203 
vt 0.38129615783691406 0.316288560628891 
vt 0.3706110119819641 0.28796786069869995 
vt 0.35867443680763245 0.2600133717060089 
vt 0.3453902006149292 0.23254716396331787 
vt 0.3308545649051666 0.20556925237178802 
vt 0.31526002287864685 0.17920169234275818 
vt 0.2985103130340576 0.15332242846488953 
vt 0.2807980179786682 0.12829767167568207 
vt 0.26221930980682373 0.1042494848370552 
vt 0.24267801642417908 0.08166617155075073 
vt 0.22207781672477722 0.06164636090397835 
vt 0.39188504219055176 0.4945136606693268 
vt 0.3904411196708679 0.46546053886413574 
vt 0.3874569535255432 0.4365294575691223 
vt 0.3829326331615448 0.4078425467014313 
vt 0.3768680691719055 0.37939977645874023 
vt 0.36926332116127014 0.3512011468410492 
vt 0.3603109121322632 0.32349079847335815 
vt 0.34991455078125 0.2960245907306671 
vt 0.3382667899131775 0.26904669404029846 
vt 0.325271338224411 0.24255706369876862 
vt 0.3111207187175751 0.21643365919589996 
vt 0.2959112226963043 0.1909206062555313 
vt 0.27964285016059875 0.16589584946632385 
vt 0.2625081241130829 0.1414814442396164 
vt 0.2447957843542099 0.11804362386465073 
vt 0.22660216689109802 0.09607066214084625 
vt 0.20879358053207397 0.07629500329494476 
vt 0.37244001030921936 0.46668124198913574 
vt 0.36964839696884155 0.4387267827987671 
vt 0.365220308303833 0.41101643443107605 
vt 0.35925203561782837 0.383428156375885 
vt 0.35193607211112976 0.35620608925819397 
vt 0.3431761562824249 0.3293502628803253 
vt 0.33297234773635864 0.3028606176376343 
vt 0.32151708006858826 0.2766151428222656 
vt 0.30881041288375854 0.250857949256897 
vt 0.29494860768318176 0.22546698153018951 
vt 0.2800278961658478 0.20056429505348206 
vt 0.26414456963539124 0.1761498898267746 
vt 0.2473948746919632 0.15222378075122833 
vt 0.23026013374328613 0.12903010845184326 
vt 0.21312539279460907 0.10693506896495819 
vt 0.19704954326152802 0.0866711214184761 
vt 0.3566529452800751 0.4403136968612671 
vt 0.3523211181163788 0.41333580017089844 
vt 0.34654536843299866 0.3864799439907074 
vt 0.3393256664276123 0.35999032855033875 
vt 0.3306620419025421 0.3337448537349701 
vt 0.32065072655677795 0.30786558985710144 
vt 0.3093879818916321 0.2822304666042328 
vt 0.29687386751174927 0.25708362460136414 
vt 0.2832045555114746 0.23218093812465668 
vt 0.26838013529777527 0.2077665477991104 
vt 0.25268933176994324 0.18371835350990295 
vt 0.23632468283176422 0.1600363850593567 
vt 0.21947872638702393 0.13708685338497162 
vt 0.20282529294490814 0.11474768072366714 
vt 0.18742328882217407 0.09338507801294327 
vt 0.3399994969367981 0.4155330955982208 
vt 0.3343200087547302 0.3894096910953522 
vt 0.32719656825065613 0.3635304272174835 
vt 0.31872546672821045 0.33801737427711487 
vt 0.3089066743850708 0.3126263916492462 
vt 0.29774022102355957 0.28772369027137756 
vt 0.2854185998439789 0.2630651593208313 
vt 0.27184557914733887 0.23877283930778503 
vt 0.25721368193626404 0.21472464501857758 
vt 0.24171538650989532 0.1910426765680313 
vt 0.22544701397418976 0.16772693395614624 
vt 0.20888984203338623 0.14465531706809998 
vt 0.19252519309520721 0.1220719963312149 
vt 0.1774119734764099 0.09985489398241043 
vt 0.2575024664402008 0.30676692724227905 
vt 0.24556589126586914 0.2840615510940552 
vt 0.2324741780757904 0.2616002857685089 
vt 0.2182273119688034 0.23926112055778503 
vt 0.2029215544462204 0.21704401075839996 
vt 0.18684570491313934 0.1945827752351761 
vt 0.16999974846839905 0.17163322865962982 
vt 0.1530575305223465 0.14795126020908356 
vt 0.13650037348270416 0.1228044331073761 
vt 0.20667579770088196 0.30640071630477905 
vt 0.19377660751342773 0.28613677620887756 
vt 0.17962601780891418 0.2659948766231537 
vt 0.1640314757823944 0.2456088662147522 
vt 0.1471855193376541 0.22485662996768951 
vt 0.1288956254720688 0.20337195694446564 
vt 0.10906552523374557 0.18054448068141937 
vt 0.08779148757457733 0.15539765357971191 
vt 0.1645127832889557 0.30701106786727905 
vt 0.15036217868328094 0.28894442319869995 
vt 0.13457511365413666 0.27087777853012085 
vt 0.11705531924962997 0.25256696343421936 
vt 0.09732148796319962 0.23388995230197906 
vt 0.07508482784032822 0.21435843408107758 
vt 0.04919018968939781 0.1933620423078537 
vt 0.11339734494686127 0.32300251722335815 
vt 0.09818784892559052 0.30908629298210144 
vt 0.08086058497428894 0.2955363094806671 
vt 0.06122301518917084 0.2825966775417328 
vt 0.03869756683707237 0.27014532685279846 
vt 0.012321612797677517 0.2585484981536865 
vt 0.07729886472225189 0.3361862897872925 
vt 0.061511799693107605 0.32605430483818054 
vt 0.043703220784664154 0.317265123128891 
vt 0.023584337905049324 0.31006288528442383 
vt 0.0005775755853392184 0.30518001317977905 
vt 0.043703220784664154 0.3634083569049835 
vt 0.031959183514118195 0.3527880907058716 
vt 0.018578682094812393 0.33813944458961487 
vt 0.0004813130071852356 0.315922349691391 
vt 0.05515846982598305 0.3715871572494507 
vt 0.09135320782661438 0.3470506966114044 
vt 0.06719129532575607 0.37805697321891785 
vt 0.10396360605955124 0.35876959562301636 
vt 0.08066806197166443 0.383306086063385 
vt 0.11503380537033081 0.3712209463119507 
vt 0.09674391150474548 0.3872123956680298 
vt 0.12494885176420212 0.384038507938385 
vt 0.11801794916391373 0.3891655504703522 
vt 0.1280292570590973 0.3887993097305298 
vt 0.12697036564350128 0.33740702271461487 
vt 0.139003187417984 0.3521777093410492 
vt 0.1495920866727829 0.3674367070198059 
vt 0.15892955660820007 0.382939875125885 
vt 0.1497846096754074 0.3880668878555298 
vt 0.16095106303691864 0.3868461549282074 
vt 0.17712318897247314 0.32507774233818054 
vt 0.18838590383529663 0.34351059794425964 
vt 0.1983972191810608 0.36206555366516113 
vt 0.2048468142747879 0.37610381841659546 
vt 0.2182273119688034 0.32678675651550293 
vt 0.22843115031719208 0.3474169075489044 
vt 0.23516952991485596 0.36292004585266113 
vt 0.2728081941604614 0.34119123220443726 
vt 0.2680913507938385 0.3295944035053253 
vt 0.3026496171951294 0.3179975748062134 
vt 0.3115057647228241 0.34058088064193726 
vt 0.4119076728820801 0.555061399936676 
vt 0.391596257686615 0.5236888527870178 
vt 0.37378767132759094 0.4947578012943268 
vt 0.3594445586204529 0.46753576397895813 
vt 0.34423506259918213 0.4419006407260895 
vt 0.33258727192878723 0.4168758690357208 
vt 0.3270040452480316 0.3912407457828522 
vt 0.38976725935935974 0.5528640747070312 
vt 0.37359514832496643 0.5228343605995178 
vt 0.3606959581375122 0.49487990140914917 
vt 0.3469304144382477 0.46839025616645813 
vt 0.336726576089859 0.4428772032260895 
vt 0.3716698884963989 0.5510330200195312 
vt 0.36040717363357544 0.5222240090370178 
vt 0.348181813955307 0.49512404203414917 
vt 0.303997278213501 0.4713200032711029 
vt 0.33922940492630005 0.46643710136413574 
vt 0.30274587869644165 0.4592348635196686 
vt 0.3585781753063202 0.5496901869773865 
vt 0.34789302945137024 0.5217357277870178 
vt 0.30515244603157043 0.49549025297164917 
vt 0.26241183280944824 0.4744938611984253 
vt 0.26067912578582764 0.4582583010196686 
vt 0.3460640609264374 0.5484694838523865 
vt 0.30486366152763367 0.5196605324745178 
vt 0.26347073912620544 0.49610060453414917 
vt 0.23083771765232086 0.4771794378757477 
vt 0.22910498082637787 0.46253082156181335 
vt 0.3030346632003784 0.5438307523727417 
vt 0.2630856931209564 0.517707347869873 
vt 0.23170407116413116 0.49671095609664917 
vt 0.18896348774433136 0.48084160685539246 
vt 0.1884821653366089 0.4766911566257477 
vt 0.2613529562950134 0.5393140912055969 
vt 0.2314152866601944 0.516364574432373 
vt 0.18982984125614166 0.49756547808647156 
vt 0.17904843389987946 0.48169609904289246 
vt 0.22977882623672485 0.5358960628509521 
vt 0.1895410567522049 0.5142893195152283 
vt 0.16239500045776367 0.49805375933647156 
vt 0.1621062159538269 0.4926826059818268 
vt 0.1880008578300476 0.5310131907463074 
vt 0.16220247745513916 0.5128244757652283 
vt 0.15421268343925476 0.49817582964897156 
vt 0.16085480153560638 0.5274730920791626 
vt 0.13958077132701874 0.5113596320152283 
vt 0.13033956289291382 0.5233226418495178 
vt 0.31997689604759216 0.3657277226448059 
vt 0.11772915720939636 0.557869017124176 
vt 0.14449016749858856 0.5844807624816895 
vt 0.11695905774831772 0.5709307193756104 
vt 0.13755924999713898 0.5979086756706238 
vt 0.11821047216653824 0.5861897468566895 
vt 0.12947319447994232 0.6108483076095581 
vt 0.1228310763835907 0.6060875058174133 
vt 0.12600775063037872 0.6153649687767029 
vt 0.16239500045776367 0.6117027997970581 
vt 0.1534425914287567 0.6269617676734924 
vt 0.14304623007774353 0.6416104435920715 
vt 0.1346713751554489 0.635018527507782 
vt 0.14006207883358002 0.6451505422592163 
vt 0.19185136258602142 0.6500334143638611 
vt 0.18058863282203674 0.6682221293449402 
vt 0.17086611688137054 0.6817721128463745 
vt 0.210237517952919 0.6868991255760193 
vt 0.20041874051094055 0.7021581530570984 
vt 0.2432555854320526 0.7210792899131775 
vt 0 0 
vt 0.28724759817123413 0.9998917579650879 
s on 
f 1/1/1 2/2/2 3/3/3 
f 2/2/2 4/4/4 3/3/3 
f 3/3/3 4/4/4 5/5/5 
f 4/4/4 5/5/5 5/5/5 
f 5/5/5 5/5/5 5/5/5 
f 5/5/5 6/6/6 5/5/5 
f 5/5/5 6/6/6 3/3/3 
f 6/6/6 7/7/7 3/3/3 
f 3/3/3 7/7/7 8/8/8 
f 7/7/7 8/8/8 8/8/8 
f 8/8/8 8/8/8 8/8/8 
f 8/8/8 9/9/9 8/8/8 
f 8/8/8 9/9/9 3/3/3 
f 9/9/9 10/10/10 3/3/3 
f 3/3/3 10/10/10 11/11/11 
f 10/10/10 11/11/11 11/11/11 
f 11/11/11 11/11/11 11/11/11 
f 11/11/11 12/12/12 11/11/11 
f 11/11/11 12/12/12 3/3/3 
f 12/12/12 13/13/13 3/3/3 
f 3/3/3 13/13/13 14/14/14 
f 13/13/13 14/14/14 14/14/14 
f 14/14/14 14/14/14 14/14/14 
f 14/14/14 15/15/15 14/14/14 
f 14/14/14 15/15/15 3/3/3 
f 15/15/15 16/16/16 3/3/3 
f 3/3/3 16/16/16 17/17/17 
f 16/16/16 17/17/17 17/17/17 
f 17/17/17 17/17/17 17/17/17 
f 17/17/17 18/18/18 17/17/17 
f 17/17/17 18/18/18 3/3/3 
f 18/18/18 19/19/19 3/3/3 
f 3/3/3 19/19/19 20/20/20 
f 19/19/19 20/20/20 20/20/20 
f 20/20/20 20/20/20 20/20/20 
f 20/20/20 21/21/21 20/20/20 
f 20/20/20 21/21/21 3/3/3 
f 21/21/21 22/22/22 3/3/3 
f 3/3/3 22/22/22 23/23/23 
f 22/22/22 23/23/23 23/23/23 
f 23/23/23 23/23/23 24/24/24 
f 23/23/23 24/24/24 24/24/24 
f 24/24/24 24/24/24 24/24/24 
f 24/24/24 25/25/25 24/24/24 
f 24/24/24 25/25/25 26/26/26 
f 25/25/25 27/27/27 26/26/26 
f 26/26/26 27/27/27 27/27/27 
f 27/27/27 25/25/25 27/27/27 
f 27/27/27 25/25/25 28/28/28 
f 25/25/25 29/29/29 28/28/28 
f 28/28/28 29/29/29 29/29/29 
f 29/29/29 25/25/25 29/29/29 
f 29/29/29 25/25/25 30/30/30 
f 25/25/25 31/31/31 30/30/30 
f 30/30/30 31/31/31 31/31/31 
f 31/31/31 25/25/25 31/31/31 
f 31/31/31 25/25/25 32/32/32 
f 25/25/25 33/33/33 32/32/32 
f 32/32/32 33/33/33 33/33/33 
f 33/33/33 25/25/25 33/33/33 
f 33/33/33 25/25/25 34/34/34 
f 25/25/25 35/35/35 34/34/34 
f 34/34/34 35/35/35 35/35/35 
f 35/35/35 25/25/25 35/35/35 
f 35/35/35 25/25/25 36/36/36 
f 25/25/25 37/37/37 36/36/36 
f 36/36/36 37/37/37 37/37/37 
f 37/37/37 25/25/25 37/37/37 
f 37/37/37 25/25/25 38/38/38 
f 25/25/25 39/39/39 38/38/38 
f 38/38/38 39/39/39 39/39/39 
f 39/39/39 25/25/25 39/39/39 
f 39/39/39 25/25/25 40/40/40 
f 25/25/25 41/41/41 40/40/40 
f 40/40/40 41/41/41 41/41/41 
f 41/41/41 25/25/25 41/41/41 
f 41/41/41 25/25/25 42/42/42 
f 25/25/25 43/43/43 42/42/42 
f 42/42/42 43/43/43 43/43/43 
f 43/43/43 25/25/25 43/43/43 
f 43/43/43 25/25/25 44/44/44 
f 25/25/25 45/45/45 44/44/44 
f 44/44/44 45/45/45 45/45/45 
f 45/45/45 25/25/25 45/45/45 
f 45/45/45 25/25/25 46/46/46 
f 25/25/25 47/47/47 46/46/46 
f 46/46/46 47/47/47 47/47/47 
f 47/47/47 25/25/25 47/47/47 
f 47/47/47 25/25/25 48/48/48 
f 25/25/25 49/49/49 48/48/48 
f 48/48/48 49/49/49 49/49/49 
f 49/49/49 25/25/25 49/49/49 
f 49/49/49 25/25/25 50/50/50 
f 25/25/25 51/51/51 50/50/50 
f 50/50/50 51/51/51 51/51/51 
f 51/51/51 25/25/25 51/51/51 
f 51/51/51 25/25/25 52/52/52 
f 25/25/25 53/53/53 52/52/52 
f 52/52/52 53/53/53 53/53/53 
f 53/53/53 25/25/25 53/53/53 
f 53/53/53 25/25/25 54/54/54 
f 25/25/25 55/55/55 54/54/54 
f 54/54/54 55/55/55 55/55/55 
f 55/55/55 56/56/56 55/55/55 
f 55/55/55 56/56/56 56/56/56 
f 56/56/56 57/57/57 56/56/56 
f 56/56/56 57/57/57 58/58/58 
f 57/57/57 59/59/59 58/58/58 
f 58/58/58 59/59/59 59/59/59 
f 59/59/59 57/57/57 59/59/59 
f 59/59/59 57/57/57 60/60/60 
f 57/57/57 61/61/61 60/60/60 
f 60/60/60 61/61/61 61/61/61 
f 61/61/61 57/57/57 61/61/61 
f 61/61/61 57/57/57 62/62/62 
f 57/57/57 63/63/63 62/62/62 
f 62/62/62 63/63/63 63/63/63 
f 63/63/63 57/57/57 63/63/63 
f 63/63/63 57/57/57 64/64/64 
f 57/57/57 65/65/65 64/64/64 
f 64/64/64 65/65/65 65/65/65 
f 65/65/65 57/57/57 65/65/65 
f 65/65/65 57/57/57 66/66/66 
f 57/57/57 67/67/67 66/66/66 
f 66/66/66 67/67/67 67/67/67 
f 67/67/67 57/57/57 67/67/67 
f 67/67/67 57/57/57 68/68/68 
f 57/57/57 69/69/69 68/68/68 
f 68/68/68 69/69/69 69/69/69 
f 69/69/69 57/57/57 69/69/69 
f 69/69/69 57/57/57 70/70/70 
f 57/57/57 71/71/71 70/70/70 
f 70/70/70 71/71/71 71/71/71 
f 71/71/71 57/57/57 71/71/71 
f 71/71/71 57/57/57 72/72/72 
f 57/57/57 73/73/73 72/72/72 
f 72/72/72 73/73/73 73/73/73 
f 73/73/73 57/57/57 73/73/73 
f 73/73/73 57/57/57 74/74/74 
f 57/57/57 75/75/75 74/74/74 
f 74/74/74 75/75/75 75/75/75 
f 75/75/75 57/57/57 75/75/75 
f 75/75/75 57/57/57 76/76/76 
f 57/57/57 77/77/77 76/76/76 
f 76/76/76 77/77/77 77/77/77 
f 77/77/77 78/78/78 77/77/77 
f 77/77/77 78/78/78 78/78/78 
f 78/78/78 79/79/79 78/78/78 
f 78/78/78 79/79/79 80/80/80 
f 79/79/79 81/81/81 80/80/80 
f 80/80/80 81/81/81 82/82/82 
f 81/81/81 82/82/82 82/82/82 
f 82/82/82 82/82/82 82/82/82 
f 82/82/82 83/83/83 82/82/82 
f 82/82/82 83/83/83 80/80/80 
f 83/83/83 84/84/84 80/80/80 
f 80/80/80 84/84/84 85/85/85 
f 84/84/84 85/85/85 85/85/85 
f 85/85/85 85/85/85 85/85/85 
f 85/85/85 86/86/86 85/85/85 
f 85/85/85 86/86/86 80/80/80 
f 86/86/86 87/87/87 80/80/80 
f 80/80/80 87/87/87 88/88/88 
f 87/87/87 88/88/88 88/88/88 
f 88/88/88 88/88/88 88/88/88 
f 88/88/88 89/89/89 88/88/88 
f 88/88/88 89/89/89 80/80/80 
f 89/89/89 90/90/90 80/80/80 
f 80/80/80 90/90/90 91/91/91 
f 90/90/90 91/91/91 91/91/91 
f 91/91/91 91/91/91 92/92/92 
f 91/91/91 92/92/92 92/92/92 
f 92/92/92 92/92/92 92/92/92 
f 92/92/92 93/93/93 92/92/92 
f 92/92/92 93/93/93 94/94/94 
f 93/93/93 95/95/95 94/94/94 
f 94/94/94 95/95/95 96/96/96 
f 95/95/95 97/97/97 96/96/96 
f 96/96/96 97/97/97 98/98/98 
f 97/97/97 99/99/99 98/98/98 
f 98/98/98 99/99/99 100/100/100 
f 99/99/99 101/101/101 100/100/100 
f 100/100/100 101/101/101 102/102/102 
f 101/101/101 103/103/103 102/102/102 
f 102/102/102 103/103/103 104/104/104 
f 103/103/103 105/105/105 104/104/104 
f 104/104/104 105/105/105 106/106/106 
f 105/105/105 107/107/107 106/106/106 
f 106/106/106 107/107/107 108/108/108 
f 107/107/107 109/109/109 108/108/108 
f 108/108/108 109/109/109 110/110/110 
f 109/109/109 111/111/111 110/110/110 
f 110/110/110 111/111/111 112/112/112 
f 111/111/111 113/113/113 112/112/112 
f 112/112/112 113/113/113 114/114/114 
f 113/113/113 115/115/115 114/114/114 
f 114/114/114 115/115/115 116/116/116 
f 115/115/115 117/117/117 116/116/116 
f 116/116/116 117/117/117 118/118/118 
f 117/117/117 119/119/119 118/118/118 
f 118/118/118 119/119/119 119/119/119 
f 119/119/119 105/105/105 119/119/119 
f 119/119/119 105/105/105 105/105/105 
f 105/105/105 120/120/120 105/105/105 
f 105/105/105 120/120/120 107/107/107 
f 120/120/120 121/121/121 107/107/107 
f 107/107/107 121/121/121 109/109/109 
f 121/121/121 122/122/122 109/109/109 
f 109/109/109 122/122/122 111/111/111 
f 122/122/122 123/123/123 111/111/111 
f 111/111/111 123/123/123 113/113/113 
f 123/123/123 124/124/124 113/113/113 
f 113/113/113 124/124/124 115/115/115 
f 124/124/124 125/125/125 115/115/115 
f 115/115/115 125/125/125 117/117/117 
f 125/125/125 126/126/126 117/117/117 
f 117/117/117 126/126/126 119/119/119 
f 126/126/126 127/127/127 119/119/119 
f 119/119/119 127/127/127 127/127/127 
f 127/127/127 120/120/120 127/127/127 
f 127/127/127 120/120/120 120/120/120 
f 120/120/120 128/128/128 120/120/120 
f 120/120/120 128/128/128 121/121/121 
f 128/128/128 129/129/129 121/121/121 
f 121/121/121 129/129/129 122/122/122 
f 129/129/129 130/130/130 122/122/122 
f 122/122/122 130/130/130 123/123/123 
f 130/130/130 131/131/131 123/123/123 
f 123/123/123 131/131/131 124/124/124 
f 131/131/131 132/132/132 124/124/124 
f 124/124/124 132/132/132 125/125/125 
f 132/132/132 133/133/133 125/125/125 
f 125/125/125 133/133/133 126/126/126 
f 133/133/133 134/134/134 126/126/126 
f 126/126/126 134/134/134 127/127/127 
f 134/134/134 135/135/135 127/127/127 
f 127/127/127 135/135/135 135/135/135 
f 135/135/135 128/128/128 135/135/135 
f 135/135/135 128/128/128 128/128/128 
f 128/128/128 136/136/136 128/128/128 
f 128/128/128 136/136/136 129/129/129 
f 136/136/136 137/137/137 129/129/129 
f 129/129/129 137/137/137 130/130/130 
f 137/137/137 138/138/138 130/130/130 
f 130/130/130 138/138/138 131/131/131 
f 138/138/138 139/139/139 131/131/131 
f 131/131/131 139/139/139 132/132/132 
f 139/139/139 140/140/140 132/132/132 
f 132/132/132 140/140/140 133/133/133 
f 140/140/140 141/141/141 133/133/133 
f 133/133/133 141/141/141 134/134/134 
f 141/141/141 142/142/142 134/134/134 
f 134/134/134 142/142/142 135/135/135 
f 142/142/142 143/143/143 135/135/135 
f 135/135/135 143/143/143 143/143/143 
f 143/143/143 136/136/136 143/143/143 
f 143/143/143 136/136/136 136/136/136 
f 136/136/136 144/144/144 136/136/136 
f 136/136/136 144/144/144 137/137/137 
f 144/144/144 145/145/145 137/137/137 
f 137/137/137 145/145/145 138/138/138 
f 145/145/145 146/146/146 138/138/138 
f 138/138/138 146/146/146 139/139/139 
f 146/146/146 147/147/147 139/139/139 
f 139/139/139 147/147/147 140/140/140 
f 147/147/147 148/148/148 140/140/140 
f 140/140/140 148/148/148 141/141/141 
f 148/148/148 149/149/149 141/141/141 
f 141/141/141 149/149/149 142/142/142 
f 149/149/149 150/150/150 142/142/142 
f 142/142/142 150/150/150 143/143/143 
f 150/150/150 151/151/151 143/143/143 
f 143/143/143 151/151/151 151/151/151 
f 151/151/151 144/144/144 151/151/151 
f 151/151/151 144/144/144 144/144/144 
f 144/144/144 152/152/152 144/144/144 
f 144/144/144 152/152/152 145/145/145 
f 152/152/152 153/153/153 145/145/145 
f 145/145/145 153/153/153 146/146/146 
f 153/153/153 154/154/154 146/146/146 
f 146/146/146 154/154/154 147/147/147 
f 154/154/154 155/155/155 147/147/147 
f 147/147/147 155/155/155 148/148/148 
f 155/155/155 156/156/156 148/148/148 
f 148/148/148 156/156/156 149/149/149 
f 156/156/156 157/157/157 149/149/149 
f 149/149/149 157/157/157 150/150/150 
f 157/157/157 158/158/158 150/150/150 
f 150/150/150 158/158/158 151/151/151 
f 158/158/158 159/159/159 151/151/151 
f 151/151/151 159/159/159 159/159/159 
f 159/159/159 144/144/144 159/159/159 
f 159/159/159 144/144/144 144/144/144 
f 144/144/144 160/160/160 144/144/144 
f 144/144/144 160/160/160 152/152/152 
f 160/160/160 161/161/161 152/152/152 
f 152/152/152 161/161/161 153/153/153 
f 161/161/161 162/162/162 153/153/153 
f 153/153/153 162/162/162 154/154/154 
f 162/162/162 163/163/163 154/154/154 
f 154/154/154 163/163/163 155/155/155 
f 163/163/163 164/164/164 155/155/155 
f 155/155/155 164/164/164 156/156/156 
f 164/164/164 165/165/165 156/156/156 
f 156/156/156 165/165/165 157/157/157 
f 165/165/165 166/166/166 157/157/157 
f 157/157/157 166/166/166 158/158/158 
f 166/166/166 167/167/167 158/158/158 
f 158/158/158 167/167/167 159/159/159 
f 167/167/167 168/168/168 159/159/159 
f 159/159/159 168/168/168 168/168/168 
f 168/168/168 160/160/160 168/168/168 
f 168/168/168 160/160/160 160/160/160 
f 160/160/160 144/144/144 160/160/160 
f 160/160/160 144/144/144 169/169/169 
f 144/144/144 136/136/136 169/169/169 
f 169/169/169 136/136/136 170/170/170 
f 136/136/136 128/128/128 170/170/170 
f 170/170/170 128/128/128 171/171/171 
f 128/128/128 120/120/120 171/171/171 
f 171/171/171 120/120/120 172/172/172 
f 120/120/120 105/105/105 172/172/172 
f 172/172/172 105/105/105 173/173/173 
f 105/105/105 103/103/103 173/173/173 
f 173/173/173 103/103/103 174/174/174 
f 103/103/103 101/101/101 174/174/174 
f 174/174/174 101/101/101 175/175/175 
f 101/101/101 99/99/99 175/175/175 
f 175/175/175 99/99/99 176/176/176 
f 99/99/99 97/97/97 176/176/176 
f 176/176/176 97/97/97 177/177/177 
f 97/97/97 95/95/95 177/177/177 
f 177/177/177 95/95/95 95/95/95 
f 95/95/95 160/160/160 95/95/95 
f 95/95/95 160/160/160 160/160/160 
f 160/160/160 178/178/178 160/160/160 
f 160/160/160 178/178/178 161/161/161 
f 178/178/178 179/179/179 161/161/161 
f 161/161/161 179/179/179 180/180/180 
f 179/179/179 181/181/181 180/180/180 
f 180/180/180 181/181/181 182/182/182 
f 181/181/181 183/183/183 182/182/182 
f 182/182/182 183/183/183 184/184/184 
f 183/183/183 185/185/185 184/184/184 
f 184/184/184 185/185/185 186/186/186 
f 185/185/185 187/187/187 186/186/186 
f 186/186/186 187/187/187 188/188/188 
f 187/187/187 189/189/189 188/188/188 
f 188/188/188 189/189/189 190/190/190 
f 189/189/189 190/190/190 190/190/190 
f 190/190/190 190/190/190 190/190/190 
f 190/190/190 191/191/191 190/190/190 
f 190/190/190 191/191/191 188/188/188 
f 191/191/191 192/192/192 188/188/188 
f 188/188/188 192/192/192 186/186/186 
f 192/192/192 193/193/193 186/186/186 
f 186/186/186 193/193/193 184/184/184 
f 193/193/193 194/194/194 184/184/184 
f 184/184/184 194/194/194 182/182/182 
f 194/194/194 195/195/195 182/182/182 
f 182/182/182 195/195/195 180/180/180 
f 195/195/195 196/196/196 180/180/180 
f 180/180/180 196/196/196 161/161/161 
f 196/196/196 162/162/162 161/161/161 
f 161/161/161 162/162/162 162/162/162 
f 162/162/162 191/191/191 162/162/162 
f 162/162/162 191/191/191 191/191/191 
f 191/191/191 197/197/197 191/191/191 
f 191/191/191 197/197/197 192/192/192 
f 197/197/197 198/198/198 192/192/192 
f 192/192/192 198/198/198 193/193/193 
f 198/198/198 199/199/199 193/193/193 
f 193/193/193 199/199/199 194/194/194 
f 199/199/199 200/200/200 194/194/194 
f 194/194/194 200/200/200 195/195/195 
f 200/200/200 201/201/201 195/195/195 
f 195/195/195 201/201/201 196/196/196 
f 201/201/201 202/202/202 196/196/196 
f 196/196/196 202/202/202 162/162/162 
f 202/202/202 163/163/163 162/162/162 
f 162/162/162 163/163/163 163/163/163 
f 163/163/163 197/197/197 163/163/163 
f 163/163/163 197/197/197 197/197/197 
f 197/197/197 203/203/203 197/197/197 
f 197/197/197 203/203/203 198/198/198 
f 203/203/203 204/204/204 198/198/198 
f 198/198/198 204/204/204 199/199/199 
f 204/204/204 205/205/205 199/199/199 
f 199/199/199 205/205/205 200/200/200 
f 205/205/205 206/206/206 200/200/200 
f 200/200/200 206/206/206 201/201/201 
f 206/206/206 207/207/207 201/201/201 
f 201/201/201 207/207/207 202/202/202 
f 207/207/207 208/208/208 202/202/202 
f 202/202/202 208/208/208 163/163/163 
f 208/208/208 164/164/164 163/163/163 
f 163/163/163 164/164/164 164/164/164 
f 164/164/164 203/203/203 164/164/164 
f 164/164/164 203/203/203 203/203/203 
f 203/203/203 209/209/209 203/203/203 
f 203/203/203 209/209/209 204/204/204 
f 209/209/209 210/210/210 204/204/204 
f 204/204/204 210/210/210 205/205/205 
f 210/210/210 211/211/211 205/205/205 
f 205/205/205 211/211/211 206/206/206 
f 211/211/211 212/212/212 206/206/206 
f 206/206/206 212/212/212 207/207/207 
f 212/212/212 213/213/213 207/207/207 
f 207/207/207 213/213/213 208/208/208 
f 213/213/213 214/214/214 208/208/208 
f 208/208/208 214/214/214 164/164/164 
f 214/214/214 165/165/165 164/164/164 
f 164/164/164 165/165/165 165/165/165 
f 165/165/165 209/209/209 165/165/165 
f 165/165/165 209/209/209 209/209/209 
f 209/209/209 215/215/215 209/209/209 
f 209/209/209 215/215/215 210/210/210 
f 215/215/215 216/216/216 210/210/210 
f 210/210/210 216/216/216 211/211/211 
f 216/216/216 217/217/217 211/211/211 
f 211/211/211 217/217/217 212/212/212 
f 217/217/217 218/218/218 212/212/212 
f 212/212/212 218/218/218 213/213/213 
f 218/218/218 219/219/219 213/213/213 
f 213/213/213 219/219/219 214/214/214 
f 219/219/219 220/220/220 214/214/214 
f 214/214/214 220/220/220 165/165/165 
f 220/220/220 166/166/166 165/165/165 
f 165/165/165 166/166/166 166/166/166 
f 166/166/166 215/215/215 166/166/166 
f 166/166/166 215/215/215 215/215/215 
f 215/215/215 221/221/221 215/215/215 
f 215/215/215 221/221/221 216/216/216 
f 221/221/221 222/222/222 216/216/216 
f 216/216/216 222/222/222 217/217/217 
f 222/222/222 223/223/223 217/217/217 
f 217/217/217 223/223/223 218/218/218 
f 223/223/223 224/224/224 218/218/218 
f 218/218/218 224/224/224 219/219/219 
f 224/224/224 225/225/225 219/219/219 
f 219/219/219 225/225/225 220/220/220 
f 225/225/225 226/226/226 220/220/220 
f 220/220/220 226/226/226 166/166/166 
f 226/226/226 167/167/167 166/166/166 
f 166/166/166 167/167/167 167/167/167 
f 167/167/167 221/221/221 167/167/167 
f 167/167/167 221/221/221 221/221/221 
f 221/221/221 227/227/227 221/221/221 
f 221/221/221 227/227/227 222/222/222 
f 227/227/227 228/228/228 222/222/222 
f 222/222/222 228/228/228 223/223/223 
f 228/228/228 229/229/229 223/223/223 
f 223/223/223 229/229/229 224/224/224 
f 229/229/229 230/230/230 224/224/224 
f 224/224/224 230/230/230 225/225/225 
f 230/230/230 231/231/231 225/225/225 
f 225/225/225 231/231/231 226/226/226 
f 231/231/231 232/232/232 226/226/226 
f 226/226/226 232/232/232 167/167/167 
f 232/232/232 168/168/168 167/167/167 
f 167/167/167 168/168/168 168/168/168 
f 168/168/168 227/227/227 168/168/168 
f 168/168/168 227/227/227 227/227/227 
f 227/227/227 233/233/233 227/227/227 
f 227/227/227 233/233/233 228/228/228 
f 233/233/233 234/234/234 228/228/228 
f 228/228/228 234/234/234 229/229/229 
f 234/234/234 235/235/235 229/229/229 
f 229/229/229 235/235/235 230/230/230 
f 235/235/235 236/236/236 230/230/230 
f 230/230/230 236/236/236 231/231/231 
f 236/236/236 237/237/237 231/231/231 
f 231/231/231 237/237/237 232/232/232 
f 237/237/237 238/238/238 232/232/232 
f 232/232/232 238/238/238 168/168/168 
f 238/238/238 168/168/168 168/168/168 
f 168/168/168 168/168/168 233/233/233 
f 168/168/168 233/233/233 233/233/233 
f 233/233/233 233/233/233 233/233/233 
f 233/233/233 239/239/239 233/233/233 
f 233/233/233 239/239/239 234/234/234 
f 239/239/239 240/240/240 234/234/234 
f 234/234/234 240/240/240 235/235/235 
f 240/240/240 241/241/241 235/235/235 
f 235/235/235 241/241/241 236/236/236 
f 241/241/241 242/242/242 236/236/236 
f 236/236/236 242/242/242 237/237/237 
f 242/242/242 243/243/243 237/237/237 
f 237/237/237 243/243/243 238/238/238 
f 243/243/243 238/238/238 238/238/238 
f 238/238/238 238/238/238 239/239/239 
f 238/238/238 239/239/239 239/239/239 
f 239/239/239 239/239/239 239/239/239 
f 239/239/239 244/244/244 239/239/239 
f 239/239/239 244/244/244 240/240/240 
f 244/244/244 245/245/245 240/240/240 
f 240/240/240 245/245/245 241/241/241 
f 245/245/245 246/246/246 241/241/241 
f 241/241/241 246/246/246 242/242/242 
f 246/246/246 247/247/247 242/242/242 
f 242/242/242 247/247/247 243/243/243 
f 247/247/247 243/243/243 243/243/243 
f 243/243/243 243/243/243 244/244/244 
f 243/243/243 244/244/244 244/244/244 
f 244/244/244 244/244/244 244/244/244 
f 244/244/244 248/248/248 244/244/244 
f 244/244/244 248/248/248 245/245/245 
f 248/248/248 249/249/249 245/245/245 
f 245/245/245 249/249/249 246/246/246 
f 249/249/249 250/250/250 246/246/246 
f 246/246/246 250/250/250 247/247/247 
f 250/250/250 247/247/247 247/247/247 
f 247/247/247 247/247/247 248/248/248 
f 247/247/247 248/248/248 248/248/248 
f 248/248/248 248/248/248 248/248/248 
f 248/248/248 251/251/251 248/248/248 
f 248/248/248 251/251/251 249/249/249 
f 251/251/251 252/252/252 249/249/249 
f 249/249/249 252/252/252 250/250/250 
f 252/252/252 250/250/250 250/250/250 
f 250/250/250 250/250/250 252/252/252 
f 250/250/250 252/252/252 252/252/252 
f 252/252/252 252/252/252 252/252/252 
f 252/252/252 251/251/251 252/252/252 
f 252/252/252 251/251/251 253/253/253 
f 251/251/251 254/254/254 253/253/253 
f 253/253/253 254/254/254 255/255/255 
f 254/254/254 256/256/256 255/255/255 
f 255/255/255 256/256/256 257/257/257 
f 256/256/256 258/258/258 257/257/257 
f 257/257/257 258/258/258 259/259/259 
f 258/258/258 260/260/260 259/259/259 
f 259/259/259 260/260/260 261/261/261 
f 260/260/260 262/262/262 261/261/261 
f 261/261/261 262/262/262 263/263/263 
f 262/262/262 264/264/264 263/263/263 
f 263/263/263 264/264/264 265/265/265 
f 264/264/264 266/266/266 265/265/265 
f 265/265/265 266/266/266 267/267/267 
f 266/266/266 268/268/268 267/267/267 
f 267/267/267 268/268/268 269/269/269 
f 268/268/268 270/270/270 269/269/269 
f 269/269/269 270/270/270 271/271/271 
f 270/270/270 272/272/272 271/271/271 
f 271/271/271 272/272/272 273/273/273 
f 272/272/272 274/274/274 273/273/273 
f 273/273/273 274/274/274 275/275/275 
f 274/274/274 276/276/276 275/275/275 
f 275/275/275 276/276/276 277/277/277 
f 276/276/276 278/278/278 277/277/277 
f 277/277/277 278/278/278 279/279/279 
f 278/278/278 280/280/280 279/279/279 
f 279/279/279 280/280/280 281/281/281 
f 280/280/280 282/282/282 281/281/281 
f 281/281/281 282/282/282 283/283/283 
f 282/282/282 284/284/284 283/283/283 
f 283/283/283 284/284/284 285/285/285 
f 284/284/284 286/286/286 285/285/285 
f 285/285/285 286/286/286 287/287/287 
f 286/286/286 288/288/288 287/287/287 
f 287/287/287 288/288/288 289/289/289 
f 288/288/288 290/290/290 289/289/289 
f 289/289/289 290/290/290 290/290/290 
f 290/290/290 251/251/251 290/290/290 
f 290/290/290 251/251/251 251/251/251 
f 251/251/251 291/291/291 251/251/251 
f 251/251/251 291/291/291 254/254/254 
f 291/291/291 292/292/292 254/254/254 
f 254/254/254 292/292/292 256/256/256 
f 292/292/292 293/293/293 256/256/256 
f 256/256/256 293/293/293 258/258/258 
f 293/293/293 294/294/294 258/258/258 
f 258/258/258 294/294/294 260/260/260 
f 294/294/294 295/295/295 260/260/260 
f 260/260/260 295/295/295 262/262/262 
f 295/295/295 296/296/296 262/262/262 
f 262/262/262 296/296/296 264/264/264 
f 296/296/296 297/297/297 264/264/264 
f 264/264/264 297/297/297 266/266/266 
f 297/297/297 298/298/298 266/266/266 
f 266/266/266 298/298/298 268/268/268 
f 298/298/298 299/299/299 268/268/268 
f 268/268/268 299/299/299 270/270/270 
f 299/299/299 300/300/300 270/270/270 
f 270/270/270 300/300/300 272/272/272 
f 300/300/300 301/301/301 272/272/272 
f 272/272/272 301/301/301 274/274/274 
f 301/301/301 302/302/302 274/274/274 
f 274/274/274 302/302/302 276/276/276 
f 302/302/302 303/303/303 276/276/276 
f 276/276/276 303/303/303 278/278/278 
f 303/303/303 304/304/304 278/278/278 
f 278/278/278 304/304/304 280/280/280 
f 304/304/304 305/305/305 280/280/280 
f 280/280/280 305/305/305 282/282/282 
f 305/305/305 306/306/306 282/282/282 
f 282/282/282 306/306/306 284/284/284 
f 306/306/306 307/307/307 284/284/284 
f 284/284/284 307/307/307 286/286/286 
f 307/307/307 308/308/308 286/286/286 
f 286/286/286 308/308/308 288/288/288 
f 308/308/308 309/309/309 288/288/288 
f 288/288/288 309/309/309 290/290/290 
f 309/309/309 290/290/290 290/290/290 
f 290/290/290 290/290/290 291/291/291 
f 290/290/290 291/291/291 291/291/291 
f 291/291/291 291/291/291 291/291/291 
f 291/291/291 310/310/310 291/291/291 
f 291/291/291 310/310/310 292/292/292 
f 310/310/310 311/311/311 292/292/292 
f 292/292/292 311/311/311 293/293/293 
f 311/311/311 312/312/312 293/293/293 
f 293/293/293 312/312/312 294/294/294 
f 312/312/312 313/313/313 294/294/294 
f 294/294/294 313/313/313 295/295/295 
f 313/313/313 314/314/314 295/295/295 
f 295/295/295 314/314/314 296/296/296 
f 314/314/314 315/315/315 296/296/296 
f 296/296/296 315/315/315 297/297/297 
f 315/315/315 316/316/316 297/297/297 
f 297/297/297 316/316/316 298/298/298 
f 316/316/316 317/317/317 298/298/298 
f 298/298/298 317/317/317 299/299/299 
f 317/317/317 318/318/318 299/299/299 
f 299/299/299 318/318/318 300/300/300 
f 318/318/318 319/319/319 300/300/300 
f 300/300/300 319/319/319 301/301/301 
f 319/319/319 320/320/320 301/301/301 
f 301/301/301 320/320/320 302/302/302 
f 320/320/320 321/321/321 302/302/302 
f 302/302/302 321/321/321 303/303/303 
f 321/321/321 322/322/322 303/303/303 
f 303/303/303 322/322/322 304/304/304 
f 322/322/322 323/323/323 304/304/304 
f 304/304/304 323/323/323 305/305/305 
f 323/323/323 324/324/324 305/305/305 
f 305/305/305 324/324/324 306/306/306 
f 324/324/324 325/325/325 306/306/306 
f 306/306/306 325/325/325 307/307/307 
f 325/325/325 326/326/326 307/307/307 
f 307/307/307 326/326/326 308/308/308 
f 326/326/326 327/327/327 308/308/308 
f 308/308/308 327/327/327 309/309/309 
f 327/327/327 309/309/309 309/309/309 
f 309/309/309 309/309/309 310/310/310 
f 309/309/309 310/310/310 310/310/310 
f 310/310/310 310/310/310 310/310/310 
f 310/310/310 328/328/328 310/310/310 
f 310/310/310 328/328/328 311/311/311 
f 328/328/328 329/329/329 311/311/311 
f 311/311/311 329/329/329 312/312/312 
f 329/329/329 330/330/330 312/312/312 
f 312/312/312 330/330/330 313/313/313 
f 330/330/330 331/331/331 313/313/313 
f 313/313/313 331/331/331 314/314/314 
f 331/331/331 332/332/332 314/314/314 
f 314/314/314 332/332/332 315/315/315 
f 332/332/332 333/333/333 315/315/315 
f 315/315/315 333/333/333 316/316/316 
f 333/333/333 334/334/334 316/316/316 
f 316/316/316 334/334/334 317/317/317 
f 334/334/334 335/335/335 317/317/317 
f 317/317/317 335/335/335 318/318/318 
f 335/335/335 336/336/336 318/318/318 
f 318/318/318 336/336/336 319/319/319 
f 336/336/336 337/337/337 319/319/319 
f 319/319/319 337/337/337 320/320/320 
f 337/337/337 338/338/338 320/320/320 
f 320/320/320 338/338/338 321/321/321 
f 338/338/338 339/339/339 321/321/321 
f 321/321/321 339/339/339 322/322/322 
f 339/339/339 340/340/340 322/322/322 
f 322/322/322 340/340/340 323/323/323 
f 340/340/340 341/341/341 323/323/323 
f 323/323/323 341/341/341 324/324/324 
f 341/341/341 342/342/342 324/324/324 
f 324/324/324 342/342/342 325/325/325 
f 342/342/342 343/343/343 325/325/325 
f 325/325/325 343/343/343 326/326/326 
f 343/343/343 344/344/344 326/326/326 
f 326/326/326 344/344/344 327/327/327 
f 344/344/344 327/327/327 327/327/327 
f 327/327/327 327/327/327 328/328/328 
f 327/327/327 328/328/328 328/328/328 
f 328/328/328 328/328/328 328/328/328 
f 328/328/328 345/345/345 328/328/328 
f 328/328/328 345/345/345 329/329/329 
f 345/345/345 346/346/346 329/329/329 
f 329/329/329 346/346/346 330/330/330 
f 346/346/346 347/347/347 330/330/330 
f 330/330/330 347/347/347 331/331/331 
f 347/347/347 348/348/348 331/331/331 
f 331/331/331 348/348/348 332/332/332 
f 348/348/348 349/349/349 332/332/332 
f 332/332/332 349/349/349 333/333/333 
f 349/349/349 350/350/350 333/333/333 
f 333/333/333 350/350/350 334/334/334 
f 350/350/350 351/351/351 334/334/334 
f 334/334/334 351/351/351 335/335/335 
f 351/351/351 352/352/352 335/335/335 
f 335/335/335 352/352/352 336/336/336 
f 352/352/352 353/353/353 336/336/336 
f 336/336/336 353/353/353 337/337/337 
f 353/353/353 354/354/354 337/337/337 
f 337/337/337 354/354/354 338/338/338 
f 354/354/354 355/355/355 338/338/338 
f 338/338/338 355/355/355 339/339/339 
f 355/355/355 356/356/356 339/339/339 
f 339/339/339 356/356/356 340/340/340 
f 356/356/356 357/357/357 340/340/340 
f 340/340/340 357/357/357 341/341/341 
f 357/357/357 358/358/358 341/341/341 
f 341/341/341 358/358/358 342/342/342 
f 358/358/358 359/359/359 342/342/342 
f 342/342/342 359/359/359 343/343/343 
f 359/359/359 360/360/360 343/343/343 
f 343/343/343 360/360/360 344/344/344 
f 360/360/360 344/344/344 344/344/344 
f 344/344/344 344/344/344 345/345/345 
f 344/344/344 345/345/345 345/345/345 
f 345/345/345 345/345/345 345/345/345 
f 345/345/345 361/361/361 345/345/345 
f 345/345/345 361/361/361 346/346/346 
f 361/361/361 362/362/362 346/346/346 
f 346/346/346 362/362/362 347/347/347 
f 362/362/362 363/363/363 347/347/347 
f 347/347/347 363/363/363 348/348/348 
f 363/363/363 364/364/364 348/348/348 
f 348/348/348 364/364/364 349/349/349 
f 364/364/364 365/365/365 349/349/349 
f 349/349/349 365/365/365 350/350/350 
f 365/365/365 366/366/366 350/350/350 
f 350/350/350 366/366/366 351/351/351 
f 366/366/366 367/367/367 351/351/351 
f 351/351/351 367/367/367 352/352/352 
f 367/367/367 368/368/368 352/352/352 
f 352/352/352 368/368/368 353/353/353 
f 368/368/368 369/369/369 353/353/353 
f 353/353/353 369/369/369 354/354/354 
f 369/369/369 370/370/370 354/354/354 
f 354/354/354 370/370/370 355/355/355 
f 370/370/370 371/371/371 355/355/355 
f 355/355/355 371/371/371 356/356/356 
f 371/371/371 372/372/372 356/356/356 
f 356/356/356 372/372/372 357/357/357 
f 372/372/372 373/373/373 357/357/357 
f 357/357/357 373/373/373 358/358/358 
f 373/373/373 374/374/374 358/358/358 
f 358/358/358 374/374/374 359/359/359 
f 374/374/374 375/375/375 359/359/359 
f 359/359/359 375/375/375 360/360/360 
f 375/375/375 360/360/360 360/360/360 
f 360/360/360 360/360/360 361/361/361 
f 360/360/360 361/361/361 361/361/361 
f 361/361/361 361/361/361 361/361/361 
f 361/361/361 376/376/376 361/361/361 
f 361/361/361 376/376/376 362/362/362 
f 376/376/376 377/377/377 362/362/362 
f 362/362/362 377/377/377 363/363/363 
f 377/377/377 378/378/378 363/363/363 
f 363/363/363 378/378/378 364/364/364 
f 378/378/378 379/379/379 364/364/364 
f 364/364/364 379/379/379 365/365/365 
f 379/379/379 380/380/380 365/365/365 
f 365/365/365 380/380/380 366/366/366 
f 380/380/380 381/381/381 366/366/366 
f 366/366/366 381/381/381 367/367/367 
f 381/381/381 382/382/382 367/367/367 
f 367/367/367 382/382/382 368/368/368 
f 382/382/382 383/383/383 368/368/368 
f 368/368/368 383/383/383 369/369/369 
f 383/383/383 384/384/384 369/369/369 
f 369/369/369 384/384/384 370/370/370 
f 384/384/384 385/385/385 370/370/370 
f 370/370/370 385/385/385 371/371/371 
f 385/385/385 386/386/386 371/371/371 
f 371/371/371 386/386/386 372/372/372 
f 386/386/386 387/387/387 372/372/372 
f 372/372/372 387/387/387 373/373/373 
f 387/387/387 388/388/388 373/373/373 
f 373/373/373 388/388/388 374/374/374 
f 388/388/388 389/389/389 374/374/374 
f 374/374/374 389/389/389 375/375/375 
f 389/389/389 375/375/375 375/375/375 
f 375/375/375 375/375/375 380/380/380 
f 375/375/375 380/380/380 380/380/380 
f 380/380/380 380/380/380 380/380/380 
f 380/380/380 390/390/390 380/380/380 
f 380/380/380 390/390/390 381/381/381 
f 390/390/390 391/391/391 381/381/381 
f 381/381/381 391/391/391 382/382/382 
f 391/391/391 392/392/392 382/382/382 
f 382/382/382 392/392/392 383/383/383 
f 392/392/392 393/393/393 383/383/383 
f 383/383/383 393/393/393 384/384/384 
f 393/393/393 394/394/394 384/384/384 
f 384/384/384 394/394/394 385/385/385 
f 394/394/394 395/395/395 385/385/385 
f 385/385/385 395/395/395 386/386/386 
f 395/395/395 396/396/396 386/386/386 
f 386/386/386 396/396/396 387/387/387 
f 396/396/396 397/397/397 387/387/387 
f 387/387/387 397/397/397 388/388/388 
f 397/397/397 398/398/398 388/388/388 
f 388/388/388 398/398/398 389/389/389 
f 398/398/398 389/389/389 389/389/389 
f 389/389/389 389/389/389 390/390/390 
f 389/389/389 390/390/390 390/390/390 
f 390/390/390 390/390/390 390/390/390 
f 390/390/390 399/399/399 390/390/390 
f 390/390/390 399/399/399 391/391/391 
f 399/399/399 400/400/400 391/391/391 
f 391/391/391 400/400/400 392/392/392 
f 400/400/400 401/401/401 392/392/392 
f 392/392/392 401/401/401 393/393/393 
f 401/401/401 402/402/402 393/393/393 
f 393/393/393 402/402/402 394/394/394 
f 402/402/402 403/403/403 394/394/394 
f 394/394/394 403/403/403 395/395/395 
f 403/403/403 404/404/404 395/395/395 
f 395/395/395 404/404/404 396/396/396 
f 404/404/404 405/405/405 396/396/396 
f 396/396/396 405/405/405 397/397/397 
f 405/405/405 406/406/406 397/397/397 
f 397/397/397 406/406/406 398/398/398 
f 406/406/406 398/398/398 398/398/398 
f 398/398/398 398/398/398 399/399/399 
f 398/398/398 399/399/399 399/399/399 
f 399/399/399 399/399/399 399/399/399 
f 399/399/399 407/407/407 399/399/399 
f 399/399/399 407/407/407 400/400/400 
f 407/407/407 408/408/408 400/400/400 
f 400/400/400 408/408/408 401/401/401 
f 408/408/408 409/409/409 401/401/401 
f 401/401/401 409/409/409 402/402/402 
f 409/409/409 410/410/410 402/402/402 
f 402/402/402 410/410/410 403/403/403 
f 410/410/410 411/411/411 403/403/403 
f 403/403/403 411/411/411 404/404/404 
f 411/411/411 412/412/412 404/404/404 
f 404/404/404 412/412/412 405/405/405 
f 412/412/412 413/413/413 405/405/405 
f 405/405/405 413/413/413 406/406/406 
f 413/413/413 406/406/406 406/406/406 
f 406/406/406 406/406/406 407/407/407 
f 406/406/406 407/407/407 407/407/407 
f 407/407/407 407/407/407 407/407/407 
f 407/407/407 414/414/414 407/407/407 
f 407/407/407 414/414/414 408/408/408 
f 414/414/414 415/415/415 408/408/408 
f 408/408/408 415/415/415 409/409/409 
f 415/415/415 416/416/416 409/409/409 
f 409/409/409 416/416/416 410/410/410 
f 416/416/416 417/417/417 410/410/410 
f 410/410/410 417/417/417 411/411/411 
f 417/417/417 418/418/418 411/411/411 
f 411/411/411 418/418/418 412/412/412 
f 418/418/418 419/419/419 412/412/412 
f 412/412/412 419/419/419 413/413/413 
f 419/419/419 413/413/413 413/413/413 
f 413/413/413 413/413/413 414/414/414 
f 413/413/413 414/414/414 414/414/414 
f 414/414/414 414/414/414 414/414/414 
f 414/414/414 420/420/420 414/414/414 
f 414/414/414 420/420/420 415/415/415 
f 420/420/420 421/421/421 415/415/415 
f 415/415/415 421/421/421 416/416/416 
f 421/421/421 422/422/422 416/416/416 
f 416/416/416 422/422/422 417/417/417 
f 422/422/422 423/423/423 417/417/417 
f 417/417/417 423/423/423 418/418/418 
f 423/423/423 424/424/424 418/418/418 
f 418/418/418 424/424/424 419/419/419 
f 424/424/424 419/419/419 419/419/419 
f 419/419/419 419/419/419 420/420/420 
f 419/419/419 420/420/420 420/420/420 
f 420/420/420 420/420/420 420/420/420 
f 420/420/420 425/425/425 420/420/420 
f 420/420/420 425/425/425 421/421/421 
f 425/425/425 426/426/426 421/421/421 
f 421/421/421 426/426/426 422/422/422 
f 426/426/426 427/427/427 422/422/422 
f 422/422/422 427/427/427 423/423/423 
f 427/427/427 428/428/428 423/423/423 
f 423/423/423 428/428/428 424/424/424 
f 428/428/428 424/424/424 424/424/424 
f 424/424/424 424/424/424 425/425/425 
f 424/424/424 425/425/425 425/425/425 
f 425/425/425 425/425/425 425/425/425 
f 425/425/425 420/420/420 425/425/425 
f 425/425/425 420/420/420 429/429/429 
f 420/420/420 430/430/430 429/429/429 
f 429/429/429 430/430/430 431/431/431 
f 430/430/430 432/432/432 431/431/431 
f 431/431/431 432/432/432 433/433/433 
f 432/432/432 434/434/434 433/433/433 
f 433/433/433 434/434/434 435/435/435 
f 434/434/434 436/436/436 435/435/435 
f 435/435/435 436/436/436 437/437/437 
f 436/436/436 438/438/438 437/437/437 
f 437/437/437 438/438/438 438/438/438 
f 438/438/438 420/420/420 438/438/438 
f 438/438/438 420/420/420 420/420/420 
f 420/420/420 414/414/414 420/420/420 
f 420/420/420 414/414/414 430/430/430 
f 414/414/414 439/439/439 430/430/430 
f 430/430/430 439/439/439 432/432/432 
f 439/439/439 440/440/440 432/432/432 
f 432/432/432 440/440/440 434/434/434 
f 440/440/440 441/441/441 434/434/434 
f 434/434/434 441/441/441 436/436/436 
f 441/441/441 442/442/442 436/436/436 
f 436/436/436 442/442/442 443/443/443 
f 442/442/442 444/444/444 443/443/443 
f 443/443/443 444/444/444 444/444/444 
f 444/444/444 414/414/414 444/444/444 
f 444/444/444 414/414/414 414/414/414 
f 414/414/414 407/407/407 414/414/414 
f 414/414/414 407/407/407 439/439/439 
f 407/407/407 445/445/445 439/439/439 
f 439/439/439 445/445/445 440/440/440 
f 445/445/445 446/446/446 440/440/440 
f 440/440/440 446/446/446 441/441/441 
f 446/446/446 447/447/447 441/441/441 
f 441/441/441 447/447/447 442/442/442 
f 447/447/447 448/448/448 442/442/442 
f 442/442/442 448/448/448 444/444/444 
f 448/448/448 444/444/444 444/444/444 
f 444/444/444 444/444/444 407/407/407 
f 444/444/444 407/407/407 407/407/407 
f 407/407/407 407/407/407 407/407/407 
f 407/407/407 399/399/399 407/407/407 
f 407/407/407 399/399/399 445/445/445 
f 399/399/399 449/449/449 445/445/445 
f 445/445/445 449/449/449 446/446/446 
f 449/449/449 450/450/450 446/446/446 
f 446/446/446 450/450/450 447/447/447 
f 450/450/450 451/451/451 447/447/447 
f 447/447/447 451/451/451 448/448/448 
f 451/451/451 448/448/448 448/448/448 
f 448/448/448 448/448/448 451/451/451 
f 448/448/448 451/451/451 451/451/451 
f 451/451/451 451/451/451 451/451/451 
f 451/451/451 450/450/450 451/451/451 
f 451/451/451 450/450/450 452/452/452 
f 450/450/450 453/453/453 452/452/452 
f 452/452/452 453/453/453 454/454/454 
f 453/453/453 380/380/380 454/454/454 
f 454/454/454 380/380/380 455/455/455 
f 380/380/380 379/379/379 455/455/455 
f 455/455/455 379/379/379 378/378/378 
f 379/379/379 378/378/378 378/378/378 
f 378/378/378 378/378/378 380/380/380 
f 378/378/378 380/380/380 380/380/380 
f 380/380/380 380/380/380 380/380/380 
f 380/380/380 453/453/453 380/380/380 
f 380/380/380 453/453/453 390/390/390 
f 453/453/453 449/449/449 390/390/390 
f 390/390/390 449/449/449 399/399/399 
f 449/449/449 399/399/399 399/399/399 
f 399/399/399 399/399/399 251/251/251 
f 399/399/399 251/251/251 251/251/251 
f 251/251/251 251/251/251 251/251/251 
f 251/251/251 248/248/248 251/251/251 
f 251/251/251 248/248/248 291/291/291 
f 248/248/248 456/456/456 291/291/291 
f 291/291/291 456/456/456 310/310/310 
f 456/456/456 457/457/457 310/310/310 
f 310/310/310 457/457/457 328/328/328 
f 457/457/457 458/458/458 328/328/328 
f 328/328/328 458/458/458 345/345/345 
f 458/458/458 459/459/459 345/345/345 
f 345/345/345 459/459/459 361/361/361 
f 459/459/459 460/460/460 361/361/361 
f 361/361/361 460/460/460 376/376/376 
f 460/460/460 461/461/461 376/376/376 
f 376/376/376 461/461/461 462/462/462 
f 461/461/461 462/462/462 462/462/462 
f 462/462/462 462/462/462 248/248/248 
f 462/462/462 248/248/248 248/248/248 
f 248/248/248 248/248/248 248/248/248 
f 248/248/248 244/244/244 248/248/248 
f 248/248/248 244/244/244 456/456/456 
f 244/244/244 463/463/463 456/456/456 
f 456/456/456 463/463/463 457/457/457 
f 463/463/463 464/464/464 457/457/457 
f 457/457/457 464/464/464 458/458/458 
f 464/464/464 465/465/465 458/458/458 
f 458/458/458 465/465/465 459/459/459 
f 465/465/465 466/466/466 459/459/459 
f 459/459/459 466/466/466 460/460/460 
f 466/466/466 467/467/467 460/460/460 
f 460/460/460 467/467/467 461/461/461 
f 467/467/467 461/461/461 461/461/461 
f 461/461/461 461/461/461 244/244/244 
f 461/461/461 244/244/244 244/244/244 
f 244/244/244 244/244/244 244/244/244 
f 244/244/244 239/239/239 244/244/244 
f 244/244/244 239/239/239 463/463/463 
f 239/239/239 468/468/468 463/463/463 
f 463/463/463 468/468/468 464/464/464 
f 468/468/468 469/469/469 464/464/464 
f 464/464/464 469/469/469 465/465/465 
f 469/469/469 470/470/470 465/465/465 
f 465/465/465 470/470/470 466/466/466 
f 470/470/470 471/471/471 466/466/466 
f 466/466/466 471/471/471 472/472/472 
f 471/471/471 473/473/473 472/472/472 
f 472/472/472 473/473/473 473/473/473 
f 473/473/473 239/239/239 473/473/473 
f 473/473/473 239/239/239 239/239/239 
f 239/239/239 233/233/233 239/239/239 
f 239/239/239 233/233/233 468/468/468 
f 233/233/233 474/474/474 468/468/468 
f 468/468/468 474/474/474 469/469/469 
f 474/474/474 475/475/475 469/469/469 
f 469/469/469 475/475/475 470/470/470 
f 475/475/475 476/476/476 470/470/470 
f 470/470/470 476/476/476 471/471/471 
f 476/476/476 477/477/477 471/471/471 
f 471/471/471 477/477/477 473/473/473 
f 477/477/477 478/478/478 473/473/473 
f 473/473/473 478/478/478 478/478/478 
f 478/478/478 233/233/233 478/478/478 
f 478/478/478 233/233/233 233/233/233 
f 233/233/233 227/227/227 233/233/233 
f 233/233/233 227/227/227 474/474/474 
f 227/227/227 479/479/479 474/474/474 
f 474/474/474 479/479/479 475/475/475 
f 479/479/479 480/480/480 475/475/475 
f 475/475/475 480/480/480 476/476/476 
f 480/480/480 481/481/481 476/476/476 
f 476/476/476 481/481/481 477/477/477 
f 481/481/481 482/482/482 477/477/477 
f 477/477/477 482/482/482 478/478/478 
f 482/482/482 483/483/483 478/478/478 
f 478/478/478 483/483/483 483/483/483 
f 483/483/483 227/227/227 483/483/483 
f 483/483/483 227/227/227 227/227/227 
f 227/227/227 221/221/221 227/227/227 
f 227/227/227 221/221/221 479/479/479 
f 221/221/221 484/484/484 479/479/479 
f 479/479/479 484/484/484 480/480/480 
f 484/484/484 485/485/485 480/480/480 
f 480/480/480 485/485/485 481/481/481 
f 485/485/485 486/486/486 481/481/481 
f 481/481/481 486/486/486 482/482/482 
f 486/486/486 487/487/487 482/482/482 
f 482/482/482 487/487/487 483/483/483 
f 487/487/487 488/488/488 483/483/483 
f 483/483/483 488/488/488 488/488/488 
f 488/488/488 221/221/221 488/488/488 
f 488/488/488 221/221/221 221/221/221 
f 221/221/221 215/215/215 221/221/221 
f 221/221/221 215/215/215 484/484/484 
f 215/215/215 489/489/489 484/484/484 
f 484/484/484 489/489/489 485/485/485 
f 489/489/489 490/490/490 485/485/485 
f 485/485/485 490/490/490 486/486/486 
f 490/490/490 491/491/491 486/486/486 
f 486/486/486 491/491/491 487/487/487 
f 491/491/491 492/492/492 487/487/487 
f 487/487/487 492/492/492 488/488/488 
f 492/492/492 488/488/488 488/488/488 
f 488/488/488 488/488/488 215/215/215 
f 488/488/488 215/215/215 215/215/215 
f 215/215/215 215/215/215 215/215/215 
f 215/215/215 209/209/209 215/215/215 
f 215/215/215 209/209/209 489/489/489 
f 209/209/209 493/493/493 489/489/489 
f 489/489/489 493/493/493 490/490/490 
f 493/493/493 494/494/494 490/490/490 
f 490/490/490 494/494/494 491/491/491 
f 494/494/494 495/495/495 491/491/491 
f 491/491/491 495/495/495 492/492/492 
f 495/495/495 496/496/496 492/492/492 
f 492/492/492 496/496/496 496/496/496 
f 496/496/496 209/209/209 496/496/496 
f 496/496/496 209/209/209 209/209/209 
f 209/209/209 203/203/203 209/209/209 
f 209/209/209 203/203/203 493/493/493 
f 203/203/203 497/497/497 493/493/493 
f 493/493/493 497/497/497 494/494/494 
f 497/497/497 498/498/498 494/494/494 
f 494/494/494 498/498/498 495/495/495 
f 498/498/498 499/499/499 495/495/495 
f 495/495/495 499/499/499 496/496/496 
f 499/499/499 496/496/496 496/496/496 
f 496/496/496 496/496/496 203/203/203 
f 496/496/496 203/203/203 203/203/203 
f 203/203/203 203/203/203 203/203/203 
f 203/203/203 197/197/197 203/203/203 
f 203/203/203 197/197/197 497/497/497 
f 197/197/197 500/500/500 497/497/497 
f 497/497/497 500/500/500 498/498/498 
f 500/500/500 501/501/501 498/498/498 
f 498/498/498 501/501/501 499/499/499 
f 501/501/501 499/499/499 499/499/499 
f 499/499/499 499/499/499 501/501/501 
f 499/499/499 501/501/501 501/501/501 
f 501/501/501 501/501/501 501/501/501 
f 501/501/501 500/500/500 501/501/501 
f 501/501/501 500/500/500 502/502/502 
f 500/500/500 191/191/191 502/502/502 
f 502/502/502 191/191/191 190/190/190 
f 191/191/191 190/190/190 190/190/190 
f 190/190/190 190/190/190 376/376/376 
f 190/190/190 376/376/376 376/376/376 
f 376/376/376 376/376/376 376/376/376 
f 376/376/376 462/462/462 376/376/376 
f 376/376/376 462/462/462 377/377/377 
f 462/462/462 503/503/503 377/377/377 
f 377/377/377 503/503/503 378/378/378 
f 503/503/503 455/455/455 378/378/378 
f 378/378/378 455/455/455 455/455/455 
f 455/455/455 189/189/189 455/455/455 
f 455/455/455 189/189/189 189/189/189 
f 189/189/189 187/187/187 189/189/189 
f 189/189/189 187/187/187 504/504/504 
f 187/187/187 505/505/505 504/504/504 
f 504/504/504 505/505/505 506/506/506 
f 505/505/505 507/507/507 506/506/506 
f 506/506/506 507/507/507 508/508/508 
f 507/507/507 509/509/509 508/508/508 
f 508/508/508 509/509/509 510/510/510 
f 509/509/509 511/511/511 510/510/510 
f 510/510/510 511/511/511 511/511/511 
f 511/511/511 187/187/187 511/511/511 
f 511/511/511 187/187/187 187/187/187 
f 187/187/187 185/185/185 187/187/187 
f 187/187/187 185/185/185 505/505/505 
f 185/185/185 512/512/512 505/505/505 
f 505/505/505 512/512/512 507/507/507 
f 512/512/512 513/513/513 507/507/507 
f 507/507/507 513/513/513 509/509/509 
f 513/513/513 514/514/514 509/509/509 
f 509/509/509 514/514/514 515/515/515 
f 514/514/514 516/516/516 515/515/515 
f 515/515/515 516/516/516 516/516/516 
f 516/516/516 185/185/185 516/516/516 
f 516/516/516 185/185/185 185/185/185 
f 185/185/185 183/183/183 185/185/185 
f 185/185/185 183/183/183 512/512/512 
f 183/183/183 517/517/517 512/512/512 
f 512/512/512 517/517/517 513/513/513 
f 517/517/517 518/518/518 513/513/513 
f 513/513/513 518/518/518 514/514/514 
f 518/518/518 519/519/519 514/514/514 
f 514/514/514 519/519/519 516/516/516 
f 519/519/519 516/516/516 516/516/516 
f 516/516/516 516/516/516 183/183/183 
f 516/516/516 183/183/183 183/183/183 
f 183/183/183 183/183/183 183/183/183 
f 183/183/183 181/181/181 183/183/183 
f 183/183/183 181/181/181 517/517/517 
f 181/181/181 520/520/520 517/517/517 
f 517/517/517 520/520/520 518/518/518 
f 520/520/520 521/521/521 518/518/518 
f 518/518/518 521/521/521 519/519/519 
f 521/521/521 519/519/519 519/519/519 
f 519/519/519 519/519/519 521/521/521 
f 519/519/519 521/521/521 521/521/521 
f 521/521/521 521/521/521 521/521/521 
f 521/521/521 520/520/520 521/521/521 
f 521/521/521 520/520/520 522/522/522 
f 520/520/520 179/179/179 522/522/522 
f 522/522/522 179/179/179 178/178/178 
f 57/57/57 523/523/523 77/77/77 
f 118/118/118 524/524/524 116/116/116 
f 472/472/472 467/467/467 466/466/466 
f 179/179/179 520/520/520 181/181/181 
f 453/453/453 450/450/450 449/449/449 
f 515/515/515 511/511/511 509/509/509 
f 443/443/443 438/438/438 436/436/436 
f 197/197/197 191/191/191 500/500/500 

