mtllib model_10.mtl
o model_10
v -0.9935241937637329 -0.03192821517586708 0.026201901957392693 
v -0.9880709052085876 -0.058410514146089554 0.03025655634701252 
v -0.9928425550460815 -0.017483321949839592 0.03025655634701252 
v -0.9843217730522156 -0.05290770158171654 0.03549893572926521 
v -0.9778459668159485 -0.04620114341378212 0.03549893572926521 
v -0.9758009910583496 -0.10329286009073257 0.03549893572926521 
v -0.9683027267456055 -0.10174519568681717 0.03549893572926521 
v -0.9625086188316345 -0.16433972120285034 0.03549893572926521 
v -0.9570552706718445 -0.09899378567934036 0.03549893572926521 
v -0.949897825717926 -0.16416776180267334 0.03549893572926521 
v -0.9331971406936646 -0.16176028549671173 0.03549893572926521 
v -0.9458078742027283 -0.21678844094276428 0.03025655634701252 
v -0.9277438521385193 -0.21420899033546448 0.03025655634701252 
v -0.9420587420463562 -0.09589844942092896 0.03549893572926521 
v -0.9536469578742981 -0.03553943708539009 0.03549893572926521 
v -0.9676210284233093 -0.040354400873184204 0.03549893572926521 
v -0.9778459668159485 0.0012606449890881777 0.03025655634701252 
v -0.9873892664909363 -0.0068216160871088505 0.03025655634701252 
v -0.3057272434234619 0.08156736940145493 0.006502017844468355 
v -0.3043639361858368 0.08861784636974335 0.006829666905105114 
v -0.31015804409980774 0.0712495893239975 0.011211968958377838 
v -0.31015804409980774 0.07830006629228592 0.013751247897744179 
v -0.31799715757369995 0.06660658866167068 0.019689882174134254 
v -0.31015804409980774 0.08758606761693954 0.013996983878314495 
v -0.31799715757369995 0.07984773814678192 0.020140398293733597 
v -0.31799715757369995 0.09326084703207016 0.021450994536280632 
v -0.32583627104759216 0.07468884438276291 0.023867404088377953 
v -0.32583627104759216 0.09085337072610855 0.02538277953863144 
v -0.33435705304145813 0.08896177262067795 0.02771727740764618 
v -0.32583627104759216 0.10323470085859299 0.022679677233099937 
v -0.33435705304145813 0.10289077460765839 0.024727482348680496 
v -0.33435705304145813 0.0710776224732399 0.026160946115851402 
v -0.33435705304145813 0.05353739857673645 0.02566947229206562 
v -0.32583627104759216 0.05904021114110947 0.02337593026459217 
v -0.32583627104759216 0.04683084040880203 0.019648926332592964 
v -0.31799715757369995 0.05646076798439026 0.01641339436173439 
v -0.31799715757369995 0.05646076798439026 0.01641339436173439 
v -0.31799715757369995 0.05216169357299805 0.006624886300414801 
v -0.31015804409980774 0.0712495893239975 0.011211968958377838 
v -0.31015804409980774 0.06798228621482849 0.003676047082990408 
v -0.3043639361858368 0.08328699320554733 0.0010139005025848746 
v -0.31015804409980774 0.06677854806184769 -0.006440109573304653 
v -0.3043639361858368 0.08259914070367813 -0.006440109573304653 
v -0.31799715757369995 0.05061402544379234 -0.006440109573304653 
v -0.3057272434234619 0.08156736940145493 -0.019341280683875084 
v -0.31015804409980774 0.0712495893239975 -0.024051232263445854 
v -0.3043639361858368 0.08861784636974335 -0.019668929278850555 
v -0.31015804409980774 0.07830006629228592 -0.026590511202812195 
v -0.31015804409980774 0.08758606761693954 -0.026836248114705086 
v -0.31799715757369995 0.06660658866167068 -0.03252914547920227 
v -0.31799715757369995 0.07984773814678192 -0.03297966346144676 
v -0.32583627104759216 0.07468884438276291 -0.03670666739344597 
v -0.31799715757369995 0.09326084703207016 -0.03429025784134865 
v -0.32583627104759216 0.09085337072610855 -0.038222044706344604 
v -0.32583627104759216 0.10323470085859299 -0.035518940538167953 
v -0.33435705304145813 0.08896177262067795 -0.040556542575359344 
v -0.33435705304145813 0.10289077460765839 -0.03756674751639366 
v -0.3445819914340973 0.10237488895654678 -0.03912307694554329 
v -0.32583627104759216 0.05904021114110947 -0.03621519356966019 
v -0.33435705304145813 0.05353739857673645 -0.038508735597133636 
v -0.33435705304145813 0.0710776224732399 -0.03900020942091942 
v -0.3445819914340973 0.06763835996389389 -0.040802277624607086 
v -0.3445819914340973 0.08724214136600494 -0.04231765493750572 
v -0.3735526204109192 0.08500662446022034 -0.043095819652080536 
v -0.37423428893089294 0.10185900330543518 -0.03965550661087036 
v -0.44137799739837646 0.10082722455263138 -0.03859064728021622 
v -0.32583627104759216 0.04683084040880203 -0.03248818963766098 
v -0.31799715757369995 0.05646076798439026 -0.029252657666802406 
v -0.33435705304145813 0.040124282240867615 -0.0344950370490551 
v -0.3445819914340973 0.0337616503238678 -0.036051370203495026 
v -0.3445819914340973 0.04855047166347504 -0.040269847959280014 
v -0.371848464012146 0.04184391349554062 -0.04133470728993416 
v -0.37287095189094543 0.06316732615232468 -0.04178522527217865 
v -0.4359247088432312 0.05628880485892296 -0.04166235402226448 
v -0.4389921724796295 0.08139540255069733 -0.04244052246212959 
v -0.5054542422294617 0.07761221379041672 -0.04137566313147545 
v -0.5095441937446594 0.09927955269813538 -0.03715718537569046 
v -0.3715076446533203 0.025163501501083374 -0.03695240244269371 
v -0.43047139048576355 0.011922351084649563 -0.03703431785106659 
v -0.4328572154045105 0.03135417029261589 -0.04141661897301674 
v -0.4942067861557007 0.021380316466093063 -0.04112992808222771 
v -0.49966010451316833 0.04958224669098854 -0.041170883923769 
v -0.5296531915664673 0.04545513540506363 -0.04104801267385483 
v -0.5364698171615601 0.07468884438276291 -0.04104801267385483 
v -0.5490806102752686 0.0719374343752861 -0.04104801267385483 
v -0.5415822863578796 0.09704403579235077 -0.03670666739344597 
v -0.5545338988304138 0.09429262578487396 -0.03670666739344597 
v -0.48977598547935486 -0.00045898501412011683 -0.03678857907652855 
v -0.5177241563796997 -0.0063057271763682365 -0.03670666739344597 
v -0.5228366255760193 0.01639338955283165 -0.04104801267385483 
v -0.5347656607627869 0.013641981407999992 -0.04104801267385483 
v -0.5419231653213501 0.04287569224834442 -0.04104801267385483 
v -0.5518072247505188 0.039780355989933014 -0.04104801267385483 
v -0.5593054890632629 0.06849817931652069 -0.04104801267385483 
v -0.568507969379425 0.06523088365793228 -0.04125279560685158 
v -0.564758837223053 0.09050944447517395 -0.03670666739344597 
v -0.5739612579345703 0.08689822256565094 -0.03691144660115242 
v -0.5293123722076416 -0.008885172195732594 -0.03670666739344597 
v -0.5391964912414551 -0.01112069096416235 -0.03670666739344597 
v -0.5446497797966003 0.011062536388635635 -0.04104801267385483 
v -0.5538522005081177 0.008655053563416004 -0.04125279560685158 
v -0.5610096454620361 0.037028949707746506 -0.04125279560685158 
v -0.5702121257781982 0.034449502825737 -0.04194904863834381 
v -0.5777103900909424 0.062479473650455475 -0.04194904863834381 
v -0.5872536301612854 0.06093180552124977 -0.042972952127456665 
v -0.5831636786460876 0.08397484570741653 -0.03748483210802078 
v -0.5927069783210754 0.08259914070367813 -0.038426823914051056 
v -0.5480580925941467 -0.013356209732592106 -0.03691144660115242 
v -0.5572605133056641 -0.015419766306877136 -0.03748483210802078 
v -0.5627138018608093 0.006419534794986248 -0.04194904863834381 
v -0.5722571015357971 0.0038400900084525347 -0.042972952127456665 
v -0.5797553658485413 0.03238594904541969 -0.042972952127456665 
v -0.5896394848823547 0.03083828091621399 -0.04424259066581726 
v -0.5974785685539246 0.06093180552124977 -0.04424259066581726 
v -0.6080443263053894 0.06179162114858627 -0.045471273362636566 
v -0.6032727360725403 0.08380288630723953 -0.0394916832447052 
v -0.6141793131828308 0.08638232946395874 -0.040597498416900635 
v -0.5664629936218262 -0.018171174451708794 -0.038426823914051056 
v -0.5756654143333435 -0.022470248863101006 -0.0394916832447052 
v -0.5818003416061401 0.0009167189709842205 -0.04424259066581726 
v -0.5913436412811279 -0.0025225409772247076 -0.045471273362636566 
v -0.5998644232749939 0.029634540900588036 -0.045471273362636566 
v -0.6097484827041626 0.028774725273251534 -0.04637230560183525 
v -0.6186100840568542 0.06316732615232468 -0.04637230560183525 
v -0.628153383731842 0.06402713805437088 -0.046986646950244904 
v -0.6250858902931213 0.08947766572237015 -0.04137566313147545 
v -0.6349700093269348 0.09171318262815475 -0.04190809279680252 
v -0.5852086544036865 -0.02745717577636242 -0.040597498416900635 
v -0.5947519540786743 -0.03227214142680168 -0.04137566313147545 
v -0.6012277007102966 -0.005617875140160322 -0.04637230560183525 
v -0.6100893616676331 -0.008713209070265293 -0.046986646950244904 
v -0.6192917823791504 0.02757098339498043 -0.046986646950244904 
v -0.6264492273330688 0.026023317128419876 -0.047355253249406815 
v -0.6356516480445862 0.06351125240325928 -0.047355253249406815 
v -0.6595098376274109 0.05628880485892296 -0.047641947865486145 
v -0.6428090929985046 0.09205710887908936 -0.04223573952913284 
v -0.667008101940155 0.08672625571489334 -0.04248147830367088 
v -0.6032727360725403 -0.036743178963661194 -0.04190809279680252 
v -0.6100893616676331 -0.040526363998651505 -0.04223573952913284 
v -0.6172468066215515 -0.01146461721509695 -0.047355253249406815 
v -0.6400824785232544 -0.023502027615904808 -0.047641947865486145 
v -0.6496257185935974 0.01639338955283165 -0.047641947865486145 
v -0.7072261571884155 -0.008197319693863392 -0.04796959459781647 
v -0.718132734298706 0.03737287595868111 -0.04796959459781647 
v -0.7900481224060059 0.013641981407999992 -0.0482562892138958 
v -0.7263126969337463 0.0721094012260437 -0.042768169194459915 
v -0.7995913624763489 0.05353739857673645 -0.043013907968997955 
v -0.6325841546058655 -0.05428340286016464 -0.04248147830367088 
v -0.6881396174430847 -0.08884796500205994 -0.042768169194459915 
v -0.696319580078125 -0.05376751348376274 -0.04796959459781647 
v -0.7661899328231812 -0.09091152250766754 -0.0482562892138958 
v -0.7781190276145935 -0.0386347696185112 -0.0482562892138958 
v -0.8421952724456787 -0.06546100229024887 -0.04833820089697838 
v -0.8548060059547424 -0.007681430783122778 -0.04833820089697838 
v -0.9055898189544678 -0.02384595386683941 -0.04833820089697838 
v -0.8646900653839111 0.0359971709549427 -0.043095819652080536 
v -0.9154739379882812 0.022068167105317116 -0.043095819652080536 
v -0.7573283314704895 -0.13097889721393585 -0.043013907968997955 
v -0.8207228779792786 -0.16726309061050415 -0.043095819652080536 
v -0.8299253582954407 -0.12306860089302063 -0.04833820089697838 
v -0.8810499906539917 -0.1466275304555893 -0.04833820089697838 
v -0.892979085445404 -0.08489281684160233 -0.04833820089697838 
v -0.9236538410186768 -0.09314703941345215 -0.04833820089697838 
v -0.9355829358100891 -0.03158428892493248 -0.04833820089697838 
v -0.9536469578742981 -0.03553943708539009 -0.04833820089697838 
v -0.9458078742027283 0.013641981407999992 -0.043095819652080536 
v -0.9638718962669373 0.007967201992869377 -0.043095819652080536 
v -0.8721883893013 -0.19426128268241882 -0.043095819652080536 
v -0.9055898189544678 -0.20836225152015686 -0.043095819652080536 
v -0.9127472639083862 -0.15763317048549652 -0.04833820089697838 
v -0.9331971406936646 -0.16176028549671173 -0.04833820089697838 
v -0.9420587420463562 -0.09589844942092896 -0.04833820089697838 
v -0.9570552706718445 -0.09899378567934036 -0.04833820089697838 
v -0.9676210284233093 -0.040354400873184204 -0.04833820089697838 
v -0.9778459668159485 -0.04620114341378212 -0.04833820089697838 
v -0.9778459668159485 0.0012606449890881777 -0.043095819652080536 
v -0.9873892664909363 -0.0068216160871088505 -0.043095819652080536 
v -0.9277438521385193 -0.21420899033546448 -0.043095819652080536 
v -0.9458078742027283 -0.21678844094276428 -0.043095819652080536 
v -0.949897825717926 -0.16416776180267334 -0.04833820089697838 
v -0.9625086188316345 -0.16433972120285034 -0.04833820089697838 
v -0.9683027267456055 -0.10174519568681717 -0.04833820089697838 
v -0.9758009910583496 -0.10329286009073257 -0.04833820089697838 
v -0.9843217730522156 -0.05290770158171654 -0.04833820089697838 
v -0.9880709052085876 -0.058410514146089554 -0.043095819652080536 
v -0.9928425550460815 -0.017483321949839592 -0.043095819652080536 
v -0.9935241937637329 -0.03192821517586708 -0.03904116526246071 
v -0.9597819447517395 -0.21506880223751068 -0.043095819652080536 
v -0.969666063785553 -0.20836225152015686 -0.043095819652080536 
v -0.9710293412208557 -0.16107243299484253 -0.04833820089697838 
v -0.9768235087394714 -0.15832102298736572 -0.043095819652080536 
v -0.9802318215370178 -0.10466856509447098 -0.043095819652080536 
v -0.9591003060340881 -0.23965951800346375 -0.006440109573304653 
v -0.9587594270706177 -0.23518848419189453 0.014529413543641567 
v -0.9703477025032043 -0.23140528798103333 -0.006440109573304653 
v -0.969666063785553 -0.2269342541694641 0.014529413543641567 
v -0.9764826893806458 -0.20457907021045685 0.014529413543641567 
v -0.969666063785553 -0.20836225152015686 0.03025655634701252 
v -0.9744376540184021 -0.19305755198001862 0.026201901957392693 
v -0.9597819447517395 -0.21506880223751068 0.03025655634701252 
v -0.3043639361858368 0.09446459263563156 0.006870622746646404 
v -0.3043639361858368 0.10031133145093918 0.007075403351336718 
v -0.31015804409980774 0.09687207639217377 0.014775150455534458 
v -0.31015804409980774 0.10443844646215439 0.01276830118149519 
v -0.31799715757369995 0.10375059396028519 0.019075540825724602 
v -0.3043639361858368 0.09446459263563156 -0.019709886983036995 
v -0.3043639361858368 0.10031133145093918 -0.019914666190743446 
v -0.31015804409980774 0.09687207639217377 -0.0276144128292799 
v -0.31015804409980774 0.10443844646215439 -0.02560756541788578 
v -0.31799715757369995 0.10375059396028519 -0.03191480413079262 
v -0.3057272434234619 0.10409452021121979 -0.020037535578012466 
v -0.9778459668159485 -0.20853421092033386 -0.006440109573304653 
v -0.9812542796134949 -0.16244813799858093 -0.006440109573304653 
v -0.9795501232147217 -0.15935279428958893 0.014529413543641567 
v -0.9768235087394714 -0.15832102298736572 0.03025655634701252 
v -0.9832992553710938 -0.10638819634914398 0.014529413543641567 
v -0.9802318215370178 -0.10466856509447098 0.03025655634701252 
v -0.9880709052085876 -0.058410514146089554 0.03025655634701252 
v -0.9850034117698669 -0.10827978700399399 -0.006440109573304653 
v -0.9928425550460815 -0.06133388727903366 -0.006440109573304653 
v -0.9907975792884827 -0.06064603477716446 0.014529413543641567 
v -0.997273325920105 -0.025737546384334564 0.014529413543641567 
v -0.9935241937637329 -0.03192821517586708 0.026201901957392693 
v -0.9928425550460815 -0.017483321949839592 0.03025655634701252 
v -0.9976142048835754 -0.005101986229419708 0.014529413543641567 
v -1 -0.0042421710677444935 -0.006440109573304653 
v -0.9925017356872559 0.006935424171388149 0.014529413543641567 
v -0.9948875308036804 0.007967201992869377 -0.006440109573304653 
v -0.9873892664909363 -0.0068216160871088505 0.03025655634701252 
v -0.9802318215370178 -0.10466856509447098 0.03025655634701252 
v -0.9768235087394714 -0.15832102298736572 0.03025655634701252 
v -0.9710293412208557 -0.16107243299484253 0.03549893572926521 
v -0.969666063785553 -0.20836225152015686 0.03025655634701252 
v -0.9597819447517395 -0.21506880223751068 0.03025655634701252 
v -0.9591003060340881 -0.23965951800346375 -0.006440109573304653 
v -0.9703477025032043 -0.23140528798103333 -0.006440109573304653 
v -0.9587594270706177 -0.23518848419189453 -0.02736867591738701 
v -0.969666063785553 -0.2269342541694641 -0.02736867591738701 
v -0.969666063785553 -0.20836225152015686 -0.043095819652080536 
v -0.9764826893806458 -0.20457907021045685 -0.02736867591738701 
v -0.9744376540184021 -0.19305755198001862 -0.03904116526246071 
v -0.9768235087394714 -0.15832102298736572 -0.043095819652080536 
v -0.9778459668159485 -0.20853421092033386 -0.006440109573304653 
v -0.9812542796134949 -0.16244813799858093 -0.006440109573304653 
v -0.9795501232147217 -0.15935279428958893 -0.02736867591738701 
v -0.9832992553710938 -0.10638819634914398 -0.02736867591738701 
v -0.9802318215370178 -0.10466856509447098 -0.043095819652080536 
v -0.9850034117698669 -0.10827978700399399 -0.006440109573304653 
v -0.9928425550460815 -0.06133388727903366 -0.006440109573304653 
v -0.9907975792884827 -0.06064603477716446 -0.02736867591738701 
v -0.997273325920105 -0.025737546384334564 -0.02736867591738701 
v -0.9880709052085876 -0.058410514146089554 -0.043095819652080536 
v -0.9935241937637329 -0.03192821517586708 -0.03904116526246071 
v -0.3057272434234619 0.10409452021121979 0.007198271807283163 
v -0.3043639361858368 0.1063300371170044 0.0012596370652318 
v -0.31015804409980774 0.10443844646215439 0.01276830118149519 
v -0.31015804409980774 0.1078777015209198 0.004699949640780687 
v -0.31799715757369995 0.1082216277718544 0.008426954969763756 
v -0.31015804409980774 0.1095973327755928 -0.006440109573304653 
v -0.31799715757369995 0.1095973327755928 -0.006440109573304653 
v -0.3043639361858368 0.1080496683716774 -0.006440109573304653 
v -0.3043639361858368 0.1080496683716774 -0.006440109573304653 
v -0.3023189306259155 0.10357862710952759 -0.006440109573304653 
v -0.3043639361858368 0.1063300371170044 -0.014098900370299816 
v -0.3023189306259155 0.10237488895654678 -0.012993086129426956 
v -0.3043639361858368 0.10031133145093918 -0.019914666190743446 
v -0.3023189306259155 0.09721600264310837 -0.012993086129426956 
v -0.3043639361858368 0.09446459263563156 -0.019709886983036995 
v -0.3043639361858368 0.08861784636974335 -0.019668929278850555 
v -0.3023189306259155 0.09773188829421997 -0.006440109573304653 
v -0.3023189306259155 0.09171318262815475 -0.006440109573304653 
v -0.3023189306259155 0.09188514947891235 -0.012993086129426956 
v -0.3043639361858368 0.08328699320554733 -0.013853163458406925 
v -0.3057272434234619 0.08156736940145493 -0.019341280683875084 
v -0.3043639361858368 0.08259914070367813 -0.006440109573304653 
v -0.31015804409980774 0.06677854806184769 -0.006440109573304653 
v -0.31015804409980774 0.06798228621482849 -0.01651531085371971 
v -0.31799715757369995 0.05216169357299805 -0.019464150071144104 
v -0.31015804409980774 0.0712495893239975 -0.024051232263445854 
v -0.31799715757369995 0.05646076798439026 -0.029252657666802406 
v -0.33435705304145813 0.040124282240867615 0.021655775606632233 
v -0.3445819914340973 0.0337616503238678 0.02321210689842701 
v -0.3445819914340973 0.04855047166347504 0.027430584654211998 
v -0.3445819914340973 0.06763835996389389 0.02796301431953907 
v -0.371848464012146 0.04184391349554062 0.028495443984866142 
v -0.37287095189094543 0.06316732615232468 0.028945960104465485 
v -0.4359247088432312 0.05628880485892296 0.028823092579841614 
v -0.3735526204109192 0.08500662446022034 0.03025655634701252 
v -0.4389921724796295 0.08139540255069733 0.029601259157061577 
v -0.44137799739837646 0.10082722455263138 0.0257513839751482 
v -0.5054542422294617 0.07761221379041672 0.028536399826407433 
v -0.5095441937446594 0.09927955269813538 0.024317922070622444 
v -0.5415822863578796 0.09704403579235077 0.023867404088377953 
v -0.3445819914340973 0.08724214136600494 0.029478389769792557 
v -0.3445819914340973 0.10237488895654678 0.026283813640475273 
v -0.37423428893089294 0.10185900330543518 0.026816243305802345 
v -0.9948875308036804 0.007967201992869377 -0.006440109573304653 
v -0.9925017356872559 0.006935424171388149 -0.02736867591738701 
v -1 -0.0042421710677444935 -0.006440109573304653 
v -0.9976142048835754 -0.005101986229419708 -0.02736867591738701 
v -0.9928425550460815 -0.017483321949839592 -0.043095819652080536 
v -0.9873892664909363 -0.0068216160871088505 -0.043095819652080536 
v -0.3715076446533203 0.025163501501083374 0.024113141000270844 
v -0.43047139048576355 0.011922351084649563 0.024195052683353424 
v -0.4328572154045105 0.03135417029261589 0.028577355667948723 
v -0.4942067861557007 0.021380316466093063 0.02829066291451454 
v -0.49966010451316833 0.04958224669098854 0.028331618756055832 
v -0.5296531915664673 0.04545513540506363 0.02820875123143196 
v -0.5364698171615601 0.07468884438276291 0.02820875123143196 
v -0.5490806102752686 0.0719374343752861 0.02820875123143196 
v -0.5545338988304138 0.09429262578487396 0.023867404088377953 
v -0.5419231653213501 0.04287569224834442 0.02820875123143196 
v -0.5347656607627869 0.013641981407999992 0.02820875123143196 
v -0.5228366255760193 0.01639338955283165 0.02820875123143196 
v -0.5177241563796997 -0.0063057271763682365 0.023867404088377953 
v -0.48977598547935486 -0.00045898501412011683 0.023949315771460533 
v -0.9996591806411743 -0.025393620133399963 -0.006440109573304653 
v -0.31799715757369995 0.05061402544379234 -0.006440109573304653 
v -0.31799715757369995 0.05216169357299805 0.006624886300414801 
v -0.32583627104759216 0.039952319115400314 -0.006440109573304653 
v -0.32583627104759216 0.04167195037007332 0.008467910811305046 
v -0.33435705304145813 0.0342775397002697 0.009614681825041771 
v -0.32583627104759216 0.04683084040880203 0.019648926332592964 
v -0.33435705304145813 0.040124282240867615 0.021655775606632233 
v -0.31799715757369995 0.05646076798439026 0.01641339436173439 
v -0.3043639361858368 0.1080496683716774 -0.006440109573304653 
v -0.3043639361858368 0.1063300371170044 0.0012596370652318 
v -0.3023189306259155 0.10357862710952759 -0.006440109573304653 
v -0.3023189306259155 0.10237488895654678 0.0001538224023533985 
v -0.3023189306259155 0.09721600264310837 0.0001538224023533985 
v -0.3043639361858368 0.10031133145093918 0.007075403351336718 
v -0.3043639361858368 0.09446459263563156 0.006870622746646404 
v -0.3043639361858368 0.08861784636974335 0.006829666905105114 
v -0.3023189306259155 0.09188514947891235 0.0001538224023533985 
v -0.3023189306259155 0.09171318262815475 -0.006440109573304653 
v -0.3057272434234619 0.08156736940145493 0.006502017844468355 
v -0.33435705304145813 0.03238594904541969 -0.006440109573304653 
v -0.3442411422729492 0.025335464626550674 -0.006440109573304653 
v -0.3442411422729492 0.02739902026951313 0.010515715926885605 
v -0.3445819914340973 0.0337616503238678 0.02321210689842701 
v -0.37116679549217224 0.018284982070326805 0.011048144660890102 
v -0.3715076446533203 0.025163501501083374 0.024113141000270844 
v -0.43047139048576355 0.011922351084649563 0.024195052683353424 
v -0.37116679549217224 0.01604946330189705 -0.006440109573304653 
v -0.4297897517681122 0.0014326079981401563 -0.006440109573304653 
v -0.4297897517681122 0.0038400900084525347 0.011089101433753967 
v -0.48841267824172974 -0.00940106064081192 0.010925277136266232 
v -0.48977598547935486 -0.00045898501412011683 0.023949315771460533 
v -0.5177241563796997 -0.0063057271763682365 0.023867404088377953 
v -0.5160199999809265 -0.015763692557811737 0.010884320363402367 
v -0.5160199999809265 -0.018515100702643394 -0.006440109573304653 
v -0.5272673964500427 -0.018343137577176094 0.010884320363402367 
v -0.5272673964500427 -0.021266508847475052 -0.006440109573304653 
v -0.5371515154838562 -0.023502027615904808 -0.006440109573304653 
v -0.5293123722076416 -0.008885172195732594 0.023867404088377953 
v -0.5391964912414551 -0.01112069096416235 0.023867404088377953 
v -0.5371515154838562 -0.02057865634560585 0.010884320363402367 
v -0.5463539361953735 -0.022642211988568306 0.011007188819348812 
v -0.5463539361953735 -0.025565583258867264 -0.006440109573304653 
v -0.5480580925941467 -0.013356209732592106 0.024072185158729553 
v -0.5572605133056641 -0.015419766306877136 0.024645570665597916 
v -0.5555563569068909 -0.02470576763153076 0.011334837414324284 
v -0.564758837223053 -0.02762913890182972 0.011867267079651356 
v -0.5555563569068909 -0.02780110202729702 -0.006440109573304653 
v -0.564758837223053 -0.030724473297595978 -0.006440109573304653 
v -0.3057272434234619 0.10409452021121979 0.007198271807283163 
v -0.48841267824172974 -0.012152468785643578 -0.006440109573304653 
v -0.9873892664909363 -0.0068216160871088505 -0.043095819652080536 
v -0.9925017356872559 0.006935424171388149 -0.02736867591738701 
v -0.9778459668159485 0.0012606449890881777 -0.043095819652080536 
v -0.9829584360122681 0.01604946330189705 -0.02736867591738701 
v -0.9689843654632568 0.02327190898358822 -0.02736867591738701 
v -0.9853442907333374 0.017253203317523003 -0.006440109573304653 
v -0.9713702201843262 0.024647612124681473 -0.006440109573304653 
v -0.9948875308036804 0.007967201992869377 -0.006440109573304653 
v -0.9996591806411743 -0.025393620133399963 -0.006440109573304653 
v -0.5739612579345703 -0.03553943708539009 -0.006440109573304653 
v -0.5739612579345703 -0.03227214142680168 0.012481608428061008 
v -0.5831636786460876 -0.0379469208419323 0.013095949776470661 
v -0.5756654143333435 -0.022470248863101006 0.026652419939637184 
v -0.5852086544036865 -0.02745717577636242 0.02775823324918747 
v -0.5664629936218262 -0.018171174451708794 0.02558756060898304 
v -0.5831636786460876 -0.041214216500520706 -0.006440109573304653 
v -0.592366099357605 -0.04688899591565132 -0.006440109573304653 
v -0.592366099357605 -0.04344973340630531 0.013546466827392578 
v -0.5947519540786743 -0.03227214142680168 0.028536399826407433 
v -0.600886881351471 -0.04843666031956673 0.013874116353690624 
v -0.6032727360725403 -0.036743178963661194 0.029068829491734505 
v -0.6100893616676331 -0.040526363998651505 0.029396478086709976 
v -0.600886881351471 -0.052047885954380035 -0.006440109573304653 
v -0.6077035069465637 -0.05617499724030495 -0.006440109573304653 
v -0.6077035069465637 -0.05256377533078194 0.01403794065117836 
v -0.6301983594894409 -0.06683669984340668 0.014201764948666096 
v -0.6325841546058655 -0.05428340286016464 0.029642214998602867 
v -0.6881396174430847 -0.08884796500205994 0.02992890775203705 
v -0.6854130029678345 -0.10277696698904037 0.014365589246153831 
v -0.6854130029678345 -0.10604427009820938 -0.006440109573304653 
v -0.7542608380317688 -0.1464555710554123 0.014488457702100277 
v -0.7542608380317688 -0.1497228741645813 -0.006440109573304653 
v -0.8176554441452026 -0.1880706250667572 -0.006440109573304653 
v -0.7573283314704895 -0.13097889721393585 0.03017464280128479 
v -0.8207228779792786 -0.16726309061050415 0.03025655634701252 
v -0.8176554441452026 -0.184459388256073 0.014529413543641567 
v -0.8691208958625793 -0.21300525963306427 0.014529413543641567 
v -0.8691208958625793 -0.2171323597431183 -0.006440109573304653 
v -0.8721883893013 -0.19426128268241882 0.03025655634701252 
v -0.9055898189544678 -0.20836225152015686 0.03025655634701252 
v -0.9032040238380432 -0.2281379997730255 0.014529413543641567 
v -0.9260396957397461 -0.23484455049037933 0.014529413543641567 
v -0.9032040238380432 -0.23278099298477173 -0.006440109573304653 
v -0.9260396957397461 -0.23948755860328674 -0.006440109573304653 
v -0.6301983594894409 -0.07044792920351028 -0.006440109573304653 
v -0.9277438521385193 -0.21420899033546448 0.03025655634701252 
v -0.9458078742027283 -0.21678844094276428 0.03025655634701252 
v -0.9444445371627808 -0.23742400109767914 0.014529413543641567 
v -0.9587594270706177 -0.23518848419189453 0.014529413543641567 
v -0.9444445371627808 -0.24206699430942535 -0.006440109573304653 
v -0.9591003060340881 -0.23965951800346375 -0.006440109573304653 
v -0.5293123722076416 -0.008885172195732594 0.023867404088377953 
v -0.5391964912414551 -0.01112069096416235 0.023867404088377953 
v -0.5446497797966003 0.011062536388635635 0.02820875123143196 
v -0.5518072247505188 0.039780355989933014 0.02820875123143196 
v -0.5538522005081177 0.008655053563416004 0.02841353230178356 
v -0.5610096454620361 0.037028949707746506 0.02841353230178356 
v -0.5702121257781982 0.034449502825737 0.029109785333275795 
v -0.568507969379425 0.06523088365793228 0.02841353230178356 
v -0.5777103900909424 0.062479473650455475 0.029109785333275795 
v -0.5831636786460876 0.08397484570741653 0.024645570665597916 
v -0.5872536301612854 0.06093180552124977 0.0301336869597435 
v -0.5927069783210754 0.08259914070367813 0.02558756060898304 
v -0.6032727360725403 0.08380288630723953 0.026652419939637184 
v -0.5593054890632629 0.06849817931652069 0.02820875123143196 
v -0.564758837223053 0.09050944447517395 0.023867404088377953 
v -0.5739612579345703 0.08689822256565094 0.024072185158729553 
v -0.5797553658485413 0.03238594904541969 0.0301336869597435 
v -0.5722571015357971 0.0038400900084525347 0.0301336869597435 
v -0.5896394848823547 0.03083828091621399 0.031403325498104095 
v -0.5818003416061401 0.0009167189709842205 0.031403325498104095 
v -0.5913436412811279 -0.0025225409772247076 0.0326320081949234 
v -0.5756654143333435 -0.022470248863101006 0.026652419939637184 
v -0.5852086544036865 -0.02745717577636242 0.02775823324918747 
v -0.5974785685539246 0.06093180552124977 0.031403325498104095 
v -0.6080443263053894 0.06179162114858627 0.0326320081949234 
v -0.6141793131828308 0.08638232946395874 0.02775823324918747 
v -0.5998644232749939 0.029634540900588036 0.0326320081949234 
v -0.6097484827041626 0.028774725273251534 0.033533044159412384 
v -0.6012277007102966 -0.005617875140160322 0.033533044159412384 
v -0.5947519540786743 -0.03227214142680168 0.028536399826407433 
v -0.6100893616676331 -0.008713209070265293 0.03414738550782204 
v -0.6032727360725403 -0.036743178963661194 0.029068829491734505 
v -0.6100893616676331 -0.040526363998651505 0.029396478086709976 
v -0.6186100840568542 0.06316732615232468 0.033533044159412384 
v -0.628153383731842 0.06402713805437088 0.03414738550782204 
v -0.6192917823791504 0.02757098339498043 0.03414738550782204 
v -0.6264492273330688 0.026023317128419876 0.03451599180698395 
v -0.6172468066215515 -0.01146461721509695 0.03451599180698395 
v -0.6400824785232544 -0.023502027615904808 0.03480268269777298 
v -0.6325841546058655 -0.05428340286016464 0.029642214998602867 
v -0.6881396174430847 -0.08884796500205994 0.02992890775203705 
v -0.6250858902931213 0.08947766572237015 0.028536399826407433 
v -0.6349700093269348 0.09171318262815475 0.029068829491734505 
v -0.6428090929985046 0.09205710887908936 0.029396478086709976 
v -0.6356516480445862 0.06351125240325928 0.03451599180698395 
v -0.6595098376274109 0.05628880485892296 0.03480268269777298 
v -0.6496257185935974 0.01639338955283165 0.03480268269777298 
v -0.7072261571884155 -0.008197319693863392 0.0351303331553936 
v -0.696319580078125 -0.05376751348376274 0.0351303331553936 
v -0.7661899328231812 -0.09091152250766754 0.03541702404618263 
v -0.7573283314704895 -0.13097889721393585 0.03017464280128479 
v -0.667008101940155 0.08672625571489334 0.029642214998602867 
v -0.7263126969337463 0.0721094012260437 0.02992890775203705 
v -0.718132734298706 0.03737287595868111 0.0351303331553936 
v -0.7900481224060059 0.013641981407999992 0.03541702404618263 
v -0.7781190276145935 -0.0386347696185112 0.03541702404618263 
v -0.8421952724456787 -0.06546100229024887 0.03549893572926521 
v -0.8299253582954407 -0.12306860089302063 0.03549893572926521 
v -0.8810499906539917 -0.1466275304555893 0.03549893572926521 
v -0.8207228779792786 -0.16726309061050415 0.03025655634701252 
v -0.8721883893013 -0.19426128268241882 0.03025655634701252 
v -0.7995913624763489 0.05353739857673645 0.03017464280128479 
v -0.8646900653839111 0.0359971709549427 0.03025655634701252 
v -0.8548060059547424 -0.007681430783122778 0.03549893572926521 
v -0.9055898189544678 -0.02384595386683941 0.03549893572926521 
v -0.892979085445404 -0.08489281684160233 0.03549893572926521 
v -0.9236538410186768 -0.09314703941345215 0.03549893572926521 
v -0.9127472639083862 -0.15763317048549652 0.03549893572926521 
v -0.9055898189544678 -0.20836225152015686 0.03025655634701252 
v -0.9154739379882812 0.022068167105317116 0.03025655634701252 
v -0.9458078742027283 0.013641981407999992 0.03025655634701252 
v -0.9355829358100891 -0.03158428892493248 0.03549893572926521 
v -0.5664629936218262 -0.018171174451708794 0.02558756060898304 
v -0.5572605133056641 -0.015419766306877136 0.024645570665597916 
v -0.5627138018608093 0.006419534794986248 0.029109785333275795 
v -0.5480580925941467 -0.013356209732592106 0.024072185158729553 
v -0.31799715757369995 0.05646076798439026 -0.029252657666802406 
v -0.31799715757369995 0.05216169357299805 -0.019464150071144104 
v -0.32583627104759216 0.04683084040880203 -0.03248818963766098 
v -0.32583627104759216 0.04167195037007332 -0.021307174116373062 
v -0.33435705304145813 0.0342775397002697 -0.022453945130109787 
v -0.32583627104759216 0.039952319115400314 -0.006440109573304653 
v -0.33435705304145813 0.03238594904541969 -0.006440109573304653 
v -0.31799715757369995 0.05061402544379234 -0.006440109573304653 
v -0.33435705304145813 0.040124282240867615 -0.0344950370490551 
v -0.3445819914340973 0.0337616503238678 -0.036051370203495026 
v -0.3442411422729492 0.02739902026951313 -0.02335497923195362 
v -0.3442411422729492 0.025335464626550674 -0.006440109573304653 
v -0.37116679549217224 0.018284982070326805 -0.023887408897280693 
v -0.37116679549217224 0.01604946330189705 -0.006440109573304653 
v -0.4297897517681122 0.0014326079981401563 -0.006440109573304653 
v -0.3715076446533203 0.025163501501083374 -0.03695240244269371 
v -0.43047139048576355 0.011922351084649563 -0.03703431785106659 
v -0.4297897517681122 0.0038400900084525347 -0.023928364738821983 
v -0.48841267824172974 -0.00940106064081192 -0.023764539510011673 
v -0.48841267824172974 -0.012152468785643578 -0.006440109573304653 
v -0.5160199999809265 -0.018515100702643394 -0.006440109573304653 
v -0.5160199999809265 -0.015763692557811737 -0.023723583668470383 
v -0.5177241563796997 -0.0063057271763682365 -0.03670666739344597 
v -0.5272673964500427 -0.018343137577176094 -0.023723583668470383 
v -0.5293123722076416 -0.008885172195732594 -0.03670666739344597 
v -0.5391964912414551 -0.01112069096416235 -0.03670666739344597 
v -0.5272673964500427 -0.021266508847475052 -0.006440109573304653 
v -0.5371515154838562 -0.023502027615904808 -0.006440109573304653 
v -0.5371515154838562 -0.02057865634560585 -0.023723583668470383 
v -0.5463539361953735 -0.022642211988568306 -0.023846453055739403 
v -0.5480580925941467 -0.013356209732592106 -0.03691144660115242 
v -0.5463539361953735 -0.025565583258867264 -0.006440109573304653 
v -0.5555563569068909 -0.02780110202729702 -0.006440109573304653 
v -0.5555563569068909 -0.02470576763153076 -0.024174101650714874 
v -0.564758837223053 -0.02762913890182972 -0.024706529453396797 
v -0.5572605133056641 -0.015419766306877136 -0.03748483210802078 
v -0.5664629936218262 -0.018171174451708794 -0.038426823914051056 
v -0.564758837223053 -0.030724473297595978 -0.006440109573304653 
v -0.5739612579345703 -0.03553943708539009 -0.006440109573304653 
v -0.5739612579345703 -0.03227214142680168 -0.0253208726644516 
v -0.5831636786460876 -0.0379469208419323 -0.025935214012861252 
v -0.5756654143333435 -0.022470248863101006 -0.0394916832447052 
v -0.5852086544036865 -0.02745717577636242 -0.040597498416900635 
v -0.5947519540786743 -0.03227214142680168 -0.04137566313147545 
v -0.592366099357605 -0.04344973340630531 -0.026385730132460594 
v -0.600886881351471 -0.04843666031956673 -0.026713378727436066 
v -0.592366099357605 -0.04688899591565132 -0.006440109573304653 
v -0.600886881351471 -0.052047885954380035 -0.006440109573304653 
v -0.5831636786460876 -0.041214216500520706 -0.006440109573304653 
v -0.6032727360725403 -0.036743178963661194 -0.04190809279680252 
v -0.6100893616676331 -0.040526363998651505 -0.04223573952913284 
v -0.6077035069465637 -0.05256377533078194 -0.026877203956246376 
v -0.6077035069465637 -0.05617499724030495 -0.006440109573304653 
v -0.6301983594894409 -0.06683669984340668 -0.027041027322411537 
v -0.6301983594894409 -0.07044792920351028 -0.006440109573304653 
v -0.6854130029678345 -0.10604427009820938 -0.006440109573304653 
v -0.6325841546058655 -0.05428340286016464 -0.04248147830367088 
v -0.6881396174430847 -0.08884796500205994 -0.042768169194459915 
v -0.6854130029678345 -0.10277696698904037 -0.027204852551221848 
v -0.7542608380317688 -0.1464555710554123 -0.02732772007584572 
v -0.7542608380317688 -0.1497228741645813 -0.006440109573304653 
v -0.8176554441452026 -0.1880706250667572 -0.006440109573304653 
v -0.8176554441452026 -0.184459388256073 -0.02736867591738701 
v -0.8207228779792786 -0.16726309061050415 -0.043095819652080536 
v -0.8691208958625793 -0.21300525963306427 -0.02736867591738701 
v -0.8721883893013 -0.19426128268241882 -0.043095819652080536 
v -0.9055898189544678 -0.20836225152015686 -0.043095819652080536 
v -0.8691208958625793 -0.2171323597431183 -0.006440109573304653 
v -0.9032040238380432 -0.23278099298477173 -0.006440109573304653 
v -0.9032040238380432 -0.2281379997730255 -0.02736867591738701 
v -0.9260396957397461 -0.23484455049037933 -0.02736867591738701 
v -0.9277438521385193 -0.21420899033546448 -0.043095819652080536 
v -0.9260396957397461 -0.23948755860328674 -0.006440109573304653 
v -0.9444445371627808 -0.24206699430942535 -0.006440109573304653 
v -0.9444445371627808 -0.23742400109767914 -0.02736867591738701 
v -0.9587594270706177 -0.23518848419189453 -0.02736867591738701 
v -0.9458078742027283 -0.21678844094276428 -0.043095819652080536 
v -0.9597819447517395 -0.21506880223751068 -0.043095819652080536 
v -0.7573283314704895 -0.13097889721393585 -0.043013907968997955 
v -0.32583627104759216 0.1095973327755928 -0.006440109573304653 
v -0.32583627104759216 0.1082216277718544 0.010515715926885605 
v -0.32583627104759216 0.10323470085859299 0.022679677233099937 
v -0.33435705304145813 0.1082216277718544 0.01166248694062233 
v -0.33435705304145813 0.10289077460765839 0.024727482348680496 
v -0.3445819914340973 0.10237488895654678 0.026283813640475273 
v -0.33435705304145813 0.1095973327755928 -0.006440109573304653 
v -0.3445819914340973 0.1095973327755928 -0.006440109573304653 
v -0.3445819914340973 0.1082216277718544 0.012563521042466164 
v -0.37423428893089294 0.1082216277718544 0.01280925702303648 
v -0.37423428893089294 0.10185900330543518 0.026816243305802345 
v -0.37423428893089294 0.1095973327755928 -0.006440109573304653 
v -0.4424004852771759 0.1099412590265274 -0.006440109573304653 
v -0.4424004852771759 0.108393594622612 0.012113003991544247 
v -0.5112483501434326 0.1077057421207428 0.011171013116836548 
v -0.44137799739837646 0.10082722455263138 0.0257513839751482 
v -0.5095441937446594 0.09927955269813538 0.024317922070622444 
v -0.48977598547935486 -0.00045898501412011683 -0.03678857907652855 
v -0.5112483501434326 0.1095973327755928 -0.006440109573304653 
v -0.5432864427566528 0.1078777015209198 -0.006440109573304653 
v -0.5432864427566528 0.10581415146589279 0.010884320363402367 
v -0.556238055229187 0.10289077460765839 0.010884320363402367 
v -0.5415822863578796 0.09704403579235077 0.023867404088377953 
v -0.5545338988304138 0.09429262578487396 0.023867404088377953 
v -0.556238055229187 0.10478237271308899 -0.006440109573304653 
v -0.5668038129806519 0.10082722455263138 -0.006440109573304653 
v -0.5668038129806519 0.09910759329795837 0.010884320363402367 
v -0.5756654143333435 0.09532440453767776 0.011007188819348812 
v -0.564758837223053 0.09050944447517395 0.023867404088377953 
v -0.5739612579345703 0.08689822256565094 0.024072185158729553 
v -0.5756654143333435 0.09704403579235077 -0.006440109573304653 
v -0.5848678350448608 0.09394869953393936 -0.006440109573304653 
v -0.5848678350448608 0.09222906827926636 0.011334837414324284 
v -0.5947519540786743 0.09102533012628555 0.011867267079651356 
v -0.5831636786460876 0.08397484570741653 0.024645570665597916 
v -0.5927069783210754 0.08259914070367813 0.02558756060898304 
v -0.6032727360725403 0.08380288630723953 0.026652419939637184 
v -0.6053177118301392 0.09257299453020096 0.012481608428061008 
v -0.6162242889404297 0.09566833078861237 0.013095949776470661 
v -0.6053177118301392 0.09429262578487396 -0.006440109573304653 
v -0.6162242889404297 0.09755992144346237 -0.006440109573304653 
v -0.5947519540786743 0.09257299453020096 -0.006440109573304653 
v -0.6141793131828308 0.08638232946395874 0.02775823324918747 
v -0.6250858902931213 0.08947766572237015 0.028536399826407433 
v -0.6274717450141907 0.09945151954889297 0.013546466827392578 
v -0.6274717450141907 0.10117115080356598 -0.006440109573304653 
v -0.6373558044433594 0.10220292955636978 0.013874116353690624 
v -0.6373558044433594 0.10409452021121979 -0.006440109573304653 
v -0.645194947719574 0.10461040586233139 -0.006440109573304653 
v -0.6349700093269348 0.09171318262815475 0.029068829491734505 
v -0.6428090929985046 0.09205710887908936 0.029396478086709976 
v -0.645194947719574 0.10271881520748138 0.01403794065117836 
v -0.66973477602005 0.09807581454515457 0.014201764948666096 
v -0.6700755953788757 0.09996740520000458 -0.006440109573304653 
v -0.7314251661300659 0.08707018196582794 -0.006440109573304653 
v -0.7300618290901184 0.08500662446022034 0.014365589246153831 
v -0.7263126969337463 0.0721094012260437 0.02992890775203705 
v -0.8040221929550171 0.06815425306558609 0.014488457702100277 
v -0.7995913624763489 0.05353739857673645 0.03017464280128479 
v -0.8646900653839111 0.0359971709549427 0.03025655634701252 
v -0.8064079880714417 0.0702178105711937 -0.006440109573304653 
v -0.8721883893013 0.05388132482767105 -0.006440109573304653 
v -0.869461715221405 0.051817767322063446 0.014529413543641567 
v -0.920586347579956 0.03840465471148491 0.014529413543641567 
v -0.9154739379882812 0.022068167105317116 0.03025655634701252 
v -0.9229722023010254 0.040124282240867615 -0.006440109573304653 
v -0.9533061385154724 0.03135417029261589 -0.006440109573304653 
v -0.9509203433990479 0.029806502163410187 0.014529413543641567 
v -0.9689843654632568 0.02327190898358822 0.014529413543641567 
v -0.9458078742027283 0.013641981407999992 0.03025655634701252 
v -0.9638718962669373 0.007967201992869377 0.03025655634701252 
v -0.667008101940155 0.08672625571489334 0.029642214998602867 
v -0.9713702201843262 0.024647612124681473 -0.006440109573304653 
v -0.9853442907333374 0.017253203317523003 -0.006440109573304653 
v -0.9829584360122681 0.01604946330189705 0.014529413543641567 
v -0.9925017356872559 0.006935424171388149 0.014529413543641567 
v -0.9778459668159485 0.0012606449890881777 0.03025655634701252 
v -0.9873892664909363 -0.0068216160871088505 0.03025655634701252 
v -0.31799715757369995 0.10375059396028519 0.019075540825724602 
v -0.9533061385154724 0.03135417029261589 -0.006440109573304653 
v -0.9509203433990479 0.029806502163410187 -0.02736867591738701 
v -0.9458078742027283 0.013641981407999992 -0.043095819652080536 
v -0.920586347579956 0.03840465471148491 -0.02736867591738701 
v -0.9154739379882812 0.022068167105317116 -0.043095819652080536 
v -0.8646900653839111 0.0359971709549427 -0.043095819652080536 
v -0.9229722023010254 0.040124282240867615 -0.006440109573304653 
v -0.8721883893013 0.05388132482767105 -0.006440109573304653 
v -0.869461715221405 0.051817767322063446 -0.02736867591738701 
v -0.8040221929550171 0.06815425306558609 -0.02732772007584572 
v -0.7995913624763489 0.05353739857673645 -0.043013907968997955 
v -0.8064079880714417 0.0702178105711937 -0.006440109573304653 
v -0.7314251661300659 0.08707018196582794 -0.006440109573304653 
v -0.7300618290901184 0.08500662446022034 -0.027204852551221848 
v -0.66973477602005 0.09807581454515457 -0.027041027322411537 
v -0.7263126969337463 0.0721094012260437 -0.042768169194459915 
v -0.667008101940155 0.08672625571489334 -0.04248147830367088 
v -0.6700755953788757 0.09996740520000458 -0.006440109573304653 
v -0.645194947719574 0.10461040586233139 -0.006440109573304653 
v -0.645194947719574 0.10271881520748138 -0.026877203956246376 
v -0.6373558044433594 0.10220292955636978 -0.026713378727436066 
v -0.6428090929985046 0.09205710887908936 -0.04223573952913284 
v -0.6349700093269348 0.09171318262815475 -0.04190809279680252 
v -0.6373558044433594 0.10409452021121979 -0.006440109573304653 
v -0.6274717450141907 0.10117115080356598 -0.006440109573304653 
v -0.6274717450141907 0.09945151954889297 -0.026385730132460594 
v -0.6162242889404297 0.09566833078861237 -0.025935214012861252 
v -0.6250858902931213 0.08947766572237015 -0.04137566313147545 
v -0.6141793131828308 0.08638232946395874 -0.040597498416900635 
v -0.6032727360725403 0.08380288630723953 -0.0394916832447052 
v -0.6053177118301392 0.09257299453020096 -0.0253208726644516 
v -0.5947519540786743 0.09102533012628555 -0.024706529453396797 
v -0.6053177118301392 0.09429262578487396 -0.006440109573304653 
v -0.5947519540786743 0.09257299453020096 -0.006440109573304653 
v -0.6162242889404297 0.09755992144346237 -0.006440109573304653 
v -0.9638718962669373 0.007967201992869377 -0.043095819652080536 
v -0.5927069783210754 0.08259914070367813 -0.038426823914051056 
v -0.5831636786460876 0.08397484570741653 -0.03748483210802078 
v -0.5848678350448608 0.09222906827926636 -0.024174101650714874 
v -0.5848678350448608 0.09394869953393936 -0.006440109573304653 
v -0.5756654143333435 0.09532440453767776 -0.023846453055739403 
v -0.5756654143333435 0.09704403579235077 -0.006440109573304653 
v -0.5668038129806519 0.10082722455263138 -0.006440109573304653 
v -0.5739612579345703 0.08689822256565094 -0.03691144660115242 
v -0.564758837223053 0.09050944447517395 -0.03670666739344597 
v -0.5668038129806519 0.09910759329795837 -0.023723583668470383 
v -0.556238055229187 0.10289077460765839 -0.023723583668470383 
v -0.556238055229187 0.10478237271308899 -0.006440109573304653 
v -0.5432864427566528 0.1078777015209198 -0.006440109573304653 
v -0.5432864427566528 0.10581415146589279 -0.023723583668470383 
v -0.5415822863578796 0.09704403579235077 -0.03670666739344597 
v -0.5112483501434326 0.1077057421207428 -0.024010276421904564 
v -0.5095441937446594 0.09927955269813538 -0.03715718537569046 
v -0.44137799739837646 0.10082722455263138 -0.03859064728021622 
v -0.5112483501434326 0.1095973327755928 -0.006440109573304653 
v -0.4424004852771759 0.1099412590265274 -0.006440109573304653 
v -0.4424004852771759 0.108393594622612 -0.024952266365289688 
v -0.37423428893089294 0.1082216277718544 -0.02564852125942707 
v -0.37423428893089294 0.10185900330543518 -0.03965550661087036 
v -0.37423428893089294 0.1095973327755928 -0.006440109573304653 
v -0.3445819914340973 0.1095973327755928 -0.006440109573304653 
v -0.3445819914340973 0.1082216277718544 -0.02540278434753418 
v -0.33435705304145813 0.1082216277718544 -0.024501750245690346 
v -0.3445819914340973 0.10237488895654678 -0.03912307694554329 
v -0.33435705304145813 0.10289077460765839 -0.03756674751639366 
v -0.5545338988304138 0.09429262578487396 -0.03670666739344597 
v -0.3043639361858368 0.1080496683716774 -0.006440109573304653 
v -0.3043639361858368 0.1063300371170044 -0.014098900370299816 
v -0.31015804409980774 0.1095973327755928 -0.006440109573304653 
v -0.31015804409980774 0.1078777015209198 -0.017539212480187416 
v -0.31799715757369995 0.1082216277718544 -0.021266218274831772 
v -0.31015804409980774 0.10443844646215439 -0.02560756541788578 
v -0.31799715757369995 0.10375059396028519 -0.03191480413079262 
v -0.32583627104759216 0.10323470085859299 -0.035518940538167953 
v -0.32583627104759216 0.1082216277718544 -0.02335497923195362 
v -0.32583627104759216 0.1095973327755928 -0.006440109573304653 
v -0.33435705304145813 0.1095973327755928 -0.006440109573304653 
v -0.9638718962669373 0.007967201992869377 0.03025655634701252 
v -0.31799715757369995 0.1095973327755928 -0.006440109573304653 
v -0.3023189306259155 0.09773188829421997 -0.006440109573304653 
v -0.3057272434234619 0.10409452021121979 -0.020037535578012466 
v -0.9597819447517395 -0.21506880223751068 0.03025655634701252 
v -0.9948875308036804 0.007967201992869377 -0.006440109573304653 
v -0.3057272434234619 0.10409452021121979 0.007198271807283163 
v -0.9744376540184021 -0.19305755198001862 0.026201901957392693 
v -0.31799715757369995 0.05061402544379234 -0.006440109573304653 
v -0.9597819447517395 -0.21506880223751068 -0.043095819652080536 
v -0.3057272434234619 0.10409452021121979 -0.020037535578012466 
v -0.9591003060340881 -0.23965951800346375 -0.006440109573304653 
v -0.9744376540184021 -0.19305755198001862 -0.03904116526246071 
vn -0.9146484732627869 -0.10915810614824295 0.3892335295677185 
vn -0.8841776251792908 -0.14271306991577148 0.44481781125068665 
vn -0.6740279793739319 0.10885472595691681 0.7306414246559143 
vn -0.44485732913017273 -0.04133325070142746 0.8946471214294434 
vn -0.06790435314178467 0.054828938096761703 0.9961841106414795 
vn -0.38819748163223267 -0.048737652599811554 0.9202865362167358 
vn 0 0 1 
vn -0.021678181365132332 -0.057160668075084686 0.9981296062469482 
vn 0 0 1 
vn 0.0018290365114808083 -0.05237675458192825 0.9986256957054138 
vn 0.009100671857595444 -0.05161247402429581 0.9986256957054138 
vn -0.0018831010675057769 -0.38721561431884766 0.9219872951507568 
vn 0.07650010287761688 -0.37135061621665955 0.9253358840942383 
vn 0 0 1 
vn -0.021678181365132332 0.057160668075084686 0.9981296062469482 
vn -0.03484489023685455 0.055455323308706284 0.9978529810905457 
vn -0.26466742157936096 0.39313453435897827 0.8805659413337708 
vn -0.44763901829719543 0.3177817165851593 0.8358433246612549 
vn 0.9259227514266968 -0.24614782631397247 0.2864931523799896 
vn 0.9043009877204895 -0.09036863595247269 0.417220801115036 
vn 0.8797768950462341 -0.28942808508872986 0.37712597846984863 
vn 0.767996072769165 -0.1052277460694313 0.6317508816719055 
vn 0.6205251216888428 -0.12727291882038116 0.7737894654273987 
vn 0.7191281318664551 -0.03768790885806084 0.6938546895980835 
vn 0.5537541508674622 -0.05264781787991524 0.8310141563415527 
vn 0.5345972180366516 0.06009935960173607 0.8429672718048096 
vn 0.3702751398086548 -0.059979964047670364 0.926983654499054 
vn 0.34672999382019043 0.05244220420718193 0.9364978075027466 
vn 0.20852220058441162 0.05910087749361992 0.976230263710022 
vn 0.22537319362163544 0.6204326748847961 0.7511792182922363 
vn 0.11999284476041794 0.6322452425956726 0.7654199600219727 
vn 0.23658792674541473 -0.05207693949341774 0.9702134728431702 
vn 0.29756489396095276 -0.1522505134344101 0.9424833655357361 
vn 0.44209524989128113 -0.14800021052360535 0.8846737742424011 
vn 0.6404731869697571 -0.4783816635608673 0.6007870435714722 
vn 0.787369430065155 -0.3725937306880951 0.4911448359489441 
vn 0.787369430065155 -0.3725937306880951 0.4911448359489441 
vn 0.8522316217422485 -0.5036575794219971 0.1415284425020218 
vn 0.8797768950462341 -0.28942808508872986 0.37712597846984863 
vn 0.9178674221038818 -0.3822347819805145 0.10684575140476227 
vn 0.9582676887512207 -0.26849400997161865 0.0981530249118805 
vn 0.9179922342300415 -0.3965924084186554 0.002184694167226553 
vn 0.9591029286384583 -0.283049076795578 0.002184694167226553 
vn 0.855779230594635 -0.5173366069793701 0.002184694167226553 
vn 0.9258424639701843 -0.24644966423511505 -0.2864931523799896 
vn 0.8797768950462341 -0.28942808508872986 -0.37712597846984863 
vn 0.9042890667915344 -0.0904877707362175 -0.417220801115036 
vn 0.7679738402366638 -0.10538987815380096 -0.6317508816719055 
vn 0.7191248536109924 -0.03775076940655708 -0.6938546895980835 
vn 0.620476245880127 -0.12751111388206482 -0.7737894654273987 
vn 0.5537325143814087 -0.05287504196166992 -0.8310141563415527 
vn 0.3713808059692383 -0.05270271375775337 -0.926983654499054 
vn 0.5345670580863953 0.06036712974309921 -0.8429672718048096 
vn 0.34667569398880005 0.05279989540576935 -0.9364978075027466 
vn 0.22399123013019562 0.620932936668396 -0.7511792182922363 
vn 0.2083398550748825 0.059740494936704636 -0.976230263710022 
vn 0.12577833235263824 0.6311197280883789 -0.7654199600219727 
vn 0.049087706953287125 0.6213096380233765 -0.7820260524749756 
vn 0.441847562789917 -0.1487380713224411 -0.8846737742424011 
vn 0.29730546474456787 -0.1527564972639084 -0.9424833655357361 
vn 0.23647509515285492 -0.052586860954761505 -0.9702134728431702 
vn 0.11363495886325836 -0.04450134187936783 -0.9925254583358765 
vn 0.0982593521475792 0.06479518115520477 -0.9930492043495178 
vn 0.0037817833945155144 0.06975089013576508 -0.9975572824478149 
vn -0.0037756874226033688 0.6129299402236938 -0.790128231048584 
vn -0.022675948217511177 0.5915846228599548 -0.8059239983558655 
vn 0.6400113701820374 -0.4789993166923523 -0.6007870435714722 
vn 0.787369430065155 -0.3725937306880951 -0.4911448359489441 
vn 0.5042421221733093 -0.5389492511749268 -0.67473965883255 
vn 0.3364046812057495 -0.5977922677993774 -0.7276512384414673 
vn 0.1664680540561676 -0.151755690574646 -0.9742990136146545 
vn 0.05003105103969574 -0.13930140435695648 -0.9889853596687317 
vn 0.021840007975697517 -0.037828002125024796 -0.9990455508232117 
vn -0.0037933827843517065 -0.02151334285736084 -0.9997613430023193 
vn -0.013158450834453106 0.08187244832515717 -0.9965559244155884 
vn -0.015081559307873249 0.09037882834672928 -0.9957932829856873 
vn -0.03968441113829613 0.5657060146331787 -0.8236515522003174 
vn 0.17341600358486176 -0.6021840572357178 -0.7792953848838806 
vn 0.12383697181940079 -0.57169508934021 -0.8110666871070862 
vn 0.017093420028686523 -0.11645226925611496 -0.9930492043495178 
vn 0.01325214933604002 -0.09944784641265869 -0.994954526424408 
vn -0.0106044327840209 -0.007704571355134249 -0.9999141097068787 
vn -0.002184688812121749 -0.0037839922588318586 -0.9999904632568359 
vn -0.017083996906876564 0.09444595128297806 -0.9953833818435669 
vn -0.02453373745083809 0.09279006719589233 -0.9953833818435669 
vn -0.0829152911901474 0.5573582649230957 -0.8261215686798096 
vn -0.15492890775203705 0.5380141735076904 -0.8285757899284363 
vn 0.11265666037797928 -0.537284255027771 -0.8358433246612549 
vn 0.11256096512079239 -0.522284746170044 -0.8453097939491272 
vn 0.015081559307873249 -0.09037882834672928 -0.9957932829856873 
vn 0.022493472322821617 -0.08882471174001694 -0.9957932829856873 
vn -2.0682311115474694e-13 0 -1 
vn 0.013107799924910069 0 -0.9999141097068787 
vn -0.02453373745083809 0.09279006719589233 -0.9953833818435669 
vn 0.01325214933604002 0.09944784641265869 -0.994954526424408 
vn -0.1908966600894928 0.5263274908065796 -0.8285757899284363 
vn -0.16033971309661865 0.5326411724090576 -0.8310141563415527 
vn 0.12174661457538605 -0.5164209604263306 -0.8476362228393555 
vn 0.12729595601558685 -0.5188902020454407 -0.8453097939491272 
vn 0.0297517329454422 -0.08666383475065231 -0.9957932829856873 
vn 0.06776406615972519 -0.0797780230641365 -0.9945066571235657 
vn 0.045693326741456985 0.014846661128103733 -0.9988451600074768 
vn 0.08882471174001694 0.022493472322821617 -0.9957932829856873 
vn 0.06535334885120392 0.11319531500339508 -0.991421103477478 
vn 0.10619059950113297 0.12096703797578812 -0.986960232257843 
vn -0.056639160960912704 0.5533601641654968 -0.8310141563415527 
vn 0.07167647778987885 0.5661706328392029 -0.8211658596992493 
vn 0.15292824804782867 -0.5196056365966797 -0.8406086564064026 
vn 0.20290300250053406 -0.502202570438385 -0.8406086564064026 
vn 0.10920384526252747 -0.07182449847459793 -0.991421103477478 
vn 0.13724757730960846 -0.06609494984149933 -0.9883291721343994 
vn 0.11377137899398804 0.030156075954437256 -0.9930492043495178 
vn 0.1182791069149971 0.03005538508296013 -0.9925254583358765 
vn 0.12329546362161636 0.1286441832780838 -0.9839963912963867 
vn 0.11789264529943466 0.12190010398626328 -0.9855159521102905 
vn 0.18043403327465057 0.5748812556266785 -0.7980946898460388 
vn 0.2143518626689911 0.566838264465332 -0.7954543828964233 
vn 0.26790738105773926 -0.47915711998939514 -0.8358433246612549 
vn 0.32009992003440857 -0.46374478936195374 -0.8261215686798096 
vn 0.1496046632528305 -0.05939624458551407 -0.986960232257843 
vn 0.13264457881450653 -0.06567651778459549 -0.9889853596687317 
vn 0.10222610831260681 0.022501667961478233 -0.9945066571235657 
vn 0.07528745383024216 0.022466178983449936 -0.9969087839126587 
vn 0.08972953259944916 0.117714062333107 -0.9889853596687317 
vn 0.05988446623086929 0.11128398030996323 -0.9919826984405518 
vn 0.19834817945957184 0.5615333318710327 -0.8033295273780823 
vn 0.11829020082950592 0.5692436695098877 -0.8136147856712341 
vn 0.32139039039611816 -0.45844346284866333 -0.8285757899284363 
vn 0.3015812933444977 -0.4543263912200928 -0.838234007358551 
vn 0.10848522186279297 -0.0648168995976448 -0.9919826984405518 
vn 0.09345868229866028 -0.06415574997663498 -0.9935539960861206 
vn 0.05475441366434097 0.014998783357441425 -0.9983872175216675 
vn 0.0296202152967453 0.007605178747326136 -0.9995322823524475 
vn 0.02073531225323677 0.09816078841686249 -0.994954526424408 
vn -0.013227474875748158 0.07744652032852173 -0.9969087839126587 
vn -0.024577056989073753 0.5520681142807007 -0.8334367275238037 
vn -0.10865180194377899 0.5002715587615967 -0.8590245246887207 
vn 0.2865349352359772 -0.45094239711761475 -0.8453097939491272 
vn 0.27908504009246826 -0.4380757510662079 -0.8545181155204773 
vn 0.06718908995389938 -0.06853850185871124 -0.9953833818435669 
vn 0.050059832632541656 -0.07149285078048706 -0.9961841106414795 
vn 0.008738672360777855 0 -0.999961793422699 
vn 0.004369377624243498 0 -0.9999904632568359 
vn -0.018687747418880463 0.06730718165636063 -0.9975572824478149 
vn -0.01878388039767742 0.06274253129959106 -0.9978529810905457 
vn -0.11242740601301193 0.46829384565353394 -0.8763908743858337 
vn -0.10658494383096695 0.43789324164390564 -0.8926864862442017 
vn 0.2753274738788605 -0.43159201741218567 -0.8590245246887207 
vn 0.2629130184650421 -0.41259315609931946 -0.872148871421814 
vn 0.0446317084133625 -0.06466019153594971 -0.9969087839126587 
vn 0.039200786501169205 -0.05781683698296547 -0.9975572824478149 
vn 0.004369377624243498 0 -0.9999904632568359 
vn -2.0682311115474694e-13 0 -1 
vn -0.016820024698972702 0.054222650825977325 -0.9983872175216675 
vn -0.016820024698972702 0.054222650825977325 -0.9983872175216675 
vn -0.11389070004224777 0.4116588234901428 -0.9041935205459595 
vn -0.11020725965499878 0.40034225583076477 -0.9097144603729248 
vn 0.23898135125637054 -0.39124825596809387 -0.888714075088501 
vn 0.2133471816778183 -0.37457185983657837 -0.9023185968399048 
vn 0.0260293111205101 -0.05531509965658188 -0.9981296062469482 
vn 0.020404137670993805 -0.052978113293647766 -0.9983872175216675 
vn -2.0682311115474694e-13 0 -1 
vn -2.0682311115474694e-13 0 -1 
vn -0.016820024698972702 0.054222650825977325 -0.9983872175216675 
vn -0.018891241401433945 0.05814126133918762 -0.9981296062469482 
vn -0.12644843757152557 0.4038342535495758 -0.9060511589050293 
vn -0.16753803193569183 0.40570661425590515 -0.8985171914100647 
vn 0.17892315983772278 -0.37029391527175903 -0.9115201234817505 
vn 0.12807199358940125 -0.36968934535980225 -0.9202865362167358 
vn 0.01325590442866087 -0.05070454254746437 -0.9986256957054138 
vn 0.01325590442866087 -0.05070454254746437 -0.9986256957054138 
vn -2.0682311115474694e-13 0 -1 
vn -2.0682311115474694e-13 0 -1 
vn -0.03274698182940483 0.05671943724155426 -0.9978529810905457 
vn -0.06685779243707657 0.05610034987330437 -0.9961841106414795 
vn -0.2668219804763794 0.3916754126548767 -0.8805659413337708 
vn -0.4467769265174866 0.31899258494377136 -0.8358433246612549 
vn 0.08067777752876282 -0.3704654574394226 -0.9253358840942383 
vn 0.0037778534460812807 -0.3872017562389374 -0.9219872951507568 
vn 0.005732000805437565 -0.05209427699446678 -0.9986256957054138 
vn -0.018891241401433945 -0.05814126133918762 -0.9981296062469482 
vn -2.0682311115474694e-13 0 -1 
vn -0.3881599009037018 -0.04903599992394447 -0.9202865362167358 
vn -0.4448366165161133 -0.04155542701482773 -0.8946471214294434 
vn -0.8835365176200867 -0.14663006365299225 -0.44481781125068665 
vn -0.6745901107788086 0.10531521588563919 -0.7306414246559143 
vn -0.9141755700111389 -0.113050177693367 -0.3892335295677185 
vn -0.183345228433609 -0.40312477946281433 -0.8965907096862793 
vn -0.5624091625213623 -0.28401806950569153 -0.7765498161315918 
vn -0.40903496742248535 -0.07148398458957672 -0.9097144603729248 
vn -0.8844950199127197 -0.07548662275075912 -0.46040233969688416 
vn -0.8834349513053894 -0.10551230609416962 -0.456519216299057 
vn -0.38268253207206726 -0.9238772988319397 0.002184694167226553 
vn -0.32941997051239014 -0.8063865303993225 0.4911448359489441 
vn -0.7964062690734863 -0.604758083820343 0.002184694167226553 
vn -0.7371528148651123 -0.552361249923706 0.3892335295677185 
vn -0.9605649709701538 -0.19130884110927582 0.2017817199230194 
vn -0.5609553456306458 -0.28687888383865356 0.7765498161315918 
vn -0.8927997350692749 -0.12403635680675507 0.43303996324539185 
vn -0.17898166179656982 -0.40508100390434265 0.8965907096862793 
vn 0.8915722370147705 -0.01508061308413744 0.45262736082077026 
vn 0.8764296174049377 0.1277429461479187 0.4642767012119293 
vn 0.7038685083389282 0.07524289935827255 0.7063339352607727 
vn 0.5481444597244263 0.5854777693748474 0.5972883701324463 
vn 0.3821909427642822 0.6067361235618591 0.6969945430755615 
vn 0.8915718793869019 -0.015100935474038124 -0.45262736082077026 
vn 0.8764045238494873 0.12791506946086884 -0.4642767012119293 
vn 0.7038548588752747 0.07537016272544861 -0.7063339352607727 
vn 0.5474257469177246 0.5861498713493347 -0.5972883701324463 
vn 0.38013505935668945 0.6080262660980225 -0.6969945430755615 
vn 0.7145589590072632 0.5163552165031433 -0.4719987213611603 
vn -0.9792816638946533 -0.20249100029468536 0.002184694167226553 
vn -0.9976887702941895 -0.06791467219591141 0.002184694167226553 
vn -0.9869776368141174 -0.06783986836671829 0.1458524912595749 
vn -0.8848161697387695 -0.07162390649318695 0.46040233969688416 
vn -0.9828421473503113 -0.11290869116783142 0.1458524912595749 
vn -0.883890688419342 -0.10162410885095596 0.456519216299057 
vn -0.8841776251792908 -0.14271306991577148 0.44481781125068665 
vn -0.9935884475708008 -0.11303620040416718 0.002184694167226553 
vn -0.9849507808685303 -0.17282135784626007 0.002184694167226553 
vn -0.972764790058136 -0.17280276119709015 0.15449213981628418 
vn -0.9786353707313538 -0.09046094119548798 0.18463370203971863 
vn -0.9146484732627869 -0.10915810614824295 0.3892335295677185 
vn -0.6740279793739319 0.10885472595691681 0.7306414246559143 
vn -0.9288756847381592 0.2241668403148651 0.2948545813560486 
vn -0.9807829260826111 0.19508986175060272 0.002184694167226553 
vn -0.7430211901664734 0.5528973937034607 0.37712597846984863 
vn -0.8229818940162659 0.5680633783340454 0.002184694167226553 
vn -0.44763901829719543 0.3177817165851593 0.8358433246612549 
vn -0.883890688419342 -0.10162410885095596 0.456519216299057 
vn -0.8848161697387695 -0.07162390649318695 0.46040233969688416 
vn -0.40910604596138 -0.07107605785131454 0.9097144603729248 
vn -0.5609553456306458 -0.28687888383865356 0.7765498161315918 
vn -0.17898166179656982 -0.40508100390434265 0.8965907096862793 
vn -0.38268253207206726 -0.9238772988319397 0.002184694167226553 
vn -0.7964062690734863 -0.604758083820343 0.002184694167226553 
vn -0.32941997051239014 -0.8063865303993225 -0.4911448359489441 
vn -0.7344147562980652 -0.5559966564178467 -0.3892335295677185 
vn -0.5624091625213623 -0.28401806950569153 -0.7765498161315918 
vn -0.9605649709701538 -0.19130884110927582 -0.2017817199230194 
vn -0.892248809337616 -0.12793923914432526 -0.43303996324539185 
vn -0.8844950199127197 -0.07548662275075912 -0.46040233969688416 
vn -0.9792816638946533 -0.20249100029468536 0.002184694167226553 
vn -0.9976887702941895 -0.06791467219591141 0.002184694167226553 
vn -0.986705482006073 -0.0716891810297966 -0.1458524912595749 
vn -0.9823877811431885 -0.11679613590240479 -0.1458524912595749 
vn -0.8834349513053894 -0.10551230609416962 -0.456519216299057 
vn -0.9935884475708008 -0.11303620040416718 0.002184694167226553 
vn -0.9849507808685303 -0.17282135784626007 0.002184694167226553 
vn -0.972764790058136 -0.17280276119709015 -0.15449213981628418 
vn -0.9786353707313538 -0.09046094119548798 -0.18463370203971863 
vn -0.8835365176200867 -0.14663006365299225 -0.44481781125068665 
vn -0.9141755700111389 -0.113050177693367 -0.3892335295677185 
vn 0.7105578780174255 0.5218474268913269 0.4719987213611603 
vn 0.6835709810256958 0.6862406134605408 0.24860523641109467 
vn 0.5481444597244263 0.5854777693748474 0.5972883701324463 
vn 0.26074063777923584 0.9293798804283142 0.2612801790237427 
vn 0.10925322771072388 0.96242356300354 0.24860523641109467 
vn 0.17282135784626007 0.9849507808685303 0.002184694167226553 
vn 0.0302029550075531 0.9995414018630981 0.002184694167226553 
vn 0.6343917846679688 0.7730085849761963 0.002184694167226553 
vn 0.6343917846679688 0.7730085849761963 0.002184694167226553 
vn 0.9709395170211792 0.23931509256362915 0.002184694167226553 
vn 0.6835709810256958 0.6862406134605408 -0.24860523641109467 
vn 0.9663839340209961 0.19511406123638153 -0.16742929816246033 
vn 0.8764045238494873 0.12791506946086884 -0.4642767012119293 
vn 0.9899342060089111 0 -0.1415284425020218 
vn 0.8915718793869019 -0.015100935474038124 -0.45262736082077026 
vn 0.9042890667915344 -0.0904877707362175 -0.417220801115036 
vn 0.999997615814209 0 0.002184694167226553 
vn 0.9944137930870056 -0.10552956163883209 0.002184694167226553 
vn 0.9881254434585571 -0.09044857323169708 -0.1242060661315918 
vn 0.9582676887512207 -0.26849400997161865 -0.0981530249118805 
vn 0.9258424639701843 -0.24644966423511505 -0.2864931523799896 
vn 0.9591029286384583 -0.283049076795578 0.002184694167226553 
vn 0.9179922342300415 -0.3965924084186554 0.002184694167226553 
vn 0.9176849126815796 -0.38267266750335693 -0.10684575140476227 
vn 0.8522316217422485 -0.5036575794219971 -0.1415284425020218 
vn 0.8797768950462341 -0.28942808508872986 -0.37712597846984863 
vn 0.787369430065155 -0.3725937306880951 -0.4911448359489441 
vn 0.5049591064453125 -0.5382775664329529 0.67473965883255 
vn 0.33861425518989563 -0.5965434312820435 0.7276512384414673 
vn 0.1625567227602005 -0.15593817830085754 0.9742990136146545 
vn 0.11107984185218811 -0.05054246261715889 0.9925254583358765 
vn 0.052753761410713196 -0.13829326629638672 0.9889853596687317 
vn 0.017546063289046288 -0.04000099375844002 0.9990455508232117 
vn -0.006750544533133507 -0.020776038989424706 0.9997613430023193 
vn 0.005573325324803591 0.06963064521551132 0.9975572824478149 
vn -0.011131040751934052 0.08217263966798782 0.9965559244155884 
vn -0.018821552395820618 0.5917198061943054 0.8059239983558655 
vn -0.01832805946469307 0.08977676928043365 0.9957932829856873 
vn -0.03575862944126129 0.5659676790237427 0.8236515522003174 
vn -0.08628900349140167 0.5568459630012512 0.8261215686798096 
vn 0.09901563823223114 0.06363348662853241 0.9930492043495178 
vn 0.052652131766080856 0.6210177540779114 0.7820260524749756 
vn -0.009420434944331646 0.6128692030906677 0.790128231048584 
vn -0.8229818940162659 0.5680633783340454 0.002184694167226553 
vn -0.7430211901664734 0.5528973937034607 -0.37712597846984863 
vn -0.9807829260826111 0.19508986175060272 0.002184694167226553 
vn -0.9296885132789612 0.2207714021205902 -0.2948545813560486 
vn -0.6745901107788086 0.10531521588563919 -0.7306414246559143 
vn -0.4467769265174866 0.31899258494377136 -0.8358433246612549 
vn 0.17490410804748535 -0.6017534732818604 0.7792953848838806 
vn 0.127015620470047 -0.5709972977638245 0.8110666871070862 
vn 0.020438410341739655 -0.11591198295354843 0.9930492043495178 
vn 0.016609512269496918 -0.09894249588251114 0.994954526424408 
vn -0.006553899962455034 -0.011351687833666801 0.9999141097068787 
vn -0.0035349009558558464 -0.002568255877122283 0.9999904632568359 
vn -0.020319050177931786 0.09380318224430084 0.9953833818435669 
vn -0.027526985853910446 0.09194653481245041 0.9953833818435669 
vn -0.15789982676506042 0.5371497273445129 0.8285757899284363 
vn 0 0 1 
vn 0.01832805946469307 -0.08977676928043365 0.9957932829856873 
vn 0.01832805946469307 -0.08977676928043365 0.9957932829856873 
vn 0.11574064195156097 -0.5215892791748047 0.8453097939491272 
vn 0.1084829568862915 -0.5381425023078918 0.8358433246612549 
vn -0.9951823353767395 -0.0980169028043747 0.002184694167226553 
vn 0.855779230594635 -0.5173366069793701 0.002184694167226553 
vn 0.8522316217422485 -0.5036575794219971 0.1415284425020218 
vn 0.733294665813446 -0.6799074411392212 0.002184694167226553 
vn 0.7262985706329346 -0.6609063744544983 0.18892620503902435 
vn 0.6018555164337158 -0.766800582408905 0.22312943637371063 
vn 0.6404731869697571 -0.4783816635608673 0.6007870435714722 
vn 0.5049591064453125 -0.5382775664329529 0.67473965883255 
vn 0.787369430065155 -0.3725937306880951 0.4911448359489441 
vn 0.6343917846679688 0.7730085849761963 0.002184694167226553 
vn 0.6835709810256958 0.6862406134605408 0.24860523641109467 
vn 0.9709395170211792 0.23931509256362915 0.002184694167226553 
vn 0.9664312601089478 0.19487954676151276 0.16742929816246033 
vn 0.9899342060089111 0 0.1415284425020218 
vn 0.8764296174049377 0.1277429461479187 0.4642767012119293 
vn 0.8915722370147705 -0.01508061308413744 0.45262736082077026 
vn 0.9043009877204895 -0.09036863595247269 0.417220801115036 
vn 0.9881254434585571 -0.09044857323169708 0.1242060661315918 
vn 0.9944137930870056 -0.10552956163883209 0.002184694167226553 
vn 0.9259227514266968 -0.24614782631397247 0.2864931523799896 
vn 0.6107551455497742 -0.7918164730072021 0.002184694167226553 
vn 0.4512958228588104 -0.8923717141151428 0.002184694167226553 
vn 0.43620264530181885 -0.8610806465148926 0.2612801790237427 
vn 0.33861425518989563 -0.5965434312820435 0.7276512384414673 
vn 0.26455751061439514 -0.9168381690979004 0.2990269064903259 
vn 0.17490410804748535 -0.6017534732818604 0.7792953848838806 
vn 0.127015620470047 -0.5709972977638245 0.8110666871070862 
vn 0.283049076795578 -0.9591029286384583 0.002184694167226553 
vn 0.23197589814662933 -0.9727190732955933 0.002184694167226553 
vn 0.20955929160118103 -0.9181392192840576 0.3363112509250641 
vn 0.20576493442058563 -0.9063588976860046 0.3690181374549866 
vn 0.1084829568862915 -0.5381425023078918 0.8358433246612549 
vn 0.11574064195156097 -0.5215892791748047 0.8453097939491272 
vn 0.20219342410564423 -0.9004082083702087 0.3852050006389618 
vn 0.22462347149848938 -0.9744431972503662 0.002184694167226553 
vn 0.2075992375612259 -0.8974407315254211 0.3892335295677185 
vn 0.22462347149848938 -0.9744431972503662 0.002184694167226553 
vn 0.22462347149848938 -0.9744431972503662 0.002184694167226553 
vn 0.11754057556390762 -0.517394483089447 0.8476362228393555 
vn 0.13038891553878784 -0.5181216597557068 0.8453097939491272 
vn 0.2075992375612259 -0.8974407315254211 0.3892335295677185 
vn 0.2168985903263092 -0.8969794511795044 0.3852050006389618 
vn 0.22462347149848938 -0.9744431972503662 0.002184694167226553 
vn 0.1558791548013687 -0.5187280178070068 0.8406086564064026 
vn 0.1985517144203186 -0.5039387345314026 0.8406086564064026 
vn 0.2640802562236786 -0.8859862685203552 0.3811691105365753 
vn 0.3754176199436188 -0.8484551906585693 0.37307560443878174 
vn 0.2685312330722809 -0.963268518447876 0.002184694167226553 
vn 0.38964858651161194 -0.9209610223770142 0.002184694167226553 
vn 0.7105578780174255 0.5218474268913269 0.4719987213611603 
vn 0.22462347149848938 -0.9744431972503662 0.002184694167226553 
vn -0.4467769265174866 0.31899258494377136 -0.8358433246612549 
vn -0.7430211901664734 0.5528973937034607 -0.37712597846984863 
vn -0.2668219804763794 0.3916754126548767 -0.8805659413337708 
vn -0.5181711316108704 0.7466093301773071 -0.417220801115036 
vn -0.3562457263469696 0.8279887437820435 -0.43303996324539185 
vn -0.5926607847213745 0.8054491877555847 0.002184694167226553 
vn -0.4104118347167969 0.9118976593017578 0.002184694167226553 
vn -0.8229818940162659 0.5680633783340454 0.002184694167226553 
vn -0.9951823353767395 -0.0980169028043747 0.002184694167226553 
vn 0.49125343561172485 -0.8710139393806458 0.002184694167226553 
vn 0.46303632855415344 -0.8095439672470093 0.36088213324546814 
vn 0.4860572814941406 -0.7940763235092163 0.3649536371231079 
vn 0.3220047652721405 -0.4624241888523102 0.8261215686798096 
vn 0.323271244764328 -0.4571191370487213 0.8285757899284363 
vn 0.27012449502944946 -0.47791072726249695 0.8358433246612549 
vn 0.5173366069793701 -0.855779230594635 0.002184694167226553 
vn 0.5173366069793701 -0.855779230594635 0.002184694167226553 
vn 0.48228058218955994 -0.7926033139228821 0.37307560443878174 
vn 0.30354511737823486 -0.4530166685581207 0.838234007358551 
vn 0.4774121940135956 -0.791699230670929 0.3811691105365753 
vn 0.2885637581348419 -0.44964680075645447 0.8453097939491272 
vn 0.2800996005535126 -0.43742772936820984 0.8545181155204773 
vn 0.5173366069793701 -0.855779230594635 0.002184694167226553 
vn 0.5302026271820068 -0.8478681445121765 0.002184694167226553 
vn 0.48731741309165955 -0.7836701273918152 0.3852050006389618 
vn 0.49621570110321045 -0.7740289568901062 0.3932546079158783 
vn 0.27634042501449585 -0.4309441149234772 0.8590245246887207 
vn 0.25755199790000916 -0.41596075892448425 0.872148871421814 
vn 0.49271252751350403 -0.7679440379142761 0.40926313400268555 
vn 0.5365904569625854 -0.8438400030136108 0.002184694167226553 
vn 0.4712080955505371 -0.7684004902839661 0.43303996324539185 
vn 0.5237845182418823 -0.8518480062484741 0.002184694167226553 
vn 0.5043525099754333 -0.8634950518608093 0.002184694167226553 
vn 0.2346372753381729 -0.3938688039779663 0.888714075088501 
vn 0.20898674428462982 -0.37702205777168274 0.9023185968399048 
vn 0.4449441134929657 -0.7681499719619751 0.46040233969688416 
vn 0.3912113904953003 -0.7806786298751831 0.48733407258987427 
vn 0.4512958228588104 -0.8923717141151428 0.002184694167226553 
vn 0.18013206124305725 -0.3697073459625244 0.9115201234817505 
vn 0.13086597621440887 -0.3687095642089844 0.9202865362167358 
vn 0.2957611382007599 -0.80769282579422 0.5100564956665039 
vn 0.1741235852241516 -0.8330932855606079 0.5250110030174255 
vn 0.34044185280799866 -0.940263032913208 0.002184694167226553 
vn 0.20988060534000397 -0.9777246117591858 0.002184694167226553 
vn 0.5429477095603943 -0.8397637009620667 0.002184694167226553 
vn 0.07650010287761688 -0.37135061621665955 0.9253358840942383 
vn -0.0018831010675057769 -0.38721561431884766 0.9219872951507568 
vn -0.005656788591295481 -0.8510766625404358 0.5250110030174255 
vn -0.32941997051239014 -0.8063865303993225 0.4911448359489441 
vn -0.007551815826445818 -0.9999691247940063 0.002184694167226553 
vn -0.38268253207206726 -0.9238772988319397 0.002184694167226553 
vn 0.11754057556390762 -0.517394483089447 0.8476362228393555 
vn 0.13038891553878784 -0.5181216597557068 0.8453097939491272 
vn 0.03249192237854004 -0.08567415922880173 0.9957932829856873 
vn 0.013107799924910069 0 0.9999141097068787 
vn 0.06854644417762756 -0.07910680770874023 0.9945066571235657 
vn 0.04580574482679367 0.014496107585728168 0.9988451600074768 
vn 0.08896596729755402 0.02192814089357853 0.9957932829856873 
vn 0.016609512269496918 0.09894249588251114 0.994954526424408 
vn 0.060996539890766144 0.1156013011932373 0.991421103477478 
vn -0.06014133617281914 0.5529904961585999 0.8310141563415527 
vn 0.10202407836914062 0.12450122088193893 0.986960232257843 
vn 0.07511229068040848 0.5657250285148621 0.8211658596992493 
vn 0.1818840205669403 0.574424147605896 0.7980946898460388 
vn -0.020319050177931786 0.09380318224430084 0.9953833818435669 
vn -0.19365043938159943 0.5253205895423889 0.8285757899284363 
vn -0.1560569405555725 0.5339116454124451 0.8310141563415527 
vn 0.11392766982316971 0.02956014685332775 0.9930492043495178 
vn 0.1377076804637909 -0.06513088196516037 0.9883291721343994 
vn 0.11842294782400131 0.029483530670404434 0.9925254583358765 
vn 0.14993487298488617 -0.058557674288749695 0.986960232257843 
vn 0.13312409818172455 -0.06469902396202087 0.9889853596687317 
vn 0.3220047652721405 -0.4624241888523102 0.8261215686798096 
vn 0.323271244764328 -0.4571191370487213 0.8285757899284363 
vn 0.12467187643051147 0.12731073796749115 0.9839963912963867 
vn 0.11310076713562012 0.1263587325811386 0.9855159521102905 
vn 0.21570858359336853 0.5663233995437622 0.7954543828964233 
vn 0.10043330490589142 0.029489878565073013 0.9945066571235657 
vn 0.07547910511493683 0.021813618019223213 0.9969087839126587 
vn 0.10913219302892685 -0.06372156739234924 0.9919826984405518 
vn 0.30354511737823486 -0.4530166685581207 0.838234007358551 
vn 0.08993452042341232 -0.06900918483734131 0.9935539960861206 
vn 0.2885637581348419 -0.44964680075645447 0.8453097939491272 
vn 0.2800996005535126 -0.43742772936820984 0.8545181155204773 
vn 0.09145154803991318 0.11638128012418747 0.9889853596687317 
vn 0.06211266294121742 0.11005585640668869 0.9919826984405518 
vn 0.05491483211517334 0.014400364831089973 0.9983872175216675 
vn 0.029756659641861916 0.007052457891404629 0.9995322823524475 
vn 0.06852200627326965 -0.06720591336488724 0.9953833818435669 
vn 0.05189759284257889 -0.07017017900943756 0.9961841106414795 
vn 0.27634042501449585 -0.4309441149234772 0.8590245246887207 
vn 0.25755199790000916 -0.41596075892448425 0.872148871421814 
vn 0.19402557611465454 0.5630415081977844 0.8033295273780823 
vn 0.12149463593959808 0.5685684084892273 0.8136147856712341 
vn -0.020707732066512108 0.5522267818450928 0.8334367275238037 
vn 0.016609512269496918 0.09894249588251114 0.994954526424408 
vn -0.016455302014946938 0.07682546973228455 0.9969087839126587 
vn 0.008738672360777855 0 0.999961793422699 
vn 0.004369377624243498 0 0.9999904632568359 
vn 0.04034263640642166 -0.06741958856582642 0.9969087839126587 
vn 0.033847492188215256 -0.061105117201805115 0.9975572824478149 
vn 0.2346372753381729 -0.3938688039779663 0.888714075088501 
vn -0.10655995458364487 0.5007213354110718 0.8590245246887207 
vn -0.10821429640054703 0.46928533911705017 0.8763908743858337 
vn -0.016578061506152153 0.06785761564970016 0.9975572824478149 
vn -0.01457377802580595 0.06385189294815063 0.9978529810905457 
vn 0.004369377624243498 0 0.9999904632568359 
vn 0 0 1 
vn 0.028410080820322037 -0.05413088575005531 0.9981296062469482 
vn 0.022980179637670517 -0.05191262438893318 0.9983872175216675 
vn 0.20898674428462982 -0.37702205777168274 0.9023185968399048 
vn 0.18013206124305725 -0.3697073459625244 0.9115201234817505 
vn -0.11178730428218842 0.4365941286087036 0.8926864862442017 
vn -0.10963965952396393 0.41281136870384216 0.9041935205459595 
vn -0.01263285893946886 0.055348172783851624 0.9983872175216675 
vn -0.01263285893946886 0.055348172783851624 0.9983872175216675 
vn 0 0 1 
vn 0 0 1 
vn 0.01619517244398594 -0.04984361678361893 0.9986256957054138 
vn 0.13086597621440887 -0.3687095642089844 0.9202865362167358 
vn -0.1132088154554367 0.3995038568973541 0.9097144603729248 
vn -0.12430252134799957 0.40449994802474976 0.9060511589050293 
vn -0.01263285893946886 0.055348172783851624 0.9983872175216675 
vn 0.27012449502944946 -0.47791072726249695 0.8358433246612549 
vn 0.1985517144203186 -0.5039387345314026 0.8406086564064026 
vn 0.10995746403932571 -0.0706653743982315 0.991421103477478 
vn 0.1558791548013687 -0.5187280178070068 0.8406086564064026 
vn 0.787369430065155 -0.3725937306880951 -0.4911448359489441 
vn 0.8522316217422485 -0.5036575794219971 -0.1415284425020218 
vn 0.6400113701820374 -0.4789993166923523 -0.6007870435714722 
vn 0.7262985706329346 -0.6609063744544983 -0.18892620503902435 
vn 0.6009991765022278 -0.767471969127655 -0.22312943637371063 
vn 0.733294665813446 -0.6799074411392212 0.002184694167226553 
vn 0.6107551455497742 -0.7918164730072021 0.002184694167226553 
vn 0.855779230594635 -0.5173366069793701 0.002184694167226553 
vn 0.5042421221733093 -0.5389492511749268 -0.67473965883255 
vn 0.3364046812057495 -0.5977922677993774 -0.7276512384414673 
vn 0.43502065539360046 -0.861678421497345 -0.2612801790237427 
vn 0.4512958228588104 -0.8923717141151428 0.002184694167226553 
vn 0.26455751061439514 -0.9168381690979004 -0.2990269064903259 
vn 0.283049076795578 -0.9591029286384583 0.002184694167226553 
vn 0.23197589814662933 -0.9727190732955933 0.002184694167226553 
vn 0.17341600358486176 -0.6021840572357178 -0.7792953848838806 
vn 0.12383697181940079 -0.57169508934021 -0.8110666871070862 
vn 0.20955929160118103 -0.9181392192840576 -0.3363112509250641 
vn 0.20418459177017212 -0.9067161679267883 -0.3690181374549866 
vn 0.22462347149848938 -0.9744431972503662 0.002184694167226553 
vn 0.22462347149848938 -0.9744431972503662 0.002184694167226553 
vn 0.20219342410564423 -0.9004082083702087 -0.3852050006389618 
vn 0.11256096512079239 -0.522284746170044 -0.8453097939491272 
vn 0.2060249149799347 -0.8978034257888794 -0.3892335295677185 
vn 0.12174661457538605 -0.5164209604263306 -0.8476362228393555 
vn 0.12729595601558685 -0.5188902020454407 -0.8453097939491272 
vn 0.22462347149848938 -0.9744431972503662 0.002184694167226553 
vn 0.22462347149848938 -0.9744431972503662 0.002184694167226553 
vn 0.2060249149799347 -0.8978034257888794 -0.3892335295677185 
vn 0.2168985903263092 -0.8969794511795044 -0.3852050006389618 
vn 0.15292824804782867 -0.5196056365966797 -0.8406086564064026 
vn 0.22462347149848938 -0.9744431972503662 0.002184694167226553 
vn 0.2685312330722809 -0.963268518447876 0.002184694167226553 
vn 0.26260387897491455 -0.8864250183105469 -0.3811691105365753 
vn 0.3741486668586731 -0.8490155339241028 -0.37307560443878174 
vn 0.20290300250053406 -0.502202570438385 -0.8406086564064026 
vn 0.26790738105773926 -0.47915711998939514 -0.8358433246612549 
vn 0.38964858651161194 -0.9209610223770142 0.002184694167226553 
vn 0.49125343561172485 -0.8710139393806458 0.002184694167226553 
vn 0.4684838652610779 -0.8064036965370178 -0.36088213324546814 
vn 0.4860572814941406 -0.7940763235092163 -0.3649536371231079 
vn 0.32009992003440857 -0.46374478936195374 -0.8261215686798096 
vn 0.32139039039611816 -0.45844346284866333 -0.8285757899284363 
vn 0.3015812933444977 -0.4543263912200928 -0.838234007358551 
vn 0.48122864961624146 -0.7932424545288086 -0.37307560443878174 
vn 0.476353257894516 -0.7923368215560913 -0.3811691105365753 
vn 0.5173366069793701 -0.855779230594635 0.002184694167226553 
vn 0.5173366069793701 -0.855779230594635 0.002184694167226553 
vn 0.5173366069793701 -0.855779230594635 0.002184694167226553 
vn 0.2865349352359772 -0.45094239711761475 -0.8453097939491272 
vn 0.27908504009246826 -0.4380757510662079 -0.8545181155204773 
vn 0.48731741309165955 -0.7836701273918152 -0.3852050006389618 
vn 0.5302026271820068 -0.8478681445121765 0.002184694167226553 
vn 0.4952027499675751 -0.7746773958206177 -0.3932546079158783 
vn 0.5429477095603943 -0.8397637009620667 0.002184694167226553 
vn 0.5365904569625854 -0.8438400030136108 0.002184694167226553 
vn 0.2753274738788605 -0.43159201741218567 -0.8590245246887207 
vn 0.2629130184650421 -0.41259315609931946 -0.872148871421814 
vn 0.4916999638080597 -0.7685927748680115 -0.40926313400268555 
vn 0.47016191482543945 -0.7690410614013672 -0.43303996324539185 
vn 0.5237845182418823 -0.8518480062484741 0.002184694167226553 
vn 0.5043525099754333 -0.8634950518608093 0.002184694167226553 
vn 0.4438551664352417 -0.7687796950340271 -0.46040233969688416 
vn 0.2133471816778183 -0.37457185983657837 -0.9023185968399048 
vn 0.3900213837623596 -0.7812738418579102 -0.48733407258987427 
vn 0.17892315983772278 -0.37029391527175903 -0.9115201234817505 
vn 0.12807199358940125 -0.36968934535980225 -0.9202865362167358 
vn 0.4512958228588104 -0.8923717141151428 0.002184694167226553 
vn 0.34044185280799866 -0.940263032913208 0.002184694167226553 
vn 0.29438281059265137 -0.8081961870193481 -0.5100564956665039 
vn 0.17990678548812866 -0.8318635821342468 -0.5250110030174255 
vn 0.08067777752876282 -0.3704654574394226 -0.9253358840942383 
vn 0.20988060534000397 -0.9777246117591858 0.002184694167226553 
vn -0.007551815826445818 -0.9999691247940063 0.002184694167226553 
vn 2.6441725870483823e-13 -0.85109543800354 -0.5250110030174255 
vn -0.32941997051239014 -0.8063865303993225 -0.4911448359489441 
vn 0.0037778534460812807 -0.3872017562389374 -0.9219872951507568 
vn -0.183345228433609 -0.40312477946281433 -0.8965907096862793 
vn 0.23898135125637054 -0.39124825596809387 -0.888714075088501 
vn 0.007551815826445818 0.9999691247940063 0.002184694167226553 
vn 0.04715295508503914 0.970635712146759 0.23588760197162628 
vn 0.22537319362163544 0.6204326748847961 0.7511792182922363 
vn 0.018863921985030174 0.972618818283081 0.23163928091526031 
vn 0.11999284476041794 0.6322452425956726 0.7654199600219727 
vn 0.052652131766080856 0.6210177540779114 0.7820260524749756 
vn 0.007551815826445818 0.9999691247940063 0.002184694167226553 
vn -1.0341130485562108e-13 0.999997615814209 0.002184694167226553 
vn 0.007548614405095577 0.9707110524177551 0.2401314377784729 
vn -0.005657149478793144 0.9663788676261902 0.25706008076667786 
vn -0.009420434944331646 0.6128692030906677 0.790128231048584 
vn -1.0341130485562108e-13 0.999997615814209 0.002184694167226553 
vn -1.0341130485562108e-13 0.999997615814209 0.002184694167226553 
vn -0.013200083747506142 0.956730306148529 0.29067665338516235 
vn -0.03770818933844566 0.9453265070915222 0.3239381015300751 
vn -0.018821552395820618 0.5917198061943054 0.8059239983558655 
vn -0.03575862944126129 0.5659676790237427 0.8236515522003174 
vn 0.11265666037797928 -0.537284255027771 -0.8358433246612549 
vn -0.0302029550075531 0.9995414018630981 0.002184694167226553 
vn -0.1429940164089203 0.9897211194038391 0.002184694167226553 
vn -0.13720855116844177 0.9302075505256653 0.34042292833328247 
vn -0.2696731686592102 0.9007711410522461 0.34042292833328247 
vn -0.08628900349140167 0.5568459630012512 0.8261215686798096 
vn -0.15789982676506042 0.5371497273445129 0.8285757899284363 
vn -0.283049076795578 0.9591029286384583 0.002184694167226553 
vn -0.3686853349208832 0.9295517206192017 0.002184694167226553 
vn -0.337723046541214 0.8806763291358948 0.33219319581985474 
vn -0.31974169611930847 0.8888959884643555 0.3280687630176544 
vn -0.19365043938159943 0.5253205895423889 0.8285757899284363 
vn -0.1560569405555725 0.5339116454124451 0.8310141563415527 
vn -0.354604035615921 0.935014009475708 0.002184694167226553 
vn -0.22462347149848938 0.9744431972503662 0.002184694167226553 
vn -0.18914450705051422 0.9255242943763733 0.3280687630176544 
vn 0.032061293721199036 0.9469420313835144 0.3198012113571167 
vn -0.06014133617281914 0.5529904961585999 0.8310141563415527 
vn 0.07511229068040848 0.5657250285148621 0.8211658596992493 
vn 0.1818840205669403 0.574424147605896 0.7980946898460388 
vn 0.22074425220489502 0.9283614158630371 0.2990269064903259 
vn 0.286246657371521 0.9102998375892639 0.2990269064903259 
vn 0.21725822985172272 0.9761117100715637 0.002184694167226553 
vn 0.297502338886261 0.9547185897827148 0.002184694167226553 
vn 0.015103200450539589 0.9998835325241089 0.002184694167226553 
vn 0.21570858359336853 0.5663233995437622 0.7954543828964233 
vn 0.19402557611465454 0.5630415081977844 0.8033295273780823 
vn 0.2753303349018097 0.9108932614326477 0.30735430121421814 
vn 0.2902839779853821 0.9569380283355713 0.002184694167226553 
vn 0.16511015594005585 0.9315593242645264 0.3239381015300751 
vn 0.18025460839271545 0.9836175441741943 0.002184694167226553 
vn -0.05283859372138977 0.9986006617546082 0.002184694167226553 
vn 0.12149463593959808 0.5685684084892273 0.8136147856712341 
vn -0.020707732066512108 0.5522267818450928 0.8334367275238037 
vn -0.056537095457315445 0.9370720386505127 0.34452807903289795 
vn -0.18363316357135773 0.9111006855964661 0.3690181374549866 
vn -0.19508986175060272 0.9807829260826111 0.002184694167226553 
vn -0.21725822985172272 0.9761117100715637 0.002184694167226553 
vn -0.20210517942905426 0.8951712250709534 0.3972681760787964 
vn -0.10821429640054703 0.46928533911705017 0.8763908743858337 
vn -0.2093934565782547 0.8786522746086121 0.42909738421440125 
vn -0.11178730428218842 0.4365941286087036 0.8926864862442017 
vn -0.10963965952396393 0.41281136870384216 0.9041935205459595 
vn -0.23197589814662933 0.9727190732955933 0.002184694167226553 
vn -0.2466406375169754 0.969104528427124 0.002184694167226553 
vn -0.2275506556034088 0.8662319779396057 0.44481781125068665 
vn -0.23858021199703217 0.8612338304519653 0.4487268626689911 
vn -0.1132088154554367 0.3995038568973541 0.9097144603729248 
vn -0.2685312330722809 0.963268518447876 0.002184694167226553 
vn -0.3118877410888672 0.9501164555549622 0.002184694167226553 
vn -0.26945027709007263 0.8561562299728394 0.4409002661705017 
vn -0.3540647029876709 0.828923761844635 0.43303996324539185 
vn -0.12430252134799957 0.40449994802474976 0.9060511589050293 
vn -0.16536030173301697 0.4065990746021271 0.8985171914100647 
vn -0.10655995458364487 0.5007213354110718 0.8590245246887207 
vn -0.4104118347167969 0.9118976593017578 0.002184694167226553 
vn -0.5926607847213745 0.8054491877555847 0.002184694167226553 
vn -0.5160213708877563 0.748096764087677 0.417220801115036 
vn -0.7430211901664734 0.5528973937034607 0.37712597846984863 
vn -0.26466742157936096 0.39313453435897827 0.8805659413337708 
vn -0.44763901829719543 0.3177817165851593 0.8358433246612549 
vn 0.3821909427642822 0.6067361235618591 0.6969945430755615 
vn -0.3118877410888672 0.9501164555549622 0.002184694167226553 
vn -0.26945027709007263 0.8561562299728394 -0.4409002661705017 
vn -0.12644843757152557 0.4038342535495758 -0.9060511589050293 
vn -0.23342694342136383 0.8626447916030884 -0.4487268626689911 
vn -0.11020725965499878 0.40034225583076477 -0.9097144603729248 
vn -0.11389070004224777 0.4116588234901428 -0.9041935205459595 
vn -0.2685312330722809 0.963268518447876 0.002184694167226553 
vn -0.2466406375169754 0.969104528427124 0.002184694167226553 
vn -0.2223660796880722 0.867577314376831 -0.44481781125068665 
vn -0.21150435507297516 0.8781465291976929 -0.42909738421440125 
vn -0.10658494383096695 0.43789324164390564 -0.8926864862442017 
vn -0.23197589814662933 0.9727190732955933 0.002184694167226553 
vn -0.21725822985172272 0.9761117100715637 0.002184694167226553 
vn -0.20420803129673004 0.8946938514709473 -0.3972681760787964 
vn -0.18571852147579193 0.9106779098510742 -0.3690181374549866 
vn -0.11242740601301193 0.46829384565353394 -0.8763908743858337 
vn -0.10865180194377899 0.5002715587615967 -0.8590245246887207 
vn -0.19508986175060272 0.9807829260826111 0.002184694167226553 
vn -0.05283859372138977 0.9986006617546082 0.002184694167226553 
vn -0.05095433443784714 0.9373921751976013 -0.34452807903289795 
vn 0.1634582132101059 0.9318506121635437 -0.3239381015300751 
vn -0.024577056989073753 0.5520681142807007 -0.8334367275238037 
vn 0.11829020082950592 0.5692436695098877 -0.8136147856712341 
vn 0.18025460839271545 0.9836175441741943 0.002184694167226553 
vn 0.2902839779853821 0.9569380283355713 0.002184694167226553 
vn 0.2753303349018097 0.9108932614326477 -0.30735430121421814 
vn 0.286246657371521 0.9102998375892639 -0.2990269064903259 
vn 0.19834817945957184 0.5615333318710327 -0.8033295273780823 
vn 0.2143518626689911 0.566838264465332 -0.7954543828964233 
vn 0.18043403327465057 0.5748812556266785 -0.7980946898460388 
vn 0.22074425220489502 0.9283614158630371 -0.2990269064903259 
vn 0.030214276164770126 0.9470027685165405 -0.3198012113571167 
vn 0.21725822985172272 0.9761117100715637 0.002184694167226553 
vn 0.015103200450539589 0.9998835325241089 0.002184694167226553 
vn 0.297502338886261 0.9547185897827148 0.002184694167226553 
vn -0.16753803193569183 0.40570661425590515 -0.8985171914100647 
vn 0.07167647778987885 0.5661706328392029 -0.8211658596992493 
vn -0.056639160960912704 0.5533601641654968 -0.8310141563415527 
vn -0.19123102724552155 0.9250954389572144 -0.3280687630176544 
vn -0.22462347149848938 0.9744431972503662 0.002184694167226553 
vn -0.3219076693058014 0.8881139159202576 -0.3280687630176544 
vn -0.354604035615921 0.935014009475708 0.002184694167226553 
vn -0.3686853349208832 0.9295517206192017 0.002184694167226553 
vn -0.16033971309661865 0.5326411724090576 -0.8310141563415527 
vn -0.1908966600894928 0.5263274908065796 -0.8285757899284363 
vn -0.337723046541214 0.8806763291358948 -0.33219319581985474 
vn -0.2645758390426636 0.9022814631462097 -0.34042292833328247 
vn -0.283049076795578 0.9591029286384583 0.002184694167226553 
vn -0.1429940164089203 0.9897211194038391 0.002184694167226553 
vn -0.13925091922283173 0.9299039840698242 -0.34042292833328247 
vn -0.0829152911901474 0.5573582649230957 -0.8261215686798096 
vn -0.039642803370952606 0.9452473521232605 -0.3239381015300751 
vn -0.03968441113829613 0.5657060146331787 -0.8236515522003174 
vn -0.022675948217511177 0.5915846228599548 -0.8059239983558655 
vn -0.0302029550075531 0.9995414018630981 0.002184694167226553 
vn -1.0341130485562108e-13 0.999997615814209 0.002184694167226553 
vn -0.007552541792392731 0.9567915201187134 -0.29067665338516235 
vn -9.99364504453322e-14 0.9663954377174377 -0.25706008076667786 
vn -0.0037756874226033688 0.6129299402236938 -0.790128231048584 
vn -1.0341130485562108e-13 0.999997615814209 0.002184694167226553 
vn -1.0341130485562108e-13 0.999997615814209 0.002184694167226553 
vn 0.007548614405095577 0.9707110524177551 -0.2401314377784729 
vn 0.024552341550588608 0.9724918603897095 -0.23163928091526031 
vn 0.049087706953287125 0.6213096380233765 -0.7820260524749756 
vn 0.12577833235263824 0.6311197280883789 -0.7654199600219727 
vn -0.15492890775203705 0.5380141735076904 -0.8285757899284363 
vn 0.6343917846679688 0.7730085849761963 0.002184694167226553 
vn 0.6835709810256958 0.6862406134605408 -0.24860523641109467 
vn 0.17282135784626007 0.9849507808685303 0.002184694167226553 
vn 0.2665061950683594 0.9277430176734924 -0.2612801790237427 
vn 0.10925322771072388 0.96242356300354 -0.24860523641109467 
vn 0.5474257469177246 0.5861498713493347 -0.5972883701324463 
vn 0.38013505935668945 0.6080262660980225 -0.6969945430755615 
vn 0.22399123013019562 0.620932936668396 -0.7511792182922363 
vn 0.04715295508503914 0.970635712146759 -0.23588760197162628 
vn 0.007551815826445818 0.9999691247940063 0.002184694167226553 
vn 0.007551815826445818 0.9999691247940063 0.002184694167226553 
vn -0.16536030173301697 0.4065990746021271 0.8985171914100647 
vn 0.0302029550075531 0.9995414018630981 0.002184694167226553 
vn 0.999997615814209 0 0.002184694167226553 
vn 0.7145589590072632 0.5163552165031433 -0.4719987213611603 
vn -0.17898166179656982 -0.40508100390434265 0.8965907096862793 
vn -0.8229818940162659 0.5680633783340454 0.002184694167226553 
vn 0.7105578780174255 0.5218474268913269 0.4719987213611603 
vn -0.8927997350692749 -0.12403635680675507 0.43303996324539185 
vn 0.855779230594635 -0.5173366069793701 0.002184694167226553 
vn -0.183345228433609 -0.40312477946281433 -0.8965907096862793 
vn 0.7145589590072632 0.5163552165031433 -0.4719987213611603 
vn -0.38268253207206726 -0.9238772988319397 0.002184694167226553 
vn -0.892248809337616 -0.12793923914432526 -0.43303996324539185 
vt 0.07279559224843979 0.05518241971731186 
vt 0.18773597478866577 0.041386816650629044 
vt 0.044761352241039276 0.06470505148172379 
vt 0.17445018887519836 0.04993276670575142 
vt 0.16360215842723846 0.06116458401083946 
vt 0.30426090955734253 0.03528256341814995 
vt 0.30572354793548584 0.04590395838022232 
vt 0.4478449821472168 0.030643334612250328 
vt 0.30718621611595154 0.0625075176358223 
vt 0.45649901032447815 0.04749106615781784 
vt 0.46137452125549316 0.07129763811826706 
vt 0.6059337258338928 0.03259669616818428 
vt 0.6142221093177795 0.05737994983792305 
vt 0.3084051012992859 0.08521533012390137 
vt 0.15543565154075623 0.09925510734319687 
vt 0.15775153040885925 0.07740189135074615 
vt 0.008316840045154095 0.09241834282875061 
vt 0.021602632477879524 0.0764252096414566 
vt 0.3611826002597809 0.9924289584159851 
vt 0.3508221209049225 0.9942602515220642 
vt 0.39738333225250244 0.9746045470237732 
vt 0.37654048204421997 0.9783892035484314 
vt 0.3975052237510681 0.9633727073669434 
vt 0.3555757403373718 0.9822959303855896 
vt 0.3675207793712616 0.9688665866851807 
vt 0.33765822649002075 0.9744824767112732 
vt 0.3733713924884796 0.9566580653190613 
vt 0.3375363349914551 0.9633727073669434 
vt 0.3350985646247864 0.9515305161476135 
vt 0.30170124769210815 0.9699653387069702 
vt 0.2951193153858185 0.9589776992797852 
vt 0.37507784366607666 0.9442054033279419 
vt 0.41505709290504456 0.9367582201957703 
vt 0.40908458828926086 0.9500654935836792 
vt 0.4449196457862854 0.9434728622436523 
vt 0.42736777663230896 0.9578788876533508 
vt 0.9959753155708313 0.42571040987968445 
vt 0.9367377161979675 0.42778584361076355 
vt 0.9959753155708313 0.39934003353118896 
vt 0.9367377161979675 0.4009271264076233 
vt 0.9366158246994019 0.3790739178657532 
vt 0.8775001764297485 0.40251424908638 
vt 0.8773782849311829 0.3801726996898651 
vt 0.8775001764297485 0.42986127734184265 
vt 0.3611826002597809 0.9924289584159851 
vt 0.39738333225250244 0.9746045470237732 
vt 0.3508221209049225 0.9942602515220642 
vt 0.37654048204421997 0.9783892035484314 
vt 0.3555757403373718 0.9822959303855896 
vt 0.3975052237510681 0.9633727073669434 
vt 0.3675207793712616 0.9688665866851807 
vt 0.3733713924884796 0.9566580653190613 
vt 0.33765822649002075 0.9744824767112732 
vt 0.3375363349914551 0.9633727073669434 
vt 0.30170124769210815 0.9699653387069702 
vt 0.3350985646247864 0.9515305161476135 
vt 0.2951193153858185 0.9589776992797852 
vt 0.28731846809387207 0.9460366368293762 
vt 0.40908458828926086 0.9500654935836792 
vt 0.41505709290504456 0.9367582201957703 
vt 0.37507784366607666 0.9442054033279419 
vt 0.37507784366607666 0.9297993779182434 
vt 0.33119815587997437 0.9379790425300598 
vt 0.3138900697231293 0.8997664451599121 
vt 0.2641597390174866 0.9078240394592285 
vt 0.21138225495815277 0.8207774758338928 
vt 0.4449196457862854 0.9434728622436523 
vt 0.42736777663230896 0.9578788876533508 
vt 0.45503637194633484 0.9294331073760986 
vt 0.46283718943595886 0.9135620594024658 
vt 0.41895750164985657 0.9217417240142822 
vt 0.4133506715297699 0.8835291266441345 
vt 0.3636203706264496 0.8917088508605957 
vt 0.330954372882843 0.8077143430709839 
vt 0.27110737562179565 0.8143069744110107 
vt 0.22832468152046204 0.727870762348175 
vt 0.15921418368816376 0.7326321005821228 
vt 0.46295908093452454 0.8754715323448181 
vt 0.45052650570869446 0.7945291996002197 
vt 0.3906795084476471 0.8011217713356018 
vt 0.3664237856864929 0.7183481454849243 
vt 0.2974351644515991 0.7231094837188721 
vt 0.28353995084762573 0.6829434633255005 
vt 0.21101658046245575 0.6867281198501587 
vt 0.2078474909067154 0.6695141196250916 
vt 0.13849322497844696 0.6903906464576721 
vt 0.1353241354227066 0.672688364982605 
vt 0.43553426861763 0.7135868072509766 
vt 0.4285866618156433 0.6754962801933289 
vt 0.3560633063316345 0.6792809367179871 
vt 0.35301610827445984 0.6631657481193542 
vt 0.28049275279045105 0.6663399338722229 
vt 0.27951765060424805 0.6520559787750244 
vt 0.2077256143093109 0.6548639535903931 
vt 0.2083350419998169 0.6418008208274841 
vt 0.13593357801437378 0.6577939987182617 
vt 0.13751812279224396 0.6443646550178528 
vt 0.4256613552570343 0.6598694324493408 
vt 0.4231016933917999 0.6463180184364319 
vt 0.3513096868991852 0.6492480039596558 
vt 0.34996891021728516 0.6364291310310364 
vt 0.279151976108551 0.6391149759292603 
vt 0.2779330909252167 0.6262960433959961 
vt 0.20760372281074524 0.62885981798172 
vt 0.20406897366046906 0.6159188151359558 
vt 0.1372743397951126 0.6314235925674438 
vt 0.13276448845863342 0.6184825897216797 
vt 0.4207858443260193 0.6338652968406677 
vt 0.41859185695648193 0.6212905645370483 
vt 0.3482624590396881 0.6238543391227722 
vt 0.3467998206615448 0.6109133362770081 
vt 0.27549535036087036 0.6134771108627319 
vt 0.271351158618927 0.600047767162323 
vt 0.19614624977111816 0.6028557419776917 
vt 0.18578577041625977 0.5896705389022827 
vt 0.1210632398724556 0.6055415868759155 
vt 0.10533969104290009 0.5927226543426514 
vt 0.41810429096221924 0.6083495616912842 
vt 0.4216390550136566 0.5945539474487305 
vt 0.3464341461658478 0.5972397923469543 
vt 0.34655603766441345 0.5834442377090454 
vt 0.26623183488845825 0.5864963531494141 
vt 0.2605031132698059 0.5730670094490051 
vt 0.17457206547260284 0.5766074657440186 
vt 0.1654304713010788 0.564643144607544 
vt 0.08864103257656097 0.580147922039032 
vt 0.0747457966208458 0.5685498714447021 
vt 0.4270021319389343 0.580269992351532 
vt 0.4324870705604553 0.5659860372543335 
vt 0.3464341461658478 0.5695265531539917 
vt 0.3466779291629791 0.5569517612457275 
vt 0.2561151385307312 0.5607364177703857 
vt 0.25440871715545654 0.5507254600524902 
vt 0.1609206199645996 0.5547542572021484 
vt 0.1589704006910324 0.5211808681488037 
vt 0.06743252277374268 0.5587830543518066 
vt 0.05963168665766716 0.5256980061531067 
vt 0.4373626112937927 0.5530450344085693 
vt 0.44126302003860474 0.542545735836029 
vt 0.3478968143463135 0.5466966032981873 
vt 0.3577697277069092 0.5122686624526978 
vt 0.25843101739883423 0.5166637301445007 
vt 0.27098548412323 0.4326692521572113 
vt 0.15762963891029358 0.43828514218330383 
vt 0.15689830482006073 0.3357337415218353 
vt 0.044273801147937775 0.44390106201171875 
vt 0.027331367135047913 0.34293675422668457 
vt 0.4571084678173065 0.5077515244483948 
vt 0.4976971745491028 0.42143741250038147 
vt 0.3843413293361664 0.4270533323287964 
vt 0.41615408658981323 0.32157188653945923 
vt 0.28646525740623474 0.32865282893180847 
vt 0.2990197241306305 0.23501361906528473 
vt 0.15665453672409058 0.2436816543340683 
vt 0.15641075372695923 0.1710410863161087 
vt 0.014289352111518383 0.25247177481651306 
vt 0.005635303910821676 0.18154039978981018 
vt 0.5457210540771484 0.3144909739494324 
vt 0.5838719606399536 0.2174333781003952 
vt 0.4415068030357361 0.22622349858283997 
vt 0.45796167850494385 0.14992037415504456 
vt 0.30718621611595154 0.16054177284240723 
vt 0.3093802034854889 0.11427155882120132 
vt 0.15543565154075623 0.1266021430492401 
vt 0.15543565154075623 0.09925510734319687 
vt 0.0016129999421536922 0.1389327347278595 
vt 0.0024662159848958254 0.11317279189825058 
vt 0.6087371110916138 0.13942107558250427 
vt 0.6170254945755005 0.08948830515146255 
vt 0.4632028639316559 0.10181888937950134 
vt 0.46137452125549316 0.07129763811826706 
vt 0.3084051012992859 0.08521533012390137 
vt 0.30718621611595154 0.0625075176358223 
vt 0.15775153040885925 0.07740189135074615 
vt 0.16360215842723846 0.06116458401083946 
vt 0.008316840045154095 0.09241834282875061 
vt 0.021602632477879524 0.0764252096414566 
vt 0.6142221093177795 0.05737994983792305 
vt 0.6059337258338928 0.03259669616818428 
vt 0.45649901032447815 0.04749106615781784 
vt 0.4478449821472168 0.030643334612250328 
vt 0.30572354793548584 0.04590395838022232 
vt 0.30426090955734253 0.03528256341814995 
vt 0.17445018887519836 0.04993276670575142 
vt 0.18773597478866577 0.041386816650629044 
vt 0.044761352241039276 0.06470505148172379 
vt 0.07279559224843979 0.05518241971731186 
vt 0.5898444652557373 0.015382709912955761 
vt 0.5637604594230652 0.00573799479752779 
vt 0.4340716302394867 0.02051028050482273 
vt 0.4177386462688446 0.013795604929327965 
vt 0.30279824137687683 0.02759120985865593 
vt 0.8820100426673889 0 
vt 0.9410037994384766 0.0064705051481723785 
vt 0.8796941637992859 0.01733607053756714 
vt 0.9389317035675049 0.023196149617433548 
vt 0.9373471736907959 0.05261863395571709 
vt 0.998047411441803 0.0291783157736063 
vt 0.9967066049575806 0.05774620547890663 
vt 0.999997615814209 0.012818925082683563 
vt 0.3404616415500641 0.9962136149406433 
vt 0.3301011621952057 0.9980448484420776 
vt 0.33461102843284607 0.986080527305603 
vt 0.3136462867259979 0.9899872541427612 
vt 0.30767378211021423 0.9799762964248657 
vt 0.3404616415500641 0.9962136149406433 
vt 0.3301011621952057 0.9980448484420776 
vt 0.33461102843284607 0.986080527305603 
vt 0.3136462867259979 0.9899872541427612 
vt 0.30767378211021423 0.9799762964248657 
vt 0.3197406828403473 0.9999982118606567 
vt 0.8779877424240112 0.04736898094415665 
vt 0.8776220679283142 0.10316182672977448 
vt 0.9371033906936646 0.10694646090269089 
vt 0.996462881565094 0.1108531802892685 
vt 0.9373471736907959 0.17397113144397736 
vt 0.9967066049575806 0.17604656517505646 
vt 0.9970722794532776 0.2413620501756668 
vt 0.8778658509254456 0.17177359759807587 
vt 0.8781096339225769 0.24038536846637726 
vt 0.9375909566879272 0.24087370932102203 
vt 0.9380785226821899 0.29532361030578613 
vt 0.9975598454475403 0.29446902871131897 
vt 0.9986568689346313 0.32340317964553833 
vt 0.9391754865646362 0.32486817240715027 
vt 0.8795722723007202 0.326455295085907 
vt 0.9405162930488586 0.3420821726322174 
vt 0.8810349106788635 0.3439134359359741 
vt 0.999997615814209 0.3401288092136383 
vt 0.30279824137687683 0.02759120985865593 
vt 0.4177386462688446 0.013795604929327965 
vt 0.4340716302394867 0.02051028050482273 
vt 0.5637604594230652 0.00573799479752779 
vt 0.5898444652557373 0.015382709912955761 
vt 0.8820100426673889 0 
vt 0.8796941637992859 0.01733607053756714 
vt 0.9410037994384766 0.0064705051481723785 
vt 0.9389317035675049 0.023196149617433548 
vt 0.998047411441803 0.0291783157736063 
vt 0.9373471736907959 0.05261863395571709 
vt 0.9967066049575806 0.05774620547890663 
vt 0.996462881565094 0.1108531802892685 
vt 0.8779877424240112 0.04736898094415665 
vt 0.8776220679283142 0.10316182672977448 
vt 0.9371033906936646 0.10694646090269089 
vt 0.9373471736907959 0.17397113144397736 
vt 0.9967066049575806 0.17604656517505646 
vt 0.8778658509254456 0.17177359759807587 
vt 0.8781096339225769 0.24038536846637726 
vt 0.9375909566879272 0.24087370932102203 
vt 0.9380785226821899 0.29532361030578613 
vt 0.9970722794532776 0.2413620501756668 
vt 0.9975598454475403 0.29446902871131897 
vt 0.8773782849311829 0.9471354484558105 
vt 0.8180188536643982 0.9475016593933105 
vt 0.8771345019340515 0.9367582201957703 
vt 0.8177750706672668 0.9371244311332703 
vt 0.8175312876701355 0.9267472624778748 
vt 0.7582936882972717 0.937490701675415 
vt 0.7580499053001404 0.9271134734153748 
vt 0.7585374712944031 0.9478679299354553 
vt 0.8775001764297485 0.3439134359359741 
vt 0.8775001764297485 0.3517268896102905 
vt 0.9367377161979675 0.3465993106365204 
vt 0.9367377161979675 0.35343608260154724 
vt 0.9959753155708313 0.35514527559280396 
vt 0.9367377161979675 0.3602728247642517 
vt 0.9959753155708313 0.36100533604621887 
vt 0.9959753155708313 0.3669874966144562 
vt 0.8775001764297485 0.35954031348228455 
vt 0.8775001764297485 0.36735376715660095 
vt 0.9367377161979675 0.36723166704177856 
vt 0.9366158246994019 0.3790739178657532 
vt 0.9959753155708313 0.3780972361564636 
vt 0.8773782849311829 0.3801726996898651 
vt 0.8775001764297485 0.40251424908638 
vt 0.9367377161979675 0.4009271264076233 
vt 0.9367377161979675 0.42778584361076355 
vt 0.9959753155708313 0.39934003353118896 
vt 0.9959753155708313 0.42571040987968445 
vt 0.45503637194633484 0.9294331073760986 
vt 0.46283718943595886 0.9135620594024658 
vt 0.41895750164985657 0.9217417240142822 
vt 0.37507784366607666 0.9297993779182434 
vt 0.4133506715297699 0.8835291266441345 
vt 0.3636203706264496 0.8917088508605957 
vt 0.330954372882843 0.8077143430709839 
vt 0.3138900697231293 0.8997664451599121 
vt 0.27110737562179565 0.8143069744110107 
vt 0.21138225495815277 0.8207774758338928 
vt 0.22832468152046204 0.727870762348175 
vt 0.15921418368816376 0.7326321005821228 
vt 0.13849322497844696 0.6903906464576721 
vt 0.33119815587997437 0.9379790425300598 
vt 0.28731846809387207 0.9460366368293762 
vt 0.2641597390174866 0.9078240394592285 
vt 0.8810349106788635 0.3439134359359741 
vt 0.9405162930488586 0.3420821726322174 
vt 0.8795722723007202 0.326455295085907 
vt 0.9391754865646362 0.32486817240715027 
vt 0.9986568689346313 0.32340317964553833 
vt 0.999997615814209 0.3401288092136383 
vt 0.46295908093452454 0.8754715323448181 
vt 0.45052650570869446 0.7945291996002197 
vt 0.3906795084476471 0.8011217713356018 
vt 0.3664237856864929 0.7183481454849243 
vt 0.2974351644515991 0.7231094837188721 
vt 0.28353995084762573 0.6829434633255005 
vt 0.21101658046245575 0.6867281198501587 
vt 0.2078474909067154 0.6695141196250916 
vt 0.1353241354227066 0.672688364982605 
vt 0.28049275279045105 0.6663399338722229 
vt 0.35301610827445984 0.6631657481193542 
vt 0.3560633063316345 0.6792809367179871 
vt 0.4285866618156433 0.6754962801933289 
vt 0.43553426861763 0.7135868072509766 
vt 0.8785971403121948 0.2961782217025757 
vt 0.74647057056427 0.9517746567726135 
vt 0.6872329711914062 0.9528734087944031 
vt 0.7475675344467163 0.9381011128425598 
vt 0.6883299946784973 0.9391999244689941 
vt 0.6893050670623779 0.9247938990592957 
vt 0.6290923953056335 0.9402986764907837 
vt 0.6299456357955933 0.9258926510810852 
vt 0.6279954314231873 0.9538500905036926 
vt 0.8775001764297485 0.3439134359359741 
vt 0.9367377161979675 0.3465993106365204 
vt 0.8775001764297485 0.3517268896102905 
vt 0.9367377161979675 0.35343608260154724 
vt 0.9367377161979675 0.3602728247642517 
vt 0.9959753155708313 0.35514527559280396 
vt 0.9959753155708313 0.36100533604621887 
vt 0.9959753155708313 0.3669874966144562 
vt 0.9367377161979675 0.36723166704177856 
vt 0.8775001764297485 0.36735376715660095 
vt 0.9959753155708313 0.3780972361564636 
vt 0.7485426664352417 0.9235730171203613 
vt 0.7491521239280701 0.9074578285217285 
vt 0.6897926330566406 0.9086786508560181 
vt 0.6305550932884216 0.9098995327949524 
vt 0.6889394521713257 0.8705881237983704 
vt 0.6295799612998962 0.8718090057373047 
vt 0.6259233355522156 0.7913549542427063 
vt 0.7482988834381104 0.869245171546936 
vt 0.744886040687561 0.7884249091148376 
vt 0.6854046583175659 0.789889931678772 
vt 0.6816261410713196 0.7094359397888184 
vt 0.6220229268074036 0.7110230326652527 
vt 0.6201946139335632 0.6732987761497498 
vt 0.6797978281974792 0.6715896129608154 
vt 0.7394010424613953 0.6700024604797363 
vt 0.6790664792060852 0.6560847759246826 
vt 0.738669753074646 0.6544976830482483 
vt 0.7380602955818176 0.6409462690353394 
vt 0.6194632649421692 0.6577939987182617 
vt 0.6188538074493408 0.6443646550178528 
vt 0.6784570813179016 0.6426554322242737 
vt 0.6778476238250732 0.6302027702331543 
vt 0.7374508380889893 0.62849360704422 
vt 0.6182444095611572 0.6319119334220886 
vt 0.6176349520683289 0.6194592714309692 
vt 0.6772381663322449 0.6177501082420349 
vt 0.6768724918365479 0.6048091053962708 
vt 0.7368414402008057 0.6160408854484558 
vt 0.7364757657051086 0.6029778122901917 
vt 0.9959753155708313 0.34916308522224426 
vt 0.7411075234413147 0.707848846912384 
vt 0.8773782849311829 0.006226335186511278 
vt 0.8180188536643982 0.0031742099672555923 
vt 0.8762812614440918 0.023440320044755936 
vt 0.8169218301773071 0.020388195291161537 
vt 0.8158248662948608 0.0402880497276783 
vt 0.7575623989105225 0.017213985323905945 
vt 0.7564653754234314 0.03723592683672905 
vt 0.7587812542915344 0 
vt 0.8785971403121948 0.2961782217025757 
vt 0.7365976572036743 0.5890601277351379 
vt 0.6769943833351135 0.590891420841217 
vt 0.6773600578308105 0.5763632655143738 
vt 0.6173911690711975 0.5926005840301514 
vt 0.6176349520683289 0.5781945586204529 
vt 0.6172692775726318 0.6065182685852051 
vt 0.7369633316993713 0.5745320320129395 
vt 0.7374508380889893 0.5600038766860962 
vt 0.6777257323265076 0.5619572401046753 
vt 0.6180006265640259 0.5637885332107544 
vt 0.6779695153236389 0.5487720966339111 
vt 0.6182444095611572 0.5507254600524902 
vt 0.6184881925582886 0.5401040315628052 
vt 0.7376946210861206 0.546818733215332 
vt 0.737938404083252 0.536197304725647 
vt 0.6782132983207703 0.5381506681442261 
vt 0.6793102622032166 0.502868115901947 
vt 0.6195851564407349 0.5048214793205261 
vt 0.6223886013031006 0.41753068566322327 
vt 0.6821137070655823 0.41557735204696655 
vt 0.741838812828064 0.41374605894088745 
vt 0.6852827668190002 0.30728793144226074 
vt 0.7450079321861267 0.30545666813850403 
vt 0.7474456429481506 0.20693407952785492 
vt 0.6256795525550842 0.30911922454833984 
vt 0.6278735399246216 0.21108496189117432 
vt 0.687720537185669 0.20900951325893402 
vt 0.6889394521713257 0.13002052903175354 
vt 0.7489083409309387 0.12770090997219086 
vt 0.6290923953056335 0.13246221840381622 
vt 0.628848671913147 0.08228529244661331 
vt 0.68881756067276 0.07984358817338943 
vt 0.687720537185669 0.04773523658514023 
vt 0.748786449432373 0.07727980613708496 
vt 0.7478113174438477 0.045171450823545456 
vt 0.739035427570343 0.5009147524833679 
vt 0.6276297569274902 0.05017693340778351 
vt 0.6260452270507812 0.02575993537902832 
vt 0.6860141158103943 0.023196149617433548 
vt 0.684185802936554 0.0025637850631028414 
vt 0.746104896068573 0.020632365718483925 
vt 0.7442765831947327 0 
vt 0.4256613552570343 0.6598694324493408 
vt 0.4231016933917999 0.6463180184364319 
vt 0.3513096868991852 0.6492480039596558 
vt 0.27951765060424805 0.6520559787750244 
vt 0.34996891021728516 0.6364291310310364 
vt 0.279151976108551 0.6391149759292603 
vt 0.2779330909252167 0.6262960433959961 
vt 0.2083350419998169 0.6418008208274841 
vt 0.20760372281074524 0.62885981798172 
vt 0.1372743397951126 0.6314235925674438 
vt 0.20406897366046906 0.6159188151359558 
vt 0.13276448845863342 0.6184825897216797 
vt 0.1210632398724556 0.6055415868759155 
vt 0.2077256143093109 0.6548639535903931 
vt 0.13593357801437378 0.6577939987182617 
vt 0.13751812279224396 0.6443646550178528 
vt 0.27549535036087036 0.6134771108627319 
vt 0.3467998206615448 0.6109133362770081 
vt 0.271351158618927 0.600047767162323 
vt 0.3464341461658478 0.5972397923469543 
vt 0.34655603766441345 0.5834442377090454 
vt 0.4216390550136566 0.5945539474487305 
vt 0.4270021319389343 0.580269992351532 
vt 0.19614624977111816 0.6028557419776917 
vt 0.18578577041625977 0.5896705389022827 
vt 0.10533969104290009 0.5927226543426514 
vt 0.26623183488845825 0.5864963531494141 
vt 0.2605031132698059 0.5730670094490051 
vt 0.3464341461658478 0.5695265531539917 
vt 0.4324870705604553 0.5659860372543335 
vt 0.3466779291629791 0.5569517612457275 
vt 0.4373626112937927 0.5530450344085693 
vt 0.44126302003860474 0.542545735836029 
vt 0.17457206547260284 0.5766074657440186 
vt 0.1654304713010788 0.564643144607544 
vt 0.2561151385307312 0.5607364177703857 
vt 0.25440871715545654 0.5507254600524902 
vt 0.3478968143463135 0.5466966032981873 
vt 0.3577697277069092 0.5122686624526978 
vt 0.4571084678173065 0.5077515244483948 
vt 0.4976971745491028 0.42143741250038147 
vt 0.08864103257656097 0.580147922039032 
vt 0.0747457966208458 0.5685498714447021 
vt 0.06743252277374268 0.5587830543518066 
vt 0.1609206199645996 0.5547542572021484 
vt 0.1589704006910324 0.5211808681488037 
vt 0.25843101739883423 0.5166637301445007 
vt 0.27098548412323 0.4326692521572113 
vt 0.3843413293361664 0.4270533323287964 
vt 0.41615408658981323 0.32157188653945923 
vt 0.5457210540771484 0.3144909739494324 
vt 0.05963168665766716 0.5256980061531067 
vt 0.044273801147937775 0.44390106201171875 
vt 0.15762963891029358 0.43828514218330383 
vt 0.15689830482006073 0.3357337415218353 
vt 0.28646525740623474 0.32865282893180847 
vt 0.2990197241306305 0.23501361906528473 
vt 0.4415068030357361 0.22622349858283997 
vt 0.45796167850494385 0.14992037415504456 
vt 0.5838719606399536 0.2174333781003952 
vt 0.6087371110916138 0.13942107558250427 
vt 0.027331367135047913 0.34293675422668457 
vt 0.014289352111518383 0.25247177481651306 
vt 0.15665453672409058 0.2436816543340683 
vt 0.15641075372695923 0.1710410863161087 
vt 0.30718621611595154 0.16054177284240723 
vt 0.3093802034854889 0.11427155882120132 
vt 0.4632028639316559 0.10181888937950134 
vt 0.6170254945755005 0.08948830515146255 
vt 0.005635303910821676 0.18154039978981018 
vt 0.0016129999421536922 0.1389327347278595 
vt 0.15543565154075623 0.1266021430492401 
vt 0.41810429096221924 0.6083495616912842 
vt 0.41859185695648193 0.6212905645370483 
vt 0.3482624590396881 0.6238543391227722 
vt 0.4207858443260193 0.6338652968406677 
vt 0.6279954314231873 0.9538500905036926 
vt 0.6872329711914062 0.9528734087944031 
vt 0.6290923953056335 0.9402986764907837 
vt 0.6883299946784973 0.9391999244689941 
vt 0.6893050670623779 0.9247938990592957 
vt 0.7475675344467163 0.9381011128425598 
vt 0.7485426664352417 0.9235730171203613 
vt 0.74647057056427 0.9517746567726135 
vt 0.6299456357955933 0.9258926510810852 
vt 0.6305550932884216 0.9098995327949524 
vt 0.6897926330566406 0.9086786508560181 
vt 0.7491521239280701 0.9074578285217285 
vt 0.6889394521713257 0.8705881237983704 
vt 0.7482988834381104 0.869245171546936 
vt 0.744886040687561 0.7884249091148376 
vt 0.6295799612998962 0.8718090057373047 
vt 0.6259233355522156 0.7913549542427063 
vt 0.6854046583175659 0.789889931678772 
vt 0.6816261410713196 0.7094359397888184 
vt 0.7411075234413147 0.707848846912384 
vt 0.7394010424613953 0.6700024604797363 
vt 0.6797978281974792 0.6715896129608154 
vt 0.6201946139335632 0.6732987761497498 
vt 0.6790664792060852 0.6560847759246826 
vt 0.6194632649421692 0.6577939987182617 
vt 0.6188538074493408 0.6443646550178528 
vt 0.738669753074646 0.6544976830482483 
vt 0.7380602955818176 0.6409462690353394 
vt 0.6784570813179016 0.6426554322242737 
vt 0.6778476238250732 0.6302027702331543 
vt 0.6182444095611572 0.6319119334220886 
vt 0.7374508380889893 0.62849360704422 
vt 0.7368414402008057 0.6160408854484558 
vt 0.6772381663322449 0.6177501082420349 
vt 0.6768724918365479 0.6048091053962708 
vt 0.6176349520683289 0.6194592714309692 
vt 0.6172692775726318 0.6065182685852051 
vt 0.7364757657051086 0.6029778122901917 
vt 0.7365976572036743 0.5890601277351379 
vt 0.6769943833351135 0.590891420841217 
vt 0.6773600578308105 0.5763632655143738 
vt 0.6173911690711975 0.5926005840301514 
vt 0.6176349520683289 0.5781945586204529 
vt 0.6180006265640259 0.5637885332107544 
vt 0.6777257323265076 0.5619572401046753 
vt 0.6779695153236389 0.5487720966339111 
vt 0.7374508380889893 0.5600038766860962 
vt 0.7376946210861206 0.546818733215332 
vt 0.7369633316993713 0.5745320320129395 
vt 0.6182444095611572 0.5507254600524902 
vt 0.6184881925582886 0.5401040315628052 
vt 0.6782132983207703 0.5381506681442261 
vt 0.737938404083252 0.536197304725647 
vt 0.6793102622032166 0.502868115901947 
vt 0.739035427570343 0.5009147524833679 
vt 0.741838812828064 0.41374605894088745 
vt 0.6195851564407349 0.5048214793205261 
vt 0.6223886013031006 0.41753068566322327 
vt 0.6821137070655823 0.41557735204696655 
vt 0.6852827668190002 0.30728793144226074 
vt 0.7450079321861267 0.30545666813850403 
vt 0.7474456429481506 0.20693407952785492 
vt 0.687720537185669 0.20900951325893402 
vt 0.6278735399246216 0.21108496189117432 
vt 0.6889394521713257 0.13002052903175354 
vt 0.6290923953056335 0.13246221840381622 
vt 0.628848671913147 0.08228529244661331 
vt 0.7489083409309387 0.12770090997219086 
vt 0.748786449432373 0.07727980613708496 
vt 0.68881756067276 0.07984358817338943 
vt 0.687720537185669 0.04773523658514023 
vt 0.6276297569274902 0.05017693340778351 
vt 0.7478113174438477 0.045171450823545456 
vt 0.746104896068573 0.020632365718483925 
vt 0.6860141158103943 0.023196149617433548 
vt 0.684185802936554 0.0025637850631028414 
vt 0.6260452270507812 0.02575993537902832 
vt 0.6240950226783752 0.005127570126205683 
vt 0.6256795525550842 0.30911922454833984 
vt 0.757806122303009 0.9166141748428345 
vt 0.8172875046730042 0.9162479043006897 
vt 0.8767688274383545 0.9158816933631897 
vt 0.8170437216758728 0.9047719240188599 
vt 0.8765250444412231 0.9044056534767151 
vt 0.8761594295501709 0.8909763097763062 
vt 0.7575623989105225 0.9051381945610046 
vt 0.7573186159133911 0.8917088508605957 
vt 0.8167999386787415 0.8913425803184509 
vt 0.8159467577934265 0.8515428900718689 
vt 0.8753061890602112 0.8511766195297241 
vt 0.7564653754234314 0.8519091010093689 
vt 0.7545151710510254 0.7613220810890198 
vt 0.8138746023178101 0.760955810546875 
vt 0.8120462894439697 0.6690257787704468 
vt 0.8733559846878052 0.7605895400047302 
vt 0.8714057803153992 0.6686595678329468 
vt 0.6220229268074036 0.7110230326652527 
vt 0.7525649666786194 0.6695141196250916 
vt 0.7520774006843567 0.6259297728538513 
vt 0.8114368915557861 0.6255635619163513 
vt 0.8116806745529175 0.6077391505241394 
vt 0.8709182143211365 0.6251972913742065 
vt 0.8710401058197021 0.6074949502944946 
vt 0.7521992921829224 0.6081053614616394 
vt 0.7526868581771851 0.5934551954269409 
vt 0.8121681809425354 0.5930889248847961 
vt 0.8126557469367981 0.580025851726532 
vt 0.8715276718139648 0.5927226543426514 
vt 0.8720151782035828 0.5797816514968872 
vt 0.7532963156700134 0.580392062664032 
vt 0.7536619305610657 0.5675731897354126 
vt 0.8130214214324951 0.5672069191932678 
vt 0.8128995299339294 0.5541437864303589 
vt 0.8723808526992798 0.566840648651123 
vt 0.8723808526992798 0.5537775754928589 
vt 0.8717714548110962 0.5399819612503052 
vt 0.8122900724411011 0.5402261018753052 
vt 0.8114368915557861 0.5261863470077515 
vt 0.7529306411743164 0.54059237241745 
vt 0.751955509185791 0.5265526175498962 
vt 0.7535400986671448 0.5543879866600037 
vt 0.8707963228225708 0.5258200764656067 
vt 0.8698212504386902 0.511902391910553 
vt 0.8103398680686951 0.5121465921401978 
vt 0.7509804368019104 0.5125128030776978 
vt 0.8094866871833801 0.4994497299194336 
vt 0.7501271963119507 0.49981600046157837 
vt 0.7497615218162537 0.4896829426288605 
vt 0.8689680099487305 0.4990834891796112 
vt 0.8686023354530334 0.4889504313468933 
vt 0.8091210126876831 0.4893166720867157 
vt 0.8093647956848145 0.45549914240837097 
vt 0.750005304813385 0.45549914240837097 
vt 0.7508585453033447 0.3708942234516144 
vt 0.8103398680686951 0.3721150755882263 
vt 0.8698212504386902 0.37345802783966064 
vt 0.8115587830543518 0.2698078453540802 
vt 0.8710401058197021 0.2722495496273041 
vt 0.8725027441978455 0.18190665543079376 
vt 0.7520774006843567 0.2672440707683563 
vt 0.7534182071685791 0.17592447996139526 
vt 0.8128995299339294 0.17885452508926392 
vt 0.8142402768135071 0.10804522782564163 
vt 0.8735997676849365 0.11109735071659088 
vt 0.7547589540481567 0.10511518269777298 
vt 0.7556121945381165 0.06262960284948349 
vt 0.8149716258049011 0.06568173319101334 
vt 0.8158248662948608 0.0402880497276783 
vt 0.8744529485702515 0.06873385608196259 
vt 0.8751842975616455 0.04334017634391785 
vt 0.8688461184501648 0.45562121272087097 
vt 0.7564653754234314 0.03723592683672905 
vt 0.7575623989105225 0.017213985323905945 
vt 0.8169218301773071 0.020388195291161537 
vt 0.8180188536643982 0.0031742099672555923 
vt 0.8762812614440918 0.023440320044755936 
vt 0.8773782849311829 0.006226335186511278 
vt 0.8770126104354858 0.92638099193573 
vt 0.7556121945381165 0.06262960284948349 
vt 0.8149716258049011 0.06568173319101334 
vt 0.8744529485702515 0.06873385608196259 
vt 0.8142402768135071 0.10804522782564163 
vt 0.8735997676849365 0.11109735071659088 
vt 0.8725027441978455 0.18190665543079376 
vt 0.7547589540481567 0.10511518269777298 
vt 0.7534182071685791 0.17592447996139526 
vt 0.8128995299339294 0.17885452508926392 
vt 0.8115587830543518 0.2698078453540802 
vt 0.8710401058197021 0.2722495496273041 
vt 0.7520774006843567 0.2672440707683563 
vt 0.7508585453033447 0.3708942234516144 
vt 0.8103398680686951 0.3721150755882263 
vt 0.8093647956848145 0.45549914240837097 
vt 0.8698212504386902 0.37345802783966064 
vt 0.8688461184501648 0.45562121272087097 
vt 0.750005304813385 0.45549914240837097 
vt 0.7497615218162537 0.4896829426288605 
vt 0.8091210126876831 0.4893166720867157 
vt 0.8094866871833801 0.4994497299194336 
vt 0.8686023354530334 0.4889504313468933 
vt 0.8689680099487305 0.4990834891796112 
vt 0.7501271963119507 0.49981600046157837 
vt 0.7509804368019104 0.5125128030776978 
vt 0.8103398680686951 0.5121465921401978 
vt 0.8114368915557861 0.5261863470077515 
vt 0.8698212504386902 0.511902391910553 
vt 0.8707963228225708 0.5258200764656067 
vt 0.8717714548110962 0.5399819612503052 
vt 0.8122900724411011 0.5402261018753052 
vt 0.8128995299339294 0.5541437864303589 
vt 0.7529306411743164 0.54059237241745 
vt 0.7535400986671448 0.5543879866600037 
vt 0.751955509185791 0.5265526175498962 
vt 0.8751842975616455 0.04334017634391785 
vt 0.8723808526992798 0.5537775754928589 
vt 0.8723808526992798 0.566840648651123 
vt 0.8130214214324951 0.5672069191932678 
vt 0.7536619305610657 0.5675731897354126 
vt 0.8126557469367981 0.580025851726532 
vt 0.7532963156700134 0.580392062664032 
vt 0.7526868581771851 0.5934551954269409 
vt 0.8720151782035828 0.5797816514968872 
vt 0.8715276718139648 0.5927226543426514 
vt 0.8121681809425354 0.5930889248847961 
vt 0.8116806745529175 0.6077391505241394 
vt 0.7521992921829224 0.6081053614616394 
vt 0.7520774006843567 0.6259297728538513 
vt 0.8114368915557861 0.6255635619163513 
vt 0.8709182143211365 0.6251972913742065 
vt 0.8120462894439697 0.6690257787704468 
vt 0.8714057803153992 0.6686595678329468 
vt 0.8733559846878052 0.7605895400047302 
vt 0.7525649666786194 0.6695141196250916 
vt 0.7545151710510254 0.7613220810890198 
vt 0.8138746023178101 0.760955810546875 
vt 0.8159467577934265 0.8515428900718689 
vt 0.8753061890602112 0.8511766195297241 
vt 0.7564653754234314 0.8519091010093689 
vt 0.7573186159133911 0.8917088508605957 
vt 0.8167999386787415 0.8913425803184509 
vt 0.8170437216758728 0.9047719240188599 
vt 0.8761594295501709 0.8909763097763062 
vt 0.8765250444412231 0.9044056534767151 
vt 0.8710401058197021 0.6074949502944946 
vt 0.7585374712944031 0.9478679299354553 
vt 0.8180188536643982 0.9475016593933105 
vt 0.7582936882972717 0.937490701675415 
vt 0.8177750706672668 0.9371244311332703 
vt 0.8175312876701355 0.9267472624778748 
vt 0.8771345019340515 0.9367582201957703 
vt 0.8770126104354858 0.92638099193573 
vt 0.8767688274383545 0.9158816933631897 
vt 0.8172875046730042 0.9162479043006897 
vt 0.757806122303009 0.9166141748428345 
vt 0.7575623989105225 0.9051381945610046 
vt 0.0024662159848958254 0.11317279189825058 
vt 0.7580499053001404 0.9271134734153748 
vt 0.8775001764297485 0.35954031348228455 
vt 0.8773782849311829 0.9471354484558105 
vt 0.6240950226783752 0.005127570126205683 
vt 0.7587812542915344 0 
vt 0.3197406828403473 0.9999982118606567 
vt 0.53267902135849 0 
vt 0.8775001764297485 0.42986127734184265 
vt 0.999997615814209 0.012818925082683563 
vt 0.9959753155708313 0.34916308522224426 
vt 0.7442765831947327 0 
vt 0.53267902135849 0 
s on 
f 1/1/1 2/2/2 3/3/3 
f 2/2/2 4/4/4 3/3/3 
f 3/3/3 4/4/4 5/5/5 
f 4/4/4 6/6/6 5/5/5 
f 5/5/5 6/6/6 7/7/7 
f 6/6/6 8/8/8 7/7/7 
f 7/7/7 8/8/8 9/9/9 
f 8/8/8 10/10/10 9/9/9 
f 9/9/9 10/10/10 11/11/11 
f 10/10/10 12/12/12 11/11/11 
f 11/11/11 12/12/12 13/13/13 
f 12/12/12 13/13/13 13/13/13 
f 13/13/13 13/13/13 11/11/11 
f 13/13/13 11/11/11 11/11/11 
f 11/11/11 11/11/11 11/11/11 
f 11/11/11 14/14/14 11/11/11 
f 11/11/11 14/14/14 9/9/9 
f 14/14/14 15/15/15 9/9/9 
f 9/9/9 15/15/15 16/16/16 
f 15/15/15 17/17/17 16/16/16 
f 16/16/16 17/17/17 5/5/5 
f 17/17/17 18/18/18 5/5/5 
f 5/5/5 18/18/18 3/3/3 
f 18/18/18 3/3/3 3/3/3 
f 3/3/3 3/3/3 16/16/16 
f 3/3/3 16/16/16 16/16/16 
f 16/16/16 16/16/16 16/16/16 
f 16/16/16 5/5/5 16/16/16 
f 16/16/16 5/5/5 9/9/9 
f 5/5/5 7/7/7 9/9/9 
f 9/9/9 7/7/7 7/7/7 
f 7/7/7 19/19/19 7/7/7 
f 7/7/7 19/19/19 19/19/19 
f 19/19/19 20/20/20 19/19/19 
f 19/19/19 20/20/20 21/21/21 
f 20/20/20 22/22/22 21/21/21 
f 21/21/21 22/22/22 23/23/23 
f 22/22/22 24/24/24 23/23/23 
f 23/23/23 24/24/24 25/25/25 
f 24/24/24 26/26/26 25/25/25 
f 25/25/25 26/26/26 27/27/27 
f 26/26/26 28/28/28 27/27/27 
f 27/27/27 28/28/28 29/29/29 
f 28/28/28 30/30/30 29/29/29 
f 29/29/29 30/30/30 31/31/31 
f 30/30/30 31/31/31 31/31/31 
f 31/31/31 31/31/31 29/29/29 
f 31/31/31 29/29/29 29/29/29 
f 29/29/29 29/29/29 29/29/29 
f 29/29/29 32/32/32 29/29/29 
f 29/29/29 32/32/32 27/27/27 
f 32/32/32 33/33/33 27/27/27 
f 27/27/27 33/33/33 34/34/34 
f 33/33/33 35/35/35 34/34/34 
f 34/34/34 35/35/35 23/23/23 
f 35/35/35 36/36/36 23/23/23 
f 23/23/23 36/36/36 21/21/21 
f 36/36/36 21/21/21 21/21/21 
f 21/21/21 21/21/21 34/34/34 
f 21/21/21 34/34/34 34/34/34 
f 34/34/34 34/34/34 34/34/34 
f 34/34/34 23/23/23 34/34/34 
f 34/34/34 23/23/23 27/27/27 
f 23/23/23 25/25/25 27/27/27 
f 27/27/27 25/25/25 25/25/25 
f 25/25/25 37/37/37 25/25/25 
f 25/25/25 37/37/37 37/37/37 
f 37/37/37 38/38/38 37/37/37 
f 37/37/37 38/38/38 39/39/39 
f 38/38/38 40/40/40 39/39/39 
f 39/39/39 40/40/40 41/41/41 
f 40/40/40 42/42/42 41/41/41 
f 41/41/41 42/42/42 43/43/43 
f 42/42/42 43/43/43 43/43/43 
f 43/43/43 43/43/43 40/40/40 
f 43/43/43 40/40/40 40/40/40 
f 40/40/40 40/40/40 40/40/40 
f 40/40/40 38/38/38 40/40/40 
f 40/40/40 38/38/38 42/42/42 
f 38/38/38 44/44/44 42/42/42 
f 42/42/42 44/44/44 44/44/44 
f 44/44/44 45/45/45 44/44/44 
f 44/44/44 45/45/45 45/45/45 
f 45/45/45 46/46/46 45/45/45 
f 45/45/45 46/46/46 47/47/47 
f 46/46/46 48/48/48 47/47/47 
f 47/47/47 48/48/48 49/49/49 
f 48/48/48 50/50/50 49/49/49 
f 49/49/49 50/50/50 51/51/51 
f 50/50/50 52/52/52 51/51/51 
f 51/51/51 52/52/52 53/53/53 
f 52/52/52 54/54/54 53/53/53 
f 53/53/53 54/54/54 55/55/55 
f 54/54/54 56/56/56 55/55/55 
f 55/55/55 56/56/56 57/57/57 
f 56/56/56 58/58/58 57/57/57 
f 57/57/57 58/58/58 58/58/58 
f 58/58/58 50/50/50 58/58/58 
f 58/58/58 50/50/50 50/50/50 
f 50/50/50 59/59/59 50/50/50 
f 50/50/50 59/59/59 52/52/52 
f 59/59/59 60/60/60 52/52/52 
f 52/52/52 60/60/60 61/61/61 
f 60/60/60 62/62/62 61/61/61 
f 61/61/61 62/62/62 56/56/56 
f 62/62/62 63/63/63 56/56/56 
f 56/56/56 63/63/63 58/58/58 
f 63/63/63 64/64/64 58/58/58 
f 58/58/58 64/64/64 65/65/65 
f 64/64/64 66/66/66 65/65/65 
f 65/65/65 66/66/66 66/66/66 
f 66/66/66 60/60/60 66/66/66 
f 66/66/66 60/60/60 60/60/60 
f 60/60/60 59/59/59 60/60/60 
f 60/60/60 59/59/59 67/67/67 
f 59/59/59 50/50/50 67/67/67 
f 67/67/67 50/50/50 68/68/68 
f 50/50/50 46/46/46 68/68/68 
f 68/68/68 46/46/46 46/46/46 
f 46/46/46 67/67/67 46/46/46 
f 46/46/46 67/67/67 67/67/67 
f 67/67/67 69/69/69 67/67/67 
f 67/67/67 69/69/69 60/60/60 
f 69/69/69 70/70/70 60/60/60 
f 60/60/60 70/70/70 71/71/71 
f 70/70/70 72/72/72 71/71/71 
f 71/71/71 72/72/72 62/62/62 
f 72/72/72 73/73/73 62/62/62 
f 62/62/62 73/73/73 64/64/64 
f 73/73/73 74/74/74 64/64/64 
f 64/64/64 74/74/74 75/75/75 
f 74/74/74 76/76/76 75/75/75 
f 75/75/75 76/76/76 66/66/66 
f 76/76/76 77/77/77 66/66/66 
f 66/66/66 77/77/77 77/77/77 
f 77/77/77 70/70/70 77/77/77 
f 77/77/77 70/70/70 70/70/70 
f 70/70/70 78/78/78 70/70/70 
f 70/70/70 78/78/78 72/72/72 
f 78/78/78 79/79/79 72/72/72 
f 72/72/72 79/79/79 80/80/80 
f 79/79/79 81/81/81 80/80/80 
f 80/80/80 81/81/81 74/74/74 
f 81/81/81 82/82/82 74/74/74 
f 74/74/74 82/82/82 76/76/76 
f 82/82/82 83/83/83 76/76/76 
f 76/76/76 83/83/83 84/84/84 
f 83/83/83 85/85/85 84/84/84 
f 84/84/84 85/85/85 86/86/86 
f 85/85/85 87/87/87 86/86/86 
f 86/86/86 87/87/87 87/87/87 
f 87/87/87 79/79/79 87/87/87 
f 87/87/87 79/79/79 79/79/79 
f 79/79/79 88/88/88 79/79/79 
f 79/79/79 88/88/88 81/81/81 
f 88/88/88 89/89/89 81/81/81 
f 81/81/81 89/89/89 90/90/90 
f 89/89/89 91/91/91 90/90/90 
f 90/90/90 91/91/91 83/83/83 
f 91/91/91 92/92/92 83/83/83 
f 83/83/83 92/92/92 85/85/85 
f 92/92/92 93/93/93 85/85/85 
f 85/85/85 93/93/93 94/94/94 
f 93/93/93 95/95/95 94/94/94 
f 94/94/94 95/95/95 96/96/96 
f 95/95/95 97/97/97 96/96/96 
f 96/96/96 97/97/97 97/97/97 
f 97/97/97 89/89/89 97/97/97 
f 97/97/97 89/89/89 89/89/89 
f 89/89/89 98/98/98 89/89/89 
f 89/89/89 98/98/98 91/91/91 
f 98/98/98 99/99/99 91/91/91 
f 91/91/91 99/99/99 100/100/100 
f 99/99/99 101/101/101 100/100/100 
f 100/100/100 101/101/101 93/93/93 
f 101/101/101 102/102/102 93/93/93 
f 93/93/93 102/102/102 95/95/95 
f 102/102/102 103/103/103 95/95/95 
f 95/95/95 103/103/103 104/104/104 
f 103/103/103 105/105/105 104/104/104 
f 104/104/104 105/105/105 106/106/106 
f 105/105/105 107/107/107 106/106/106 
f 106/106/106 107/107/107 107/107/107 
f 107/107/107 99/99/99 107/107/107 
f 107/107/107 99/99/99 99/99/99 
f 99/99/99 108/108/108 99/99/99 
f 99/99/99 108/108/108 101/101/101 
f 108/108/108 109/109/109 101/101/101 
f 101/101/101 109/109/109 110/110/110 
f 109/109/109 111/111/111 110/110/110 
f 110/110/110 111/111/111 103/103/103 
f 111/111/111 112/112/112 103/103/103 
f 103/103/103 112/112/112 105/105/105 
f 112/112/112 113/113/113 105/105/105 
f 105/105/105 113/113/113 114/114/114 
f 113/113/113 115/115/115 114/114/114 
f 114/114/114 115/115/115 116/116/116 
f 115/115/115 117/117/117 116/116/116 
f 116/116/116 117/117/117 117/117/117 
f 117/117/117 109/109/109 117/117/117 
f 117/117/117 109/109/109 109/109/109 
f 109/109/109 118/118/118 109/109/109 
f 109/109/109 118/118/118 111/111/111 
f 118/118/118 119/119/119 111/111/111 
f 111/111/111 119/119/119 120/120/120 
f 119/119/119 121/121/121 120/120/120 
f 120/120/120 121/121/121 113/113/113 
f 121/121/121 122/122/122 113/113/113 
f 113/113/113 122/122/122 115/115/115 
f 122/122/122 123/123/123 115/115/115 
f 115/115/115 123/123/123 124/124/124 
f 123/123/123 125/125/125 124/124/124 
f 124/124/124 125/125/125 126/126/126 
f 125/125/125 127/127/127 126/126/126 
f 126/126/126 127/127/127 127/127/127 
f 127/127/127 119/119/119 127/127/127 
f 127/127/127 119/119/119 119/119/119 
f 119/119/119 128/128/128 119/119/119 
f 119/119/119 128/128/128 121/121/121 
f 128/128/128 129/129/129 121/121/121 
f 121/121/121 129/129/129 130/130/130 
f 129/129/129 131/131/131 130/130/130 
f 130/130/130 131/131/131 123/123/123 
f 131/131/131 132/132/132 123/123/123 
f 123/123/123 132/132/132 125/125/125 
f 132/132/132 133/133/133 125/125/125 
f 125/125/125 133/133/133 134/134/134 
f 133/133/133 135/135/135 134/134/134 
f 134/134/134 135/135/135 136/136/136 
f 135/135/135 137/137/137 136/136/136 
f 136/136/136 137/137/137 137/137/137 
f 137/137/137 129/129/129 137/137/137 
f 137/137/137 129/129/129 129/129/129 
f 129/129/129 138/138/138 129/129/129 
f 129/129/129 138/138/138 131/131/131 
f 138/138/138 139/139/139 131/131/131 
f 131/131/131 139/139/139 140/140/140 
f 139/139/139 141/141/141 140/140/140 
f 140/140/140 141/141/141 133/133/133 
f 141/141/141 142/142/142 133/133/133 
f 133/133/133 142/142/142 135/135/135 
f 142/142/142 143/143/143 135/135/135 
f 135/135/135 143/143/143 144/144/144 
f 143/143/143 145/145/145 144/144/144 
f 144/144/144 145/145/145 146/146/146 
f 145/145/145 147/147/147 146/146/146 
f 146/146/146 147/147/147 147/147/147 
f 147/147/147 139/139/139 147/147/147 
f 147/147/147 139/139/139 139/139/139 
f 139/139/139 148/148/148 139/139/139 
f 139/139/139 148/148/148 141/141/141 
f 148/148/148 149/149/149 141/141/141 
f 141/141/141 149/149/149 150/150/150 
f 149/149/149 151/151/151 150/150/150 
f 150/150/150 151/151/151 143/143/143 
f 151/151/151 152/152/152 143/143/143 
f 143/143/143 152/152/152 145/145/145 
f 152/152/152 153/153/153 145/145/145 
f 145/145/145 153/153/153 154/154/154 
f 153/153/153 155/155/155 154/154/154 
f 154/154/154 155/155/155 156/156/156 
f 155/155/155 157/157/157 156/156/156 
f 156/156/156 157/157/157 157/157/157 
f 157/157/157 149/149/149 157/157/157 
f 157/157/157 149/149/149 149/149/149 
f 149/149/149 158/158/158 149/149/149 
f 149/149/149 158/158/158 151/151/151 
f 158/158/158 159/159/159 151/151/151 
f 151/151/151 159/159/159 160/160/160 
f 159/159/159 161/161/161 160/160/160 
f 160/160/160 161/161/161 153/153/153 
f 161/161/161 162/162/162 153/153/153 
f 153/153/153 162/162/162 155/155/155 
f 162/162/162 163/163/163 155/155/155 
f 155/155/155 163/163/163 164/164/164 
f 163/163/163 165/165/165 164/164/164 
f 164/164/164 165/165/165 166/166/166 
f 165/165/165 167/167/167 166/166/166 
f 166/166/166 167/167/167 167/167/167 
f 167/167/167 159/159/159 167/167/167 
f 167/167/167 159/159/159 159/159/159 
f 159/159/159 168/168/168 159/159/159 
f 159/159/159 168/168/168 161/161/161 
f 168/168/168 169/169/169 161/161/161 
f 161/161/161 169/169/169 170/170/170 
f 169/169/169 171/171/171 170/170/170 
f 170/170/170 171/171/171 163/163/163 
f 171/171/171 172/172/172 163/163/163 
f 163/163/163 172/172/172 165/165/165 
f 172/172/172 173/173/173 165/165/165 
f 165/165/165 173/173/173 174/174/174 
f 173/173/173 175/175/175 174/174/174 
f 174/174/174 175/175/175 176/176/176 
f 175/175/175 177/177/177 176/176/176 
f 176/176/176 177/177/177 177/177/177 
f 177/177/177 169/169/169 177/177/177 
f 177/177/177 169/169/169 169/169/169 
f 169/169/169 178/178/178 169/169/169 
f 169/169/169 178/178/178 171/171/171 
f 178/178/178 179/179/179 171/171/171 
f 171/171/171 179/179/179 180/180/180 
f 179/179/179 181/181/181 180/180/180 
f 180/180/180 181/181/181 173/173/173 
f 181/181/181 182/182/182 173/173/173 
f 173/173/173 182/182/182 175/175/175 
f 182/182/182 183/183/183 175/175/175 
f 175/175/175 183/183/183 184/184/184 
f 183/183/183 185/185/185 184/184/184 
f 184/184/184 185/185/185 186/186/186 
f 185/185/185 187/187/187 186/186/186 
f 186/186/186 187/187/187 187/187/187 
f 187/187/187 179/179/179 187/187/187 
f 187/187/187 179/179/179 179/179/179 
f 179/179/179 188/188/188 179/179/179 
f 179/179/179 188/188/188 181/181/181 
f 188/188/188 189/189/189 181/181/181 
f 181/181/181 189/189/189 190/190/190 
f 189/189/189 191/191/191 190/190/190 
f 190/190/190 191/191/191 183/183/183 
f 191/191/191 192/192/192 183/183/183 
f 183/183/183 192/192/192 185/185/185 
f 192/192/192 185/185/185 185/185/185 
f 185/185/185 185/185/185 190/190/190 
f 185/185/185 190/190/190 190/190/190 
f 190/190/190 190/190/190 190/190/190 
f 190/190/190 183/183/183 190/190/190 
f 190/190/190 183/183/183 181/181/181 
f 183/183/183 182/182/182 181/181/181 
f 181/181/181 182/182/182 182/182/182 
f 182/182/182 193/193/193 182/182/182 
f 182/182/182 193/193/193 193/193/193 
f 193/193/193 194/194/194 193/193/193 
f 193/193/193 194/194/194 195/195/195 
f 194/194/194 196/196/196 195/195/195 
f 195/195/195 196/196/196 197/197/197 
f 196/196/196 198/198/198 197/197/197 
f 197/197/197 198/198/198 199/199/199 
f 198/198/198 199/199/199 199/199/199 
f 199/199/199 199/199/199 196/196/196 
f 199/199/199 196/196/196 196/196/196 
f 196/196/196 196/196/196 196/196/196 
f 196/196/196 194/194/194 196/196/196 
f 196/196/196 194/194/194 198/198/198 
f 194/194/194 200/200/200 198/198/198 
f 198/198/198 200/200/200 200/200/200 
f 200/200/200 137/137/137 200/200/200 
f 200/200/200 137/137/137 137/137/137 
f 137/137/137 135/135/135 137/137/137 
f 137/137/137 135/135/135 146/146/146 
f 135/135/135 144/144/144 146/146/146 
f 146/146/146 144/144/144 144/144/144 
f 144/144/144 147/147/147 144/144/144 
f 144/144/144 147/147/147 147/147/147 
f 147/147/147 145/145/145 147/147/147 
f 147/147/147 145/145/145 156/156/156 
f 145/145/145 154/154/154 156/156/156 
f 156/156/156 154/154/154 154/154/154 
f 154/154/154 150/150/150 154/154/154 
f 154/154/154 150/150/150 150/150/150 
f 150/150/150 143/143/143 150/150/150 
f 150/150/150 143/143/143 141/141/141 
f 143/143/143 142/142/142 141/141/141 
f 141/141/141 142/142/142 142/142/142 
f 142/142/142 164/164/164 142/142/142 
f 142/142/142 164/164/164 164/164/164 
f 164/164/164 166/166/166 164/164/164 
f 164/164/164 166/166/166 155/155/155 
f 166/166/166 157/157/157 155/155/155 
f 155/155/155 157/157/157 157/157/157 
f 157/157/157 167/167/167 157/157/157 
f 157/157/157 167/167/167 167/167/167 
f 167/167/167 165/165/165 167/167/167 
f 167/167/167 165/165/165 176/176/176 
f 165/165/165 174/174/174 176/176/176 
f 176/176/176 174/174/174 174/174/174 
f 174/174/174 80/80/80 174/174/174 
f 174/174/174 80/80/80 80/80/80 
f 80/80/80 74/74/74 80/80/80 
f 80/80/80 74/74/74 72/72/72 
f 74/74/74 73/73/73 72/72/72 
f 72/72/72 73/73/73 73/73/73 
f 73/73/73 184/184/184 73/73/73 
f 73/73/73 184/184/184 184/184/184 
f 184/184/184 186/186/186 184/184/184 
f 184/184/184 186/186/186 175/175/175 
f 186/186/186 177/177/177 175/175/175 
f 175/175/175 177/177/177 177/177/177 
f 177/177/177 120/120/120 177/177/177 
f 177/177/177 120/120/120 120/120/120 
f 120/120/120 113/113/113 120/120/120 
f 120/120/120 113/113/113 111/111/111 
f 113/113/113 112/112/112 111/111/111 
f 111/111/111 112/112/112 112/112/112 
f 112/112/112 140/140/140 112/112/112 
f 112/112/112 140/140/140 140/140/140 
f 140/140/140 133/133/133 140/140/140 
f 140/140/140 133/133/133 131/131/131 
f 133/133/133 132/132/132 131/131/131 
f 131/131/131 132/132/132 132/132/132 
f 132/132/132 94/94/94 132/132/132 
f 132/132/132 94/94/94 94/94/94 
f 94/94/94 96/96/96 94/94/94 
f 94/94/94 96/96/96 85/85/85 
f 96/96/96 87/87/87 85/85/85 
f 85/85/85 87/87/87 87/87/87 
f 87/87/87 22/22/22 87/87/87 
f 87/87/87 22/22/22 22/22/22 
f 22/22/22 20/20/20 22/22/22 
f 22/22/22 20/20/20 24/24/24 
f 20/20/20 201/201/201 24/24/24 
f 24/24/24 201/201/201 202/202/202 
f 201/201/201 202/202/202 202/202/202 
f 202/202/202 202/202/202 24/24/24 
f 202/202/202 24/24/24 24/24/24 
f 24/24/24 24/24/24 24/24/24 
f 24/24/24 202/202/202 24/24/24 
f 24/24/24 202/202/202 203/203/203 
f 202/202/202 204/204/204 203/203/203 
f 203/203/203 204/204/204 26/26/26 
f 204/204/204 205/205/205 26/26/26 
f 26/26/26 205/205/205 30/30/30 
f 205/205/205 30/30/30 30/30/30 
f 30/30/30 30/30/30 47/47/47 
f 30/30/30 47/47/47 47/47/47 
f 47/47/47 47/47/47 47/47/47 
f 47/47/47 49/49/49 47/47/47 
f 47/47/47 49/49/49 206/206/206 
f 49/49/49 207/207/207 206/206/206 
f 206/206/206 207/207/207 207/207/207 
f 207/207/207 49/49/49 207/207/207 
f 207/207/207 49/49/49 208/208/208 
f 49/49/49 53/53/53 208/208/208 
f 208/208/208 53/53/53 209/209/209 
f 53/53/53 210/210/210 209/209/209 
f 209/209/209 210/210/210 210/210/210 
f 210/210/210 208/208/208 210/210/210 
f 210/210/210 208/208/208 208/208/208 
f 208/208/208 209/209/209 208/208/208 
f 208/208/208 209/209/209 207/207/207 
f 209/209/209 211/211/211 207/207/207 
f 207/207/207 211/211/211 211/211/211 
f 211/211/211 134/134/134 211/211/211 
f 211/211/211 134/134/134 134/134/134 
f 134/134/134 136/136/136 134/134/134 
f 134/134/134 136/136/136 125/125/125 
f 136/136/136 127/127/127 125/125/125 
f 125/125/125 127/127/127 127/127/127 
f 127/127/127 100/100/100 127/127/127 
f 127/127/127 100/100/100 100/100/100 
f 100/100/100 93/93/93 100/100/100 
f 100/100/100 93/93/93 91/91/91 
f 93/93/93 92/92/92 91/91/91 
f 91/91/91 92/92/92 92/92/92 
f 92/92/92 124/124/124 92/92/92 
f 92/92/92 124/124/124 124/124/124 
f 124/124/124 126/126/126 124/124/124 
f 124/124/124 126/126/126 115/115/115 
f 126/126/126 117/117/117 115/115/115 
f 115/115/115 117/117/117 117/117/117 
f 117/117/117 90/90/90 117/117/117 
f 117/117/117 90/90/90 90/90/90 
f 90/90/90 83/83/83 90/90/90 
f 90/90/90 83/83/83 81/81/81 
f 83/83/83 82/82/82 81/81/81 
f 81/81/81 82/82/82 82/82/82 
f 82/82/82 170/170/170 82/82/82 
f 82/82/82 170/170/170 170/170/170 
f 170/170/170 163/163/163 170/170/170 
f 170/170/170 163/163/163 161/161/161 
f 163/163/163 162/162/162 161/161/161 
f 161/161/161 162/162/162 162/162/162 
f 162/162/162 102/102/102 162/162/162 
f 162/162/162 102/102/102 102/102/102 
f 102/102/102 101/101/101 102/102/102 
f 102/102/102 101/101/101 103/103/103 
f 101/101/101 110/110/110 103/103/103 
f 103/103/103 110/110/110 110/110/110 
f 110/110/110 195/195/195 110/110/110 
f 110/110/110 195/195/195 195/195/195 
f 195/195/195 197/197/197 195/195/195 
f 195/195/195 197/197/197 212/212/212 
f 197/197/197 213/213/213 212/212/212 
f 212/212/212 213/213/213 213/213/213 
f 213/213/213 197/197/197 213/213/213 
f 213/213/213 197/197/197 214/214/214 
f 197/197/197 215/215/215 214/214/214 
f 214/214/214 215/215/215 216/216/216 
f 215/215/215 217/217/217 216/216/216 
f 216/216/216 217/217/217 218/218/218 
f 217/217/217 218/218/218 218/218/218 
f 218/218/218 218/218/218 214/214/214 
f 218/218/218 214/214/214 214/214/214 
f 214/214/214 214/214/214 214/214/214 
f 214/214/214 216/216/216 214/214/214 
f 214/214/214 216/216/216 213/213/213 
f 216/216/216 219/219/219 213/213/213 
f 213/213/213 219/219/219 219/219/219 
f 219/219/219 216/216/216 219/219/219 
f 219/219/219 216/216/216 220/220/220 
f 216/216/216 221/221/221 220/220/220 
f 220/220/220 221/221/221 222/222/222 
f 221/221/221 218/218/218 222/222/222 
f 222/222/222 218/218/218 223/223/223 
f 218/218/218 223/223/223 223/223/223 
f 223/223/223 223/223/223 223/223/223 
f 223/223/223 224/224/224 223/223/223 
f 223/223/223 224/224/224 222/222/222 
f 224/224/224 225/225/225 222/222/222 
f 222/222/222 225/225/225 226/226/226 
f 225/225/225 227/227/227 226/226/226 
f 226/226/226 227/227/227 228/228/228 
f 227/227/227 228/228/228 228/228/228 
f 228/228/228 228/228/228 225/225/225 
f 228/228/228 225/225/225 225/225/225 
f 225/225/225 225/225/225 225/225/225 
f 225/225/225 224/224/224 225/225/225 
f 225/225/225 224/224/224 227/227/227 
f 224/224/224 229/229/229 227/227/227 
f 227/227/227 229/229/229 229/229/229 
f 229/229/229 4/4/4 229/229/229 
f 229/229/229 4/4/4 4/4/4 
f 4/4/4 2/2/2 4/4/4 
f 4/4/4 2/2/2 6/6/6 
f 2/2/2 230/230/230 6/6/6 
f 6/6/6 230/230/230 231/231/231 
f 230/230/230 231/231/231 231/231/231 
f 231/231/231 231/231/231 6/6/6 
f 231/231/231 6/6/6 6/6/6 
f 6/6/6 6/6/6 6/6/6 
f 6/6/6 231/231/231 6/6/6 
f 6/6/6 231/231/231 232/232/232 
f 231/231/231 233/233/233 232/232/232 
f 232/232/232 233/233/233 8/8/8 
f 233/233/233 234/234/234 8/8/8 
f 8/8/8 234/234/234 12/12/12 
f 234/234/234 12/12/12 12/12/12 
f 12/12/12 12/12/12 235/235/235 
f 12/12/12 235/235/235 235/235/235 
f 235/235/235 235/235/235 235/235/235 
f 235/235/235 236/236/236 235/235/235 
f 235/235/235 236/236/236 237/237/237 
f 236/236/236 238/238/238 237/237/237 
f 237/237/237 238/238/238 239/239/239 
f 238/238/238 240/240/240 239/239/239 
f 239/239/239 240/240/240 241/241/241 
f 240/240/240 242/242/242 241/241/241 
f 241/241/241 242/242/242 242/242/242 
f 242/242/242 238/238/238 242/242/242 
f 242/242/242 238/238/238 238/238/238 
f 238/238/238 236/236/236 238/238/238 
f 238/238/238 236/236/236 240/240/240 
f 236/236/236 243/243/243 240/240/240 
f 240/240/240 243/243/243 244/244/244 
f 243/243/243 244/244/244 244/244/244 
f 244/244/244 244/244/244 240/240/240 
f 244/244/244 240/240/240 240/240/240 
f 240/240/240 240/240/240 240/240/240 
f 240/240/240 244/244/244 240/240/240 
f 240/240/240 244/244/244 245/245/245 
f 244/244/244 246/246/246 245/245/245 
f 245/245/245 246/246/246 242/242/242 
f 246/246/246 247/247/247 242/242/242 
f 242/242/242 247/247/247 247/247/247 
f 247/247/247 244/244/244 247/247/247 
f 247/247/247 244/244/244 244/244/244 
f 244/244/244 248/248/248 244/244/244 
f 244/244/244 248/248/248 246/246/246 
f 248/248/248 249/249/249 246/246/246 
f 246/246/246 249/249/249 250/250/250 
f 249/249/249 251/251/251 250/250/250 
f 250/250/250 251/251/251 252/252/252 
f 251/251/251 253/253/253 252/252/252 
f 252/252/252 253/253/253 253/253/253 
f 253/253/253 250/250/250 253/253/253 
f 253/253/253 250/250/250 250/250/250 
f 250/250/250 252/252/252 250/250/250 
f 250/250/250 252/252/252 246/246/246 
f 252/252/252 247/247/247 246/246/246 
f 246/246/246 247/247/247 247/247/247 
f 247/247/247 254/254/254 247/247/247 
f 247/247/247 254/254/254 254/254/254 
f 254/254/254 255/255/255 254/254/254 
f 254/254/254 255/255/255 256/256/256 
f 255/255/255 257/257/257 256/256/256 
f 256/256/256 257/257/257 258/258/258 
f 257/257/257 259/259/259 258/258/258 
f 258/258/258 259/259/259 260/260/260 
f 259/259/259 260/260/260 260/260/260 
f 260/260/260 260/260/260 257/257/257 
f 260/260/260 257/257/257 257/257/257 
f 257/257/257 257/257/257 257/257/257 
f 257/257/257 255/255/255 257/257/257 
f 257/257/257 255/255/255 259/259/259 
f 255/255/255 261/261/261 259/259/259 
f 259/259/259 261/261/261 261/261/261 
f 261/261/261 262/262/262 261/261/261 
f 261/261/261 262/262/262 262/262/262 
f 262/262/262 263/263/263 262/262/262 
f 262/262/262 263/263/263 264/264/264 
f 263/263/263 265/265/265 264/264/264 
f 264/264/264 265/265/265 266/266/266 
f 265/265/265 267/267/267 266/266/266 
f 266/266/266 267/267/267 268/268/268 
f 267/267/267 269/269/269 268/268/268 
f 268/268/268 269/269/269 269/269/269 
f 269/269/269 265/265/265 269/269/269 
f 269/269/269 265/265/265 265/265/265 
f 265/265/265 263/263/263 265/265/265 
f 265/265/265 263/263/263 267/267/267 
f 263/263/263 270/270/270 267/267/267 
f 267/267/267 270/270/270 271/271/271 
f 270/270/270 271/271/271 271/271/271 
f 271/271/271 271/271/271 267/267/267 
f 271/271/271 267/267/267 267/267/267 
f 267/267/267 267/267/267 267/267/267 
f 267/267/267 271/271/271 267/267/267 
f 267/267/267 271/271/271 272/272/272 
f 271/271/271 273/273/273 272/272/272 
f 272/272/272 273/273/273 269/269/269 
f 273/273/273 274/274/274 269/269/269 
f 269/269/269 274/274/274 274/274/274 
f 274/274/274 271/271/271 274/274/274 
f 274/274/274 271/271/271 271/271/271 
f 271/271/271 275/275/275 271/271/271 
f 271/271/271 275/275/275 273/273/273 
f 275/275/275 276/276/276 273/273/273 
f 273/273/273 276/276/276 277/277/277 
f 276/276/276 278/278/278 277/277/277 
f 277/277/277 278/278/278 279/279/279 
f 278/278/278 280/280/280 279/279/279 
f 279/279/279 280/280/280 280/280/280 
f 280/280/280 277/277/277 280/280/280 
f 280/280/280 277/277/277 277/277/277 
f 277/277/277 279/279/279 277/277/277 
f 277/277/277 279/279/279 273/273/273 
f 279/279/279 274/274/274 273/273/273 
f 273/273/273 274/274/274 274/274/274 
f 274/274/274 35/35/35 274/274/274 
f 274/274/274 35/35/35 35/35/35 
f 35/35/35 33/33/33 35/35/35 
f 35/35/35 33/33/33 281/281/281 
f 33/33/33 282/282/282 281/281/281 
f 281/281/281 282/282/282 282/282/282 
f 282/282/282 33/33/33 282/282/282 
f 282/282/282 33/33/33 283/283/283 
f 33/33/33 284/284/284 283/283/283 
f 283/283/283 284/284/284 285/285/285 
f 284/284/284 286/286/286 285/285/285 
f 285/285/285 286/286/286 287/287/287 
f 286/286/286 288/288/288 287/287/287 
f 287/287/287 288/288/288 289/289/289 
f 288/288/288 290/290/290 289/289/289 
f 289/289/289 290/290/290 291/291/291 
f 290/290/290 292/292/292 291/291/291 
f 291/291/291 292/292/292 293/293/293 
f 292/292/292 293/293/293 293/293/293 
f 293/293/293 293/293/293 33/33/33 
f 293/293/293 33/33/33 33/33/33 
f 33/33/33 33/33/33 33/33/33 
f 33/33/33 32/32/32 33/33/33 
f 33/33/33 32/32/32 284/284/284 
f 32/32/32 29/29/29 284/284/284 
f 284/284/284 29/29/29 294/294/294 
f 29/29/29 295/295/295 294/294/294 
f 294/294/294 295/295/295 288/288/288 
f 295/295/295 296/296/296 288/288/288 
f 288/288/288 296/296/296 290/290/290 
f 296/296/296 290/290/290 290/290/290 
f 290/290/290 290/290/290 294/294/294 
f 290/290/290 294/294/294 294/294/294 
f 294/294/294 294/294/294 294/294/294 
f 294/294/294 288/288/288 294/294/294 
f 294/294/294 288/288/288 284/284/284 
f 288/288/288 286/286/286 284/284/284 
f 284/284/284 286/286/286 286/286/286 
f 286/286/286 297/297/297 286/286/286 
f 286/286/286 297/297/297 297/297/297 
f 297/297/297 298/298/298 297/297/297 
f 297/297/297 298/298/298 299/299/299 
f 298/298/298 300/300/300 299/299/299 
f 299/299/299 300/300/300 251/251/251 
f 300/300/300 301/301/301 251/251/251 
f 251/251/251 301/301/301 253/253/253 
f 301/301/301 253/253/253 253/253/253 
f 253/253/253 253/253/253 300/300/300 
f 253/253/253 300/300/300 300/300/300 
f 300/300/300 300/300/300 300/300/300 
f 300/300/300 298/298/298 300/300/300 
f 300/300/300 298/298/298 301/301/301 
f 298/298/298 302/302/302 301/301/301 
f 301/301/301 302/302/302 302/302/302 
f 302/302/302 283/283/283 302/302/302 
f 302/302/302 283/283/283 283/283/283 
f 283/283/283 285/285/285 283/283/283 
f 283/283/283 285/285/285 282/282/282 
f 285/285/285 303/303/303 282/282/282 
f 282/282/282 303/303/303 303/303/303 
f 303/303/303 285/285/285 303/303/303 
f 303/303/303 285/285/285 304/304/304 
f 285/285/285 305/305/305 304/304/304 
f 304/304/304 305/305/305 306/306/306 
f 305/305/305 287/287/287 306/306/306 
f 306/306/306 287/287/287 307/307/307 
f 287/287/287 291/291/291 307/307/307 
f 307/307/307 291/291/291 308/308/308 
f 291/291/291 309/309/309 308/308/308 
f 308/308/308 309/309/309 310/310/310 
f 309/309/309 293/293/293 310/310/310 
f 310/310/310 293/293/293 311/311/311 
f 293/293/293 311/311/311 311/311/311 
f 311/311/311 311/311/311 310/310/310 
f 311/311/311 310/310/310 310/310/310 
f 310/310/310 310/310/310 310/310/310 
f 310/310/310 312/312/312 310/310/310 
f 310/310/310 312/312/312 308/308/308 
f 312/312/312 313/313/313 308/308/308 
f 308/308/308 313/313/313 314/314/314 
f 313/313/313 315/315/315 314/314/314 
f 314/314/314 315/315/315 306/306/306 
f 315/315/315 316/316/316 306/306/306 
f 306/306/306 316/316/316 304/304/304 
f 316/316/316 304/304/304 304/304/304 
f 304/304/304 304/304/304 314/314/314 
f 304/304/304 314/314/314 314/314/314 
f 314/314/314 314/314/314 314/314/314 
f 314/314/314 306/306/306 314/314/314 
f 314/314/314 306/306/306 308/308/308 
f 306/306/306 307/307/307 308/308/308 
f 308/308/308 307/307/307 307/307/307 
f 307/307/307 299/299/299 307/307/307 
f 307/307/307 299/299/299 299/299/299 
f 299/299/299 251/251/251 299/299/299 
f 299/299/299 251/251/251 317/317/317 
f 251/251/251 249/249/249 317/317/317 
f 317/317/317 249/249/249 249/249/249 
f 249/249/249 318/318/318 249/249/249 
f 249/249/249 318/318/318 318/318/318 
f 318/318/318 319/319/319 318/318/318 
f 318/318/318 319/319/319 320/320/320 
f 319/319/319 321/321/321 320/320/320 
f 320/320/320 321/321/321 322/322/322 
f 321/321/321 323/323/323 322/322/322 
f 322/322/322 323/323/323 324/324/324 
f 323/323/323 324/324/324 324/324/324 
f 324/324/324 324/324/324 321/321/321 
f 324/324/324 321/321/321 321/321/321 
f 321/321/321 321/321/321 321/321/321 
f 321/321/321 319/319/319 321/321/321 
f 321/321/321 319/319/319 323/323/323 
f 319/319/319 325/325/325 323/323/323 
f 323/323/323 325/325/325 325/325/325 
f 325/325/325 326/326/326 325/325/325 
f 325/325/325 326/326/326 326/326/326 
f 326/326/326 327/327/327 326/326/326 
f 326/326/326 327/327/327 328/328/328 
f 327/327/327 329/329/329 328/328/328 
f 328/328/328 329/329/329 330/330/330 
f 329/329/329 331/331/331 330/330/330 
f 330/330/330 331/331/331 332/332/332 
f 331/331/331 332/332/332 332/332/332 
f 332/332/332 332/332/332 332/332/332 
f 332/332/332 333/333/333 332/332/332 
f 332/332/332 333/333/333 330/330/330 
f 333/333/333 334/334/334 330/330/330 
f 330/330/330 334/334/334 335/335/335 
f 334/334/334 41/41/41 335/335/335 
f 335/335/335 41/41/41 43/43/43 
f 41/41/41 43/43/43 43/43/43 
f 43/43/43 43/43/43 334/334/334 
f 43/43/43 334/334/334 334/334/334 
f 334/334/334 334/334/334 334/334/334 
f 334/334/334 333/333/333 334/334/334 
f 334/334/334 333/333/333 41/41/41 
f 333/333/333 336/336/336 41/41/41 
f 41/41/41 336/336/336 39/39/39 
f 336/336/336 39/39/39 39/39/39 
f 39/39/39 39/39/39 320/320/320 
f 39/39/39 320/320/320 320/320/320 
f 320/320/320 320/320/320 320/320/320 
f 320/320/320 322/322/322 320/320/320 
f 320/320/320 322/322/322 337/337/337 
f 322/322/322 338/338/338 337/337/337 
f 337/337/337 338/338/338 338/338/338 
f 338/338/338 322/322/322 338/338/338 
f 338/338/338 322/322/322 339/339/339 
f 322/322/322 340/340/340 339/339/339 
f 339/339/339 340/340/340 341/341/341 
f 340/340/340 342/342/342 341/341/341 
f 341/341/341 342/342/342 343/343/343 
f 342/342/342 343/343/343 343/343/343 
f 343/343/343 343/343/343 339/339/339 
f 343/343/343 339/339/339 339/339/339 
f 339/339/339 339/339/339 339/339/339 
f 339/339/339 341/341/341 339/339/339 
f 339/339/339 341/341/341 338/338/338 
f 341/341/341 344/344/344 338/338/338 
f 338/338/338 344/344/344 344/344/344 
f 344/344/344 341/341/341 344/344/344 
f 344/344/344 341/341/341 345/345/345 
f 341/341/341 346/346/346 345/345/345 
f 345/345/345 346/346/346 347/347/347 
f 346/346/346 343/343/343 347/347/347 
f 347/347/347 343/343/343 348/348/348 
f 343/343/343 348/348/348 348/348/348 
f 348/348/348 348/348/348 348/348/348 
f 348/348/348 349/349/349 348/348/348 
f 348/348/348 349/349/349 347/347/347 
f 349/349/349 350/350/350 347/347/347 
f 347/347/347 350/350/350 351/351/351 
f 350/350/350 352/352/352 351/351/351 
f 351/351/351 352/352/352 353/353/353 
f 352/352/352 354/354/354 353/353/353 
f 353/353/353 354/354/354 354/354/354 
f 354/354/354 350/350/350 354/354/354 
f 354/354/354 350/350/350 350/350/350 
f 350/350/350 349/349/349 350/350/350 
f 350/350/350 349/349/349 352/352/352 
f 349/349/349 355/355/355 352/352/352 
f 352/352/352 355/355/355 356/356/356 
f 355/355/355 356/356/356 356/356/356 
f 356/356/356 356/356/356 352/352/352 
f 356/356/356 352/352/352 352/352/352 
f 352/352/352 352/352/352 352/352/352 
f 352/352/352 356/356/356 352/352/352 
f 352/352/352 356/356/356 357/357/357 
f 356/356/356 358/358/358 357/357/357 
f 357/357/357 358/358/358 354/354/354 
f 358/358/358 359/359/359 354/354/354 
f 354/354/354 359/359/359 359/359/359 
f 359/359/359 356/356/356 359/359/359 
f 359/359/359 356/356/356 356/356/356 
f 356/356/356 360/360/360 356/356/356 
f 356/356/356 360/360/360 358/358/358 
f 360/360/360 361/361/361 358/358/358 
f 358/358/358 361/361/361 362/362/362 
f 361/361/361 363/363/363 362/362/362 
f 362/362/362 363/363/363 364/364/364 
f 363/363/363 365/365/365 364/364/364 
f 364/364/364 365/365/365 365/365/365 
f 365/365/365 362/362/362 365/365/365 
f 365/365/365 362/362/362 362/362/362 
f 362/362/362 364/364/364 362/362/362 
f 362/362/362 364/364/364 358/358/358 
f 364/364/364 359/359/359 358/358/358 
f 358/358/358 359/359/359 359/359/359 
f 359/359/359 329/329/329 359/359/359 
f 359/359/359 329/329/329 329/329/329 
f 329/329/329 327/327/327 329/329/329 
f 329/329/329 327/327/327 331/331/331 
f 327/327/327 366/366/366 331/331/331 
f 331/331/331 366/366/366 366/366/366 
f 366/366/366 351/351/351 366/366/366 
f 366/366/366 351/351/351 351/351/351 
f 351/351/351 367/367/367 351/351/351 
f 351/351/351 367/367/367 347/347/347 
f 367/367/367 345/345/345 347/347/347 
f 347/347/347 345/345/345 345/345/345 
f 345/345/345 368/368/368 345/345/345 
f 345/345/345 368/368/368 368/368/368 
f 368/368/368 369/369/369 368/368/368 
f 368/368/368 369/369/369 370/370/370 
f 369/369/369 371/371/371 370/370/370 
f 370/370/370 371/371/371 372/372/372 
f 371/371/371 373/373/373 372/372/372 
f 372/372/372 373/373/373 374/374/374 
f 373/373/373 374/374/374 374/374/374 
f 374/374/374 374/374/374 371/371/371 
f 374/374/374 371/371/371 371/371/371 
f 371/371/371 371/371/371 371/371/371 
f 371/371/371 369/369/369 371/371/371 
f 371/371/371 369/369/369 373/373/373 
f 369/369/369 375/375/375 373/373/373 
f 373/373/373 375/375/375 375/375/375 
f 375/375/375 220/220/220 375/375/375 
f 375/375/375 220/220/220 220/220/220 
f 220/220/220 222/222/222 220/220/220 
f 220/220/220 222/222/222 376/376/376 
f 222/222/222 226/226/226 376/376/376 
f 376/376/376 226/226/226 226/226/226 
f 226/226/226 365/365/365 226/226/226 
f 226/226/226 365/365/365 365/365/365 
f 365/365/365 363/363/363 365/365/365 
f 365/365/365 363/363/363 377/377/377 
f 363/363/363 378/378/378 377/377/377 
f 377/377/377 378/378/378 379/379/379 
f 378/378/378 380/380/380 379/379/379 
f 379/379/379 380/380/380 381/381/381 
f 380/380/380 381/381/381 381/381/381 
f 381/381/381 381/381/381 378/378/378 
f 381/381/381 378/378/378 378/378/378 
f 378/378/378 378/378/378 378/378/378 
f 378/378/378 363/363/363 378/378/378 
f 378/378/378 363/363/363 380/380/380 
f 363/363/363 382/382/382 380/380/380 
f 380/380/380 382/382/382 382/382/382 
f 382/382/382 377/377/377 382/382/382 
f 382/382/382 377/377/377 377/377/377 
f 377/377/377 379/379/379 377/377/377 
f 377/377/377 379/379/379 383/383/383 
f 379/379/379 384/384/384 383/383/383 
f 383/383/383 384/384/384 384/384/384 
f 384/384/384 379/379/379 384/384/384 
f 384/384/384 379/379/379 385/385/385 
f 379/379/379 386/386/386 385/385/385 
f 385/385/385 386/386/386 387/387/387 
f 386/386/386 388/388/388 387/387/387 
f 387/387/387 388/388/388 389/389/389 
f 388/388/388 389/389/389 389/389/389 
f 389/389/389 389/389/389 385/385/385 
f 389/389/389 385/385/385 385/385/385 
f 385/385/385 385/385/385 385/385/385 
f 385/385/385 387/387/387 385/385/385 
f 385/385/385 387/387/387 384/384/384 
f 387/387/387 390/390/390 384/384/384 
f 384/384/384 390/390/390 390/390/390 
f 390/390/390 387/387/387 390/390/390 
f 390/390/390 387/387/387 391/391/391 
f 387/387/387 392/392/392 391/391/391 
f 391/391/391 392/392/392 393/393/393 
f 392/392/392 389/389/389 393/393/393 
f 393/393/393 389/389/389 394/394/394 
f 389/389/389 394/394/394 394/394/394 
f 394/394/394 394/394/394 394/394/394 
f 394/394/394 395/395/395 394/394/394 
f 394/394/394 395/395/395 393/393/393 
f 395/395/395 396/396/396 393/393/393 
f 393/393/393 396/396/396 397/397/397 
f 396/396/396 398/398/398 397/397/397 
f 397/397/397 398/398/398 399/399/399 
f 398/398/398 400/400/400 399/399/399 
f 399/399/399 400/400/400 400/400/400 
f 400/400/400 396/396/396 400/400/400 
f 400/400/400 396/396/396 396/396/396 
f 396/396/396 395/395/395 396/396/396 
f 396/396/396 395/395/395 398/398/398 
f 395/395/395 401/401/401 398/398/398 
f 398/398/398 401/401/401 402/402/402 
f 401/401/401 402/402/402 402/402/402 
f 402/402/402 402/402/402 398/398/398 
f 402/402/402 398/398/398 398/398/398 
f 398/398/398 398/398/398 398/398/398 
f 398/398/398 402/402/402 398/398/398 
f 398/398/398 402/402/402 403/403/403 
f 402/402/402 404/404/404 403/403/403 
f 403/403/403 404/404/404 400/400/400 
f 404/404/404 405/405/405 400/400/400 
f 400/400/400 405/405/405 405/405/405 
f 405/405/405 402/402/402 405/405/405 
f 405/405/405 402/402/402 402/402/402 
f 402/402/402 406/406/406 402/402/402 
f 402/402/402 406/406/406 404/404/404 
f 406/406/406 407/407/407 404/404/404 
f 404/404/404 407/407/407 408/408/408 
f 407/407/407 409/409/409 408/408/408 
f 408/408/408 409/409/409 410/410/410 
f 409/409/409 411/411/411 410/410/410 
f 410/410/410 411/411/411 411/411/411 
f 411/411/411 408/408/408 411/411/411 
f 411/411/411 408/408/408 408/408/408 
f 408/408/408 410/410/410 408/408/408 
f 408/408/408 410/410/410 404/404/404 
f 410/410/410 405/405/405 404/404/404 
f 404/404/404 405/405/405 405/405/405 
f 405/405/405 391/391/391 405/405/405 
f 405/405/405 391/391/391 391/391/391 
f 391/391/391 393/393/393 391/391/391 
f 391/391/391 393/393/393 412/412/412 
f 393/393/393 397/397/397 412/412/412 
f 412/412/412 397/397/397 397/397/397 
f 397/397/397 407/407/407 397/397/397 
f 397/397/397 407/407/407 407/407/407 
f 407/407/407 413/413/413 407/407/407 
f 407/407/407 413/413/413 409/409/409 
f 413/413/413 414/414/414 409/409/409 
f 409/409/409 414/414/414 415/415/415 
f 414/414/414 416/416/416 415/415/415 
f 415/415/415 416/416/416 417/417/417 
f 416/416/416 418/418/418 417/417/417 
f 417/417/417 418/418/418 418/418/418 
f 418/418/418 415/415/415 418/418/418 
f 418/418/418 415/415/415 415/415/415 
f 415/415/415 417/417/417 415/415/415 
f 415/415/415 417/417/417 409/409/409 
f 417/417/417 411/411/411 409/409/409 
f 409/409/409 411/411/411 411/411/411 
f 411/411/411 315/315/315 411/411/411 
f 411/411/411 315/315/315 315/315/315 
f 315/315/315 313/313/313 315/315/315 
f 315/315/315 313/313/313 419/419/419 
f 313/313/313 420/420/420 419/419/419 
f 419/419/419 420/420/420 420/420/420 
f 420/420/420 313/313/313 420/420/420 
f 420/420/420 313/313/313 421/421/421 
f 313/313/313 422/422/422 421/421/421 
f 421/421/421 422/422/422 423/423/423 
f 422/422/422 424/424/424 423/423/423 
f 423/423/423 424/424/424 425/425/425 
f 424/424/424 426/426/426 425/425/425 
f 425/425/425 426/426/426 427/427/427 
f 426/426/426 428/428/428 427/427/427 
f 427/427/427 428/428/428 429/429/429 
f 428/428/428 430/430/430 429/429/429 
f 429/429/429 430/430/430 431/431/431 
f 430/430/430 431/431/431 431/431/431 
f 431/431/431 431/431/431 313/313/313 
f 431/431/431 313/313/313 313/313/313 
f 313/313/313 313/313/313 313/313/313 
f 313/313/313 312/312/312 313/313/313 
f 313/313/313 312/312/312 422/422/422 
f 312/312/312 310/310/310 422/422/422 
f 422/422/422 310/310/310 432/432/432 
f 310/310/310 433/433/433 432/432/432 
f 432/432/432 433/433/433 426/426/426 
f 433/433/433 434/434/434 426/426/426 
f 426/426/426 434/434/434 428/428/428 
f 434/434/434 428/428/428 428/428/428 
f 428/428/428 428/428/428 432/432/432 
f 428/428/428 432/432/432 432/432/432 
f 432/432/432 432/432/432 432/432/432 
f 432/432/432 426/426/426 432/432/432 
f 432/432/432 426/426/426 422/422/422 
f 426/426/426 424/424/424 422/422/422 
f 422/422/422 424/424/424 424/424/424 
f 424/424/424 427/427/427 424/424/424 
f 424/424/424 427/427/427 427/427/427 
f 427/427/427 429/429/429 427/427/427 
f 427/427/427 429/429/429 425/425/425 
f 429/429/429 435/435/435 425/425/425 
f 425/425/425 435/435/435 436/436/436 
f 435/435/435 437/437/437 436/436/436 
f 436/436/436 437/437/437 438/438/438 
f 437/437/437 439/439/439 438/438/438 
f 438/438/438 439/439/439 440/440/440 
f 439/439/439 441/441/441 440/440/440 
f 440/440/440 441/441/441 441/441/441 
f 441/441/441 435/435/435 441/441/441 
f 441/441/441 435/435/435 435/435/435 
f 435/435/435 429/429/429 435/435/435 
f 435/435/435 429/429/429 437/437/437 
f 429/429/429 442/442/442 437/437/437 
f 437/437/437 442/442/442 443/443/443 
f 442/442/442 431/431/431 443/443/443 
f 443/443/443 431/431/431 444/444/444 
f 431/431/431 444/444/444 444/444/444 
f 444/444/444 444/444/444 437/437/437 
f 444/444/444 437/437/437 437/437/437 
f 437/437/437 437/437/437 437/437/437 
f 437/437/437 443/443/443 437/437/437 
f 437/437/437 443/443/443 445/445/445 
f 443/443/443 446/446/446 445/445/445 
f 445/445/445 446/446/446 439/439/439 
f 446/446/446 447/447/447 439/439/439 
f 439/439/439 447/447/447 448/448/448 
f 447/447/447 449/449/449 448/448/448 
f 448/448/448 449/449/449 450/450/450 
f 449/449/449 451/451/451 450/450/450 
f 450/450/450 451/451/451 451/451/451 
f 451/451/451 443/443/443 451/451/451 
f 451/451/451 443/443/443 443/443/443 
f 443/443/443 452/452/452 443/443/443 
f 443/443/443 452/452/452 446/446/446 
f 452/452/452 453/453/453 446/446/446 
f 446/446/446 453/453/453 454/454/454 
f 453/453/453 455/455/455 454/454/454 
f 454/454/454 455/455/455 449/449/449 
f 455/455/455 456/456/456 449/449/449 
f 449/449/449 456/456/456 451/451/451 
f 456/456/456 457/457/457 451/451/451 
f 451/451/451 457/457/457 458/458/458 
f 457/457/457 459/459/459 458/458/458 
f 458/458/458 459/459/459 459/459/459 
f 459/459/459 453/453/453 459/459/459 
f 459/459/459 453/453/453 453/453/453 
f 453/453/453 452/452/452 453/453/453 
f 453/453/453 452/452/452 460/460/460 
f 452/452/452 443/443/443 460/460/460 
f 460/460/460 443/443/443 444/444/444 
f 443/443/443 444/444/444 444/444/444 
f 444/444/444 444/444/444 460/460/460 
f 444/444/444 460/460/460 460/460/460 
f 460/460/460 460/460/460 460/460/460 
f 460/460/460 461/461/461 460/460/460 
f 460/460/460 461/461/461 453/453/453 
f 461/461/461 462/462/462 453/453/453 
f 453/453/453 462/462/462 463/463/463 
f 462/462/462 464/464/464 463/463/463 
f 463/463/463 464/464/464 455/455/455 
f 464/464/464 465/465/465 455/455/455 
f 455/455/455 465/465/465 457/457/457 
f 465/465/465 466/466/466 457/457/457 
f 457/457/457 466/466/466 467/467/467 
f 466/466/466 468/468/468 467/467/467 
f 467/467/467 468/468/468 459/459/459 
f 468/468/468 469/469/469 459/459/459 
f 459/459/459 469/469/469 469/469/469 
f 469/469/469 462/462/462 469/469/469 
f 469/469/469 462/462/462 462/462/462 
f 462/462/462 470/470/470 462/462/462 
f 462/462/462 470/470/470 464/464/464 
f 470/470/470 471/471/471 464/464/464 
f 464/464/464 471/471/471 472/472/472 
f 471/471/471 473/473/473 472/472/472 
f 472/472/472 473/473/473 466/466/466 
f 473/473/473 474/474/474 466/466/466 
f 466/466/466 474/474/474 468/468/468 
f 474/474/474 475/475/475 468/468/468 
f 468/468/468 475/475/475 476/476/476 
f 475/475/475 477/477/477 476/476/476 
f 476/476/476 477/477/477 478/478/478 
f 477/477/477 479/479/479 478/478/478 
f 478/478/478 479/479/479 479/479/479 
f 479/479/479 471/471/471 479/479/479 
f 479/479/479 471/471/471 471/471/471 
f 471/471/471 480/480/480 471/471/471 
f 471/471/471 480/480/480 473/473/473 
f 480/480/480 481/481/481 473/473/473 
f 473/473/473 481/481/481 482/482/482 
f 481/481/481 483/483/483 482/482/482 
f 482/482/482 483/483/483 475/475/475 
f 483/483/483 484/484/484 475/475/475 
f 475/475/475 484/484/484 477/477/477 
f 484/484/484 485/485/485 477/477/477 
f 477/477/477 485/485/485 486/486/486 
f 485/485/485 11/11/11 486/486/486 
f 486/486/486 11/11/11 487/487/487 
f 11/11/11 13/13/13 487/487/487 
f 487/487/487 13/13/13 13/13/13 
f 13/13/13 481/481/481 13/13/13 
f 13/13/13 481/481/481 481/481/481 
f 481/481/481 488/488/488 481/481/481 
f 481/481/481 488/488/488 483/483/483 
f 488/488/488 489/489/489 483/483/483 
f 483/483/483 489/489/489 490/490/490 
f 489/489/489 15/15/15 490/490/490 
f 490/490/490 15/15/15 485/485/485 
f 15/15/15 14/14/14 485/485/485 
f 485/485/485 14/14/14 11/11/11 
f 14/14/14 11/11/11 11/11/11 
f 11/11/11 11/11/11 490/490/490 
f 11/11/11 490/490/490 490/490/490 
f 490/490/490 490/490/490 490/490/490 
f 490/490/490 485/485/485 490/490/490 
f 490/490/490 485/485/485 483/483/483 
f 485/485/485 484/484/484 483/483/483 
f 483/483/483 484/484/484 484/484/484 
f 484/484/484 454/454/454 484/484/484 
f 484/484/484 454/454/454 454/454/454 
f 454/454/454 449/449/449 454/454/454 
f 454/454/454 449/449/449 446/446/446 
f 449/449/449 447/447/447 446/446/446 
f 446/446/446 447/447/447 447/447/447 
f 447/447/447 465/465/465 447/447/447 
f 447/447/447 465/465/465 465/465/465 
f 465/465/465 464/464/464 465/465/465 
f 465/465/465 464/464/464 466/466/466 
f 464/464/464 472/472/472 466/466/466 
f 466/466/466 472/472/472 472/472/472 
f 472/472/472 474/474/474 472/472/472 
f 472/472/472 474/474/474 474/474/474 
f 474/474/474 473/473/473 474/474/474 
f 474/474/474 473/473/473 475/475/475 
f 473/473/473 482/482/482 475/475/475 
f 475/475/475 482/482/482 482/482/482 
f 482/482/482 476/476/476 482/482/482 
f 482/482/482 476/476/476 476/476/476 
f 476/476/476 478/478/478 476/476/476 
f 476/476/476 478/478/478 468/468/468 
f 478/478/478 469/469/469 468/468/468 
f 468/468/468 469/469/469 469/469/469 
f 469/469/469 438/438/438 469/469/469 
f 469/469/469 438/438/438 438/438/438 
f 438/438/438 440/440/440 438/438/438 
f 438/438/438 440/440/440 436/436/436 
f 440/440/440 491/491/491 436/436/436 
f 436/436/436 491/491/491 492/492/492 
f 491/491/491 492/492/492 492/492/492 
f 492/492/492 492/492/492 436/436/436 
f 492/492/492 436/436/436 436/436/436 
f 436/436/436 436/436/436 436/436/436 
f 436/436/436 492/492/492 436/436/436 
f 436/436/436 492/492/492 493/493/493 
f 492/492/492 423/423/423 493/493/493 
f 493/493/493 423/423/423 425/425/425 
f 423/423/423 425/425/425 425/425/425 
f 425/425/425 425/425/425 492/492/492 
f 425/425/425 492/492/492 492/492/492 
f 492/492/492 492/492/492 492/492/492 
f 492/492/492 494/494/494 492/492/492 
f 492/492/492 494/494/494 423/423/423 
f 494/494/494 420/420/420 423/423/423 
f 423/423/423 420/420/420 421/421/421 
f 420/420/420 421/421/421 421/421/421 
f 421/421/421 421/421/421 495/495/495 
f 421/421/421 495/495/495 495/495/495 
f 495/495/495 495/495/495 495/495/495 
f 495/495/495 496/496/496 495/495/495 
f 495/495/495 496/496/496 497/497/497 
f 496/496/496 498/498/498 497/497/497 
f 497/497/497 498/498/498 499/499/499 
f 498/498/498 500/500/500 499/499/499 
f 499/499/499 500/500/500 501/501/501 
f 500/500/500 501/501/501 501/501/501 
f 501/501/501 501/501/501 498/498/498 
f 501/501/501 498/498/498 498/498/498 
f 498/498/498 498/498/498 498/498/498 
f 498/498/498 496/496/496 498/498/498 
f 498/498/498 496/496/496 500/500/500 
f 496/496/496 502/502/502 500/500/500 
f 500/500/500 502/502/502 502/502/502 
f 502/502/502 486/486/486 502/502/502 
f 502/502/502 486/486/486 486/486/486 
f 486/486/486 487/487/487 486/486/486 
f 486/486/486 487/487/487 477/477/477 
f 487/487/487 479/479/479 477/477/477 
f 477/477/477 479/479/479 479/479/479 
f 479/479/479 497/497/497 479/479/479 
f 479/479/479 497/497/497 497/497/497 
f 497/497/497 499/499/499 497/497/497 
f 497/497/497 499/499/499 503/503/503 
f 499/499/499 504/504/504 503/503/503 
f 503/503/503 504/504/504 504/504/504 
f 504/504/504 499/499/499 504/504/504 
f 504/504/504 499/499/499 505/505/505 
f 499/499/499 506/506/506 505/505/505 
f 505/505/505 506/506/506 507/507/507 
f 506/506/506 508/508/508 507/507/507 
f 507/507/507 508/508/508 509/509/509 
f 508/508/508 509/509/509 509/509/509 
f 509/509/509 509/509/509 505/505/505 
f 509/509/509 505/505/505 505/505/505 
f 505/505/505 505/505/505 505/505/505 
f 505/505/505 507/507/507 505/505/505 
f 505/505/505 507/507/507 504/504/504 
f 507/507/507 510/510/510 504/504/504 
f 504/504/504 510/510/510 510/510/510 
f 510/510/510 507/507/507 510/510/510 
f 510/510/510 507/507/507 511/511/511 
f 507/507/507 512/512/512 511/511/511 
f 511/511/511 512/512/512 513/513/513 
f 512/512/512 509/509/509 513/513/513 
f 513/513/513 509/509/509 514/514/514 
f 509/509/509 514/514/514 514/514/514 
f 514/514/514 514/514/514 514/514/514 
f 514/514/514 515/515/515 514/514/514 
f 514/514/514 515/515/515 513/513/513 
f 515/515/515 516/516/516 513/513/513 
f 513/513/513 516/516/516 517/517/517 
f 516/516/516 518/518/518 517/517/517 
f 517/517/517 518/518/518 519/519/519 
f 518/518/518 520/520/520 519/519/519 
f 519/519/519 520/520/520 520/520/520 
f 520/520/520 516/516/516 520/520/520 
f 520/520/520 516/516/516 516/516/516 
f 516/516/516 515/515/515 516/516/516 
f 516/516/516 515/515/515 518/518/518 
f 515/515/515 521/521/521 518/518/518 
f 518/518/518 521/521/521 522/522/522 
f 521/521/521 522/522/522 522/522/522 
f 522/522/522 522/522/522 518/518/518 
f 522/522/522 518/518/518 518/518/518 
f 518/518/518 518/518/518 518/518/518 
f 518/518/518 522/522/522 518/518/518 
f 518/518/518 522/522/522 523/523/523 
f 522/522/522 524/524/524 523/523/523 
f 523/523/523 524/524/524 520/520/520 
f 524/524/524 525/525/525 520/520/520 
f 520/520/520 525/525/525 525/525/525 
f 525/525/525 522/522/522 525/525/525 
f 525/525/525 522/522/522 522/522/522 
f 522/522/522 526/526/526 522/522/522 
f 522/522/522 526/526/526 524/524/524 
f 526/526/526 527/527/527 524/524/524 
f 524/524/524 527/527/527 528/528/528 
f 527/527/527 529/529/529 528/528/528 
f 528/528/528 529/529/529 530/530/530 
f 529/529/529 531/531/531 530/530/530 
f 530/530/530 531/531/531 531/531/531 
f 531/531/531 528/528/528 531/531/531 
f 531/531/531 528/528/528 528/528/528 
f 528/528/528 530/530/530 528/528/528 
f 528/528/528 530/530/530 524/524/524 
f 530/530/530 525/525/525 524/524/524 
f 524/524/524 525/525/525 525/525/525 
f 525/525/525 527/527/527 525/525/525 
f 525/525/525 527/527/527 527/527/527 
f 527/527/527 532/532/532 527/527/527 
f 527/527/527 532/532/532 529/529/529 
f 532/532/532 533/533/533 529/529/529 
f 529/529/529 533/533/533 534/534/534 
f 533/533/533 535/535/535 534/534/534 
f 534/534/534 535/535/535 536/536/536 
f 535/535/535 537/537/537 536/536/536 
f 536/536/536 537/537/537 537/537/537 
f 537/537/537 534/534/534 537/537/537 
f 537/537/537 534/534/534 534/534/534 
f 534/534/534 536/536/536 534/534/534 
f 534/534/534 536/536/536 529/529/529 
f 536/536/536 531/531/531 529/529/529 
f 529/529/529 531/531/531 531/531/531 
f 531/531/531 537/537/537 531/531/531 
f 531/531/531 537/537/537 537/537/537 
f 537/537/537 535/535/535 537/537/537 
f 537/537/537 535/535/535 538/538/538 
f 535/535/535 539/539/539 538/538/538 
f 538/538/538 539/539/539 540/540/540 
f 539/539/539 541/541/541 540/540/540 
f 540/540/540 541/541/541 542/542/542 
f 541/541/541 542/542/542 542/542/542 
f 542/542/542 542/542/542 539/539/539 
f 542/542/542 539/539/539 539/539/539 
f 539/539/539 539/539/539 539/539/539 
f 539/539/539 535/535/535 539/539/539 
f 539/539/539 535/535/535 541/541/541 
f 535/535/535 543/543/543 541/541/541 
f 541/541/541 543/543/543 543/543/543 
f 543/543/543 538/538/538 543/543/543 
f 543/543/543 538/538/538 538/538/538 
f 538/538/538 540/540/540 538/538/538 
f 538/538/538 540/540/540 544/544/544 
f 540/540/540 545/545/545 544/544/544 
f 544/544/544 545/545/545 545/545/545 
f 545/545/545 540/540/540 545/545/545 
f 545/545/545 540/540/540 546/546/546 
f 540/540/540 547/547/547 546/546/546 
f 546/546/546 547/547/547 548/548/548 
f 547/547/547 549/549/549 548/548/548 
f 548/548/548 549/549/549 550/550/550 
f 549/549/549 550/550/550 550/550/550 
f 550/550/550 550/550/550 546/546/546 
f 550/550/550 546/546/546 546/546/546 
f 546/546/546 546/546/546 546/546/546 
f 546/546/546 548/548/548 546/546/546 
f 546/546/546 548/548/548 545/545/545 
f 548/548/548 551/551/551 545/545/545 
f 545/545/545 551/551/551 551/551/551 
f 551/551/551 548/548/548 551/551/551 
f 551/551/551 548/548/548 552/552/552 
f 548/548/548 553/553/553 552/552/552 
f 552/552/552 553/553/553 554/554/554 
f 553/553/553 550/550/550 554/554/554 
f 554/554/554 550/550/550 555/555/555 
f 550/550/550 555/555/555 555/555/555 
f 555/555/555 555/555/555 555/555/555 
f 555/555/555 556/556/556 555/555/555 
f 555/555/555 556/556/556 554/554/554 
f 556/556/556 557/557/557 554/554/554 
f 554/554/554 557/557/557 558/558/558 
f 557/557/557 559/559/559 558/558/558 
f 558/558/558 559/559/559 560/560/560 
f 559/559/559 561/561/561 560/560/560 
f 560/560/560 561/561/561 561/561/561 
f 561/561/561 557/557/557 561/561/561 
f 561/561/561 557/557/557 557/557/557 
f 557/557/557 556/556/556 557/557/557 
f 557/557/557 556/556/556 559/559/559 
f 556/556/556 562/562/562 559/559/559 
f 559/559/559 562/562/562 563/563/563 
f 562/562/562 563/563/563 563/563/563 
f 563/563/563 563/563/563 559/559/559 
f 563/563/563 559/559/559 559/559/559 
f 559/559/559 559/559/559 559/559/559 
f 559/559/559 563/563/563 559/559/559 
f 559/559/559 563/563/563 564/564/564 
f 563/563/563 565/565/565 564/564/564 
f 564/564/564 565/565/565 561/561/561 
f 565/565/565 566/566/566 561/561/561 
f 561/561/561 566/566/566 566/566/566 
f 566/566/566 563/563/563 566/566/566 
f 566/566/566 563/563/563 563/563/563 
f 563/563/563 567/567/567 563/563/563 
f 563/563/563 567/567/567 565/565/565 
f 567/567/567 568/568/568 565/565/565 
f 565/565/565 568/568/568 569/569/569 
f 568/568/568 570/570/570 569/569/569 
f 569/569/569 570/570/570 571/571/571 
f 570/570/570 572/572/572 571/571/571 
f 571/571/571 572/572/572 572/572/572 
f 572/572/572 569/569/569 572/572/572 
f 572/572/572 569/569/569 569/569/569 
f 569/569/569 571/571/571 569/569/569 
f 569/569/569 571/571/571 565/565/565 
f 571/571/571 566/566/566 565/565/565 
f 565/565/565 566/566/566 566/566/566 
f 566/566/566 552/552/552 566/566/566 
f 566/566/566 552/552/552 552/552/552 
f 552/552/552 554/554/554 552/552/552 
f 552/552/552 554/554/554 573/573/573 
f 554/554/554 558/558/558 573/573/573 
f 573/573/573 558/558/558 558/558/558 
f 558/558/558 107/107/107 558/558/558 
f 558/558/558 107/107/107 107/107/107 
f 107/107/107 105/105/105 107/107/107 
f 107/107/107 105/105/105 116/116/116 
f 105/105/105 114/114/114 116/116/116 
f 116/116/116 114/114/114 114/114/114 
f 114/114/114 260/260/260 114/114/114 
f 114/114/114 260/260/260 260/260/260 
f 260/260/260 574/574/574 260/260/260 
f 260/260/260 574/574/574 258/258/258 
f 574/574/574 575/575/575 258/258/258 
f 258/258/258 575/575/575 576/576/576 
f 575/575/575 577/577/577 576/576/576 
f 576/576/576 577/577/577 578/578/578 
f 577/577/577 579/579/579 578/578/578 
f 578/578/578 579/579/579 579/579/579 
f 579/579/579 575/575/575 579/579/579 
f 579/579/579 575/575/575 575/575/575 
f 575/575/575 574/574/574 575/575/575 
f 575/575/575 574/574/574 577/577/577 
f 574/574/574 580/580/580 577/577/577 
f 577/577/577 580/580/580 581/581/581 
f 580/580/580 581/581/581 581/581/581 
f 581/581/581 581/581/581 577/577/577 
f 581/581/581 577/577/577 577/577/577 
f 577/577/577 577/577/577 577/577/577 
f 577/577/577 581/581/581 577/577/577 
f 577/577/577 581/581/581 582/582/582 
f 581/581/581 583/583/583 582/582/582 
f 582/582/582 583/583/583 579/579/579 
f 583/583/583 584/584/584 579/579/579 
f 579/579/579 584/584/584 584/584/584 
f 584/584/584 581/581/581 584/584/584 
f 584/584/584 581/581/581 581/581/581 
f 581/581/581 585/585/585 581/581/581 
f 581/581/581 585/585/585 583/583/583 
f 585/585/585 586/586/586 583/583/583 
f 583/583/583 586/586/586 587/587/587 
f 586/586/586 588/588/588 587/587/587 
f 587/587/587 588/588/588 589/589/589 
f 588/588/588 590/590/590 589/589/589 
f 589/589/589 590/590/590 590/590/590 
f 590/590/590 587/587/587 590/590/590 
f 590/590/590 587/587/587 587/587/587 
f 587/587/587 589/589/589 587/587/587 
f 587/587/587 589/589/589 583/583/583 
f 589/589/589 584/584/584 583/583/583 
f 583/583/583 584/584/584 584/584/584 
f 584/584/584 511/511/511 584/584/584 
f 584/584/584 511/511/511 511/511/511 
f 511/511/511 513/513/513 511/511/511 
f 511/511/511 513/513/513 591/591/591 
f 513/513/513 517/517/517 591/591/591 
f 591/591/591 517/517/517 517/517/517 
f 517/517/517 586/586/586 517/517/517 
f 517/517/517 586/586/586 586/586/586 
f 586/586/586 592/592/592 586/586/586 
f 586/586/586 592/592/592 588/588/588 
f 592/592/592 593/593/593 588/588/588 
f 588/588/588 593/593/593 594/594/594 
f 593/593/593 595/595/595 594/594/594 
f 594/594/594 595/595/595 596/596/596 
f 595/595/595 597/597/597 596/596/596 
f 596/596/596 597/597/597 597/597/597 
f 597/597/597 594/594/594 597/597/597 
f 597/597/597 594/594/594 594/594/594 
f 594/594/594 596/596/596 594/594/594 
f 594/594/594 596/596/596 588/588/588 
f 596/596/596 590/590/590 588/588/588 
f 588/588/588 590/590/590 590/590/590 
f 590/590/590 593/593/593 590/590/590 
f 590/590/590 593/593/593 593/593/593 
f 593/593/593 598/598/598 593/593/593 
f 593/593/593 598/598/598 595/595/595 
f 598/598/598 599/599/599 595/595/595 
f 595/595/595 599/599/599 600/600/600 
f 599/599/599 601/601/601 600/600/600 
f 600/600/600 601/601/601 602/602/602 
f 601/601/601 603/603/603 602/602/602 
f 602/602/602 603/603/603 603/603/603 
f 603/603/603 600/600/600 603/603/603 
f 603/603/603 600/600/600 600/600/600 
f 600/600/600 602/602/602 600/600/600 
f 600/600/600 602/602/602 595/595/595 
f 602/602/602 597/597/597 595/595/595 
f 595/595/595 597/597/597 597/597/597 
f 597/597/597 599/599/599 597/597/597 
f 597/597/597 599/599/599 599/599/599 
f 599/599/599 604/604/604 599/599/599 
f 599/599/599 604/604/604 601/601/601 
f 604/604/604 605/605/605 601/601/601 
f 601/601/601 605/605/605 606/606/606 
f 605/605/605 607/607/607 606/606/606 
f 606/606/606 607/607/607 608/608/608 
f 607/607/607 609/609/609 608/608/608 
f 608/608/608 609/609/609 609/609/609 
f 609/609/609 606/606/606 609/609/609 
f 609/609/609 606/606/606 606/606/606 
f 606/606/606 608/608/608 606/606/606 
f 606/606/606 608/608/608 601/601/601 
f 608/608/608 603/603/603 601/601/601 
f 601/601/601 603/603/603 603/603/603 
f 603/603/603 609/609/609 603/603/603 
f 603/603/603 609/609/609 609/609/609 
f 609/609/609 607/607/607 609/609/609 
f 609/609/609 607/607/607 610/610/610 
f 607/607/607 611/611/611 610/610/610 
f 610/610/610 611/611/611 612/612/612 
f 611/611/611 613/613/613 612/612/612 
f 612/612/612 613/613/613 614/614/614 
f 613/613/613 614/614/614 614/614/614 
f 614/614/614 614/614/614 611/611/611 
f 614/614/614 611/611/611 611/611/611 
f 611/611/611 611/611/611 611/611/611 
f 611/611/611 607/607/607 611/611/611 
f 611/611/611 607/607/607 613/613/613 
f 607/607/607 615/615/615 613/613/613 
f 613/613/613 615/615/615 615/615/615 
f 615/615/615 610/610/610 615/615/615 
f 615/615/615 610/610/610 610/610/610 
f 610/610/610 612/612/612 610/610/610 
f 610/610/610 612/612/612 616/616/616 
f 612/612/612 617/617/617 616/616/616 
f 616/616/616 617/617/617 617/617/617 
f 617/617/617 612/612/612 617/617/617 
f 617/617/617 612/612/612 618/618/618 
f 612/612/612 619/619/619 618/618/618 
f 618/618/618 619/619/619 620/620/620 
f 619/619/619 621/621/621 620/620/620 
f 620/620/620 621/621/621 622/622/622 
f 621/621/621 622/622/622 622/622/622 
f 622/622/622 622/622/622 618/618/618 
f 622/622/622 618/618/618 618/618/618 
f 618/618/618 618/618/618 618/618/618 
f 618/618/618 620/620/620 618/618/618 
f 618/618/618 620/620/620 617/617/617 
f 620/620/620 623/623/623 617/617/617 
f 617/617/617 623/623/623 623/623/623 
f 623/623/623 620/620/620 623/623/623 
f 623/623/623 620/620/620 624/624/624 
f 620/620/620 625/625/625 624/624/624 
f 624/624/624 625/625/625 626/626/626 
f 625/625/625 622/622/622 626/626/626 
f 626/626/626 622/622/622 627/627/627 
f 622/622/622 627/627/627 627/627/627 
f 627/627/627 627/627/627 627/627/627 
f 627/627/627 628/628/628 627/627/627 
f 627/627/627 628/628/628 626/626/626 
f 628/628/628 629/629/629 626/626/626 
f 626/626/626 629/629/629 630/630/630 
f 629/629/629 631/631/631 630/630/630 
f 630/630/630 631/631/631 632/632/632 
f 631/631/631 633/633/633 632/632/632 
f 632/632/632 633/633/633 633/633/633 
f 633/633/633 629/629/629 633/633/633 
f 633/633/633 629/629/629 629/629/629 
f 629/629/629 628/628/628 629/629/629 
f 629/629/629 628/628/628 631/631/631 
f 628/628/628 634/634/634 631/631/631 
f 631/631/631 634/634/634 635/635/635 
f 634/634/634 635/635/635 635/635/635 
f 635/635/635 635/635/635 631/631/631 
f 635/635/635 631/631/631 631/631/631 
f 631/631/631 631/631/631 631/631/631 
f 631/631/631 635/635/635 631/631/631 
f 631/631/631 635/635/635 636/636/636 
f 635/635/635 637/637/637 636/636/636 
f 636/636/636 637/637/637 633/633/633 
f 637/637/637 638/638/638 633/633/633 
f 633/633/633 638/638/638 638/638/638 
f 638/638/638 635/635/635 638/638/638 
f 638/638/638 635/635/635 635/635/635 
f 635/635/635 639/639/639 635/635/635 
f 635/635/635 639/639/639 637/637/637 
f 639/639/639 640/640/640 637/637/637 
f 637/637/637 640/640/640 641/641/641 
f 640/640/640 642/642/642 641/641/641 
f 641/641/641 642/642/642 643/643/643 
f 642/642/642 644/644/644 643/643/643 
f 643/643/643 644/644/644 644/644/644 
f 644/644/644 641/641/641 644/644/644 
f 644/644/644 641/641/641 641/641/641 
f 641/641/641 643/643/643 641/641/641 
f 641/641/641 643/643/643 637/637/637 
f 643/643/643 638/638/638 637/637/637 
f 637/637/637 638/638/638 638/638/638 
f 638/638/638 630/630/630 638/638/638 
f 638/638/638 630/630/630 630/630/630 
f 630/630/630 645/645/645 630/630/630 
f 630/630/630 645/645/645 626/626/626 
f 645/645/645 624/624/624 626/626/626 
f 626/626/626 624/624/624 624/624/624 
f 624/624/624 640/640/640 624/624/624 
f 624/624/624 640/640/640 640/640/640 
f 640/640/640 646/646/646 640/640/640 
f 640/640/640 646/646/646 642/642/642 
f 646/646/646 647/647/647 642/642/642 
f 642/642/642 647/647/647 648/648/648 
f 647/647/647 649/649/649 648/648/648 
f 648/648/648 649/649/649 650/650/650 
f 649/649/649 651/651/651 650/650/650 
f 650/650/650 651/651/651 651/651/651 
f 651/651/651 648/648/648 651/651/651 
f 651/651/651 648/648/648 648/648/648 
f 648/648/648 650/650/650 648/648/648 
f 648/648/648 650/650/650 642/642/642 
f 650/650/650 644/644/644 642/642/642 
f 642/642/642 644/644/644 644/644/644 
f 644/644/644 576/576/576 644/644/644 
f 644/644/644 576/576/576 576/576/576 
f 576/576/576 652/652/652 576/576/576 
f 576/576/576 652/652/652 258/258/258 
f 652/652/652 256/256/256 258/258/258 
f 258/258/258 256/256/256 256/256/256 
f 256/256/256 84/84/84 256/256/256 
f 256/256/256 84/84/84 84/84/84 
f 84/84/84 86/86/86 84/84/84 
f 84/84/84 86/86/86 76/76/76 
f 86/86/86 77/77/77 76/76/76 
f 76/76/76 77/77/77 77/77/77 
f 77/77/77 97/97/97 77/77/77 
f 77/77/77 97/97/97 97/97/97 
f 97/97/97 95/95/95 97/97/97 
f 97/97/97 95/95/95 106/106/106 
f 95/95/95 104/104/104 106/106/106 
f 106/106/106 104/104/104 104/104/104 
f 104/104/104 54/54/54 104/104/104 
f 104/104/104 54/54/54 54/54/54 
f 54/54/54 52/52/52 54/54/54 
f 54/54/54 52/52/52 56/56/56 
f 52/52/52 61/61/61 56/56/56 
f 56/56/56 61/61/61 61/61/61 
f 61/61/61 374/374/374 61/61/61 
f 61/61/61 374/374/374 374/374/374 
f 374/374/374 653/653/653 374/374/374 
f 374/374/374 653/653/653 372/372/372 
f 653/653/653 654/654/654 372/372/372 
f 372/372/372 654/654/654 655/655/655 
f 654/654/654 656/656/656 655/655/655 
f 655/655/655 656/656/656 657/657/657 
f 656/656/656 658/658/658 657/657/657 
f 657/657/657 658/658/658 658/658/658 
f 658/658/658 654/654/654 658/658/658 
f 658/658/658 654/654/654 654/654/654 
f 654/654/654 653/653/653 654/654/654 
f 654/654/654 653/653/653 656/656/656 
f 653/653/653 659/659/659 656/656/656 
f 656/656/656 659/659/659 660/660/660 
f 659/659/659 660/660/660 660/660/660 
f 660/660/660 660/660/660 656/656/656 
f 660/660/660 656/656/656 656/656/656 
f 656/656/656 656/656/656 656/656/656 
f 656/656/656 660/660/660 656/656/656 
f 656/656/656 660/660/660 661/661/661 
f 660/660/660 662/662/662 661/661/661 
f 661/661/661 662/662/662 658/658/658 
f 662/662/662 663/663/663 658/658/658 
f 658/658/658 663/663/663 663/663/663 
f 663/663/663 660/660/660 663/663/663 
f 663/663/663 660/660/660 660/660/660 
f 660/660/660 664/664/664 660/660/660 
f 660/660/660 664/664/664 662/662/662 
f 664/664/664 665/665/665 662/662/662 
f 662/662/662 665/665/665 666/666/666 
f 665/665/665 667/667/667 666/666/666 
f 666/666/666 667/667/667 668/668/668 
f 667/667/667 669/669/669 668/668/668 
f 668/668/668 669/669/669 669/669/669 
f 669/669/669 666/666/666 669/669/669 
f 669/669/669 666/666/666 666/666/666 
f 666/666/666 668/668/668 666/666/666 
f 666/666/666 668/668/668 662/662/662 
f 668/668/668 663/663/663 662/662/662 
f 662/662/662 663/663/663 663/663/663 
f 663/663/663 122/122/122 663/663/663 
f 663/663/663 122/122/122 122/122/122 
f 122/122/122 121/121/121 122/122/122 
f 122/122/122 121/121/121 123/123/123 
f 121/121/121 130/130/130 123/123/123 
f 123/123/123 130/130/130 130/130/130 
f 130/130/130 665/665/665 130/130/130 
f 130/130/130 665/665/665 665/665/665 
f 665/665/665 670/670/670 665/665/665 
f 665/665/665 670/670/670 667/667/667 
f 670/670/670 671/671/671 667/667/667 
f 667/667/667 671/671/671 672/672/672 
f 671/671/671 673/673/673 672/672/672 
f 672/672/672 673/673/673 674/674/674 
f 673/673/673 675/675/675 674/674/674 
f 674/674/674 675/675/675 675/675/675 
f 675/675/675 672/672/672 675/675/675 
f 675/675/675 672/672/672 672/672/672 
f 672/672/672 674/674/674 672/672/672 
f 672/672/672 674/674/674 667/667/667 
f 674/674/674 669/669/669 667/667/667 
f 667/667/667 669/669/669 669/669/669 
f 669/669/669 671/671/671 669/669/669 
f 669/669/669 671/671/671 671/671/671 
f 671/671/671 676/676/676 671/671/671 
f 671/671/671 676/676/676 673/673/673 
f 676/676/676 677/677/677 673/673/673 
f 673/673/673 677/677/677 678/678/678 
f 677/677/677 679/679/679 678/678/678 
f 678/678/678 679/679/679 680/680/680 
f 679/679/679 681/681/681 680/680/680 
f 680/680/680 681/681/681 681/681/681 
f 681/681/681 678/678/678 681/681/681 
f 681/681/681 678/678/678 678/678/678 
f 678/678/678 680/680/680 678/678/678 
f 678/678/678 680/680/680 673/673/673 
f 680/680/680 675/675/675 673/673/673 
f 673/673/673 675/675/675 675/675/675 
f 675/675/675 681/681/681 675/675/675 
f 675/675/675 681/681/681 681/681/681 
f 681/681/681 679/679/679 681/681/681 
f 681/681/681 679/679/679 682/682/682 
f 679/679/679 683/683/683 682/682/682 
f 682/682/682 683/683/683 684/684/684 
f 683/683/683 685/685/685 684/684/684 
f 684/684/684 685/685/685 686/686/686 
f 685/685/685 686/686/686 686/686/686 
f 686/686/686 686/686/686 683/683/683 
f 686/686/686 683/683/683 683/683/683 
f 683/683/683 683/683/683 683/683/683 
f 683/683/683 679/679/679 683/683/683 
f 683/683/683 679/679/679 685/685/685 
f 679/679/679 687/687/687 685/685/685 
f 685/685/685 687/687/687 687/687/687 
f 687/687/687 655/655/655 687/687/687 
f 687/687/687 655/655/655 655/655/655 
f 655/655/655 688/688/688 655/655/655 
f 655/655/655 688/688/688 372/372/372 
f 688/688/688 370/370/370 372/372/372 
f 372/372/372 370/370/370 370/370/370 
f 370/370/370 682/682/682 370/370/370 
f 370/370/370 682/682/682 682/682/682 
f 682/682/682 684/684/684 682/682/682 
f 682/682/682 684/684/684 689/689/689 
f 684/684/684 690/690/690 689/689/689 
f 689/689/689 690/690/690 690/690/690 
f 690/690/690 684/684/684 690/690/690 
f 690/690/690 684/684/684 691/691/691 
f 684/684/684 692/692/692 691/691/691 
f 691/691/691 692/692/692 693/693/693 
f 692/692/692 694/694/694 693/693/693 
f 693/693/693 694/694/694 695/695/695 
f 694/694/694 695/695/695 695/695/695 
f 695/695/695 695/695/695 691/691/691 
f 695/695/695 691/691/691 691/691/691 
f 691/691/691 691/691/691 691/691/691 
f 691/691/691 693/693/693 691/691/691 
f 691/691/691 693/693/693 690/690/690 
f 693/693/693 696/696/696 690/690/690 
f 690/690/690 696/696/696 696/696/696 
f 696/696/696 693/693/693 696/696/696 
f 696/696/696 693/693/693 697/697/697 
f 693/693/693 698/698/698 697/697/697 
f 697/697/697 698/698/698 699/699/699 
f 698/698/698 695/695/695 699/699/699 
f 699/699/699 695/695/695 700/700/700 
f 695/695/695 700/700/700 700/700/700 
f 700/700/700 700/700/700 700/700/700 
f 700/700/700 701/701/701 700/700/700 
f 700/700/700 701/701/701 699/699/699 
f 701/701/701 702/702/702 699/699/699 
f 699/699/699 702/702/702 703/703/703 
f 702/702/702 704/704/704 703/703/703 
f 703/703/703 704/704/704 705/705/705 
f 704/704/704 706/706/706 705/705/705 
f 705/705/705 706/706/706 706/706/706 
f 706/706/706 702/702/702 706/706/706 
f 706/706/706 702/702/702 702/702/702 
f 702/702/702 701/701/701 702/702/702 
f 702/702/702 701/701/701 704/704/704 
f 701/701/701 707/707/707 704/704/704 
f 704/704/704 707/707/707 708/708/708 
f 707/707/707 708/708/708 708/708/708 
f 708/708/708 708/708/708 704/704/704 
f 708/708/708 704/704/704 704/704/704 
f 704/704/704 704/704/704 704/704/704 
f 704/704/704 708/708/708 704/704/704 
f 704/704/704 708/708/708 709/709/709 
f 708/708/708 710/710/710 709/709/709 
f 709/709/709 710/710/710 706/706/706 
f 710/710/710 711/711/711 706/706/706 
f 706/706/706 711/711/711 711/711/711 
f 711/711/711 708/708/708 711/711/711 
f 711/711/711 708/708/708 708/708/708 
f 708/708/708 712/712/712 708/708/708 
f 708/708/708 712/712/712 710/710/710 
f 712/712/712 713/713/713 710/710/710 
f 710/710/710 713/713/713 714/714/714 
f 713/713/713 715/715/715 714/714/714 
f 714/714/714 715/715/715 716/716/716 
f 715/715/715 717/717/717 716/716/716 
f 716/716/716 717/717/717 717/717/717 
f 717/717/717 714/714/714 717/717/717 
f 717/717/717 714/714/714 714/714/714 
f 714/714/714 716/716/716 714/714/714 
f 714/714/714 716/716/716 710/710/710 
f 716/716/716 711/711/711 710/710/710 
f 710/710/710 711/711/711 711/711/711 
f 711/711/711 172/172/172 711/711/711 
f 711/711/711 172/172/172 172/172/172 
f 172/172/172 171/171/171 172/172/172 
f 172/172/172 171/171/171 173/173/173 
f 171/171/171 180/180/180 173/173/173 
f 173/173/173 180/180/180 180/180/180 
f 180/180/180 703/703/703 180/180/180 
f 180/180/180 703/703/703 703/703/703 
f 703/703/703 718/718/718 703/703/703 
f 703/703/703 718/718/718 699/699/699 
f 718/718/718 697/697/697 699/699/699 
f 699/699/699 697/697/697 697/697/697 
f 697/697/697 719/719/719 697/697/697 
f 697/697/697 719/719/719 719/719/719 
f 719/719/719 720/720/720 719/719/719 
f 719/719/719 720/720/720 721/721/721 
f 720/720/720 722/722/722 721/721/721 
f 721/721/721 722/722/722 723/723/723 
f 722/722/722 724/724/724 723/723/723 
f 723/723/723 724/724/724 725/725/725 
f 724/724/724 725/725/725 725/725/725 
f 725/725/725 725/725/725 725/725/725 
f 725/725/725 726/726/726 725/725/725 
f 725/725/725 726/726/726 723/723/723 
f 726/726/726 727/727/727 723/723/723 
f 723/723/723 727/727/727 728/728/728 
f 727/727/727 715/715/715 728/728/728 
f 728/728/728 715/715/715 729/729/729 
f 715/715/715 713/713/713 729/729/729 
f 729/729/729 713/713/713 713/713/713 
f 713/713/713 727/727/727 713/713/713 
f 713/713/713 727/727/727 727/727/727 
f 727/727/727 726/726/726 727/727/727 
f 727/727/727 726/726/726 715/715/715 
f 726/726/726 717/717/717 715/715/715 
f 715/715/715 717/717/717 717/717/717 
f 717/717/717 489/489/489 717/717/717 
f 717/717/717 489/489/489 489/489/489 
f 489/489/489 730/730/730 489/489/489 
f 489/489/489 730/730/730 15/15/15 
f 730/730/730 17/17/17 15/15/15 
f 15/15/15 17/17/17 17/17/17 
f 17/17/17 160/160/160 17/17/17 
f 17/17/17 160/160/160 160/160/160 
f 160/160/160 153/153/153 160/160/160 
f 160/160/160 153/153/153 151/151/151 
f 153/153/153 152/152/152 151/151/151 
f 151/151/151 152/152/152 152/152/152 
f 152/152/152 721/721/721 152/152/152 
f 152/152/152 721/721/721 721/721/721 
f 721/721/721 723/723/723 721/721/721 
f 721/721/721 723/723/723 731/731/731 
f 723/723/723 728/728/728 731/731/731 
f 731/731/731 728/728/728 728/728/728 
f 728/728/728 328/328/328 728/728/728 
f 728/728/728 328/328/328 328/328/328 
f 328/328/328 330/330/330 328/328/328 
f 328/328/328 330/330/330 732/732/732 
f 330/330/330 335/335/335 732/732/732 
f 732/732/732 335/335/335 335/335/335 
f 335/335/335 733/733/733 335/335/335 
f 335/335/335 733/733/733 733/733/733 
f 733/733/733 724/724/724 733/733/733 
f 733/733/733 724/724/724 720/720/720 
f 724/724/724 722/722/722 720/720/720 
f 437/437/437 445/445/445 439/439/439 
f 457/457/457 456/456/456 455/455/455 
f 287/287/287 305/305/305 285/285/285 
f 436/436/436 493/493/493 425/425/425 
f 448/448/448 441/441/441 439/439/439 
f 379/379/379 381/381/381 386/386/386 
f 361/361/361 382/382/382 363/363/363 
f 577/577/577 582/582/582 579/579/579 
f 197/197/197 199/199/199 215/215/215 
f 322/322/322 324/324/324 340/340/340 
f 414/414/414 734/734/734 416/416/416 
f 647/647/647 735/735/735 649/649/649 
f 605/605/605 615/615/615 607/607/607 
f 343/343/343 346/346/346 341/341/341 
f 352/352/352 357/357/357 354/354/354 
f 612/612/612 614/614/614 619/619/619 
f 398/398/398 403/403/403 400/400/400 
f 389/389/389 392/392/392 387/387/387 
f 631/631/631 636/636/636 633/633/633 
f 622/622/622 625/625/625 620/620/620 
f 218/218/218 221/221/221 216/216/216 
f 293/293/293 309/309/309 291/291/291 
f 310/310/310 311/311/311 433/433/433 
f 30/30/30 28/28/28 26/26/26 
f 24/24/24 203/203/203 26/26/26 
f 202/202/202 736/736/736 204/204/204 
f 29/29/29 31/31/31 295/295/295 
f 287/287/287 289/289/289 291/291/291 
f 453/453/453 463/463/463 455/455/455 
f 431/431/431 442/442/442 429/429/429 
f 6/6/6 232/232/232 8/8/8 
f 231/231/231 737/737/737 233/233/233 
f 12/12/12 10/10/10 8/8/8 
f 457/457/457 467/467/467 459/459/459 
f 60/60/60 71/71/71 62/62/62 
f 50/50/50 48/48/48 46/46/46 
f 276/276/276 738/738/738 278/278/278 
f 239/239/239 739/739/739 237/237/237 
f 266/266/266 740/740/740 264/264/264 
f 550/550/550 553/553/553 548/548/548 
f 695/695/695 698/698/698 693/693/693 
f 240/240/240 245/245/245 242/242/242 
f 499/499/499 501/501/501 506/506/506 
f 568/568/568 741/741/741 570/570/570 
f 704/704/704 709/709/709 706/706/706 
f 684/684/684 686/686/686 692/692/692 
f 509/509/509 512/512/512 507/507/507 
f 559/559/559 564/564/564 561/561/561 
f 518/518/518 523/523/523 520/520/520 
f 677/677/677 687/687/687 679/679/679 
f 540/540/540 542/542/542 547/547/547 
f 656/656/656 661/661/661 658/658/658 
f 533/533/533 543/543/543 535/535/535 
f 267/267/267 272/272/272 269/269/269 
f 55/55/55 210/210/210 53/53/53 
f 49/49/49 51/51/51 53/53/53 
f 64/64/64 63/63/63 62/62/62 
f 64/64/64 75/75/75 66/66/66 
f 189/189/189 742/742/742 191/191/191 

